Canonicalized SMILES,Canonicalized Taste
Oc1cc2c(cc1O)C1c3ccc(O)c(O)c3OCC1(O)C2,sweet
CC(C)=CCCC(C)(O)C1CC(O)C(C)=CC1=O,sweet
CC(=O)OC1C(=O)c2c(O)cc(O)cc2OC1c1ccc(O)c(O)c1,sweet
OC1C(O)C(O)C(O)C(O)C1O,sweet
CON=C(C)C1CC=C(C=NO)CC1,sweet
NC(CC(O)(Cc1c[nH]c2ccccc12)C(=O)O)C(=O)[O-],sweet
COc1ccc(C2OC3CC4CCC3(CS2)C4(C)C)cc1O,sweet
O=S(=O)([O-])Nc1ccc(Br)cc1,sweet
COc1ccc(C(=O)C=CC(=O)O)cc1,sweet
CC1=CCC(C=NO)=CC1,sweet
COC(C)C1=CC=C(C=NO)CC1,sweet
COC(C)C1=CCC(C=NO)=CC1,sweet
COc1c(O)cc2c(c1O)C(=O)C(OC(C)=O)C(c1ccc(O)cc1)O2,sweet
CCC(O)CO,sweet
CC(O)CO,sweet
COc1ccc(C2OCc3c(O)cccc3O2)cc1O,sweet
COc1ccc(C2OCc3ccccc3O2)cc1O,sweet
CC1=CC=C(C)CC1,sweet
O=S(=O)([O-])NC1CSCSC1,sweet
OCC1OC(OC2(CCl)OC(CCl)C(Cl)C2O)C(O)C(O)C1O,sweet
OCC(O)C1OCC(O)C1O,sweet
OCC1OCC(O)C1O,sweet
COc1ccc(C2COc3ccccc3O2)cc1O,sweet
OCC1OC(OC2(CCl)OC(CO)C(Cl)C2O)C(O)C(O)C1O,sweet
OCC1OCC(O)C(O)C1O,sweet
CC1C(NS(=O)(=O)[O-])C(=O)N(c2ccccc2)N1C,sweet
OCC1OC(OC2(CCl)OC(CCl)C(O)C2O)C(O)C(O)C1O,sweet
OC1C(CCl)OC(O)(CCl)C1O,sweet
COCC1OC(COC)(OC2OC(CO)C(O)C(O)C2O)C(O)C1O,sweet
CSCC1OC(O)(CSC)C(O)C1O,sweet
CC1(C(=O)O)CCCC2c3ccccc3C(C(=O)O)C21,sweet
CC(=O)C1CC=C(C=NO)CC1,sweet
NC1(C(=O)O)CCC1,sweet
OCC1OC(OC2(CCl)OC(CO)C(O)C2O)C(O)C(O)C1O,sweet
ON=CC1=CCCCC1,sweet
ON=CC1=CCCC1,sweet
CC1(OC2OC(CO)C(O)C(O)C2O)OC(CO)C(O)C1O,sweet
O=C(O)CNC(=Nc1ccc2cn[nH]c2c1)NC1CCCCCCC1,sweet
CC(NC(=Nc1cnc2cn[nH]c2c1)NCC(=O)O)c1ccccc1,sweet
CC1=CC=CCC1,sweet
CC1=CCCCC1,sweet
COCC1(OC2OC(CO)C(O)C(O)C2O)OC(CO)C(O)C1O,sweet
CC1=C(C)CC(C(=O)O)(S(=O)(=O)c2ccccc2)C(C)C1,sweet
CC1=C(C)CC(C(=O)O)(S(=O)(=O)c2ccccc2)CC1,sweet
CC1=CCC(C(=O)O)(S(=O)(=O)c2ccccc2)C(C)C1,sweet
CC1=CCC(C(=O)O)(S(=O)(=O)c2ccccc2)CC1,sweet
O=C(O)c1ccccc1C(=O)c1ccc(O)c(O)c1,sweet
COc1c(O)cc2c(c1O)C(=O)C(O)C(c1ccc(O)c(O)c1)O2,sweet
COc1c(O)cc2c(c1O)C(=O)C(OC(C)=O)C(c1ccc(O)c(O)c1)O2,sweet
COc1ccc(C(=O)c2ccccc2C(=O)O)cc1O,sweet
COc1ccc(OCc2ccccc2C(=O)O)cc1O,sweet
COc1ccc(C2OC(=O)c3ccccc3O2)cc1O,sweet
COc1ccc(C2Oc3ccccc3O2)cc1O,sweet
COc1ccc(C2OC(=O)c3ccccc3S2)cc1O,sweet
COc1ccc(C2Oc3ccccc3S2)cc1O,sweet
COc1ccc(C2CSc3ccccc3S2)cc1O,sweet
COc1ccc(C2CSc3cc(O)ccc3O2)cc1O,sweet
COc1ccc(C2CSc3ccccc3O2)cc1O,sweet
COc1ccc(C2CS(=O)(=O)c3ccccc3O2)cc1O,sweet
COc1ccc(C2SCc3c(O)cccc3S2)cc1O,sweet
COc1ccc(C2OCc3c(O)cccc3S2)cc1O,sweet
COc1ccc(C2CCc3ccccc3S2)cc1O,sweet
COc1ccc(C2SCc3ccccc3S2)cc1O,sweet
COc1ccc(C2Sc3ccccc3S2)cc1O,sweet
COc1ccc(C2Oc3ccccc3CS2)cc1O,sweet
COc1ccc(C2OCc3ccccc3S2)cc1S,sweet
O=C(O)c1ccccc1C(=O)c1ccc(Cl)cc1,sweet
CCOc1ccc(C(=O)c2ccccc2C(=O)O)cc1,sweet
CCc1ccc(S(=O)(=O)C(C(=O)O)C(C)C)cc1,sweet
O=C(O)c1ccccc1C(=O)c1ccc(O)cc1,sweet
COc1ccc(C(=O)c2ccccc2C(=O)O)cc1,sweet
COc1ccc(S(=O)c2ccccc2C(=O)O)cc1,sweet
Cc1ccc(C(=O)c2ccccc2C(=O)O)cc1,sweet
Cc1ccc(S(=O)(=O)C(C(=O)O)C(C)C)cc1,sweet
CCC(C)C(C(=O)O)S(=O)(=O)c1ccccc1,sweet
CC1(C)CC1(C(=O)O)S(=O)(=O)c1ccc(O)cc1,sweet
CCOc1ccc(CCC(=O)c2ccccc2O)cc1O,sweet
COc1ccc(CCC(=O)c2ccccc2O)cc1O,sweet
COc1ccc(CCC(=O)c2c(O)cc(O)c(C(=O)O)c2O)cc1O,sweet
O=S(=O)([O-])Nc1cc(C(F)(F)F)nc(C(F)(F)F)c1,sweet
CC(C)(OCC(=O)O)C1CC=C(C=NO)CC1,sweet
O=C(Oc1ccc([N+](=O)[O-])cc1)Oc1cc(C2OCc3ccccc3S2)ccc1O,sweet
COc1ccc(C2OCc3ccccc3O2)cc1OC(=O)Nc1ccc([N+](=O)[O-])cc1,sweet
COc1ccc(C2OCc3ccccc3S2)cc1OC(=O)Nc1ccc([N+](=O)[O-])cc1,sweet
O=C(COc1cccc(C2OCc3ccccc3S2)c1)c1ccc([N+](=O)[O-])cc1,sweet
CN(C)c1ccc(C(=O)c2ccccc2C(=O)O)cc1,sweet
CC(C)OC(=O)C(C)NC(=O)C(N)C(=O)O,sweet
Nc1ccccc1C(=O)O,sweet
O=C(O)CNC(=Nc1ccc(Cl)nc1)NC1CCCCCCC1,sweet
N#Cc1ccc(N=C(NCC(=O)O)NC2CCCCCCCC2)cn1,sweet
N#Cc1ccc(N=C(NCC(=O)O)NC2CCCCCCC2)cn1,sweet
N#Cc1ccc(N=C(NCC(=O)O)NC(c2ccccc2)c2ccco2)cn1,sweet
O=C(O)C(C1CCCC1)S(=O)(=O)c1ccccc1,sweet
CCOc1ccc(CCc2ccccc2)cc1O,sweet
COc1ccc(CC(=O)c2ccccc2O)cc1O,sweet
COc1ccc(CCCc2ccccc2)cc1O,sweet
COc1ccc(CSc2ccccc2)cc1O,sweet
COc1ccc(CCc2ccc3c(c2)OCO3)cc1O,sweet
COc1ccc(CCc2ccccc2OC)cc1O,sweet
COc1ccc(CCc2ccccc2C)cc1O,sweet
COc1cccc(CCc2ccc(OC)c(O)c2)c1,sweet
COc1ccc(CCc2cccc(C)c2)cc1O,sweet
CC=C(C)C,sweet
CC(NC(=Nc1ccc2ccccc2c1)NCC(=O)O)c1ccccc1,sweet
CC(C)C(C)(C(=O)O)S(=O)(=O)c1ccccc1,sweet
CC(C)C(C(=O)O)S(=O)(=O)c1ccccc1,sweet
CCC(C(=O)O)S(=O)(=O)c1ccccc1,sweet
CCOC(=O)c1ccc(NC(=S)NC(CC(=O)O)C(=O)NC(Cc2ccccc2)C(=O)OC)cc1,sweet
CCOC(=O)c1ccc(NC(=O)NC(CC(=O)O)C(=O)NC(Cc2ccccc2)C(=O)OC)cc1,sweet
CC(NC(=O)C(N)CC(=O)O)NC(=O)C12CC3CC(CC(C3)C1)C2,sweet
COc1ccc(C2OCc3ccccc3S2)c(C=Cc2ccc([N+](=O)[O-])cc2)c1O,sweet
N#Cc1ccc(NC(=O)NC(CC(=O)O)c2ccc3c(c2)OCO3)cc1,sweet
NC(=O)c1c(Br)cc(Br)c(CCC(=O)O)c1Br,sweet
COc1ccc(C2Cc3ccccc3CO2)cc1O,sweet
COc1ccc(CCC(=O)c2cccc(C(=O)O)c2)cc1O,sweet
COc1ccc(C2COc3ccccc3S2)cc1O,sweet
COc1ccc(C2COc3ccccc3C2)cc1O,sweet
Nc1cc(Cl)ccc1C(=O)CC(N)C(=O)O,sweet
Oc1cccc(C2OCc3ccccc3S2)c1,sweet
CC(C)(C)CCNS(=O)(=O)[O-],sweet
Oc1ccc(C2OCc3ccccc3S2)cc1O,sweet
CC(NC(=Nc1ccc2c(c1)OCO2)NCC(=O)O)c1ccccc1,sweet
O=S(=O)([O-])Nc1ncc(Br)cc1Br,sweet
CC(NC(=Nc1cc(Cl)cc(Cl)c1)NCC(=O)O)c1ccccc1,sweet
O=C(O)CNC(=Nc1cc(Cl)cc(Cl)c1)NCc1ccccc1,sweet
CC(NC(=Nc1cc(Cl)cc(Cl)c1)NCC(=O)O)C1CCCCC1,sweet
O=C(O)CNC(=Nc1cc(Cl)cc(Cl)c1)NC1CCCCCCC1,sweet
O=C(O)CNC(=Nc1cc(Cl)cc(Cl)c1)NCC1CCCCC1,sweet
O=C(O)CNC(=Nc1cc(Cl)cc(Cl)c1)Nc1cccc2ccccc12,sweet
O=C(O)CNC(=Nc1cc(Cl)cc(Cl)c1)NC1CCCCCC1,sweet
CCCCC(C)NC(=Nc1cc(Cl)cc(Cl)c1)NCC(=O)O,sweet
O=C(O)CNC(=Nc1cc(Cl)cc(Cl)c1)Nc1cc(Cl)cc(Cl)c1,sweet
CCOc1ccc(C2CC(=O)c3c(O)cccc3O2)cc1O,sweet
COc1ccc(C2CC(=O)c3c(O)cccc3O2)cc1O,sweet
CCCOc1ccc(C2CC(=O)c3c(O)cccc3O2)cc1O,sweet
CCOC(=O)C(NC(=O)C(CC(=O)O)NC(=O)Nc1ccc([N+](=O)[O-])cc1)C(=O)OCC,sweet
COC(=O)C(NC(=O)C(CC(=O)O)NC(=O)Nc1ccc([N+](=O)[O-])cc1)C(=O)OC,sweet
COC(=O)C(NC(=O)C(CC(=O)O)NC(=O)Nc1ccc([N+](=O)[O-])cc1)C1CCCCC1,sweet
CCOC(=O)C(C)NC(=O)C(CC(=O)O)NC(=O)Nc1ccc([N+](=O)[O-])cc1,sweet
COC(=O)c1ccc(NC(=O)NC(CC(=O)O)C(=O)NC(Cc2ccccc2)C(=O)OC)cc1,sweet
CNS(=O)(=O)c1ccc(NC(=O)NC(CC(=O)O)C(=O)NC(Cc2ccccc2)C(=O)OC)cc1,sweet
COC(=O)C(Cc1ccccc1)NC(=O)C(CC(=O)O)NC(=S)Nc1ccc([N+](=O)[O-])cc1,sweet
COC(=O)C(Cc1ccccc1)NC(=O)C(CC(=O)O)NC(=O)Nc1ccc([N+](=O)[O-])cc1,sweet
CCCCC(NC(=O)C(CC(=O)O)NC(=O)Nc1ccc([N+](=O)[O-])cc1)C(=O)OC,sweet
CCCC(NC(=O)C(CC(=O)O)NC(=O)Nc1ccc([N+](=O)[O-])cc1)C(=O)OC,sweet
COC(=O)C(C)NC(=O)C(CC(=O)O)NC(=O)Nc1ccc([N+](=O)[O-])cc1,sweet
COC(=O)C(CC1CCCCC1)NC(=O)C(CC(=O)O)NC(=O)Nc1ccc([N+](=O)[O-])cc1,sweet
O=C(O)CCNC(=O)Oc1ccc([N+](=O)[O-])cc1,sweet
COC(=O)C(Cc1ccccc1)NC(=O)C(CC(=O)O)NC(=O)Nc1ccc(C(C)=O)cc1,sweet
NC(=O)c1ccc(NC(=O)NC(CC(=O)O)c2cccc(O)c2)cc1,sweet
NC(=O)c1ccc(NC(=O)NC(CC(=O)O)c2cccnc2)cc1,sweet
CC(NC(=O)C(CC(=O)O)NC(=S)Nc1ccc(C#N)cc1)C(=O)NC(C1CC1)C1CC1,sweet
CC(NC(=O)C(CC(=O)O)NC(=S)Nc1ccc(C#N)cc1)c1ccccc1,sweet
N#Cc1ccc(NC(=S)NC(CC(=O)O)c2ccccc2)cc1,sweet
CC(NC(=O)C(CC(=O)O)NC(=O)Nc1ccc(C#N)cc1)C(=O)NC(C1CC1)C1CC1,sweet
N#Cc1ccc(NC(=O)NC(CC(=O)O)c2ccc3c(c2)CCC3)cc1,sweet
N#Cc1ccc(NC(=O)NC(CC(=O)O)c2ccccc2[N+](=O)[O-])cc1,sweet
N#Cc1ccc(NC(=O)NC(CC(=O)O)c2cccc(O)c2)cc1,sweet
COc1cccc(C(CC(=O)O)NC(=O)Nc2ccc(C#N)cc2)c1,sweet
N#Cc1ccc(NC(=O)NC(CC(=O)O)c2cccc([N+](=O)[O-])c2)cc1,sweet
CCc1ccc(C(CC(=O)O)NC(=O)Nc2ccc(C#N)cc2)cc1,sweet
N#Cc1ccc(NC(=O)NC(CC(=O)O)c2ccc(O)cc2)cc1,sweet
COc1ccc(C(CC(=O)O)NC(=O)Nc2ccc(C#N)cc2)cc1,sweet
N#Cc1ccc(NC(=O)NC(CC(=O)O)c2ccc([N+](=O)[O-])cc2)cc1,sweet
N#Cc1ccc(NC(=O)NC(CC(=O)O)c2ccc3ccccc3c2)cc1,sweet
N#Cc1ccc(NC(=O)NC(CC(=O)O)c2cnc3ccccc3c2)cc1,sweet
COC(=O)C(NC(=O)C(CC(=O)O)NC(=O)Nc1ccc(C#N)cc1)C(F)(F)F,sweet
COC(=O)C(C)NC(=O)C(CC(=O)O)NC(=O)Nc1ccc(C#N)cc1,sweet
CC(NC(=O)C(CC(=O)O)NC(=O)Nc1ccc(C#N)cc1)c1ccccc1,sweet
COC(=O)C(NC(=O)C(CC(=O)O)NC(=O)Nc1ccc(C#N)cc1)c1ccccc1,sweet
COC(=O)C(CO)NC(=O)C(CC(=O)O)NC(=O)Nc1ccc(C#N)cc1,sweet
CCCOC(=O)C(CO)NC(=O)C(CC(=O)O)NC(=O)Nc1ccc(C#N)cc1,sweet
COC(=O)C(NC(=O)C(CC(=O)O)NC(=O)Nc1ccc(C#N)cc1)C(=O)OC1C2(C)CCC(C2)C1(C)C,sweet
N#Cc1ccc(NC(=O)NC(CC(=O)O)Cc2ccccc2)cc1,sweet
N#Cc1ccc(NC(=O)NC(CCc2ccccc2)CC(=O)O)cc1,sweet
COC(=O)C(Cc1ccccc1)NC(=O)C(CC(=O)O)NC(=O)Nc1ccc(F)cc1,sweet
CCCOC(=O)C(C)NC(=O)C(CC(=O)O)NC(=O)Nc1ccc([N+](=O)[O-])cc1,sweet
NC(=O)c1ccc(NC(=O)NC(CC(=O)O)c2cccnc2)cn1,sweet
NC(=O)c1ccc(NC(=O)NC(CC(=O)O)c2ccccc2)cn1,sweet
N#Cc1ccc(NC(=O)NC(CC(=O)O)c2cccnc2)cn1,sweet
CC(=O)OCC(NC(=O)C(N)CC(=O)O)C(C)O,sweet
CC(=O)OCC(CO)NC(=O)C(N)CC(=O)O,sweet
CC(=O)OCC(NC(=O)C(N)CC(=O)O)C(C)C,sweet
CCCC(COC(C)=O)NC(=O)C(N)CC(=O)O,sweet
CC(=O)OCC(C)NC(=O)C(N)CC(=O)O,sweet
CC(=O)OCCNC(=O)C(N)CC(=O)O,sweet
COC(=O)C(COC(C)=O)NC(=O)C(N)CC(=O)O,sweet
CC(NC(=O)C(N)CC(=O)O)C(=O)NC(C)(C1CC1)C1CC1,sweet
CC(NC(=O)C(N)CC(=O)O)C(=O)NC(C)(C(C)(C)C)C(C)(C)C,sweet
CC(NC(=O)C(N)CC(=O)O)C(=O)NC1C(C)(C)S(=O)(=O)C1(C)C,sweet
CC(NC(=O)C(N)CC(=O)O)C(=O)NC1C(C)(C)S(=O)C1(C)C,sweet
CC(NC(=O)C(N)CC(=O)O)C(=O)NC1C(C)(C)CC1(C)C,sweet
CC(NC(=O)C(N)CC(=O)O)C(=O)NC1C(C)(C)CCCC1(C)C,sweet
CC(COC(=O)C(C)(C)C)NC(=O)C(N)CC(=O)O,sweet
CC(NC(=O)C(N)CC(=O)O)C(=O)NC(C)(C(C)C)C(C)C,sweet
CC(NC(=O)C(N)CC(=O)O)NC(=O)C1C(C)CCCC1C,sweet
COC(=O)C(NC(=O)C(N)CC(=O)O)C(=O)OC1C(C)CCCC1C,sweet
CC(NC(=O)C(N)CC(=O)O)C(=O)NC(C)(C1CC1)C(C)(C)C,sweet
CC(NC(=O)C(N)CC(=O)O)C(=O)NC(C)(C)C1CC1,sweet
CCC(CC)C(=O)OCC(C)NC(=O)C(N)CC(=O)O,sweet
CCC(C)C(=O)OCC(C)NC(=O)C(N)CC(=O)O,sweet
C=C(C)C(=O)OCC(C)NC(=O)C(N)CC(=O)O,sweet
CCC(COC(=O)C(C)C)NC(=O)C(N)CC(=O)O,sweet
CC(COC(=O)C(C)C)NC(=O)C(N)CC(=O)O,sweet
CC(NC(=O)C(N)CC(=O)O)C(=O)NC1C(C)(C)C(O)C1(C)C,sweet
CC(C)CC(=O)OCC(C)NC(=O)C(N)CC(=O)O,sweet
CCC(C)(CC)NC(=O)C(C)NC(=O)C(N)CC(=O)O,sweet
CCOC(=O)OC(=O)C(NC(=O)C(N)CC(=O)O)C(=O)OC,sweet
CCOC(=O)C(NC(=O)C(N)CC(=O)O)C(=O)OC1CCCCC1C,sweet
CCC(C)C(=O)OCC(CO)NC(=O)C(N)CC(=O)O,sweet
CC(C)C(=O)OCC(CO)NC(=O)C(N)CC(=O)O,sweet
CC(C)CC(=O)OCC(CO)NC(=O)C(N)CC(=O)O,sweet
COC(=O)C(NC(=O)C(N)CC(=O)O)C(=O)OC1CC(C)CC(C)(C)C1,sweet
COC(=O)C(NC(=O)C(N)CC(=O)O)C(=O)OC1CCCCC1C,sweet
COC(=O)C(COC(=O)C(C)C)NC(=O)C(N)CC(=O)O,sweet
COC(=O)C(NC(=O)C(N)CC(=O)O)C(=O)OC1CCCC(C)C1,sweet
COC(=O)C(NC(=O)C(N)CC(=O)O)C(=O)OC1CCC(C)CC1,sweet
CC(C)C(=O)OCCNC(=O)C(N)CC(=O)O,sweet
CC(C)CC(=O)OCCNC(=O)C(N)CC(=O)O,sweet
COC(=O)C(COC(=O)C(C)(C)C)NC(=O)C(N)CC(=O)O,sweet
CC(C)C(=O)OCC(NC(=O)C(N)CC(=O)O)C(C)C,sweet
COC(=O)CCC(NC(=O)C(N)CC(=O)O)C(=O)OC,sweet
COC(=O)C(C)CC(NC(=O)C(N)CC(=O)O)C(=O)OC,sweet
CCOC(=O)C(NC(=O)C(N)CC(=O)O)C(=O)OC(=O)OC(C)(C)C,sweet
CCCCOC(=O)C(C)NC(=O)C(N)CC(=O)O,sweet
CCCCOC(=O)C(CO)NC(=O)C(N)CC(=O)O,sweet
CC(CC1CCCCC1)NC(=O)C(N)CC(=O)O,sweet
CCCCC(NC(=O)C(N)CC(=O)O)C(=O)OCC,sweet
CCOC(=O)C(NC(=O)C(N)CC(=O)O)C(C)O,sweet
CCOC(=O)C(CO)NC(=O)C(N)CC(=O)O,sweet
CC(NC(=O)C(N)CC(=O)O)C(O)c1ccccc1,sweet
COC(=O)C(NC(=O)C(N)CC(=O)O)C(C)c1ccccc1,sweet
CCC(NC(=O)C(N)CC(=O)O)C(=O)OC,sweet
CCCCCC(NC(=O)C(N)CC(=O)O)C(=O)OC,sweet
CCCCC(NC(=O)C(N)CC(=O)O)C(=O)OC,sweet
CCCCCCC(NC(=O)C(N)CC(=O)O)C(=O)OC,sweet
CCCC(NC(=O)C(N)CC(=O)O)C(=O)OC,sweet
COC(=O)C(CCC(C)C)NC(=O)C(N)CC(=O)O,sweet
CCCOC(=O)C(CC)NC(=O)C(N)CC(=O)O,sweet
CCCOC(=O)C(CCC)NC(=O)C(N)CC(=O)O,sweet
CC(COc1ccccc1)NC(=O)C(N)CC(=O)O,sweet
CC(C)(Cc1ccccc1)NC(=O)C(N)CC(=O)O,sweet
CCCOC(=O)CNC(=O)C(N)CC(=O)O,sweet
COC(=O)C(NC(=O)C(N)CC(=O)O)C(C)O,sweet
CCCC(O)C(NC(=O)C(N)CC(=O)O)C(=O)OC,sweet
COC(=O)C(CO)NC(=O)C(N)CC(=O)O,sweet
CCCOC(=O)C(NC(=O)C(N)CC(=O)O)C(C)O,sweet
CCCOC(=O)C(CO)NC(=O)C(N)CC(=O)O,sweet
CCCCCC(C)C(C)NC(=O)C(N)CC(=O)O,sweet
CCOC(=O)CC(NC(=O)C(N)CC(=O)O)C(=O)OC,sweet
CCOC(=O)CC(C)NC(=O)C(N)CC(=O)O,sweet
CCOCCC(C)NC(=O)C(N)CC(=O)O,sweet
COC(=O)CC(C)NC(=O)C(N)CC(=O)O,sweet
COC(=O)C(CCCNC(C)=O)NC(=O)C(N)CC(=O)O,sweet
CC(C)CCC(C)NC(=O)C(N)CC(=O)O,sweet
COC(=O)C(CCCCNC(C)=O)NC(=O)C(N)CC(=O)O,sweet
CCCCCC(C)NC(=O)C(N)CC(=O)O,sweet
CC(NC(=O)C(N)CC(=O)O)NC(=O)C1CC2CCC1C2,sweet
CC(NC(=O)C(N)CC(=O)O)NC(=O)C(C1CC1)C1CC1,sweet
CC(NC(=O)C(N)CC(=O)O)NC(=O)C(C)(C)C,sweet
CC(COC(=O)C1CCC1C)NC(=O)C(N)CC(=O)O,sweet
CC(COC(=O)C1CC1C)NC(=O)C(N)CC(=O)O,sweet
CC(Cc1ccc(O)cc1)NC(=O)C(N)CC(=O)O,sweet
CCCC(=O)OCC(CO)NC(=O)C(N)CC(=O)O,sweet
CCCC(=O)OCC(NC(=O)C(N)CC(=O)O)C(C)C,sweet
CCCC(=O)OCC(C)NC(=O)C(N)CC(=O)O,sweet
NC(CC(=O)O)C(=O)NC(CO)COC(=O)C1CCC1,sweet
CC(C)C(COC(=O)C1CCC1)NC(=O)C(N)CC(=O)O,sweet
CCC(COC(=O)C1CCC1)NC(=O)C(N)CC(=O)O,sweet
CC(COC(=O)C1CCC1)NC(=O)C(N)CC(=O)O,sweet
CC(NC(=O)C(N)CC(=O)O)C(=O)NC1CCCCC1,sweet
CC(NC(=O)C(N)CC(=O)O)NC(=O)C1CCCCC1,sweet
CCOC(=O)C(NC(=O)C(N)CC(=O)O)C(=O)OC1CCCCC1,sweet
NC(CC(=O)O)C(=O)NC(CO)C(=O)OC1CCCCC1,sweet
COC(=O)C(NC(=O)C(N)CC(=O)O)C(=O)OC1CCCCC1,sweet
NC(CC(=O)O)C(=O)NC(CO)COC(=O)C1CCCC1,sweet
CC(COC(=O)C1CCCC1)NC(=O)C(N)CC(=O)O,sweet
CC(NC(=O)C(N)CC(=O)O)NC(=O)C1CCCC1,sweet
CCOC(=O)C(NC(=O)C(N)CC(=O)O)C(=O)OC1CCCC1,sweet
COC(=O)C(NC(=O)C(N)CC(=O)O)C(=O)OC1CCCC1,sweet
NC(CC(=O)O)C(=O)NC(CO)COC(=O)C1CC1,sweet
CC(C)C(COC(=O)C1CC1)NC(=O)C(N)CC(=O)O,sweet
CCC(COC(=O)C1CC1)NC(=O)C(N)CC(=O)O,sweet
CC(COC(=O)C1CC1)NC(=O)C(N)CC(=O)O,sweet
CCCCC(=O)OCC(C)NC(=O)C(N)CC(=O)O,sweet
CC(NC(=O)c1ccccc1)NC(=O)C(N)CC(=O)O,sweet
C=CC(=O)OCC(C)NC(=O)C(N)CC(=O)O,sweet
CCC(=O)OCC(CC)NC(=O)C(N)CC(=O)O,sweet
CCC(=O)OCC(C)NC(=O)C(N)CC(=O)O,sweet
CCOC(=O)C(NC(=O)C(N)CC(=O)O)C(=O)OC(C)(C)C,sweet
COC(=O)C(NC(=O)C(N)CC(=O)O)C(=O)OC(C)(C)C,sweet
CCOC(=O)C(NC(=O)C(N)CC(=O)O)C(=O)OC1C2(C)CCC(C2)C1(C)C,sweet
NC(CC(=O)O)C(=O)NC(CO)Cc1ccc(O)cc1,sweet
CCC(=O)OCC(CO)NC(=O)C(N)CC(=O)O,sweet
COC(=O)C(NC(=O)C(N)CC(=O)O)C(=O)OC1CC2CCC1(C)C2(C)C,sweet
COC(=O)C(CSC(C)C)NC(=O)C(N)CC(=O)O,sweet
CCC(=O)OCC(NC(=O)C(N)CC(=O)O)C(=O)OC,sweet
CCCSCC(NC(=O)C(N)CC(=O)O)C(=O)OC,sweet
CCCCCOC(=O)C(C)NC(=O)C(N)CC(=O)O,sweet
CCC(NC(=O)C(N)CC(=O)O)C(=O)OC(C)C,sweet
CCCC(NC(=O)C(N)CC(=O)O)C(=O)OC(C)C,sweet
CC(C)OC(=O)C(C)NC(=O)C(N)CC(=O)O,sweet
CCCC(=O)OCCNC(=O)C(N)CC(=O)O,sweet
NC(CC(=O)O)C(=O)NCCOC(=O)C1CCC1,sweet
NC(CC(=O)O)C(=O)NCC(=O)OC1CCCCC1,sweet
NC(CC(=O)O)C(=O)NCCOC(=O)C1CC1,sweet
CCC(=O)OCCNC(=O)C(N)CC(=O)O,sweet
CC(C)OC(=O)C(C)CNC(=O)C(N)CC(=O)O,sweet
CCC(C)OC(=O)CCNC(=O)C(N)CC(=O)O,sweet
CCCC(=O)OCC(NC(=O)C(N)CC(=O)O)C(=O)OC,sweet
CC(CNC(=O)C(N)CC(=O)O)C(=O)OC1CCCCC1,sweet
NC(CC(=O)O)C(=O)NCCC(=O)OC1CCCCC1,sweet
CC(CNC(=O)C(N)CC(=O)O)C(=O)OC1CCCC1,sweet
NC(CC(=O)O)C(=O)NCCC(=O)OC1CCCC1,sweet
CCSCC(NC(=O)C(N)CC(=O)O)C(=O)OC,sweet
NC(CC(=O)O)C(=O)NCCCc1ccco1,sweet
COC(=O)C(COC(C)(C)C)NC(=O)C(N)CC(=O)O,sweet
CC(CNC(=O)C(N)CC(=O)O)C(=O)OC(C)(C)C,sweet
CC(C)(C)OC(=O)CCNC(=O)C(N)CC(=O)O,sweet
COC(=O)C(CSC(C)(C)C)NC(=O)C(N)CC(=O)O,sweet
CC(C)COC(=O)C(NC(=O)C(N)CC(=O)O)C(C)O,sweet
CC(C)COC(=O)C(CO)NC(=O)C(N)CC(=O)O,sweet
CCC(=O)OCC(NC(=O)C(N)CC(=O)O)C(C)O,sweet
CC(C)OC(=O)C(NC(=O)C(N)CC(=O)O)C(C)O,sweet
CC(C)OC(=O)C(CO)NC(=O)C(N)CC(=O)O,sweet
CCC(=O)OCC(NC(=O)C(N)CC(=O)O)C(C)C,sweet
CC(C)OC(=O)C(NC(=O)C(N)CC(=O)O)C(C)C,sweet
CCC(C)C(NC(=O)C(N)CC(=O)O)C(=O)OC(C)C,sweet
CCCC(C)OC(=O)CCNC(=O)C(N)CC(=O)O,sweet
CCC(CC)OC(=O)CCNC(=O)C(N)CC(=O)O,sweet
CC(C)OC(=O)CCNC(=O)C(N)CC(=O)O,sweet
CCC(C)OC(=O)CC(C)NC(=O)C(N)CC(=O)O,sweet
CC(CC(=O)OC1CCCCC1)NC(=O)C(N)CC(=O)O,sweet
COC(=O)C(CC(=O)OC(C)(C)C)NC(=O)C(N)CC(=O)O,sweet
CC(CC(=O)OC(C)(C)C)NC(=O)C(N)CC(=O)O,sweet
CC(CC(=O)OC(C)C)NC(=O)C(N)CC(=O)O,sweet
NC(CC(=O)O)C(=O)NCCC1CCCCC1,sweet
CCCCCCCNC(=O)C(N)CC(=O)O,sweet
CCCCCCNC(=O)C(N)CC(=O)O,sweet
CCOC(=O)C(C)NC(=O)C(N)CC(=O)O,sweet
NC(CC(=O)O)C(=O)NC(CO)Cc1ccccc1,sweet
COC(=O)CNC(=O)C(N)CC(=O)O,sweet
COC(=O)C(CC1CCCCC1)NC(=O)C(N)CC(=O)O,sweet
COC(=O)CCNC(=O)C(N)CC(=O)O,sweet
COC(=O)CCCNC(=O)C(N)CC(=O)O,sweet
CC(NC(=O)C(N)CC(=O)O)C(=O)NC1CCCC1,sweet
COC(=O)C(Cc1ccc(O)cc1)NC(=O)C(N)CC(=O)O,sweet
CC(Cc1ccc(F)cc1)NC(=O)C(N)CC(=O)O,sweet
NC(CC(=O)O)C(=O)NCCc1ccc(F)cc1,sweet
NC(CC(=O)O)C(=O)NCCc1ccc(O)cc1,sweet
CC(CCc1ccco1)NC(=O)C(N)CC(=O)O,sweet
N#Cc1ccc(Br)c(N)c1,sweet
N#Cc1ccc(Cl)c(N)c1,sweet
CCOc1ccc(C#N)cc1N,sweet
COc1ccc(C#N)cc1N,sweet
CC(Cc1ccccc1)NC(=O)C(N)CC(=O)O,sweet
NC(CC(=O)O)C(=O)NCCOc1ccccc1,sweet
CC(CCc1ccccc1)NC(=O)C(N)CC(=O)O,sweet
CCCOc1ccc(C#N)cc1N,sweet
Nc1cccc(C(=O)O)c1,sweet
N#Cc1cccc(N)c1,sweet
CC(=C(C)c1nc2c3ccccc3c(S(=O)(=O)[O-])cc2n1Nc1ccccc1)c1ccccc1,sweet
NC(=O)c1c(Br)cc(Br)c(C=CC(=O)O)c1Br,sweet
COc1ccc(COc2ccccc2)cc1O,sweet
COc1ccc(COC(=O)c2ccccc2O)cc1O,sweet
O=C1C(O)C(CO)OC(OC2(CO)OC(CO)C(O)C2O)C1O,sweet
COc1cc2c(cc1O)C1CCC3(C)CCCC3C1CC2,sweet
CC1(C(=O)O)CCC2(C)CCC3(C)C(=CC(=O)C4C5(C)CCC(OC6OCC(O)C(O)C6O)C(C)(C)C5CCC43C)C2C1,sweet
O=C(O)CNC(=Nc1cccnc1)NCc1ccccc1,sweet
CC(NC(=Nc1cnc2ccccc2c1)NCC(=O)O)c1ccccc1,sweet
OCC1OC(OC2(CO)OC(CO)C(Cl)C2O)C(O)C(O)C1O,sweet
COC(C)C1=CC=C(C)CC1,sweet
COC(C)C1=CCC(C)=CC1,sweet
COC(C)C1CC=C(C)CC1,sweet
CCN(CC)c1ccc(NS(=O)(=O)[O-])cc1,sweet
OCC1OC(OC2(CBr)OC(CBr)C(Br)C2O)C(O)C(O)C1Br,sweet
OCC1OC(OC2(CCl)OC(CCl)C(Cl)C2O)C(O)C(O)C1Cl,sweet
OCC1OC(OC2(CCl)OC(CO)C(Cl)C2O)C(O)C(O)C1Cl,sweet
OCC1OC(OC2(CBr)OC(CBr)C(O)C2O)C(O)C(O)C1Br,sweet
OCC1OC(OC2(CCl)OC(CCl)C(Br)C2O)C(O)C(O)C1Cl,sweet
OCC1OC(OC2(CCl)OC(CCl)C(I)C2O)C(O)C(O)C1Cl,sweet
OCC1OC(OC2(CF)OC(CF)C(O)C2O)C(O)C(O)C1F,sweet
OCC1OC(OC2(CI)OC(CI)C(O)C2O)C(O)C(O)C1I,sweet
OCC1OC(CCl)(OC2OC(CO)C(Cl)C(O)C2O)C(O)C1O,sweet
OCC1OC(OC2(CO)OC(CCl)C(Cl)C2O)C(O)C(O)C1Cl,sweet
OC1C(OC2(CCl)OC(CCl)C(O)C2O)OC(CCl)C(Cl)C1O,sweet
OCC1OC(OC2(CO)OC(CCl)C(O)C2O)C(O)C(O)C1Cl,sweet
Cc1cc(C)nc(NS(=O)(=O)[O-])c1,sweet
COCC1OC(CO)(OC2OC(CO)C(OC)C(O)C2O)C(O)C1O,sweet
COCC1OC(OC2(CO)OC(CO)C(O)C2O)C(O)C(O)C1OC,sweet
OCC1OC(OC2(CCl)OC(CCl)C(O)C2O)C(O)C(O)C1Cl,sweet
OCC1OC(CO)(OC2OC(CO)C(Cl)C(O)C2O)C(O)C1O,sweet
OCC1OC(OC2(CBr)OC(CBr)C(Br)C2O)C(O)C(O)C1Cl,sweet
O=C1NS(=O)(=O)c2cccc(Cl)c21,sweet
N#Cc1ccc(N=C(NCC(=O)O)NC2CCCCCCC2)cc1,sweet
N#Cc1ccc(N=C(NCC(=O)O)NC2CCCCCCCCC2)cc1,sweet
N#Cc1ccc(N=C(NCC(=O)O)NC(c2ccccc2)c2ccccc2)cc1,sweet
N#Cc1ccc(N=C(NCC(=O)O)NC2CCCCCC2)cc1,sweet
N#Cc1ccc(N=C(NCC(=O)O)Nc2cccc3ccccc23)cc1,sweet
N#Cc1ccc(N=C(NCC(=O)O)NC(c2ccccc2)c2ccco2)cc1,sweet
CC(NC(=Nc1ccc(C#N)cc1)NCC(=O)O)C1CCCCC1,sweet
N#Cc1ccc(N=C(NCC(=O)O)NCC2CCCCC2)cc1,sweet
N#Cc1ccc(N=C(NCC(=O)O)NCc2ccccc2)cc1,sweet
CC(NC(=Nc1ccc(C#N)cc1)NCC(=O)O)c1ccccc1,sweet
COCC(NC(=Nc1ccc(C#N)cc1)NCC(=O)O)c1ccccc1,sweet
N#Cc1ccc(N=C(NCC(=O)O)NCC23CC4CC(CC(C4)C2)C3)cc1,sweet
CN(NC(=Nc1ccc(C#N)cc1)NCC(=O)O)c1ccccc1,sweet
N#Cc1ccc(N=C(NCC(=O)O)NC2CCCCC2)cc1,sweet
N#Cc1ccc(N=C(NCC(=O)O)Nc2cccc(Cl)c2)cc1,sweet
Cc1cccc(NC(=Nc2ccc(C#N)cc2)NCC(=O)O)c1,sweet
N#Cc1ccc(N=C(NCCc2ccccc2)NCC(=O)O)cc1,sweet
Cc1ccc(NC(=Nc2ccc(C#N)cc2)NCC(=O)O)cc1,sweet
CCCCC(C)NC(=Nc1ccc(C#N)cc1)NCC(=O)O,sweet
CCCCCCNC(=Nc1ccc(C#N)cc1)NCC(=O)O,sweet
Cc1ccccc1NC(=Nc1ccc(C#N)cc1)NCC(=O)O,sweet
N#Cc1ccc(N=C(NCC(=O)O)Nc2ccc(CO)c(CO)c2)cc1,sweet
N#Cc1ccc(N=C(NCC(=O)O)NC2CCc3ccccc32)cc1,sweet
N#Cc1ccc(N=C(NCC(=O)O)Nc2ccccc2)cc1,sweet
N#Cc1ccc(N=C(NCC(=O)O)NC23CC4CC(CC(C4)C2)C3)cc1,sweet
N#Cc1ccc(N=C(N)NCC(=O)O)cc1,sweet
CCNC(=Nc1ccc(C#N)cc1)NCC(=O)O,sweet
N#Cc1ccc(N=C(NCC(=O)O)NS(=O)(=O)c2ccccc2)cc1,sweet
N#Cc1ccc(N=C(NCC(=O)O)NS(=O)(=O)Cc2ccccc2)cc1,sweet
N#Cc1ccc(N=C(NCC(=O)O)NS(=O)(=O)C2CCCCCC2)cc1,sweet
CCCCS(=O)(=O)NC(=Nc1ccc(C#N)cc1)NCC(=O)O,sweet
CCCCCS(=O)(=O)NC(=Nc1ccc(C#N)cc1)NCC(=O)O,sweet
N#Cc1ccc(N=C(NCC(=O)O)NS(=O)(=O)C2CCCCC2)cc1,sweet
CS(=O)(=O)NC(=Nc1ccc(C#N)cc1)NCC(=O)O,sweet
OCC1OC(OC2(CBr)OC(CBr)C(O)C2O)C(O)C(O)C1Cl,sweet
CC1(OC2OC(CO)C(Cl)C(O)C2O)OC(CCl)C(F)C1O,sweet
OCC1OC(OC2(CO)OC(CF)C(O)C2O)C(O)C(O)C1F,sweet
OCC1OC(OC2(CCl)OC(CCl)C(O)C2O)C(O)C(O)C1Br,sweet
OCC1CC(O)C(O)C(OC2(CO)OC(CO)C(O)C2O)O1,sweet
C=CC1CC=C(C)CC1,sweet
OCC1OC(OC2(CBr)OC(CBr)C(Br)C2O)C(O)C(O)C1F,sweet
OCC1OC(OC2(CCl)OC(CCl)C(Cl)C2O)C(O)C(O)C1F,sweet
OCC1OC(OC2(CCl)OC(CCl)C(F)C2O)C(O)C(O)C1Cl,sweet
OCC1OC(OC2C(O)OC(CO)C(OC3OC(CO)C(O)C(O)C3O)C2O)C(O)C(O)C1O,sweet
COCC1=CCC(C)=CC1,sweet
COCC1CC=C(C)CC1,sweet
COc1ccc(NC(N)=O)cc1,sweet
CC1CCC(NS(=O)(=O)[O-])CC1,sweet
NC(=Nc1ccc([N+](=O)[O-])cc1)NCC(=O)O,sweet
COC1C(CO)OC(OC2(CO)OC(CO)C(O)C2O)C(O)C1O,sweet
CCCOc1ccc(CCC(=O)c2c(O)cc(OC3OC(CO)C(O)C(O)C3OC3OC(C)C(O)C(O)C3O)cc2O)cc1O,sweet
CCCOc1ccc(NC(N)=O)cc1,sweet
CC1(C(=O)O)CCCC2(C)c3ccccc3C(C(=O)O)C12,sweet
COc1ccc(C2OCc3ccccc3S2)cc1OC(=O)Nc1ccccc1,sweet
COc1ccc(CCC2CCCCC2)cc1O,sweet
COc1ccc(C2CCc3ccccc3O2)cc1O,sweet
N#Cc1ccc(NC(=O)C(CCC(=O)O)NC(=O)C(F)(F)F)cc1,sweet
COc1ccc(C2OCc3ccccc3S2)cc1O,sweet
COc1ccc(NCc2ccccc2)cc1O,sweet
CC1=C(C)C(=O)NS(=O)(=O)O1,sweet
COc1ccc(CCc2ccccc2O)cc1O,sweet
COc1ccc(CCc2ccc(F)cc2)cc1O,sweet
COc1ccc(CCc2ccc(O)cc2)cc1O,sweet
COc1ccc(C2Cc3cccc(OC(C)=O)c3C(=O)O2)cc1OC(C)=O,sweet
COc1ccc(C(O)Oc2ccccc2)cc1O,sweet
COc1ccc(CCc2ccccc2CO)cc1O,sweet
N#Cc1ncc(Br)cn1,sweet
OCC1(O)OCCC(O)C1O,sweet
CCC1=C(C)OS(=O)(=O)NC1=O,sweet
CC(NC(=Nc1ccc2c(c1)CCC2)NCC(=O)O)c1ccccc1,sweet
Cc1nnc(NS(=O)(=O)[O-])s1,sweet
CC1=COS(=O)(=O)NC1=O,sweet
CCCc1ccc([N+](=O)[O-])cc1N,sweet
OCC1SC(O)C(O)C(O)C1O,sweet
OC1C(CCl)OC(OC2(CCl)OC(CCl)C(O)C2O)C(O)C1O,sweet
COCC1OC(OC2(CO)OC(COC)C(O)C2O)C(O)C(O)C1O,sweet
OCC1OC(OC2(CO)OC(CCl)C(O)C2O)C(O)C(O)C1O,sweet
OCC1(O)OC(CCl)C(O)C1O,sweet
NC(Cc1c[nH]c2cc(Cl)ccc12)C(=O)O,sweet
CC1OC(OC2(CO)OC(CO)C(O)C2O)C(O)C(O)C1O,sweet
CCC1=C(C)C(=O)NS(=O)(=O)O1,sweet
CCC1=CC(=O)NS(=O)(=O)O1,sweet
O=C1NS(=O)(=O)c2cc(F)ccc21,sweet
O=C1NS(=O)(=O)c2cc(O)ccc21,sweet
Cc1ccc2c(c1)S(=O)(=O)NC2=O,sweet
CC(=O)C1OC(OC2(CO)OC(CO)C(O)C2O)C(O)C(O)C1O,sweet
COCC1OC(CO)(OC2OC(CO)C(O)C(O)C2O)C(O)C1O,sweet
COCC1OC(OC2(CO)OC(CO)C(O)C2O)C(O)C(O)C1O,sweet
O=C(O)CNC(=Nc1ccc2ccccc2n1)NC1CCCCCCC1,sweet
CC(NC(=Nc1ccc2ccccc2n1)NCC(=O)O)c1ccccc1,sweet
OCC1(O)SCC(O)C(O)C1O,sweet
NC(Cc1c[nH]c2cc(C(F)(F)F)ccc12)C(=O)O,sweet
Nc1cccc2c1S(=O)(=O)NC2=O,sweet
COc1ccc(C2Cc3ccccc3C(=O)O2)cc1O,sweet
COc1ccc(C2Cc3cccc(O)c3CO2)cc1O,sweet
COc1ccc(C2Cc3cccc(O)c3C(=O)N2)cc1O,sweet
COc1cc2c(cc1O)C1c3ccccc3OCC1(O)C2,sweet
CC1=CCC(C(C)C2CCC3(C)C4CCC5C(C)(C(=O)O)C(OC6OC(CO)C(O)C(O)C6O)CCC56CC46CCC23C)OC1=O,sweet
COC(=O)C1OC(OC2CCC34CC35CCC3(C)C(C(C)C6CC=C(C)C(=O)O6)CCC3(C)C5CCC4C2(C)C(=O)O)C(OC2OC(CO)C(O)C(O)C2O)C(O)C1O,sweet
CC1=CCC(C(C)C2CCC3(C)C4CCC5C(C)(C(=O)O)C(OC6OC(CO)C(O)C(O)C6OC6OC(CO)C(O)C(O)C6O)CCC56CC46CCC23C)OC1=O,sweet
CC1=CCC(C(C)C2CCC3(C)C4CCC5C(C)(C(=O)O)C(OC6OC(C(=O)O)C(O)C(O)C6OC6OC(CO)C(O)C(O)C6O)CCC56CC46CCC23C)OC1=O,sweet
CC1=CCC(C(C)C2CCC3(C)C4CCC5C(C)(C(=O)O)C(OC6OC(CO)C(O)C(O)C6OC6OC(C(=O)O)C(O)C(O)C6O)CCC56CC46CCC23C)OC1=O,sweet
COC(=O)C1OC(OC2C(OC3CCC45CC46CCC4(C)C(C(C)C7CC=C(C)C(=O)O7)CCC4(C)C6CCC5C3(C)C(=O)O)OC(CO)C(O)C2O)C(O)C(O)C1O,sweet
CC1=CC(=O)NS(=O)(=O)O1,sweet
CC1=CC(=O)[N-]S(=O)(=O)O1,sweet
CCC1=COS(=O)(=O)NC1=O,sweet
CCCC1=C(C)OS(=O)(=O)NC1=O,sweet
O=C1C=COS(=O)(=O)N1,sweet
CC=NO,sweet
COC(=O)C(Cc1ccccc1)NC(=O)C(CC(=O)O)NCCCc1ccc(OC)c(O)c1,sweet
CC1(C)CC2C3=CCC4C5(C)CCC(OC6OC(COC7OCC(O)C(O)C7O)C(O)C(O)C6OC6OC(CO)C(O)C(O)C6O)C(C)(C)C5CCC4(C)C3(C)CC(O)C23CC1OC3=O,sweet
CC(NC(=O)C(N)CC(=O)O)C(=O)NC1C(C)(C)SC1(C)C,sweet
C=COc1ccc([N+](=O)[O-])cc1N,sweet
CC1(C(=O)O)CCC2(C)CCC3(C)C(=CC(=O)C4C5(C)CCC(OC6OC(C(=O)[O-])C(O)C(O)C6OC6OC(C(=O)O)C(O)C(O)C6O)C(C)(C)C5CCC43C)C2C1,sweet
ON=Cc1ccc(Cc2ccccc2)o1,sweet
ON=Cc1ccco1,sweet
O=CC(O)C(O)C(O)CO,sweet
CC1(C)CC1(C(=O)O)S(=O)(=O)c1ccccc1,sweet
CC1CCC(C(=O)O)(S(=O)(=O)c2ccccc2)CC1C,sweet
CC1CC=CCC1(C(=O)O)S(=O)(=O)c1ccccc1,sweet
COC(=O)C(Cc1ccccc1)NC(=O)C(N)CC(=O)O,sweet
CC1=CC(=O)[N-]S(=O)(=O)O1.COC(=O)C(Cc1ccccc1)NC(=O)C([NH3+])CC(=O)O,sweet
COC(=O)C(NC(=O)C(N)C(=O)O)C(=O)OC1C2(C)CCC(C2)C1(C)C,sweet
O=C(O)CCNC(=O)Nc1ccc([N+](=O)[O-])cc1,sweet
CCCCOC(=O)C(Cc1ccccc1)NC(=O)C(N)CC(=O)O,sweet
CCOC(=O)C(Cc1ccccc1)NC(=O)C(N)CC(=O)O,sweet
CCCOC(=O)C(Cc1ccccc1)NC(=O)C(N)CC(=O)O,sweet
CC1=C(CCc2ccoc2)C2(C)CCC(OC3OC(CO)C(O)C(O)C3OC3OCC(O)C(O)C3O)C(C)(C)C2CC1,sweet
O=C(O)CNC(=Nc1ccc2nonc2c1)NC1CCCCCCC1,sweet
Cc1cccc(CNC(=Nc2ccc(C#N)cc2)NCC(=O)O)c1,sweet
[Be+2],sweet
Nc1cc([N+](=O)[O-])ccc1Br,sweet
CCC(C)CC(C)NC(=O)C(N)CC(=O)O,sweet
CCCCC(CC)NC(=O)C(N)CC(=O)O,sweet
CCCCCCC(C)NC(=O)C(N)CC(=O)O,sweet
CCCCC(C)NC(=O)C(N)CC(=O)O,sweet
CCCCOS(N)(=O)=O,sweet
O=S(=O)([O-])NC1CCCCC1.O=S(=O)([O-])NC1CCCCC1,sweet
O=C1[N-]S(=O)(=O)c2ccccc21.O=C1[N-]S(=O)(=O)c2ccccc21,sweet
O=C(O)CN=C(Nc1cc(Cl)cc(Cl)c1)NC(c1ccccc1)c1ccccc1,sweet
OCC1OC(OC2C(CO)OC(O)C(O)C2O)C(O)C(O)C1O,sweet
ClC(Cl)Cl,sweet
Nc1cc([N+](=O)[O-])ccc1Cl,sweet
COC(=O)C(CC(=O)CNC(=O)Nc1ccc(C#N)cc1)Cc1ccccc1,sweet
N#Cc1ccc(NC(=O)NCCC(=O)O)cc1,sweet
O=S(=O)(O)NC1CCCCC1,sweet
CC(=O)OCC1OC(OC2CCC3(C)C4CC(OC5OC(C)C(O)C(O)C5O)C5C(C6(C)CCC(C(C)(C)O)O6)CCC5(C)C4C(C)CC3C2(C)C)C(O)C1O,sweet
O=S(=O)([O-])NC1CCCCCC1,sweet
O=S(=O)([O-])NC1CCCCCCC1,sweet
O=S(=O)([O-])NC1CCCC1,sweet
COC(=O)C(Cc1ccccc1)NC(=O)C(CC(=O)O)NC(=O)C(C)N,sweet
CC(N)C(=O)O,sweet
OCC(O)C(O)C(O)CO,sweet
NC(=O)CC(N)C(=O)O,sweet
O=S(=O)([O-])NN1CCC2CCCCC2C1,sweet
OCC1OC(OC2(CBr)OC(CBr)C(O)C2O)C(O)C(O)C1O,sweet
OCC1OC(O)C(O)C(O)C1O,sweet
NC(=O)CCC(N)C(=O)O,sweet
NC(Cc1cnc[nH]1)C(=O)O,sweet
COC(=O)C(Cc1ccccc1)NC(=O)C(CC(=O)O)NC(=S)Nc1cnc(C#N)nc1,sweet
COc1ccc(C2Oc3cc(O)cc(O)c3C(=O)C2OC(C)=O)cc1O,sweet
O=C(CO)CO,sweet
CN(C)C(N)=O,sweet
CC1(C(=O)O)CCC2(C)CCC3(C)C(=CC(=O)C4C5(C)CCC(OC6OC(C(=O)[O-])C(O)C(O)C6OC6OC(C(=O)[O-])C(O)C(O)C6O)C(C)(C)C5CCC43C)C2C1,sweet
CCC(C)C(N)C(=O)O,sweet
OCC1OC(OC2C(CO)OC(O)(CO)C2O)C(O)C(O)C1O,sweet
CC(C)CC(N)C(=O)O,sweet
OCC1OC(OC2COC(O)(CO)C(O)C2O)C(O)C(O)C1O,sweet
NCCCCC(N)C(=O)O,sweet
OCC1OC(OC2C(CO)OC(OC3C(CO)OC(O)C(O)C3O)C(O)C2O)C(O)C(O)C1O,sweet
OCC(O)C(O)C(O)C(O)CO,sweet
CSCCC(N)C(=O)O,sweet
CCCC(N)C(=O)O,sweet
NC(Cc1ccccc1)C(=O)O,sweet
CC1OC(O)C(O)C(O)C1O,sweet
NC(CO)C(=O)O,sweet
OCC1(O)OCC(O)C(O)C1O,sweet
CC(O)C(N)C(=O)O,sweet
NC(Cc1c[nH]c2ccccc12)C(=O)O,sweet
NC(Cc1ccc(O)cc1)C(=O)O,sweet
CCOc1ccc(NC(N)=O)cc1,sweet
C=C1CC23CCC4C(C)(C(=O)OC5OC(CO)C(O)C(O)C5O)CCCC4(C)C2CCC1(OC1OC(CO)C(O)C(O)C1OC1OC(C)C(O)C(O)C1O)C3,sweet
CC(C)C(N)C(=O)O,sweet
OC1COC(O)C(O)C1O,sweet
CCC(N)C(=O)O,sweet
OCC(O)C(O)CO,sweet
CCOc1ccc([N+](=O)[O-])cc1N,sweet
OCCO,sweet
O=S(=O)([O-])NC1CC2CCC1C2,sweet
Nc1cc([N+](=O)[O-])ccc1F,sweet
O=Cc1ccco1,sweet
OCC1OC(OC2(CO)OC(CO)C(O)C2O)C(O)C(O)C1O,sweet
CC(=CCO)CCC1=C(C=O)CC(OC2OCC(O)C(O)C2O)C2C(C)(CO)CCCC12C,sweet
OCC1OC(O)(C2(OC3(CO)OC(CO)C(O)C3O)OC(CO)C(O)C(O)C2O)C(O)C(O)C1O,sweet
OCC(O)CO,sweet
NCC(=O)O,sweet
N#Cc1ccc(NC(=O)NCC(=O)O)cc1,sweet
CC1(C(=O)O)CCC2(C)CCC3(C)C(=CC(=O)C4C5(C)CCC(OC6OC(C(=O)O)C(O)C(O)C6OC6OC(C(=O)O)C(O)C(O)C6O)C(C)(C)C5CCC43C)C2C1,sweet
CC1(C(=O)O)CCC2(C)CCC3(C)C(=CC(=O)C4C5(C)CCC(OC6OC(C(=O)O)C(O)C(O)C6OC6CC(C(=O)O)C(O)C(O)C6O)C(C)(C)C5CCC43C)C2C1,sweet
N=C(N)N,sweet
N#Cc1ccc(NC(=NC2CCCCCCC2)NCc2nnn[nH]2)cc1,sweet
CC(N=C(NCC(=O)O)Nc1cc(Cl)cc(Cl)c1)c1ccccc1,sweet
N#Cc1ccc(NC(=NC2CCCCCCC2)NCC(=O)O)cc1,sweet
Cn1nnnc1NC(=Nc1ccc(C#N)cc1)NC1CCCCC1,sweet
Cn1nnnc1NC(=Nc1ccc(C#N)cc1)NC1CCCCCCC1,sweet
CC(NC(NCC(=O)O)Nc1ccc(C#N)cc1)c1ccccc1,sweet
CCCCCCCNC(CC(=O)O)C(=O)Nc1ccc(C#N)cc1,sweet
CC(C)=CCCC(C)(O)C1CCC(C)=CC1=O,sweet
COc1ccc(CCC(=O)c2c(O)cc(O)cc2O)cc1O,sweet
COc1ccc(CCC(=O)c2c(O)cc(OC3OCC(O)C(O)C3O)cc2O)cc1O,sweet
COc1ccc(CCC(=O)c2c(O)cc(OC3OC(CO)C(O)C(O)C3O)cc2O)cc1O,sweet
CC1OC(OC2C(Oc3cc(O)c(C(=O)CCc4cccc(O)c4)c(O)c3)OC(CO)C(O)C2O)C(O)C(O)C1O,sweet
O=C(CCc1ccc(O)c(O)c1)c1c(O)cc(OC2OC(CO)C(O)C(O)C2O)cc1O,sweet
O=S(=O)([O-])NC1CCCCSC1,sweet
O=S(=O)([O-])NC1CCCSCC1,sweet
CCOc1ccc(CCC(=O)c2c(O)cc(OC3OC(CO)C(O)C(O)C3OC3OC(C)C(O)C(O)C3O)cc2O)cc1O,sweet
OCC(O)C(O)C(OC1OC(CO)C(OC2OC(CO)C(O)C(O)C2O)C(O)C1O)C(O)CO,sweet
Nc1cc([N+](=O)[O-])ccc1O,sweet
O=C(CO)C(O)C(O)C(O)CO.O=CC(O)C(O)C(O)C(O)CO,sweet
Nc1cc([N+](=O)[O-])ccc1I,sweet
CC(C)Oc1ccc([N+](=O)[O-])cc1N,sweet
OCC(O)C(O)C(O)C(O)COC1OC(CO)C(O)C(O)C1O,sweet
CC(CCC(OC1OC(COC2OC(CO)C(O)C(O)C2O)C(O)C(O)C1OC1OC(CO)C(O)C(O)C1O)C(C)(C)O)C1CCC2(C)C3CC=C4C(CCC(OC5OC(CO)C(OC6OC(CO)C(O)C(O)C6O)C(O)C5O)C4(C)C)C3(C)C(O)CC12C,sweet
Oc1cc2c(cc1O)C1c3ccc(O)c(O)c3OCC1(O)O2,sweet
COc1ccc2c(c1)OC1(O)COc3ccccc3C21,sweet
OCC1OC(OC2C(O)OC(CO)C(O)C2O)C(O)C(O)C1O,sweet
OCC(O)C(O)C(OC1OC(CO)C(O)C(O)C1O)C(O)CO,sweet
OCC1OC(OC2C(CO)OC(OC3(CO)OC(CO)C(O)C3O)C(O)C2O)C(O)C(O)C1O,sweet
OCC1OC(OC2C(CO)OC(CO)(OC3OC(CO)C(O)C(O)C3O)C2O)C(O)C(O)C1O,sweet
CC(N)C(=O)OC(C)(C)C,sweet
CCCCOC(=O)C(NC(=O)C(N)CC(=O)O)C(C)O,sweet
CC(O)C(NC(=O)C(N)CC(=O)O)C(=O)OC1CCCCC1,sweet
COC(=O)C(C)NC(=O)C(N)CC(=O)O,sweet
CC(NC(=O)C(N)CC(=O)O)C(=O)NC1C(C)(C)CCC1(C)C,sweet
COC(=O)C(NC(=O)C(N)CC(=O)O)C(=O)OC1C2(C)CCC(C2)C1(C)C,sweet
CCCOC(=O)C(C)NC(=O)C(N)CC(=O)O,sweet
COC(=O)C(CS(C)(C)C)NC(=O)C(N)CC(=O)O,sweet
OCC1OC(O)(CO)C(O)C1O,sweet
O=C(O)C1CC(O)CN1,sweet
C=C(C)C1CC=C(C)CC1,sweet
O=C1CC(c2ccc(OC3OC(CO)C(O)C(O)C3O)cc2)Oc2cc(O)ccc21,sweet
O=C(O)C1CCCN1,sweet
CC(NC(=O)C(N)CC(=O)O)NC(=O)C1C(C)(C)CCC1(C)C,sweet
N#Cc1ccc(NC(=NCc2cccc3c2OCO3)NCC(=O)O)cc1,sweet
OCC1OC(OC2C(O)COC(O)(CO)C2O)C(O)C(O)C1O,sweet
O=S(=O)(CCl)NCc1ccccc1,sweet
COc1ccc([N+](=O)[O-])cc1N,sweet
COC1CC(O)C(O)C(CO)O1,sweet
COC1OC(CO)C(O)CC1O,sweet
COC1OC(CO)CC(O)C1O,sweet
COC1OC(C)C(O)C(O)C1O,sweet
CC(=O)C(C)(O)O,sweet
COC1OC(CO)C(O)C(O)C1O,sweet
COC1(CO)OCC(O)C(O)C1O,sweet
Cc1ccc([N+](=O)[O-])cc1N,sweet
COC1OCC(O)C(O)C1O,sweet
CC(CCC(O)C(C)(C)O)C1CCC2(C)C3CC=C4C(CCC(O)C4(C)C)C3(C)C(O)CC12C,sweet
CC(CCC(OC1OC(CO)C(O)C(O)C1O)C(C)(C)O)C1CCC2(C)C3CC=C4C(CCC(OC5OC(CO)C(O)C(O)C5O)C4(C)C)C3(C)C(O)CC12C,sweet
CC(CCC(OC1OC(CO)C(O)C(O)C1OC1OC(CO)C(O)C(O)C1O)C(C)(C)O)C1CCC2(C)C3CC=C4C(CCC(OC5OC(COC6OC(CO)C(O)C(O)C6O)C(O)C(O)C5O)C4(C)C)C3(C)C(O)CC12C,sweet
CC(CCC(OC1OC(COC2OC(CO)C(O)C(O)C2O)C(O)C(O)C1OC1OC(CO)C(O)C(O)C1O)C(C)(C)O)C1CCC2(C)C3CC=C4C(CCC(OC5OC(COC6OC(CO)C(O)C(O)C6O)C(O)C(O)C5O)C4(C)C)C3(C)C(O)CC12C,sweet
NC(CC(O)(Cc1c[nH]c2ccccc12)C(=O)O)C(=O)O,sweet
CC1(C(=O)O)CCC2(C)CCC3(C)C(=CC(=O)C4C5(C)CCC(OC6OC(C(=O)O)C(O)C(O)C6O)C(C)(C)C5CCC43C)C2C1,sweet
CC(=O)CO,sweet
CC(=CCCC(C)=CCOC1OC(CO)C(O)C(OC2OC(C)C(O)C(O)C2O)C1OC1OC(C)C(O)C(O)C1O)CCC=C(C)COC1OC(CO)C(O)C(OC2OC(C)C(O)C(O)C2O)C1OC1OC(C)C(O)C(O)C1O,sweet
O=S(=O)([O-])NC1CCSCC1,sweet
O=S(=O)([O-])NC1CCSC1,sweet
CCC(Cc1ccccc1)NC(=O)C(N)CC(=O)O,sweet
CC=C(C)C=NO,sweet
CCC(C)CNS(=O)(=O)[O-],sweet
COc1ccc(CNc2ccccc2)cc1O,sweet
ON=CC1=COCCC1,sweet
N#Cc1ccc(NC(=O)NC(CC(=O)O)c2cccnc2)cc1,sweet
N#Cc1ccc(NC(=O)NC(CC(=O)O)c2ccncc2)cc1,sweet
N#Cc1ccc(NC(=O)NC(CC(=O)O)c2ccccc2)cc1,sweet
C=CC1CC=C(C=NO)CC1,sweet
CCOC1CC=C(C=NO)CC1,sweet
COC1CC=C(C=NO)CC1,sweet
CC1=CC=C(C=NO)CC1,sweet
ON=CC1=CC=CCC1,sweet
ON=CC1=CCC=CC1,sweet
COC(C)C1CC=C(C=NO)CC1,sweet
CCC(COC(C)=O)NC(=O)C(N)CC(=O)O,sweet
CC1(C2CC=C(C=NO)CC2)CO1,sweet
COCC1CC=C(C=NO)CC1,sweet
COCC1CC=C(C=NO)C1,sweet
CC(=O)Nc1ccccc1C(=O)CC(N)C(=O)O,sweet
CC(=O)NC1C(O)OC(CO)C(O)C1O,sweet
CC1OC(OC2C(Oc3cc(O)c(C(=O)CCc4ccc(O)cc4)c(O)c3)OC(CO)C(O)C2O)C(O)C(O)C1O,sweet
CCCCOc1ccc([N+](=O)[O-])cc1N,sweet
CCCCNS(=O)(=O)[O-],sweet
CC1OC(OC2C(=O)c3c(O)cc(O)cc3OC2c2ccc(O)c(O)c2)C(O)C(O)C1O,sweet
CC1OC(OC2C(Oc3cc(O)c(C(=O)CCc4ccc(O)c(O)c4)c(O)c3)OC(CO)C(O)C2O)C(O)C(O)C1O,sweet
CC(C)Oc1ccc(CCC(=O)c2c(O)cc(OC3OC(CO)C(O)C(O)C3OC3OC(C)C(O)C(O)C3O)cc2O)cc1O,sweet
COc1cccc(CCC(=O)c2c(O)cc(OC3OC(CO)C(O)C(O)C3OC3OC(C)C(O)C(O)C3O)cc2O)c1O,sweet
COc1ccc(CCC(=O)c2c(O)cc(OC3OC(CO)C(O)C(O)C3OC3OC(C)C(O)C(O)C3O)cc2O)cc1O,sweet
COC(=O)C(Cc1ccccc1)NC(=O)C(CC(=O)O)NCCC(C)(C)C,sweet
NC(CC(=O)c1ccccc1NC=O)C(=O)O,sweet
CC(C)CNS(=O)(=O)[O-],sweet
CC(C)CCNS(=O)(=O)[O-],sweet
Nc1cccc([N+](=O)[O-])c1,sweet
O=[N+]([O-])c1ccccc1,sweet
CCCNS(=O)(=O)[O-],sweet
CC1CCC(C(C)C2CCC3C4CC(=O)C5CC(OC6OC(CO)C(O)C(O)C6OC6OC(C)C(O)C(O)C6O)CCC5(C)C4CCC23C)OC1OC1OC(C)C(O)C(O)C1O,sweet
CCCOc1ccc([N+](=O)[O-])cc1N,sweet
OCC1OC(OCC2OC(O)(CO)C(O)C2O)C(O)C(O)C1O,sweet
Nc1cccc2c1C(=O)NS2(=O)=O,sweet
Cc1ccc(NC(N)=O)cc1,sweet
CC1(C(=O)O)C=C2C3CCC4C5(C=O)CCC(OC6OC(C(=O)O)C(O)C(O)C6OC6OC(C(=O)O)C(O)C(O)C6O)C(C)(C)C5CCC4(C)C3(C)CCC2(C)CC1,sweet
CC1(C(=O)O)CCC2(C)CCC3(C)C(=CCC4C5(C=O)CCC(OC6OC(C(=O)O)C(O)C(O)C6OC6OC(C(=O)O)C(O)C(O)C6O)C(C)(C)C5CCC43C)C2C1,sweet
CC1(C(=O)O)C=C2C3CCC4C5(CO)CCC(OC6OC(C(=O)O)C(O)C(O)C6OC6OC(C(=O)O)C(O)C(O)C6O)C(C)(C)C5CCC4(C)C3(C)CCC2(C)CC1,sweet
CC1(C(=O)O)CCC2(C)CCC3(C)C(=CCC4C5(CO)CCC(OC6OC(C(=O)O)C(O)C(O)C6OC6OC(C(=O)O)C(O)C(O)C6O)C(C)(C)C5CCC43C)C2C1,sweet
CC1(C(=O)O)C=C2C3CCC4C5(C=O)CCC(OC6OC(C(=O)O)C(O)C(O)C6OC6OCC(O)C(O)C6O)C(C)(C)C5CCC4(C)C3(C)CCC2(C)CC1,sweet
C=C(C)C1CC=C(C=O)CC1,sweet
C=C(C)C1CC=C(C=NO)CC1,sweet
COc1ccc(C(=O)Oc2ccccc2)cc1O,sweet
O=C(O)CNC(=Nc1ccc([N+](=O)[O-])cc1)NCC1CCCCC1,sweet
O=C(O)CNC(=Nc1ccccc1)NCC1CCCCC1,sweet
O=C(O)CNC(=Nc1cccc(Cl)c1)NS(=O)(=O)c1ccccc1,sweet
O=C(O)CNC(=Nc1ccccc1)NS(=O)(=O)c1ccccc1,sweet
O=C(O)CNC(=Nc1ccccc1)NC1CCCCC1,sweet
O=C(O)CNC(=Nc1ccccc1)Nc1ccccc1,sweet
CN(C(=Nc1ccc(C#N)cc1)NCC(=O)O)C1CCCCCCC1,sweet
CN(Cc1ccccc1)C(=Nc1cc(Cl)cc(Cl)c1)NCC(=O)O,sweet
CN(Cc1ccccc1)C(=Nc1ccc(C#N)cc1)NCC(=O)O,sweet
CCN(Cc1ccccc1)C(=Nc1ccc(C#N)cc1)NCC(=O)O,sweet
CC(NC(=Nc1ccc([N+](=O)[O-])cc1)NCC(=O)O)c1ccccc1,sweet
CC(NC(=Nc1ccccc1)NCC(=O)O)c1ccccc1,sweet
CC(NC(=Nc1cccc(Cl)c1)NCC(=O)O)c1ccccc1,sweet
CC(NC(=Nc1cccc(Br)c1)NCC(=O)O)c1ccccc1,sweet
Cc1cccc(N=C(NCC(=O)O)NC(C)c2ccccc2)c1,sweet
CC(NC(=Nc1cccc(C(F)(F)F)c1)NCC(=O)O)c1ccccc1,sweet
CC(NC(=Nc1cccc([N+](=O)[O-])c1)NCC(=O)O)c1ccccc1,sweet
CC(NC(=Nc1cccc(C#N)c1)NCC(=O)O)c1ccccc1,sweet
CSc1cccc(N=C(NCC(=O)O)NC(C)c2ccccc2)c1,sweet
Cc1cc(C)cc(N=C(NCC(=O)O)NC(C)c2ccccc2)c1,sweet
CC(NC(=Nc1cc(F)cc(F)c1)NCC(=O)O)c1ccccc1,sweet
Cc1cc(N=C(NCC(=O)O)NC(C)c2ccccc2)ccc1C#N,sweet
Cc1cc(N=C(NCC(=O)O)NC(C)c2ccccc2)cc(C)c1C#N,sweet
CC(NC(=Nc1cc(Cl)c(Cl)c(Cl)c1)NCC(=O)O)c1ccccc1,sweet
O=C(CCc1ccc(O)cc1)c1c(O)cc(O)cc1OC1OC(CO)C(O)C(O)C1O,sweet
Oc1cc(O)cc(O)c1,sweet
COc1ccc(OC(=O)c2ccccc2C(=O)O)cc1,sweet
COc1ccc(C2Cc3cccc(O)c3C(=O)O2)cc1O,sweet
CC1CCC(C(C)C2CCC3C4=CC(=O)C5CC(OC6OC(CO)C(O)C(O)C6OC6OC(C)C(O)C(O)C6O)CCC5(C)C4CCC32C)OC1OC1OC(C)C(O)C(O)C1O,sweet
CC1CCC(C(C)C2CCC3C4=CC(=O)C5CC(OC6OC(CO)C(O)C(O)C6O)CCC5(C)C4CCC32C)OC1OC1OC(C)C(O)C(O)C1O,sweet
COc1ccc(CCC(=O)c2c(O)cc(OC3OC(CO)C(O)C(O)C3OC3OC(C)C(O)C(O)C3O)cc2O)cc1,sweet
COc1ccc(CCC(=O)c2c(O)cc(OCCCP(=O)([O-])O)cc2O)cc1O,sweet
COc1ccc(CCC(=O)c2c(O)cc(OCCCS(=O)(=O)[O-])cc2O)cc1O,sweet
O=C1[N-]S(=O)(=O)c2ccccc21,sweet
O=C(CCc1ccc(O)cc1)c1c(O)cc(OC2OC(CO)C(O)C(O)C2O)cc1O,sweet
OCC1(O)CCC(O)C(O)C1O,sweet
OCC1CC(O)C(O)C(O)C1O,sweet
C=C(C)C1CCC2(C)C(CC(OC3OC(C)C(O)C(O)C3O)C3C(C(C)(O)CC=CC(C)(C)O)CCC32C)C1(C)CCC(=O)O,sweet
C=C(C)C1CCC2(C)C(CC(OC3OCC(O)C(O)C3O)C3C(C(C)(O)CC=CC(C)(C)O)CCC32C)C1(C)CCC(=O)O,sweet
OCC1OC(OCC2OC(OC3(CO)OC(CO)C(O)C3O)C(O)C(O)C2O)C(O)C(O)C1O,sweet
C=C1CC23CCC4C(C)(C(=O)OC5OC(CO)C(O)C(O)C5O)CCCC4(C)C2CCC1(OC1OC(CO)C(O)C(OC2OC(CO)C(O)C(O)C2O)C1OC1OC(CO)C(O)C(O)C1O)C3,sweet
C=C1CC23CCC4C(C)(C(=O)OCCCS(=O)(=O)[O-])CCCC4(C)C2CCC1(OC1OC(CO)C(O)C(O)C1OC1OC(CO)C(O)C(O)C1O)C3,sweet
C=C1CC23CCC4C(C)(C(=O)O)CCCC4(C)C2CCC1(OC1OC(CO)C(O)C(OC2OC(CO)C(O)C(O)C2O)C1OC1OC(CO)C(O)C(O)C1O)C3,sweet
C=C1CC23CCC4C(C)(C(=O)OC5OC(CO)C(O)C(O)C5O)CCCC4(C)C2CCC1(OC1OC(CO)C(O)C(OC2OC(CO)C(O)C(O)C2O)C1OC1OC(C)C(O)C(O)C1O)C3,sweet
C=C1CC23CCC4C(C)(C(=O)OC5OC(CO)C(O)C(O)C5OC5OC(CO)C(O)C(O)C5O)CCCC4(C)C2CCC1(OC1OC(CO)C(O)C(OC2OC(CO)C(O)C(O)C2O)C1OC1OC(CO)C(O)C(O)C1O)C3,sweet
C=C1CC23CCC4C(C)(C(=O)OC5OC(CO)C(O)C(O)C5OC5OC(CO)C(O)C(O)C5O)CCCC4(C)C2CCC1(OC1OC(CO)C(O)C(O)C1OC1OC(CO)C(O)C(O)C1O)C3,sweet
C=C1CC23CCC4C(C)(C(=O)OC5OC(CO)C(O)C(O)C5O)CCCC4(C)C2CCC1(OC1OC(CO)C(O)C(OC2OC(CO)C(O)C(O)C2O)C1OC1OCC(O)C(O)C1O)C3,sweet
C=C1CC23CCC4C(C)(C(=O)OC5OC(CO)C(O)C(O)C5O)CCCC4(C)C2CCC1(OC1OC(CO)C(O)C(OC2OC(CO)C(O)C(O)C2O)C1O)C3,sweet
C=C1CC23CCC4C(C)(C(=O)OC5OC(CO)C(O)C(O)C5O)CCCC4(C)C2CCC1(OC1OC(CO)C(O)C(OC2OC(CO)C(O)C(O)C2O)C1OC1OC(C)C(O)C(OC2OC(CO)C(O)C(O)C2O)C1O)C3,sweet
C=C1CC23CCC4C(C)(C(=O)OC5OC(CO)C(O)C(OC6OC(CO)C(O)C(O)C6O)C5O)CCCC4(C)C2CCC1(OC1OC(CO)C(O)C(OC2OC(CO)C(O)C(O)C2O)C1OC1OC(CO)C(O)C(O)C1O)C3,sweet
C=C1CC23CCC4C(C)(C(=O)OC5OC(CO)C(O)C(O)C5OC5OC(C)C(O)C(O)C5O)CCCC4(C)C2CCC1(OC1OC(CO)C(O)C(OC2OC(CO)C(O)C(O)C2O)C1OC1OC(CO)C(O)C(O)C1O)C3,sweet
C=C1CC23CCC4C(C)(C(=O)OC5OC(CO)C(O)C(O)C5OC5OC(CO)C(O)C(O)C5O)CCCC4(C)C2CCC1(OC1OC(CO)C(O)C(OC2OC(CO)C(O)C(O)C2O)C1OC1OC(C)C(O)C(O)C1O)C3,sweet
C=C1CC23CCC4C(C)(C(=O)OC5OC(CO)C(O)C(O)C5O)CCCC4(C)C2CCC1(OC1OC(CO)C(O)C(OC2OC(CO)C(O)C(O)C2O)C1OC1OC(COC2OC(CO)C(O)C(O)C2O)C(O)C(O)C1O)C3,sweet
C=C1CC23CCC4C(C)(C(=O)OC5OC(CO)C(O)C(OC6OC(CO)C(O)C(O)C6O)C5OC5OC(CO)C(O)C(O)C5O)CCCC4(C)C2CCC1(OC1OC(CO)C(O)C(OC2OC(CO)C(O)C(O)C2O)C1OC1OC(CO)C(O)C(O)C1O)C3,sweet
C=C1CC23CCC4C(C)(C(=O)OC5OC(CO)C(O)C(OC6OC(CO)C(O)C(O)C6O)C5OC5OC(C)C(O)C(O)C5O)CCCC4(C)C2CCC1(OC1OC(CO)C(O)C(OC2OC(CO)C(O)C(O)C2O)C1OC1OC(CO)C(O)C(O)C1O)C3,sweet
C=C1CC23CCC4C(C)(C(=O)OC5OC(CO)C(O)C(OC6OC(CO)C(O)C(O)C6O)C5OC5OC(C)C(O)C(OC6OC(CO)C(O)C(O)C6O)C5O)CCCC4(C)C2CCC1(OC1OC(CO)C(O)C(OC2OC(CO)C(O)C(O)C2O)C1OC1OC(CO)C(O)C(O)C1O)C3,sweet
C=C1CC23CCC4C(C)(C(=O)OC5OC(CO)C(O)C(O)C5O)CCCC4(C)C2CCC1(OC1OCC(O)C(OC2OC(CO)C(O)C(O)C2O)C1OC1OC(CO)C(O)C(O)C1O)C3,sweet
C=C1CC23CCC4C(C)(C(=O)OC5OC(CO)C(O)C(O)C5(O)OC5OC(C)C(O)C(O)C5O)CCCC4(C)C2CCC1(OC1OC(CO)C(O)C(O)C1OC1OC(CO)C(O)C(O)C1O)C3,sweet
C=C1CC23CCC4C(C)(C(=O)OC5OC(CO)C(O)C(OC6OC(CO)C(O)C(O)C6O)C5OC5OCC(O)C(O)C5O)CCCC4(C)C2CCC1(OC1OC(CO)C(O)C(OC2OC(CO)C(O)C(O)C2O)C1OC1OC(CO)C(O)C(O)C1O)C3,sweet
C=C1CC23CCC4C(C)(C(=O)OC5OC(COC6OCC(O)C(O)C6O)C(O)C(O)C5O)CCCC4(C)C2CCC1(OC1OC(CO)C(O)C(OC2OC(CO)C(O)C(O)C2O)C1OC1OC(CO)C(O)C(O)C1O)C3,sweet
C=C1CC23CCC4C(C)(C(=O)OC5OC(CO)C(O)C(O)C5OC5OC(CO)C(O)C(O)C5O)CCCC4(C)C2CCC1(OC1OC(CO)C(O)C(OC2OC(CO)C(O)C(O)C2O)C1OC1OCC(O)C(O)C1O)C3,sweet
C=C1CC23CCC4C(C)(C(=O)OC5OC(CO)C(O)C(OC6OC(CO)C(O)C(O)C6O)C5OC5OC(C)C(O)C(O)C5O)CCCC4(C)C2CCC1(OC1OC(CO)C(O)C(OC2OC(CO)C(O)C(O)C2O)C1OC1OCC(O)C(O)C1O)C3,sweet
C=C1CC23CCC4C(C)(C(=O)OC5OC(COC6OC(CO)C(O)C(O)C6O)C(O)C(O)C5O)CCCC4(C)C2CCC1(OC1OC(CO)C(O)C(O)C1OC1OC(CO)C(O)C(O)C1O)C3,sweet
C=C1CC23CCC4C(C)(C(=O)OC5OC(CO)C(O)C(O)C5O)CCCC4(C)C2CCC1(OC1OC(COC2OC(CO)C(O)C(O)C2O)C(O)C(O)C1OC1OC(CO)C(O)C(O)C1O)C3,sweet
Oc1cccc(O)c1,sweet
C=C1CC23CCC4C(C)(C(=O)OC5OC(CO)C(O)C(O)C5O)CCCC4(C)C2CCC1(OC1OC(CO)C(O)C(O)C1O)C3,sweet
O=C1NS(=O)(=O)c2ccccc21,sweet
OCC12OCC(O1)C(O)C(O)C2O,sweet
Oc1ccc(C2Oc3c(c(O)cc(O)c3C3c4c(O)cc5c(c4OC(c4ccc(O)cc4)C3O)C3c4c(O)cc(O)cc4OC(c4ccc(O)cc4)(O5)C3O)CC2O)cc1,sweet
CC(CCC(OC1OC(COC2OC(CO)C(O)C(O)C2O)C(O)C(O)C1OC1OC(CO)C(O)C(O)C1O)C(C)(C)O)C1CCC2(C)C3CC=C4C(CCC(OC5OC(CO)C(O)C(O)C5O)C4(C)C)C3(C)C(O)CC12C,sweet
CC(O)CNS(=O)(=O)[O-],sweet
O=C1C=COS(=O)(=O)[N-]1,sweet
O=S(=O)([O-])NCCCCCO,sweet
CC1=C(C)C(=O)[N-]S(=O)(=O)O1,sweet
CCC1=COS(=O)(=O)[N-]C1=O,sweet
CCC1=C(C)OS(=O)(=O)[N-]C1=O,sweet
CC1=COS(=O)(=O)[N-]C1=O,sweet
CC1=C(C(C)C)OS(=O)(=O)[N-]C1=O,sweet
CCC1=CC(=O)[N-]S(=O)(=O)O1,sweet
CCCC1=C(C)OS(=O)(=O)[N-]C1=O,sweet
O=S(=O)([O-])NC1CCCCC1,sweet
O=S(=O)([O-])Nc1cccc(Br)c1,sweet
O=S(=O)([O-])Nc1cccc(Cl)c1,sweet
N#Cc1cccc(NS(=O)(=O)[O-])c1,sweet
O=S(=O)([O-])Nc1cccc(F)c1,sweet
Cc1cccc(NS(=O)(=O)[O-])c1,sweet
O=S(=O)([O-])Nc1nncs1,sweet
O=S(=O)([O-])Nc1nccs1,sweet
CCOC(=O)N1CCC(NS(=O)(=O)[O-])CC1,sweet
CC(C)(C)CNS(=O)(=O)[O-],sweet
O=S(=O)([O-])Nc1cccc2c1CCC2,sweet
Cc1ccc(NS(=O)(=O)[O-])c(Br)c1,sweet
CCOc1ccccc1NS(=O)(=O)[O-],sweet
CCc1ccc(C)cc1NS(=O)(=O)[O-],sweet
CCC(CC)CNS(=O)(=O)[O-],sweet
CCCC(C)CNS(=O)(=O)[O-],sweet
Cc1ccccc1NS(=O)(=O)[O-],sweet
CC1CC(NS(=O)(=O)[O-])CCS1,sweet
CC(C)c1ccccc1NS(=O)(=O)[O-],sweet
CCCc1ccccc1NS(=O)(=O)[O-],sweet
O=S(=O)([O-])Nc1cc(Cl)cc(Cl)c1,sweet
O=S(=O)([O-])Nc1cc(F)cc(F)c1,sweet
CCOc1cccc(NS(=O)(=O)[O-])c1,sweet
CCc1cccc(NS(=O)(=O)[O-])c1,sweet
COc1cc(C)cc(NS(=O)(=O)[O-])c1,sweet
CC1CCCC(NS(=O)(=O)[O-])C1,sweet
CC1CCC(NS(=O)(=O)[O-])C1,sweet
CC(C)c1cccc(NS(=O)(=O)[O-])c1,sweet
Cc1nc(NS(=O)(=O)[O-])sc1C,sweet
CCc1cc(Br)ccc1NS(=O)(=O)[O-],sweet
Cc1cc(Br)ccc1NS(=O)(=O)[O-],sweet
Cc1cc(NS(=O)(=O)[O-])ccc1Br,sweet
CCCCOC(=O)c1ccc(NS(=O)(=O)[O-])cc1,sweet
CCCCc1csc(NS(=O)(=O)[O-])n1,sweet
COc1cccc2sc(NS(=O)(=O)[O-])nc12,sweet
Cc1cccc2sc(NS(=O)(=O)[O-])nc12,sweet
Cc1csc(NS(=O)(=O)[O-])n1,sweet
O=S(=O)([O-])Nc1ccc(N2CCOCC2)cc1,sweet
CCCCCc1csc(NS(=O)(=O)[O-])n1,sweet
CC(C)OC(=O)c1ccc(NS(=O)(=O)[O-])cc1,sweet
CCCc1csc(NS(=O)(=O)[O-])n1,sweet
O=S(=O)([O-])Nc1nnc(C2CCC2)s1,sweet
CCc1nnc(NS(=O)(=O)[O-])s1,sweet
COC(=O)c1ccc(C)c(NS(=O)(=O)[O-])c1,sweet
CC1CC(NS(=O)(=O)[O-])CS1,sweet
CCCc1nnc(NS(=O)(=O)[O-])s1,sweet
CCCCCCCCCCCCCc1nnc(NS(=O)(=O)[O-])s1,sweet
O=S(=O)([O-])Nc1nc2ccc(Cl)cc2s1,sweet
CCc1cccc(NS(=O)(=O)[O-])n1,sweet
Cc1ccc2nc(NS(=O)(=O)[O-])sc2c1,sweet
CCCc1cccc(NS(=O)(=O)[O-])n1,sweet
CCNc1ccccc1NS(=O)(=O)[O-],sweet
CCSCCNS(=O)(=O)[O-],sweet
CSCCNS(=O)(=O)[O-],sweet
CC(O)c1cccc(NS(=O)(=O)[O-])c1,sweet
O=S(=O)([O-])Nc1cccc(OC(F)(F)F)c1,sweet
CC(C)COC(=O)c1ccc(NS(=O)(=O)[O-])cc1,sweet
CC(C)Cc1csc(NS(=O)(=O)[O-])n1,sweet
CN(C)c1ccc(NS(=O)(=O)[O-])cc1,sweet
CC(C)c1ccc(NS(=O)(=O)[O-])cc1,sweet
CCSc1nnc(NS(=O)(=O)[O-])s1,sweet
CC(C)c1nnc(NS(=O)(=O)[O-])s1,sweet
O=S(=O)([O-])Nc1nnc(C(F)(F)F)s1,sweet
O=S(=O)([O-])Nc1ccccc1,sweet
O=C(CO)C(O)C(O)C(O)CO,sweet
COc1cc2c(cc1O)C1(CC2)SCc2ccccc2S1,sweet
COCC1=CCC(C=NO)=CC1,sweet
OCC1OC(OCC2OC(OCC3OC(OC4(CO)OC(CO)C(O)C4O)C(O)C(O)C3O)C(O)C(O)C2O)C(O)C(O)C1O,sweet
C=C1CC23CCC4C(C)(C(=O)O)CCCC4(C)C2CCC1(O)C3,sweet
C=C1CC23CCC4C(C)(C(=O)O)CCCC4(C)C2CCC1(OC1OC(CO)C(O)C(O)C1OC1OC(CO)C(O)C(O)C1O)C3,sweet
C=C1CC23CCC4C(C)(C(=O)OC5OC(CO)C(O)C(O)C5O)CCCC4(C)C2CCC1(OC1OC(CO)C(O)C(O)C1OC1OC(CO)C(O)C(O)C1O)C3,sweet
C=C1CC23CCC4C(C)(C(=O)OC5OC(CO)C(O)C(O)C5O)CCCC4(C)C2CCC1(OC1OC(CO)C(O)C(O)C1OC1OC(CO)C(O)C(O)C1OC1OC(CO)C(OC2OC(CO)C(O)C(O)C2O)C(O)C1O)C3,sweet
CC(=O)OC1C(C)OC(OC2C(O)C3(C)CCC4(C)C(=CCC5C6(C)CCC(OC7OC(C(=O)O)C(O)C(O)C7OC7OCC(O)C(O)C7O)C(C)(CO)C6CCC54C)C3CC2(C)CO)C(OC(C)=O)C1OC(C)=O,sweet
CC(=O)OC1C(C)OC(OC2C(O)C3(C)CCC4(C)C(=CCC5C6(C)CCC(OC7OC(C(=O)O)C(O)C(O)C7O)C(C)(CO)C6CCC54C)C3CC2(C)CO)C(OC(C)=O)C1OC(C)=O,sweet
CC(=O)OC1C(C)OC(OC2C(O)C3(C)CCC4(C)C(=CCC5C6(C)CCC(OC7OC(C(=O)O)C(O)C(O)C7OC7OC(CO)C(O)C(O)C7O)C(C)(CO)C6CCC54C)C3CC2(C)CO)C(OC(C)=O)C1OC(C)=O,sweet
OCC1(OC2OC(CCl)C(Cl)C(O)C2O)OC(CCl)C(O)C1O,sweet
CC1OC(OC2(CCl)OC(CCl)C(O)C2O)C(O)C(O)C1Cl,sweet
COCC1OC(OC2(CCl)OC(CCl)C(O)C2O)C(O)C(O)C1Cl,sweet
N#Cc1ccc(N=C(NCC(=O)O)NC2CCCCCCCC2)cc1,sweet
CC(C)(C)C(C(=O)O)S(=O)(=O)CCc1ccccc1,sweet
O=C([O-])CCNC(=O)Nc1ccc([N+](=O)[O-])cc1,sweet
O=C(O)CNC(=O)Nc1ccc([N+](=O)[O-])cc1,sweet
COC(=O)C(Cc1ccccc1)NC(=O)C(CC(=O)O)NC(=NC#N)Nc1ccc(C#N)cc1,sweet
COC(=O)c1ccc(NC(=S)NC(CC(=O)O)C(=O)NC(Cc2ccccc2)C(=O)OC)cc1,sweet
COC(=O)C(Cc1ccccc1)NC(=O)C(CC(=O)O)NC(=N)Nc1ccc(C#N)cc1,sweet
CC(NC(=O)C(CC(=O)O)NC(=NC#N)Nc1ccc(C#N)cc1)c1ccccc1,sweet
COC(=O)C(Cc1ccccc1)NC(=O)C(CC(=O)O)NC(=O)Nc1ccc(C#N)cc1,sweet
CCC(C)C(=O)OC(C)C1(O)CCC2(O)C3CCC4CC(OC5CC(O)C(OC6CC(OC)C(OC7CC(OC)C(OC8OC(CO)C(O)C(O)C8O)C(C)O7)C(C)O6)C(C)O5)CCC4(C)C3CC(OC(C)=O)C12C,sweet
CCC(C)C(=O)OC(C)C1(O)CCC2(O)C3CCC4CC(OC5CC(O)C(OC6CC(OC)C(OC7OC(C)C(OC8OC(CO)C(O)C(O)C8O)C(OC)C7O)C(C)O6)C(C)O5)CCC4(C)C3CC(OC(C)=O)C12C,sweet
CCC(C)C(=O)OC(C)C1(O)CCC2(O)C3CCC4CC(OC5CC(O)C(OC6CC(OC)C(OC7CC(OC)C(OC8CC(OC)C(OC9CC(OC)C(O)C(C)O9)C(C)O8)C(C)O7)C(C)O6)C(C)O5)CCC4(C)C3CC(OC(C)=O)C12C,sweet
CCC(C)C(=O)OC(C)C1(O)CCC2(O)C3CCC4CC(OC5CC(O)C(OC6CC(OC)C(OC7CC(OC)C(OC8CC(OC)C(OC9OC(C)C(O)C(OC)C9O)C(C)O8)C(C)O7)C(C)O6)C(C)O5)CCC4(C)C3CC(OC(C)=O)C12C,sweet
CCC(C)C(=O)OC(C)C1(O)CCC2(O)C3CCC4CC(OC5CC(O)C(OC6CC(OC)C(OC7CC(OC)C(OC8CC(OC)C(OC9OC(CO)C(O)C(O)C9O)C(C)O8)C(C)O7)C(C)O6)C(C)O5)CCC4(C)C3CC(OC(C)=O)C12C,sweet
CCC(C)C(=O)OC(C)C1(O)CCC2(O)C3CCC4CC(OC5CC(O)C(OC6CC(O)C(OC7CC(OC)C(OC8CC(OC)C(OC9OC(C)C(O)C(OC)C9O)C(C)O8)C(C)O7)C(C)O6)C(C)O5)CCC4(C)C3CC(OC(C)=O)C12C,sweet
CCC(C)C(=O)OC(C)C1(O)CCC2(O)C3CCC4CC(OC5CC(O)C(OC6CC(OC)C(OC7CC(OC)C(OC8CC(OC)C(OC9CC(OC)C(OC%10OC(CO)C(O)C(O)C%10O)C(C)O9)C(C)O8)C(C)O7)C(C)O6)C(C)O5)CCC4(C)C3CC(OC(C)=O)C12C,sweet
CCC(C)C(=O)OC(C)C1(O)CCC2(O)C3CCC4CC(OC5CC(O)C(OC6CC(OC)C(OC7CC(OC)C(OC8CC(OC)C(OC9OC(C)C(OC%10OC(CO)C(O)C(O)C%10O)C(OC)C9O)C(C)O8)C(C)O7)C(C)O6)C(C)O5)CCC4(C)C3CC(OC(C)=O)C12C,sweet
CCC(C)C(=O)OC(C)C1(O)CCC2(O)C3CCC4CC(OC5CC(O)C(OC6CC(OC)C(OC7CC(OC)C(OC8CC(OC)C(OC9OC(CO)C(OC%10OC(CO)C(O)C(O)C%10O)C(O)C9O)C(C)O8)C(C)O7)C(C)O6)C(C)O5)CCC4(C)C3CC(OC(C)=O)C12C,sweet
CCC(C)C(=O)OC(C)C1(O)CCC2(O)C3CCC4CC(OC5CC(O)C(OC6CC(OC)C(OC7CC(OC)C(OC8OC(C)C(OC9OC(CO)C(OC%10OC(CO)C(O)C(O)C%10O)C(O)C9O)C(OC)C8O)C(C)O7)C(C)O6)C(C)O5)CCC4(C)C3CC(OC(C)=O)C12C,sweet
ClC(Cl)C(Cl)Cl,sweet
O=S(=O)([O-])NC1CCCSC1,sweet
O=S(=O)([O-])NC1CCCSCCC1,sweet
N#Cc1ccc(NC(=S)NCCC(=O)O)cc1,sweet
O=C1NS(=O)(=O)c2cscc21,sweet
O=C(O)CCNC(=S)Nc1ccc([N+](=O)[O-])cc1,sweet
COC(=O)C(Cc1ccccc1)NC(=O)C(CC(=O)O)NC(=S)Nc1ccc(C#N)cc1,sweet
CC=Cc1ccc(OC)cc1,sweet
O=CC=Cc1ccccc1,sweet
OCC1OC(OC2OC(CO)C(O)C(O)C2O)C(O)C(O)C1O,sweet
O=C(COC1OC(CO)C(O)C(O)C1O)C(O)C(O)C(O)CO,sweet
CC1(C(=O)[O-])CCC2(C)CCC3(C)C(=CC(=O)C4C5(C)CCC(OC6OC(C(=O)[O-])C(O)C(O)C6OC6OC(C(=O)[O-])C(O)C(O)C6O)C(C)(C)C5CCC43C)C2C1,sweet
OCC1OC(OC2C(O)C(O)COC2(O)CO)C(O)C(O)C1O,sweet
OC1COC(OC2COC(O)C(O)C2O)C(O)C1O,sweet
COc1ccc(CCc2ccccc2)cc1O,sweet
OCC1OC2OC3C(CO)OC(OC4C(CO)OC(OC5C(CO)OC(OC6C(CO)OC(OC7C(CO)OC(OC8C(CO)OC(OC1C(O)C2O)C(O)C8O)C(O)C7O)C(O)C6O)C(O)C5O)C(O)C4O)C(O)C3O,sweet
OCC1OC(O)C(O)C1O,sweet
COc1cc(OC2OC(COC(=O)c3cc(O)c(O)c(O)c3)C(O)C(O)C2O)ccc1O,bitter
CC1C(=O)CC2(C(C)C)CC12,bitter
Oc1cc(O)c2c(c1)OC(c1ccc(O)c(O)c1)C(O)C2,bitter
O=C(OC1Cc2c(O)cc(O)cc2OC1c1ccc(O)c(O)c1)c1cc(O)c(O)c(O)c1,bitter
Oc1cc(O)c2c(c1)OC(c1cc(O)c(O)c(O)c1)C(O)C2,bitter
C=C1C(=O)OC2C1CCC(C)=CCCC1(C)OC21,bitter
COc1cc(C2c3c(cc(OC)c(O)c3OC)CC(CO)C2COC2OC(COC(=O)c3cc(O)c(O)c(O)c3)C(O)C(O)C2O)cc(OC)c1O,bitter
O=C1c2c(O)cc(O)cc2OC(c2ccc(O)c(O)c2)C1O,bitter
COc1cc2c(cc1OC)C1c3ccc(OC)c(OC)c3OCC1(O)C2,bitter
Oc1ccc(C2COc3cc(O)ccc3C2)cc1,bitter
CC(CCC1(O)OC2CC3C4CC=C5CC(OC6OC(CO)C(OC7OC(C)C(O)C(O)C7O)C(O)C6O)CCC5(C)C4CCC3(C)C2C1C)COC1OC(CO)C(O)C(O)C1O,bitter
CC(CCC1(O)OC2CC3C4CCC5CC(OC6OC(CO)C(OC7OC(C)C(O)C(O)C7O)C(O)C6O)CCC5(C)C4CCC3(C)C2C1C)COC1OC(CO)C(O)C(O)C1O,bitter
COS(=O)(=O)NC1CCCCC1C,bitter
C=CCSCC(C(=O)O)N1Cc2ccc(C=O)n2C(CSCC=C)C1=O,bitter
CC1CCC2(OC1)OC1CC3C4CCC5CC(OC6OC(CO)C(OC7OCC(O)C(O)C7O)C(O)C6OC6OC(CO)C(O)C(O)C6O)CCC5(C)C4CCC3(C)C1C2C,bitter
O=C1C2CCCN2C(=O)C2CCCN12,bitter
C=C1C(O)CCC(C)=CC2OC(=O)C(C)C2CC1OC(C)=O,bitter
COCC(O)CCCc1ccccc1,bitter
CCCC(CCCOC)CCc1ccccc1,bitter
ON=CC1=CCOCC1,bitter
ON=CC1=CCSCC1,bitter
ON=CC1=CCCOC1,bitter
ON=CC1=CC2C=CC1CC2,bitter
COCC(C)(OC)C1CC=C(C=NO)CC1,bitter
COC(C)C1=CCC=C(C=NO)C1,bitter
COC(C)C1CCC=C(C=NO)C1,bitter
COCC1CCC=C(C=NO)C1,bitter
O=C(C1CCCCC1)N1CC(=O)N2CCc3ccccc3C2C1,bitter
C=C(C(=O)O)C1C(O)C=C(C)C2(O)CC=C(C)C2C1O,bitter
CN(C)C(=N)N=C(N)N.O=C(O)CC(O)(CC(=O)O)C(=O)O,bitter
COc1cc2c(c3c1C(=O)CC(c1ccc(O)cc1)O3)CCC(C)(C)O2,bitter
COc1ccc(C=CC(=O)c2c(OC)cc3c(c2O)CCC(C)(C)O3)cc1,bitter
COc1c(CC=C(C)C)c(O)c2c(c1C(=O)C=Cc1ccc(O)cc1)OC(C)(C)CC2,bitter
COc1cc(O)c2c(c1C(=O)C=Cc1ccc(O)cc1)OC(C)(C)CC2,bitter
Cn1c(=O)c2c(n(C)c1=O)n(C)c(=O)n2C,bitter
CC(O)CCO,bitter
OCCCCCO,bitter
O=Cc1cccc2cccc(C(=O)O)c12,bitter
O=C1C(=Cc2ccco2)C(CO)[n+]2cc([O-])c(Cc3ccco3)cc21,bitter
CC1=C2C(=O)C=C(CO)C2C2OC(=O)C(C)C2C(O)C1,bitter
CCCCCC=CCC=CCCCCCCCC(O)CC(O)COC(C)=O,bitter
C=CCCCCCCCCCCCC(O)CC(O)COC(C)=O,bitter
C#CCCCCCCCCCCCC(O)CC(O)COC(C)=O,bitter
CCCCCC=CCC=CCCCCCC=CC(=O)CC(O)COC(C)=O,bitter
C=CCCCCCCCCCCCC(=O)CC(O)COC(C)=O,bitter
CCCCCCCCCCCCCC(=O)CC(O)COC(C)=O,bitter
CCCCCC=CCCCCCCCC(=O)CC(O)COC(C)=O,bitter
CC1=CC=C(C(C)C)CC1,bitter
COCC(C)(O)C1CC=C(C)CC1,bitter
COCC(O)CC(C)CCc1ccccc1,bitter
COc1cc(O)c(CC=C(C)C)c(O)c1,bitter
COCC(O)CCCCc1ccccc1,bitter
Cn1c(=O)ccc2ccccc21,bitter
COC(C)C1=CCC=C(C)C1,bitter
COC(C)C1CCC=C(C)C1,bitter
O=C(O)c1cccc2ccccc12,bitter
O=[N+]([O-])c1cccc2ccccc12,bitter
CCC(C)C(=O)c1c(O)cc(O)cc1OC1OC(CO)C(O)C(O)C1O,bitter
CC(C)C(=O)c1c(O)cc(O)cc1OC1OC(CO)C(O)C(O)C1O,bitter
CCCCCCCCC=CCCCCCCCC(=O)OCC(O)CO,bitter
COc1cc(C=CC(=O)OC2OC(CO)C(O)C(O)C2O)cc(OC)c1O,bitter
C=CC(O)CC,bitter
CC(C)C(C(=O)O)S(=O)(=O)c1ccc(Cl)cc1Cl,bitter
COc1ccc(C(=O)c2ccccc2C(=O)O)c(OC)c1,bitter
CC(C)C(C(=O)O)S(=O)(=O)c1ccc(Cl)c(Cl)c1,bitter
O=C(O)c1ccccc1C(=O)c1ccc([N+](=O)[O-])cc1,bitter
CC(O)(CO)C1CC=CCC1,bitter
O=C(C=Cc1ccccc1O)c1ccc(O)cc1O,bitter
CC(C)=CCc1c(O)c(O)c(O)c2c1OC(C)(C)CC2=O,bitter
CC1(O)CC(N2CCCC2)=C(N2CCCC2)C1=O,bitter
CCCOc1ccc(CCC(=O)c2ccccc2O)cc1O,bitter
COc1cc(O)c(CC2OC2(C)C)c(O)c1C(=O)C=Cc1ccc(O)cc1,bitter
CCCOc1ccc([N+](=O)[O-])cc1[N+](=O)[O-],bitter
CC1CCCC(C)N1,bitter
CCCCN(CCCC)CCN1C(=O)c2ccccc2S1(=O)=O,bitter
CCN(CC)CCN1C(=O)c2ccccc2S1(=O)=O,bitter
CCN(CC)CCCN1C(=O)c2ccccc2S1(=O)=O,bitter
CC(O)(CO)C1CC=C(C=NO)CC1,bitter
COCC(C)(O)C1CC=C(C=NO)CC1,bitter
COC(C)(CO)C1CC=C(C=NO)CC1,bitter
CC(C)(O)C1CC=C(C=NO)CC1,bitter
Nc1ncc([N+](=O)[O-])s1,bitter
CCCCCC(C)O,bitter
CCCCCCCc1[nH]c2ccccc2c(=O)c1O,bitter
COc1c(C)c(O)c(CC(O)C(C)(C)OC)c(O)c1C(=O)C=Cc1ccc(O)cc1,bitter
COC(C)(CO)C1CC=C(C)CC1,bitter
COc1cc(C)ccc1O,bitter
COc1ccc(CC(C)c2ccccc2)cc1O,bitter
CC1=CC2C=CC1CC2,bitter
OCC1OC(Oc2ccc3ccccc3c2)C(O)C(O)C1O,bitter
O=[N+]([O-])c1ccccc1OC1OC(CO)C(O)C(O)C1O,bitter
Nc1ccccc1[N+](=O)[O-],bitter
CCCCCCC(C)=O,bitter
CCCCCCCCC=CCCCCCCCC(=O)OC(CO)CO,bitter
O=c1cc[nH]c(=S)[nH]1,bitter
O=C(O)CCNC(=O)Cc1ccc([N+](=O)[O-])cc1,bitter
COc1ccc(C2Cc3cccc(O)c3C(=O)O2)cc1OC,bitter
CC(CC(=O)O)S(=O)(=O)c1ccc(Cl)cc1,bitter
CC(C)OC1=NS(=O)(=O)c2ccccc21,bitter
Cc1ccc(S(=O)(=O)CCC(=O)O)cc1,bitter
O=C(C=Cc1cccc(O)c1)c1ccccc1O,bitter
O=C(O)c1ccc([N+](=O)[O-])c([N+](=O)[O-])c1,bitter
O=C(O)c1cc(I)cc(I)c1O,bitter
O=c1c(O)c(-c2ccc(O)c(O)c2)oc2ccc(O)cc12,bitter
CC1=CCOCC1,bitter
O=c1c(O)c(-c2ccc(O)cc2)oc2cc(O)ccc12,bitter
CC(C)CCCC(C)CCO,bitter
N#Cc1ccc(NC(=O)N(CCC(=O)O)C2CCCCC2)cc1,bitter
N#Cc1ccc(NC(=O)N(CCC(=O)O)Cc2ccccc2)cc1,bitter
CC(CC1CCCCC1)N(C)C(=O)C(N)CC(=O)O,bitter
COC(=O)C(CCCCN)NC(=O)C(N)CC(=O)O,bitter
CC(Cc1ccccc1)N(C)C(=O)C(N)CC(=O)O,bitter
CC(Cc1cc2ccccc2[nH]1)NC(=O)C(N)CC(=O)O,bitter
CC(Cc1ccc2c(c1)OCO2)NC(=O)C(N)CC(=O)O,bitter
CC(Cc1ccc(NS(C)(=O)=O)cc1)NC(=O)C(N)CC(=O)O,bitter
CC(C)CC(C)NC(=O)C(N)CC(=O)O,bitter
CCC(C)C(NC(=O)C(N)CC(=O)O)C(=O)OC,bitter
COC(=O)C(CC(C)C)NC(=O)C(N)CC(=O)O,bitter
Nc1cc(C(=O)O)ccc1Cl,bitter
CC(CNC(=O)C(N)CC(=O)O)c1ccccc1,bitter
CCCCC(O)CC,bitter
COc1ccc(COC(=O)c2ccccc2)cc1O,bitter
CC(C)C(C=O)c1ccccc1,bitter
CC1=CCCOC1,bitter
O=C(C=Cc1ccc(O)c(O)c1)OC1CC2(O)CC(OC2=O)C1O,bitter
O=C(O)CCS(=O)(=O)c1ccccc1,bitter
COCC1CCC=C(C)C1,bitter
O=C(C=Cc1ccc(O)cc1)c1cc(O)ccc1O,bitter
CC(O)CCOCCC(C)O,bitter
CCOc1ccc(NC(N)=S)cc1,bitter
Cc1ccc(F)cc1,bitter
COc1ccc2oc(-c3ccc(O)cc3)cc(=O)c2c1,bitter
COc1ccc2c(=O)cc(-c3ccc(O)cc3)oc2c1,bitter
COc1ccc(O)cc1,bitter
O=C(C=Cc1ccccc1)c1ccc(O)cc1,bitter
O=c1cc(-c2ccc(O)cc2)oc2ccccc12,bitter
COC1=CC(=O)C(CC=C(C)C)(CC=C(C)C)C(=O)C1=C(O)C=Cc1ccc(O)cc1,bitter
CC(C)c1ccc(C=NO)cc1,bitter
CC1=CCSCC1,bitter
O=C(C=Cc1ccc(O)c(O)c1)OC1CC2(O)CC(O)C1OC2=O,bitter
CC(C(=O)O)C1CCC(C23C=CC(O)C(C)(C)C2C(=O)OC3)C(C(=O)O)C1,bitter
CC(C(=O)O)C1CCC(C23CCC(O)C(C)(C)C2C(=O)OC3)C(C(=O)O)C1,bitter
CC(C(=O)O)C1CCC(C23CCC(=O)C(C)(C)C2C(=O)OC3)C(C(=O)O)C1,bitter
COC1CCC(CCC2CCCCC2)CC1O,bitter
COc1ccc(CC(CO)c2ccccc2)cc1O,bitter
O=c1cc(-c2ccccc2O)oc2cccc(O)c12,bitter
O=c1cc(-c2ccc(O)cc2)oc2cccc(O)c12,bitter
O=C(O)c1cc(Cc2ccc(O)c(C(=O)O)c2)ccc1O,bitter
O=c1cc(-c2ccccc2O)oc2cc(O)cc(O)c12,bitter
COc1ccc(-c2cc(=O)c3c(OC)cc(OC)cc3o2)cc1,bitter
COc1cc(OC)c2c(=O)cc(-c3ccccc3)oc2c1,bitter
O=c1cc(-c2ccccc2)oc2cccc(O)c12,bitter
O=Cc1ccc(CO)n1Cc1ccc(CO)o1,bitter
COc1ccc2c(c1)C(=O)NS2(=O)=O,bitter
CC1CC(N2CCCC2)=C(N2CCCC2)C1=O,bitter
O=C1NS(=O)(=O)c2ccc([N+](=O)[O-])cc21,bitter
O=C(C=Cc1ccc(O)c(O)c1)OC1CC(O)(C(=O)O)CC(O)C1O,bitter
COc1c(CC=C(C)C)c(O)c(CC=C(C)C)c(O)c1C(=O)C=Cc1ccc(O)cc1,bitter
CCCc1c[nH]c(=S)[nH]c1=O,bitter
O=c1cc(-c2ccc(O)cc2)oc2ccc(O)cc12,bitter
O=c1c(-c2ccc(O)cc2)coc2cc(O)c(O)cc12,bitter
COc1cc2oc(-c3ccccc3)cc(=O)c2cc1OC,bitter
OC1C(CCl)OC(OC2(CCl)OC(CCl)C(O)C2O)C(Cl)C1O,bitter
OCC1OC(CO)(OC2OC(CCl)C(O)C(O)C2O)C(O)C1O,bitter
O=C1NS(=O)(=O)c2cc(I)ccc21,bitter
COc1c(O)cc2oc(-c3ccc(O)c(O)c3)cc(=O)c2c1O,bitter
COc1cc(O)c2c(c1)CC(C)OC2=O,bitter
Cc1ccc2oc(=O)ccc2c1,bitter
O=C1NS(=O)(=O)c2cc([N+](=O)[O-])ccc21,bitter
CC(=O)OCC1OC(Oc2cc(O)c3c(=O)c(-c4ccc(O)cc4)coc3c2)C(O)C(O)C1O,bitter
O=C(OCC1OC(OC2(CO)OC(CO)C(O)C2O)C(O)C(O)C1O)c1ccccc1,bitter
OCC1OC(CO)(OC2OC(COCc3ccccc3)C(O)C(O)C2O)C(O)C1O,bitter
O=P(O)(O)OCC1OC(OC2(CO)OC(CO)C(O)C2O)C(O)C(O)C1O,bitter
O=c1cc(-c2ccc(O)c(O)c2)oc2cc(O)ccc12,bitter
O=c1c(-c2ccc(O)c(O)c2)coc2cc(O)ccc12,bitter
O=c1cc(-c2ccc(O)cc2)oc2cc(O)ccc12,bitter
COc1ccc(-c2coc3cc(OC)ccc3c2=O)cc1,bitter
O=c1c(-c2ccc(O)cc2)coc2c(O)c(O)ccc12,bitter
O=c1c(-c2ccccc2)coc2cc(O)ccc12,bitter
COc1cccc2c1S(=O)(=O)NC2=O,bitter
CC1CC2=C(NCCC=C2)C1=O,bitter
O=C1NS(=O)(=O)c2c1cccc2[N+](=O)[O-],bitter
C=C1C(=O)OC2C1CCC(C)=C1C(=O)C=C(COS(=O)(=O)[O-])C12,bitter
CC(C)=CCc1c(O)cc(O)c2c1OC(c1ccc(O)cc1)CC2=O,bitter
CCCCCC(O)C=CC(O)C(O)CCCCCCCC(=O)O,bitter
CC1=CC2C3C4C(=C(C)C3C13C1OC(=O)C(C)C1CCC(C)(O)C23)C1OC(=O)C(C)C1CCC4(C)O,bitter
CCC(Br)(CC)C(=O)NC(=O)NC(C)=O,bitter
COc1ccc(C(C)=O)cc1,bitter
CC(=O)c1ccccc1,bitter
CC(=O)c1cnccn1,bitter
CC(=O)NC(N)=S,bitter
CCN1CC2(COC)C(O)CC(OC)C34C5CC6(O)C(O)C5C(O)(C(O)C6OC)C(C(OC)C23)C14,bitter
O=Cc1ccc2n1CC1(CC(O)C(CO)O1)OC2,bitter
Nc1ncnc2c1ncn2C1OC(CO)C(O)C1O,bitter
CCC(C)C(=O)C1C(=O)C(=O)C(CC=C(C)C)(CC=C(C)C)C1=O,bitter
CCC(C)C(=O)C1=C(O)C(O)(CC=C(C)C)C(O)(C(=O)CC=C(C)C)C1=O,bitter
CCC(C)C(=O)C1=C(O)C(CC=C(C)C)=C(O)C(O)(CC=C(C)C)C1=O,bitter
CCC(C)C(=O)C1=C(O)C(CC=C(C)C)=C(O)C(CC=C(C)C)(CC=C(C)C)C1=O,bitter
CC=C(C)C(=O)OC1CC2C(CC=C3CC(O)CCC32C)C2(O)CCC(C(C)=O)C12C,bitter
O=C(O)COCCN1CCN(C(c2ccccc2)c2ccc(Cl)cc2)CC1,bitter
C=CCC1(CC=C)C(=O)NC(=O)NC1=O,bitter
O=C1c2c(O)cccc2C(C2OC(CO)C(O)C(O)C2O)c2cc(CO)cc(O)c21,bitter
CC(C)(O)Cc1ccccc1,bitter
NC(CCC(=O)O)C(=O)NC(Cc1c[nH]c2ccccc12)C(=O)O,bitter
NC(CCC(=O)O)C(=O)NC(Cc1ccc(O)cc1)C(=O)O,bitter
CC(=O)OC(C)c1ccccc1,bitter
CC1=CCC(C(C)(C)OC(=O)c2ccccc2N)CC1,bitter
O=C1CCCc2ccccc21,bitter
CCN(CCCc1ccccc1)CCCc1ccccc1.O=C(O)CC(O)(CC(=O)O)C(=O)O,bitter
C=CC1C(OC2OC(CO)C(O)C(O)C2OC(=O)c2c(O)cc(O)cc2-c2cccc(O)c2)OC=C2C(=O)OCCC21,bitter
Cn1c(=O)c2[nH]cnc2n(C)c1=O.Cn1c(=O)c2[nH]cnc2n(C)c1=O.NCCN,bitter
O=[N+]([O-])c1cc([N+](=O)[O-])c([O-])c([N+](=O)[O-])c1,bitter
CCC1(CCC(C)C)C(=O)NC(=O)NC1=O,bitter
CCC1(CCC(C)C)C(=O)N=C([O-])NC1=O,bitter
CCN(CC)Cc1cc(Nc2ccnc3cc(Cl)ccc23)ccc1O,bitter
CC(N)Cc1ccccc1,bitter
CC(N)Cc1ccccc1.CC(N)Cc1ccccc1,bitter
CCN(CC)CC(C)(C)COC(=O)C(CO)c1ccccc1,bitter
CCC(C)(CN(C)C)OC(=O)c1ccccc1,bitter
C=C1CCC2C(C)(CO)C(O)CCC2(C)C1CC=C1C(=O)OCC1O,bitter
CC12CCC3C(CCC4CC(O)CCC43C)C1CCC2=O,bitter
COc1ccc(-c2cc(=S)ss2)cc1,bitter
c1ccc(CN(CC2=NCCN2)c2ccccc2)cc1,bitter
ON=CC1CCCCC1,bitter
Cc1cc(=O)n(-c2ccccc2)n1C,bitter
NC(=S)Nc1cccc2ccccc12,bitter
O=c1cc(-c2ccc(O)cc2)oc2cc(O)cc(O)c12,bitter
C=CCC1(C(C)C)C(=O)NC(=O)NC1=O,bitter
C=CCC1(C(C)C)C(=O)N=C([O-])NC1=O,bitter
CC1=CCC23OC2(C)CCC2C(C)C(=O)OC2C13,bitter
OCC1OC(Oc2ccc(O)cc2)C(O)C(O)C1O,bitter
COC(=O)C1=CCCN(C)C1,bitter
C=C1C(=O)OC2C1CCC1(C)OC13CC=C(C)C23,bitter
COc1cccc2c1cc([N+](=O)[O-])c1c(C(=O)O)cc3c(c12)OCO3,bitter
CC1=C2C(=CC1)C(C)(O)CCC1C(C)C(=O)OC21,bitter
C=C1C(=O)OC2C1CCC1(C)C(O)CC(=O)C(C)C21,bitter
CC1=C2C3OC(=O)C(C)C3C(O)CC2(C)C=CC1=O,bitter
C=C1CCC2C(=C)C(=O)OC2C=C(C)CCC1O,bitter
CC(=O)Oc1ccccc1C(=O)O,bitter
COC(=O)c1c(C)cc(OC(=O)c2c(C)cc(O)c(C=O)c2O)c(C)c1O,bitter
CN1C2CCC1CC(OC(=O)C(CO)c1ccccc1)C2,bitter
CN1C2CCC1CC(OC(=O)C(CO)c1ccccc1)C2.CN1C2CCC1CC(OC(=O)C(CO)c1ccccc1)C2,bitter
CC1OC(OC2C(OC3CCC4(C)C(=CCC5C4CCC4(C)C5CC5OC6(CCC(C)(COC7OC(CO)C(O)C(O)C7O)O6)C(C)C54)C3)OC(CO)C(OC3OC(CO)C(O)C(O)C3O)C2O)C(O)C(O)C1O,bitter
CC1OC(OC2C(OC3CCC4(C)C(=CCC5C4CCC4(C)C5CC5OC6(CCC(C)(COC7OC(CO)C(O)C(O)C7O)O6)C(C)C54)C3)OC(CO)C(OC3OC(CO)C(O)C(OC4OC(CO)C(O)C(O)C4O)C3O)C2O)C(O)C(O)C1O,bitter
O=C(C=Cc1ccc(O)c(O)c1)Nc1ccccc1C(=O)O,bitter
COc1cc(C=CC(=O)Nc2ccccc2C(=O)O)ccc1O,bitter
O=C(C=Cc1ccc(O)cc1)Nc1ccccc1C(=O)O,bitter
COc1cc(C=CC(=O)Nc2ccccc2C(=O)O)cc(OC)c1O,bitter
O=C(C=Cc1ccc(O)c(O)c1)Nc1ccc(O)cc1C(=O)O,bitter
COc1cc(C=CC(=O)Nc2ccc(O)cc2C(=O)O)ccc1O,bitter
O=C(C=Cc1ccc(O)cc1)Nc1ccc(O)cc1C(=O)O,bitter
COc1cc(C=CC(=O)Nc2ccc(O)cc2C(=O)O)cc(OC)c1O,bitter
C=CCCCCCCCCCCCC(O)CC(O)CO,bitter
C#CCCCCCCCCCCCC(O)CC(O)CO,bitter
OC(c1ccccc1)(c1ccccc1)C1CCNCC1,bitter
Cn1cnc([N+](=O)[O-])c1Sc1ncnc2nc[nH]c12,bitter
CCN(CC)C(=O)CSc1ccc(Cl)nn1,bitter
C=CC1C(OC2OC(CO)C(O)C(O)C2O)OC=C2C(=O)NCCC21,bitter
CCC1(CC)C(=O)NC(=O)NC1=O,bitter
CCC1(CC)C(=O)N=C([O-])NC1=O,bitter
O=Cc1ccccc1,bitter
NC(=O)c1ccccc1,bitter
CC(C)(C)CC(C)(C)c1ccc(OCCOCC[N+](C)(C)Cc2ccccc2)cc1,bitter
O=C(O)C(O)(c1ccccc1)c1ccccc1,bitter
O=C(c1ccccc1)C(O)c1ccccc1,bitter
COc1ccc2cc3[n+](cc2c1OC)CCc1cc2c(cc1-3)OCO2,bitter
COc1c2ccoc2cc2oc(=O)ccc12,bitter
CC(C=CC=C(C)C=CC1=C(C)CCCC1(C)C)=CC=CC=C(C)C=CC=C(C)C=CC1=C(C)CCCC1(C)C,bitter
COc1ccc2c(c1)C13CCN4CC5=CCOC6CC(=O)N2C1C6C5CC43,bitter
COc1ccc(-c2coc3cc(O)cc(O)c3c2=O)cc1,bitter
CC[N+](C)(C)Cc1ccccc1Br,bitter
COc1cc2c(cc1OC)C13CCN4CC5=CCOC6CC(=O)N2C1C6C5CC43,bitter
CC(=O)OC1CC2(O)C3CCC4CC(OC(=O)CCCCCCC(=O)NC(CCCN=C(N)N)C(=O)O)CCC4(C)C3CCC2(C)C1c1ccc(=O)oc1,bitter
CC(NC(C)(C)C)C(=O)c1cccc(Cl)c1,bitter
CCC(C)C1(CC)C(=O)N=C([O-])NC1=O,bitter
C=CCC1(CC(C)C)C(=O)NC(=O)NC1=O,bitter
C=C(Br)CC1(C(C)CC)C(=O)NC(=O)NC1=O,bitter
C=C(Br)CC1(C(C)CC)C(=O)N=C([O-])NC1=O,bitter
CCCC(CC)NC(=O)C(N)CC(=O)O,bitter
O=C(C=Cc1ccc(O)c(O)c1)c1ccc(O)cc1O,bitter
CCCCC1(CC)C(=O)NC(=O)NC1=O,bitter
CC(C)CNCCOC(=O)c1cccc(N)c1,bitter
CCCCOC(=O)CCC(C)=O,bitter
O=C(O)C=Cc1ccc(O)c(O)c1,bitter
CCOC(=O)C=Cc1ccc(O[Si](C)(C)C)c(O[Si](C)(C)C)c1,bitter
Cn1c(=O)c2c(ncn2C)n(C)c1=O,bitter
[OH-].[OH-],bitter
CC(O)C(=O)[O-].CC([O-])C(=O)O,bitter
CC12CCC(C(S(=O)(=O)[O-])C1=O)C2(C)C.CCN(CC)C(=O)c1ccc[n+](C)c1,bitter
O=Cc1ccc2n1CC1(CC(O)C(O)CO1)OC2,bitter
O=C1CCCCCN1,bitter
CCOC(=O)n1ccn(C)c1=S,bitter
CN(C)CCOC(c1ccc(Cl)cc1)c1ccccn1,bitter
CCCC(C)(COC(N)=O)COC(=O)NC(C)C,bitter
CC(C)c1cc2c(c(O)c1O)C13CCCC(C)(C)C1CC2OC3=O,bitter
CC(=O)OC1CC2(C)C(CCC(O)C2(C)O)C(C=O)(CC(O)c2ccoc2)C1C,bitter
COCC1=C(C(=O)OC(C)OC(=O)OC(C)C)N2C(=O)C(NC(=O)C(=NOC)c3csc(N)n3)C2SC1,bitter
CCC1CN2CCc3cc(OC)c(OC)cc3C2CC1CC1NCCc2cc(O)c(OC)cc21,bitter
CCOCc1c(O)c(C(=O)O)c(C)c2c1OC(=O)c1c(C)cc(O)c(C=O)c1O2,bitter
O=C(C=Cc1ccccc1)c1ccccc1,bitter
CC(CCC(=O)O)C1CCC2C3C(O)CC4CC(O)CCC4(C)C3CCC12C,bitter
OC(O)C(Cl)(Cl)Cl,bitter
O=C(NC(CO)C(O)c1ccc([N+](=O)[O-])cc1)C(Cl)Cl,bitter
Cc1ccccc1CN1CCN(CCOC(c2ccccc2)c2ccccc2Cl)CC1,bitter
O=C(C(Cl)Cl)N(CCO)Cc1ccc(Cl)cc1Cl,bitter
CC(CC(C)(C)O)OC(O)C(Cl)(Cl)Cl,bitter
NC(=NCCCCCCN=C(N)N=C(N)Nc1ccc(Cl)cc1)N=C(N)Nc1ccc(Cl)cc1,bitter
COC(CNC(N)=O)[CH2][Hg][Cl],bitter
CCN(CC)CC(O)CNc1c2ccc(Cl)cc2nc2ccc(OC)cc12,bitter
CC[NH+](CC)CCOC(=O)c1ccc(N)cc1Cl,bitter
CCN(CC)CCCC(C)Nc1ccnc2cc(Cl)ccc12,bitter
CN(C)CCC(c1ccc(Cl)cc1)c1ccccn1,bitter
C[N+](C)(C)CCO,bitter
CC(C1CCC2C3CCC4CC(N)CCC4(C)C3CCC21C)N(C)C,bitter
O=C1c2c([N+](=O)[O-])cc([N+](=O)[O-])c(O)c2C(=O)c2c(O)c([N+](=O)[O-])cc([N+](=O)[O-])c21,bitter
O=c1cc(-c2ccccc2)oc2cc(O)cc(O)c12,bitter
COc1cc(-c2cc(=O)c3c(O)cc(O)cc3o2)ccc1O,bitter
C=CC1CN2CCC1CC2C(O)c1ccnc2ccccc12,bitter
O=C(O)c1cc(-c2ccccc2)nc2ccccc12,bitter
CC(C(O)c1ccccc1)N(C)CC=Cc1ccccc1,bitter
OCC=Cc1ccccc1,bitter
O=C(O)c1cn(C2CC2)c2cc(N3CCNCC3)c(F)cc2c1=O,bitter
CC(C)CCCCCCCC=CC(=O)O,bitter
CCC(C)C(=O)C1=C(O)C(O)C(CC=C(C)C)C1=O,bitter
CCC(C)C(=O)C1=C(O)C(O)(C(=O)C=CC(C)C)C(CC=C(C)C)C1=O,bitter
CC(C)=CCC1C(=O)C(C(=O)C(C)C)=C(O)C1(O)C(=O)C=CC(C)C,bitter
CC(C)=CCC1C(=O)C(C(=O)CC(C)C)=C(O)C1(O)C(=O)C=CC(C)C,bitter
CC(C)=CCC1C(=O)C(C(=O)C(C)C)=C(O)C1O,bitter
O=C1CNC(=O)C(Cc2ccccc2)N1,bitter
O=C1NCC(=O)N2CCCC12,bitter
CC1NC(=O)CNC1=O,bitter
CCC(C)C1NC(=O)C(C)NC1=O,bitter
CC(C)CC1NC(=O)C(C)NC1=O,bitter
CC1NC(=O)C(Cc2ccccc2)NC1=O,bitter
CC1NC(=O)C2CCCN2C1=O,bitter
CC1NC(=O)C(Cc2ccc(O)cc2)NC1=O,bitter
CC1NC(=O)C(C(C)C)NC1=O,bitter
NC(=O)CC1NC(=O)C(Cc2ccccc2)NC1=O,bitter
O=C(O)CC1NC(=O)C(Cc2ccccc2)NC1=O,bitter
CCC(C)C1NC(=O)C(Cc2ccccc2)NC1=O,bitter
CCC(C)C1NC(=O)C2CCCN2C1=O,bitter
CC(C)CC1NC(=O)CNC1=O,bitter
CC(C)CC1NC(=O)C(Cc2ccccc2)NC1=O,bitter
CC(C)CC1NC(=O)C2CCCN2C1=O,bitter
O=C1NC(Cc2ccccc2)C(=O)N2CCCC12,bitter
O=C1NC(Cc2ccccc2)C(=O)NC1CO,bitter
CC(O)C1NC(=O)C2CCCN2C1=O,bitter
O=C1NC(Cc2ccc(O)cc2)C(=O)N2CCCC12,bitter
CC(C)CC1NC(=O)C(C(C)C)NC1=O,bitter
CC(C)C1NC(=O)C(Cc2ccccc2)NC1=O,bitter
CC(C)C1NC(=O)C2CCCN2C1=O,bitter
CC(C)C1NC(=O)C(Cc2ccc(O)cc2)NC1=O,bitter
CC(C)C1NC(=O)C(C(C)C)NC1=O,bitter
CC(C)=CCC1C(O)=C(C(=O)CC(C)C)C(=O)C1O,bitter
CCC(C)C(=O)C1=C(O)C(O)(C(=O)CC=C(C)C)C(CC=C(C)C)C1=O,bitter
CC(C)=CCC(=O)C1(O)C(O)=C(C(=O)C(C)C)C(=O)C1CC=C(C)C,bitter
CC(C)=CCC(=O)C1(O)C(O)=C(C(=O)CC(C)C)C(=O)C1CC=C(C)C,bitter
CCOC(=O)C=Cc1ccc(O)cc1,bitter
COC(=O)C=Cc1ccc(O)cc1,bitter
CCC1OC(=O)C(C)C(OC2CC(C)(OC)C(O)C(C)O2)C(C)C(OC2OC(C)CC(N(C)C)C2O)C(C)(OC)CC(C)C(=O)C(C)C(O)C1(C)O,bitter
CCCC1CC(C(=O)NC(C(C)Cl)C2OC(SC)C(O)C(O)C2O)N(C)C1,bitter
CC(CN(C)C)C(C)(O)Cc1ccc(Cl)cc1,bitter
Cc1c(Cl)cccc1Nc1ncccc1C(=O)O,bitter
C=C(C(=O)OC1CC(C)=CCCC(CO)=CC2OC(=O)C(=C)C21)C(O)CO,bitter
COC(=O)C1C(OC(=O)c2ccccc2)CC2CCC1N2C,bitter
COc1cc2c(cc1O)C(Cc1ccc(OC)c(OC)c1)N(C)CC2,bitter
CC(C)=CCC1(CC=C(C)C)C(=O)C(=O)C(C(=O)C(C)C)C1=O,bitter
CC(C)=CCC(=O)C1(O)C(=O)C(C(=O)C(C)C)=C(O)C1(O)CC=C(C)C,bitter
CC(C)=CCC1=C(O)C(O)(CC=C(C)C)C(=O)C(C(=O)C(C)C)=C1O,bitter
COc1cc2c(c(OC)c1OC)-c1ccc(OC)c(=O)cc1C(NC(C)=O)CC2,bitter
CC12CC(c3ccoc3)OC(=O)C1CCC1(C)C2C2C=CC1(O)C(=O)O2,bitter
CC(C)=CCC1=C(O)C(CC=C(C)C)(CC=C(C)C)C(=O)C(C(=O)C(C)C)=C1O,bitter
CCCCN1C(=O)c2ccc([N+](=O)[O-])cc2S1(=O)=O,bitter
CC(C)N1C(=O)c2ccc([N+](=O)[O-])cc2S1(=O)=O,bitter
CCCCCN1C(=O)c2ccc([N+](=O)[O-])cc2S1(=O)=O,bitter
O=C1c2ccc([N+](=O)[O-])cc2S(=O)(=O)N1SC(Cl)(Cl)Cl,bitter
C=CCN1C(=O)c2ccc([N+](=O)[O-])cc2S1(=O)=O,bitter
CN1C(=O)c2ccc(S(N)(=O)=O)cc2S1(=O)=O,bitter
CCN(CC)CCCN1S(=O)(=O)c2ccccc2S1(=O)=O,bitter
CCCCN(CCCC)CCN1S(=O)(=O)c2ccccc2S1(=O)=O,bitter
C=C1C(=O)C23CCC4C(C)(C)CC(OOC5OC(CO)C(O)C(O)C5O)CC4(C)C2CCC1C3,bitter
CC(=O)OCC12C(CCC(C)(C)C1CO)OC(=O)C13CC(CC(O)C12)C(C)C3O,bitter
CC(=O)OC1CC2CC3(C(=O)OC4CCC(C)(C)C5C(OC(C)=O)OCC45C13)C(=O)C2C,bitter
CC1C(=O)C23CC1CC(O)C2C12COC=C1C(C)(C)CCC2OC3=O,bitter
COC(=O)C(C)C1CC(OC(C)=O)C2C(C1)C(=O)OC1CCC(C)(C)C(COC(C)=O)C12CO,bitter
CC1C(=O)C23C(O)C1CCC2C12COC3(O)C(O)C1C(C)(C)CCC2=O,bitter
CC(=O)OC1CC2CC3(C(O)C2C)C1C12COC3(O)C(O)C1C(C)(C)CCC2OC(C)=O,bitter
CC(=O)OC1CC2OC(=O)C34CC(CCC3C23COC(=O)C3C1(C)C)C(C)C4=O,bitter
CC1C(=O)C2(C(=O)O)CC1CCC2C12CCC(=O)C(C)(C)C1C(=O)OC2,bitter
CC1C2CCC3C4CC=C5CC(N(C)C)CCC5(C)C4CCC32CN1C,bitter
CC1OC(OC2CCC3(C=O)C4CCC5(C)C(C6=CC(=O)OC6)CCC5(O)C4CCC3(O)C2)C(O)C(O)C1O,bitter
C=C(C)C1C2CC3(C)C4(CO4)C4OC4C3(O)C1C(=O)O2,bitter
C=C1C(=O)OC2C=C(C)CCC=C(C)CCC12,bitter
O=C(O)c1cc2ccccc2o1,bitter
O=c1oc2cc(O)ccc2c2oc3cc(O)ccc3c12,bitter
CN(CC(=O)O)C(=N)N,bitter
CN1CC(=O)N=C1N,bitter
C=C1C(=O)OC2C1CC=C1CC(C)(CCC1OO)C2O,bitter
O=C(O)c1cc(=O)c2cc(OCC(O)COc3cccc4oc(C(=O)O)cc(=O)c34)ccc2o1,bitter
CC(=O)OC(C)(C)C=CC(=O)C(C)(O)C1C(O)CC2(C)C3CC=C4C(CC(O)C(=O)C4(C)C)C3(C)C(=O)CC12C,bitter
CC(C)(O)C=CC(=O)C(C)(O)C1C(O)CC2(C)C3CC=C4C(CC(O)C(=O)C4(C)C)C3(C)C(=O)CC12C,bitter
CC(=O)OC(C)(C)C=CC(=O)C(C)(O)C1C(O)CC2(C)C3CC=C4C(C=C(O)C(=O)C4(C)C)C3(C)C(=O)CC12C,bitter
CC(C)(O)C=CC(=O)C(C)(O)C1C(O)CC2(C)C3CC=C4C(C=C(O)C(=O)C4(C)C)C3(C)C(=O)CC12C,bitter
Oc1cc(O)c2cc(O)c(-c3ccc(O)c(O)c3)[o+]c2c1,bitter
OCC1OC(Oc2cc3c(O)cc(O)cc3[o+]c2-c2ccc(O)c(O)c2)C(O)C(O)C1O,bitter
CNCC(C)C1CCCCC1,bitter
CCC1(C2=CCCCC2)C(=O)NC(=O)NC1=O,bitter
CCC1(C2=CCCCC2)C(=O)NC(=O)N=C1[O-].CCC1(C2=CCCCC2)C(=O)NC(=O)N=C1[O-],bitter
COCC(C)(OC)C1CC=C(C)CC1,bitter
CC1CC(C)C(=O)C(C(O)CC2CC(=O)NC(=O)C2)C1,bitter
NC1CCCCC1,bitter
CCC(C)C1NC(=O)C(Cc2ccccc2)NC(=O)C(CC(C)C)NC(=O)C2CCCN2C(=O)C(Cc2ccccc2)NC(=O)C(C(C)C)NC(=O)C(CC(C)C)NC(=O)C(CCS(C)=O)NC1=O,bitter
O=C1CCCCCCC1,bitter
CNC(C)CC1CCCC1,bitter
C=CCC1(C2C=CCC2)C(=O)NC(=O)NC1=O,bitter
OC(CCN1CCCCC1)(c1ccccc1)C1CCCC1,bitter
C=C(CO)C(=O)OC1CC(=C)C2CC(O)C(=C)C2C2OC(=O)C(=C)C12,bitter
O=c1c(-c2ccc(O)cc2)coc2cc(O)ccc12,bitter
O=c1c(-c2ccc(O)cc2)coc2cc(OC3OC(CO)C(O)C(O)C3O)ccc12,bitter
N#CC(OC1OC(COC2OC(CO)C(O)C(O)C2O)C(O)C(O)C1O)c1ccccc1,bitter
Nc1ccc(S(=O)(=O)c2ccc(N)cc2)cc1,bitter
O=c1c(O)c(-c2ccccc2O)oc2cc(O)cc(O)c12,bitter
CC12CCC(CC1=O)C2(C)C,bitter
CC(C)=CCCC(C)CCO,bitter
Cc1c(O)c(=O)ccn1C,bitter
CC(CCC(=O)O)C1CCC2C3C(=O)CC4CC(=O)CCC4(C)C3CC(=O)C12C,bitter
C=C(CO)C(=O)OC1CC(=C)C2CC(=O)C(=C)C2C2OC(=O)C(=C)C12,bitter
C=C(C)C1CC23C(=O)C(C(=O)C(C)CC)=C(O)C(CC=C(C)C)(CC2C1(C)C)C3=O,bitter
C=C(C)C1CC23C(=O)C(C(=O)C(C)C)=C(O)C(CC=C(C)C)(CC2C1(C)C)C3=O,bitter
C=C(C)C1CC23C(=O)C(C(=O)CC(C)C)=C(O)C(CC=C(C)C)(CC2C1(C)C)C3=O,bitter
CC[N+](CC)(CC(=O)Nc1c(C)cccc1C)Cc1ccccc1.O=C([O-])c1ccccc1,bitter
CC[N+](CC)(CC(=O)Nc1c(C)cccc1C)Cc1ccccc1,bitter
Cc1cccc(C)c1NC(=O)C[N+](C)(C)CCl,bitter
Cc1cccc(C)c1NC(=O)C[N+](C)(C)CCBr,bitter
Cc1cccc(C)c1NC(=O)C[N+](C)(C)CCCCI,bitter
Cc1cccc(C)c1NC(=O)C[N+](C)(C)CCCCCCl,bitter
Cc1cccc(C)c1NC(=O)C[N+](C)(C)CCCCCCCl,bitter
Cc1cccc(C)c1NC(=O)C[N+](C)(C)CCCCCCCCCl,bitter
Cc1cccc(C)c1NC(=O)C[N+](C)(C)CCCCCCCCCCCl,bitter
Cc1cccc(C)c1NC(=O)C[N+](C)(C)Cc1ccc(Cl)cc1,bitter
Cc1cccc(C)c1NC(=O)C[N+](C)(C)CCc1ccc(Cl)cc1,bitter
Cc1cccc(C)c1NC(=O)C[N+](C)(C)CCCc1ccc(Cl)cc1,bitter
CC[N+](C)(CC(=O)Nc1c(C)cccc1C)Cc1ccc(Cl)cc1,bitter
CCCC[N+](C)(CC(=O)Nc1c(C)cccc1C)Cc1ccc(Cl)cc1,bitter
Cc1cccc(C)c1NC(=O)C[N+](C)(Cc1ccccc1)Cc1ccc(Cl)cc1,bitter
CC[N+](CC)(CC(=O)Nc1c(C)cccc1C)Cc1ccc(Cl)cc1,bitter
CC[N+](CC)(CC(=O)Nc1c(C)cccc1C)Cc1ccccc1.O=S1(=O)N=C([O-])c2ccccc21,bitter
CC1CC2C3CCC4=CC(=O)C=CC4(C)C3(F)C(O)CC2(C)C1(O)C(=O)CO,bitter
COc1ccc2c(c1)C13CCCCC1C(C2)N(C)CC3,bitter
CC(CN1CCOCC1)C(C(=O)N1CCCC1)(c1ccccc1)c1ccccc1,bitter
CC12CCC(C1)C(C)(C)C2=O,bitter
CN1C(=O)CN=C(c2ccccc2)c2cc(Cl)ccc21,bitter
NCC1CCC(N)C(OC2C(N)CC(N)C(OC3OC(CO)C(O)C(N)C3O)C2O)O1,bitter
O=C(O)Cc1ccccc1Nc1c(Cl)cccc1Cl,bitter
O=c1oc2ccccc2c(O)c1Cc1c(O)c2ccccc2oc1=O,bitter
CCN(CC)CCOC(=O)C1(C2CCCCC2)CCCCC1,bitter
CCOC(=O)c1ccccc1C(=O)OCC,bitter
CCC(Br)(CC)C(N)=O,bitter
CC1OC(OC2C(O)CC(OC3C(O)CC(OC4CCC5(C)C(CCC6C5CCC5(C)C(C7=CC(=O)OC7)CCC65O)C4)OC3C)OC2C)CC(O)C1O,bitter
CC1=C2C3OC(=O)C(C)C3CCC2(C)C(O)CC1,bitter
CC1C(=O)C23CC1CC(O)C2C12COC(O)C1C(C)(C)CCC2OC3=O,bitter
CC(=O)OCC12C(CCC(C)(C)C1C=O)OC(=O)C13CC(CC(O)C12)C(C)C3=O,bitter
C=C(C)OC12OCC3(C(OC(C)=O)CCC(C)(C)C3C1OC(C)=O)C1CCC3C(C)C(=O)C12C3OC(C)=O,bitter
CC(C)CNCC(C)C,bitter
COc1ccc(C2Sc3ccccc3N(CCN(C)C)C(=O)C2OC(C)=O)cc1,bitter
Cc1ccc2c(c1)C13CCCCC1C(C2)N(C)CC3,bitter
CCN(CC)CC(C)(C)COC(=O)c1ccc(N)cc1,bitter
CS(C)=O,bitter
CN(C)C=S,bitter
CC12CC(c3ccoc3)OC(=O)C1CC(=O)C1C3CC(CC12)OC3=O,bitter
CC1CCC2(OC1)OC1CC3C4CC=C5CC(OC6OC(CO)C(OC7OC(C)C(O)C(O)C7O)C(O)C6OC6OC(C)C(O)C(O)C6O)CCC5(C)C4CCC3(C)C1C2C,bitter
CC(=O)N(C)N(C(=O)C(=O)N(C)C)c1ccccc1,bitter
O=C(Nc1ccccc1)OCC(CN1CCCCC1)OC(=O)Nc1ccccc1,bitter
CN(C)CCOC(c1ccccc1)c1ccccc1,bitter
OC(CCCN1CCCCC1)(c1ccccc1)c1ccccc1,bitter
OCCN(CCO)c1nc(N2CCCCC2)c2nc(N(CCO)CCO)nc(N3CCCCC3)c2n1,bitter
CC(=O)OCC12C(CCC(C)(C)C1C(=O)O)OC(=O)C13CC(CC(O)C12)C(C)C3=O,bitter
COC(=O)C1C(C)(C)CCC2OC(=O)C34CC(CC(O)C3C21COC(C)=O)C(C)C4=O,bitter
C=CC(O)C(O)C=C,bitter
C=CS(=O)C=C,bitter
CC(C)CC(N)C(=O)NC(CC(C)C)C(=O)O,bitter
CCC=CCC=CCC=CCC=CCC=CCC=CCCC(=O)O,bitter
CCCCCCCCCCCCNC(=O)C[N+](C)(C)Cc1ccccc1,bitter
CCCCCCCCCCCC[N+](C)(C)CCOc1ccccc1,bitter
COc1cc2c(cc1OC)C(=O)C(CC1CCN(Cc3ccccc3)CC1)C2,bitter
CN(C)CCC=C1c2ccccc2COc2ccccc21,bitter
COc1ccc2c(c1OC)C13CCN(C)C(C2)C1(O)CCC(O)C3,bitter
Cn1c(=O)c2c(ncn2CC(O)CO)n(C)c1=O,bitter
CC[N+](C)(C)c1cccc(O)c1,bitter
O=C(C=Cc1ccccc1)OC1CCN2CC3CC(CN4C(=O)CCCC34)C2C1,bitter
CCC1CN2CCc3cc(OC)c(OC)cc3C2CC1CC1NCCc2cc(OC)c(OC)cc21,bitter
CCOC(=O)C(CCc1ccccc1)NC(C)C(=O)N1CCCC1C(=O)O,bitter
C=C1C(=O)C23CC1CCC2C12COC(O)C1C(C)(C)C(O)CC2OC3=O,bitter
C=C1C(=O)C23CC1CCC2C12COC(O)C1C(C)(C)C(OC(C)=O)CC2OC3=O,bitter
CCn1cc(C(=O)O)c(=O)c2cc(F)c(N3CCNCC3)nc21,bitter
O=C(OC1Cc2c(O)cc(O)cc2OC1c1cc(O)c(O)c(O)c1)c1cc(O)c(O)c(O)c1,bitter
COc1cc(C)nc(-n2nc(C)cc2OC)n1,bitter
C=C1C(=O)OC2C1CCC(=C)C1CC(O)C(=C)C12,bitter
CCOC(CN1CCN(CC(C)C(=O)c2ccccc2)CC1)c1ccccc1,bitter
O=C1CC(c2ccc(O)c(O)c2)Oc2cc(O)cc(O)c21,bitter
O=C(C=Cc1ccc(O)c(O)c1)c1c(O)cc(O)cc1O,bitter
CCC1OC(=O)C(C)C(OC2CC(C)(OC)C(O)C(C)O2)C(C)C(OC2OC(C)CC(N(C)C)C2O)C(C)(O)CC(C)C(=O)C(C)C(O)C1(C)O,bitter
O=c1ccc2cc(OC3OC(CO)C(O)C(O)C3O)c(O)cc2o1,bitter
CCOC(=O)C(Cc1ccc(OC)c(O)c1)c1ccccc1,bitter
CCOC(=O)c1ccccc1,bitter
CCOC(=O)CC(=O)c1ccccc1,bitter
CCOC(=O)C(c1c(O)c2ccccc2oc1=O)c1c(O)c2ccccc2oc1=O,bitter
CCOC=O,bitter
CCc1occc(=O)c1O,bitter
CCOC(=O)C=Cc1ccc(O)c(O)c1,bitter
CCN(CC)CCOC(c1ccccc1)c1ccccc1,bitter
S=C1NCCN1,bitter
CCOc1ccc2nccc(C(O)C3CC4CCN3CC4CC)c2c1,bitter
CCc1cnccn1,bitter
CCNCC(O)c1cccc(O)c1,bitter
COc1cc(O)c2c(=O)cc(C)oc2c1,bitter
C=CCc1ccc(OC)c(OC)c1,bitter
C=CC(O)C#CC#CC(O)C=CCCCCCCC,bitter
C=CC(C#CC#CC(O)C=CCCCCCCC)OC(C)=O,bitter
C=CC(O)C#CC#CCC=CCCCCCCC,bitter
NC(N)=Nc1nc(CSCCC(N)=NS(N)(=O)=O)cs1,bitter
CC(Cc1ccccc1)N(C)CCNc1nc2c(c(=O)n(C)c(=O)n2C)n1C,bitter
CC12CCC(C1)C(C)(C)C2O,bitter
C=CCc1ccc(OC)cc1.CC12CCC(C1)C(C)(C)C2=O.CC=Cc1ccc(OC)cc1,bitter
CC(Cc1ccccc1)NCCC#N,bitter
CCC(=O)N(c1ccccc1)C1CCN(CCc2ccccc2)CC1.O=C(O)CC(O)(CC(=O)O)C(=O)O,bitter
[Fe+2].c1cnc2c(c1)ccc1cccnc12.c1cnc2c(c1)ccc1cccnc12.c1cnc2c(c1)ccc1cccnc12,bitter
CCOC(=O)C=Cc1ccc(O)c(OC)c1,bitter
O=c1c(O)c(-c2ccc(O)c(O)c2)oc2cc(O)ccc12,bitter
O=C1CC(c2ccccc2)Oc2ccccc21,bitter
O=c1cc(-c2ccccc2)oc2ccccc12,bitter
O=C(O)c1ccccc1Nc1cccc(C(F)(F)F)c1,bitter
COc1ccc(-c2coc3cc(O)ccc3c2=O)cc1,bitter
COc1cc2ccc(=O)oc2c(OC2OC(CO)C(O)C(O)C2O)c1O,bitter
OCc1ccco1,bitter
CC(CCC1(O)OC2CC3C4CCC5CC(OC6(C)OC(C)(CO)C(C)(COCC7(C)OC(C)(CO)C(C)(O)C(C)(O)C7(C)OC7(C)OC(C)(CO)C(C)(O)C(C)(O)C7(C)O)C(C)(O)C6(C)O)CCC5(C)C4CCC3(C)C2C1C)COCC1(C)OC(C)(CO)C(C)(O)C(C)(O)C1(C)O,bitter
O=C1c2ccc(O)cc2OC(c2ccc(O)c(O)c2)C1O,bitter
CC(C)=CCN=C(N)N,bitter
CCOC(=O)c1cc(O)c(O)c(O)c1,bitter
CC12CCC(O)CC1CCC1C2C(O)CC2(C)C(c3ccc(=O)oc3)CCC12O,bitter
c1cc(-c2ccncc2)ccn1,bitter
NC(CCC(=O)NC(Cc1ccc(O)cc1)C(=O)O)C(=O)O,bitter
CC(CC(=O)CC(C)C1CC(O)C2(C)C3=C(C(=O)CC12C)C1(C)CCC(=O)C(C)(C)C1CC3O)C(=O)O,bitter
C=C1C2CCC3C(CCC4C5(C)CCCC43CN3CCOC35)(C2)C1O,bitter
COc1c(N2CCNC(C)C2)c(F)cc2c(=O)c(C(=O)O)cn(C3CC3)c12,bitter
CC(=CCO)CCC1C(C)(O)CC(OC2OCC(O)C(O)C2O)C2C(C)(CO)CCCC12C,bitter
COc1cc(OC)c(OC)cc1C=O,bitter
O=c1c(-c2ccc(O)cc2)coc2cc(O)cc(O)c12,bitter
COc1cc(O)c2c(=O)cc(-c3ccc(O)cc3)oc2c1,bitter
C=Cc1cncc2c1CCOC2=O,bitter
OCC1OC(OCC2OC(O)C(O)C(O)C2O)C(O)C(O)C1O,bitter
C=CC1C2=CCOC(=O)C2=COC1OC1OC(CO)C(O)C(O)C1O,bitter
CC(=O)OCC=C(C)CCC=C(C)C,bitter
CC(C)=CCCC(C)=CCOC=O,bitter
CCC(=O)OCC=C(C)CCC=C(C)C,bitter
CC1=CC(O)C2C(CC(C)=CCC1)OC(=O)C2(C)O,bitter
CC1CCCC2(C)CCC3C(C)C(=O)OC3C12,bitter
O=C1OCc2cc3cccc(OC4OC(CO)C(O)C(O)C4O)c3c(O)c21,bitter
CC1C(=O)OC2CC34C5CC(C(C)(C)C)C36C(OC(=O)C6O)OC4(C(=O)O5)C21O,bitter
CC1C(=O)OC2C(O)C34C5CC(C(C)(C)C)C36C(OC(=O)C6O)OC4(C(=O)O5)C12O,bitter
CC1C(=O)OC2C(O)C34C5OC(=O)C3(OC3OC(=O)C(O)C34C(C(C)(C)C)C5O)C12O,bitter
CCC(C)(O)C(=O)OC1C(=O)OC2CC3C(C)=CC(O)C(O)C3(C)C3C4(O)OCC23C1C(C)C4O,bitter
CCC1=C(C)CN(C(=O)NCCc2ccc(S(=O)(=O)NC(=O)NC3CCC(C)CC3)cc2)C1=O,bitter
CC(C)CC(NC(=O)C(N)CCC(N)=O)C(=O)NC(Cc1ccccc1)C(=O)NC(CC(N)=O)C(=O)N1CCCC1C(=O)NC(CO)C(=O)NC(C(=O)NC(CC(N)=O)C(=O)N1CCCC1C(=O)NC(Cc1c[nH]c2ccccc12)C(=O)NC(Cc1cnc[nH]1)C(=O)NC(CO)C(=O)N1CCCC1C(=O)O)C(C)O,bitter
O=S(=O)(O)ON=C(Cc1c[nH]c2ccccc12)SC1OC(CO)C(O)C(O)C1O,bitter
CC(=O)OCC(OC(C)=O)C(OC(C)=O)C(OC(C)=O)C(C=O)OC(C)=O,bitter
COc1cc(C=O)ccc1OC1OC(CO)C(O)C(O)C1O,bitter
CCCCCCCCCC(=O)OCC(O)CO,bitter
CCCCCC=CCC=CCCCCCCCC(=O)OCC(O)CO,bitter
CCCCCCCCCCCCCCCCCC(=O)OCC(O)CO,bitter
CCCCCCCCCCCCCCCC(=O)OCC(O)CO,bitter
CCC(=O)OCC(COC(=O)CC)OC(=O)CC,bitter
COc1cc2c(=O)c(-c3ccc(O)cc3)coc2cc1O,bitter
COc1cc2c(=O)c(-c3ccc(O)cc3)coc2cc1OC1OC(CO)C(O)C(O)C1O,bitter
C=CC1CNC(=S)O1,bitter
O=c1c(O)c(-c2ccc(O)c(O)c2)oc2c(O)c(O)cc(O)c12,bitter
C=C1CC(O)C2C(=C)C(=O)OC2C2C(C)C(=O)CC12,bitter
COc1ccccc1OCC(O)CO,bitter
O=C(CCCN1CCC(O)(c2ccc(Cl)cc2)CC1)c1ccc(F)cc1,bitter
Cc1nccc2c1[nH]c1ccccc12,bitter
C=C1C(=O)OC2CC(C)C3C=CC(=O)C3(C)C(O)C12,bitter
O=Cc1ccccc1OC1OC(CO)C(O)C(O)C1O,bitter
CCC1(C2=CCCCCC2)C(=O)NC(=O)NC1=O,bitter
O=c1c(O)c(-c2ccc(O)cc2)oc2c(O)c(O)cc(O)c12,bitter
CC(=O)OC1CC2C(C=C(C)CCC=C1C)OC(=O)C2C,bitter
C=C1C(OC(C)=O)CCC(C)=CC2OC(=O)C(C)C2CC1OC(C)=O,bitter
CCCCCCC1(CC)C(=O)N=C([O-])NC1=O,bitter
CN1C(=O)[N-]C(=O)C(C)(C2=CCCCC2)C1=O,bitter
CC=C(C)C(=O)OC1CC2C(CC=C3CC(OC4CC(OC)C(OC5CC(OC)C(OC6OC(C)C(O)C(OC)C6O)C(C)O5)C(C)O4)CCC32C)C2(O)CCC(C(C)=O)C12C,bitter
CC[n+]1c(-c2ccccc2)c2cc(N)ccc2c2ccc(N)cc21,bitter
CC1=CC(=O)CC(C(C)C)C1,bitter
COc1cc(C2CC(=O)c3c(O)cc(O)cc3O2)ccc1O,bitter
O=C1C(=Cc2ccco2)C(CO)[n+]2cc([O-])c(Cc3ccco3)c(CO)c21,bitter
CCCC(=O)CC(=O)NC1CCOC1=O,bitter
CCCCCC(=O)CC(=O)NC1CCOC1=O,bitter
CCCC(=O)NC1CCOC1=O,bitter
CCCCCC(=O)NC1CCOC1=O,bitter
CC(C)=CCC1(CC=C(C)C)C(=O)C(O)=C(O)C1=O,bitter
CC(C)=CCC1(CC=C(C)C)C(=O)C(O)=C(C(=O)CC(C)C)C1=O,bitter
CC(C)=CCC(=O)C1(O)C(=O)C(C(=O)CC(C)C)=C(O)C1(O)CC=C(C)C,bitter
CC(C)=CCC1=C(O)C(O)(CC=C(C)C)C(=O)C(C(=O)CC(C)C)=C1O,bitter
CC12CCC(=O)C=C1CCC1C2C(O)CC2(C)C1CCC2(O)C(=O)CO,bitter
OO,bitter
CCC(C)C(=O)C1=C(O)C(O)(C(=O)C=CC(C)(C)OO)C(CC=C(C)C)C1=O,bitter
CC(C)=CCC1C(=O)C(C(=O)C(C)C)=C(O)C1(O)C(=O)C=CC(C)(C)OO,bitter
CC(C)=CCC1C(=O)C(C(=O)CC(C)C)=C(O)C1(O)C(=O)C=CC(C)(C)OO,bitter
CCC(C)C(=O)C1=C(O)C23CC(C(C)(C)OO)C(C)(C)C2CC(CC=C(C)C)(C1=O)C3=O,bitter
CC(C)=CCC12CC3C(CC(C(C)(C)OO)C3(C)C)(C1=O)C(O)=C(C(=O)C(C)C)C2=O,bitter
CC(C)=CCC12CC3C(CC(C(C)(C)OO)C3(C)C)(C1=O)C(O)=C(C(=O)CC(C)C)C2=O,bitter
CCN(CCO)CCCC(C)Nc1ccnc2cc(Cl)ccc12,bitter
CCC(C)C(=O)C1=C(O)C(O)(C(=O)C=CC(C)(C)O)C(CC=C(C)C)C1=O,bitter
CC(C)=CCC1C(=O)C(C(=O)C(C)C)=C(O)C1(O)C(=O)C=CC(C)(C)O,bitter
CC(C)=CCC1C(=O)C(C(=O)CC(C)C)=C(O)C1(O)C(=O)C=CC(C)(C)O,bitter
O=C1CCCC2C3CC(CN12)C1CC(O)CCN1C3,bitter
CCC(C)C(=O)C1=C(O)C2(CC=C(C)C)CC3C(CC(C(C)(C)O)C3(C)C)(C1=O)C2=O,bitter
CC(C)=CCC12CC3C(CC(C(C)(C)O)C3(C)C)(C(=O)C(C(=O)C(C)C)=C1O)C2=O,bitter
CC(C)=CCC12CC3C(CC(C(C)(C)O)C3(C)C)(C(=O)C(C(=O)CC(C)C)=C1O)C2=O,bitter
OCCOCCN1CCN(C(c2ccccc2)c2ccc(Cl)cc2)CC1,bitter
O=c1nc[nH]c2nc[nH]c12,bitter
c1c[nH]cn1,bitter
CN(C)CCC[N+]1([O-])c2ccccc2CCc2ccccc21,bitter
CS(=O)(=O)OCCCNCCCOS(C)(=O)=O,bitter
CCc1ccc(C(=O)C(C)CN2CCCC2)cc1,bitter
O=c1nc[nH]c2c1ncn2C1OC(CO)C(O)C1O,bitter
CC(I)C1OCC(CO)O1,bitter
CN(C)C=Nc1c(I)cc(I)c(CCC(=O)[O-])c1I,bitter
CC(=O)OCC(C)C,bitter
CCC(=O)OCC(C)C,bitter
CC(C)COC(=O)c1ccccc1O,bitter
CCOS(=O)(=O)NCC(C)C,bitter
C=C1C(=O)C23CC1CC(O)C2C1(COC(C)=O)C(CCC(C)(C)C1C=O)OC3=O,bitter
CC=Cc1ccc(OC)c(OC)c1,bitter
O=c1c(-c2ccccc2)coc2ccccc12,bitter
O=C(C=Cc1ccc(O)cc1)c1ccc(O)cc1O,bitter
[O-][N+]12CCCCC1CCCC2CO,bitter
CNC(C)CCC=C(C)C.O=C(O)C(O)C(O)C(O)C(O)C(=O)O,bitter
COc1c2ccoc2c(OC)c2oc(=O)ccc12,bitter
CC(C)O,bitter
COc1cc(-c2oc3cc(O)cc(O)c3c(=O)c2O)ccc1O,bitter
COc1cc(O)c(CC=C(C)C)c2c1C(=O)CC(c1ccc(O)cc1)O2,bitter
COc1cc(O)c(CCC(C)(C)O)c2c1C(=O)CC(c1ccc(O)cc1)O2,bitter
COc1cc(O)c(CCC(C)(C)OC)c2c1C(=O)CC(c1ccc(O)cc1)O2,bitter
CCOC(C)(C)CCc1c(O)cc(OC)c2c1OC(c1ccc(O)cc1)CC2=O,bitter
CC(C)=CCC1=C(O)C(CC=C(C)C)(CC=C(C)C)C(=O)C2=C1OC(c1ccc(O)cc1)CC2=O,bitter
CC(COc1ccccc1)NC(C)C(O)c1ccc(O)cc1,bitter
O=c1c(O)c(-c2ccc(O)cc2)oc2cc(O)cc(O)c12,bitter
O=C(O)CC(=O)OCC1OC(Oc2c(-c3ccc(O)cc3)oc3cc(O)cc(O)c3c2=O)C(O)C(O)C1O,bitter
O=c1c(OC2OC(CO)C(O)C(O)C2O)c(-c2ccc(O)cc2)oc2cc(O)cc(O)c12,bitter
COc1c2occc2c(OC)c2c(=O)cc(C)oc12,bitter
CC(CCc1ccccc1)NCC(O)c1ccc(O)c(C(N)=O)c1,bitter
C=C1C(=O)OC2C3C(CO)=CC(=O)C3=C(C)CC(O)C12,bitter
C=C1C(=O)OC2C3C(COC(=O)C(=O)O)=CC(=O)C3=C(C)CC(O)C12,bitter
C=C1C(=O)OC2C3C(COC(=O)Cc4ccc(O)cc4)=CC(=O)C3=C(C)CC(O)C12,bitter
C=C1C(=O)OC2C3C(COC(=O)C(=O)O)=CC(=O)C3=C(C)CC(OC(=O)Cc3ccc(O)cc3)C12,bitter
C=C1C(=O)OC2C3C(CO)=CC(=O)C3=C(C)CC(OC(=O)Cc3ccc(O)cc3)C12,bitter
O=C(CS(=O)Cc1ccco1)NCC=CCOc1cc(CN2CCCCC2)ccn1,bitter
CC(C)CC(NC(=O)C(C)N)C(=O)O,bitter
CC(N)C(=O)NC(C(=O)O)C(C)C,bitter
CCN1CC2(OC(=O)c3ccccc3NC(C)=O)CCC(OC)C34C1C(CC23)C1(O)CC(OC)C2CC4C1(O)C2OC,bitter
N=C(N)NCCCC(N)C(=O)O,bitter
CC(C)CC(N)C(=O)NC(CC(C)C)C(=O)NC(CC(C)C)C(=O)O,bitter
CC(C)CC(N)C(=O)NC(Cc1ccccc1)C(=O)O,bitter
CC(C)CC(N)C(=O)NC(Cc1c[nH]c2ccccc12)C(=O)O,bitter
CC(C)CC(NC(=O)CN)C(=O)O,bitter
NCC(=O)NC(Cc1ccccc1)C(=O)O,bitter
CCN(CC)CC(=O)Nc1c(C)cccc1C,bitter
CC1(C)OC2CC(=O)OCC23C1CC(=O)C1(C)C3CCC2(C)C(c3ccoc3)OC(=O)C3OC321,bitter
CC(C)(C#N)OC1OC(CO)C(O)C(O)C1O,bitter
CCCC1CC(C(=O)NC(C(C)O)C2OC(SC)C(O)C(O)C2O)N(C)C1,bitter
O=C1CC(c2ccc(O)cc2)Oc2cc(O)ccc21,bitter
[Li+],bitter
CC(C)CC(N)C(=O)NC(C)C(=O)O,bitter
CC(C)CC(N)C(=O)NCC(=O)O,bitter
CC1CCC(C(C)C)C(=O)C1,bitter
CCCCC(N)C(=O)O,bitter
CCn1cc(C(=O)O)c(=O)c2cc(F)c(N3CCNC(C)C3)c(F)c21,bitter
NC(Cc1ccccc1)C(=O)NCC(=O)O,bitter
NC(Cc1ccccc1)C(=O)NCC(=O)NCC(=O)NC(Cc1ccccc1)C(=O)O,bitter
NC(Cc1ccccc1)C(=O)NCC(=O)NC(Cc1ccccc1)C(=O)NCC(=O)O,bitter
OCC1CCCN2CCCCC12,bitter
CC(C)=CCC1=C(O)C(CC=C(C)C)(CC=C(C)C)C(=O)C(C(=O)CC(C)C)=C1O,bitter
O=c1cc(-c2ccc(O)c(O)c2)oc2cc(O)cc(O)c12,bitter
CC(NC(=O)C(N)C(C)C)C(=O)O,bitter
CCN1CC2(CO)CCC(OC)C34C5CC6C(OC)CC(O)(C5C6OC)C(O)(C(OC)C23)C14,bitter
CC1CC2CC(=O)C3CCCN4CCCC2C34C1,bitter
[Mg+2],bitter
[O-][Cl+2]([O-])[O-].[O-][Cl+2]([O-])[O-],bitter
CC(O)C(=O)[O-].CC(O)C(=O)[O-],bitter
O=S(=O)([O-])[O-],bitter
CCOC(=O)CC(SP(=S)(OC)OC)C(=O)OCC,bitter
COc1cc(-c2[o+]c3cc(O)cc(O)c3cc2OC2OC(CO)C(O)C(O)C2O)cc(OC)c1O,bitter
CC1CC2OC(=O)C3(C)CCCC(C)(C23)C1(O)CCc1ccoc1,bitter
O=C1CCCC2C3CCCN4CCCC(CN12)C34,bitter
O=S(=O)([O-])Nc1cccc(NS(=O)(=O)[O-])c1,bitter
COc1ccc2c(c1OC)C(=O)OC2,bitter
Cc1cccc(Nc2ccccc2C(=O)O)c1C,bitter
O=C(O)C=Cc1ccccc1OC1OC(CO)C(O)C(O)C1O,bitter
CC(C)CC(=O)OC1CC(C)CCC1C(C)C,bitter
CCOC(=O)C1(c2ccccc2)CCN(C)CC1,bitter
Cc1ccccc1OCC(O)CO,bitter
CCCC(C)(COC(N)=O)COC(N)=O,bitter
COc1ccc2ccc(=O)oc2c1CC1OC1(C)C,bitter
COC([CH2][Hg])CNC(=O)c1ccccc1OCC(=O)[O-],bitter
Cc1cccc(NC(N)=O)c1,bitter
C=C1c2cccc(O)c2C(O)=C2C(=O)C3(O)C(O)=C(C(N)=O)C(=O)C(N(C)C)C3C(O)C12,bitter
CCC(=O)C(CC(C)N(C)C)(c1ccccc1)c1ccccc1,bitter
CNC(C)Cc1ccccc1,bitter
CC[N+](C)(CC)CCOC(=O)C1c2ccccc2Oc2ccccc21,bitter
Cn1cc[nH]c1=S,bitter
COc1c2occc2cc2ccc(=O)oc12,bitter
CCC(NC)c1ccccc1OC,bitter
COC(=O)c1ccccc1CCc1ccc(OC)c(O)c1,bitter
COC(C)=O,bitter
COC(=O)c1ccccc1N,bitter
Cc1cc(OCCOCC[N+](C)(C)Cc2ccccc2)ccc1C(C)(C)CC(C)(C)C,bitter
CCC(CO)NC(=O)C1C=C2c3cccc4[nH]cc(c34)CC2N(C)C1,bitter
Cc1cc(=O)[nH]c(=S)[nH]1,bitter
COC1CC(O)C(O)C(C)O1,bitter
COC1OC(C)C(O)CC1O,bitter
COC1OC(C)CC(O)C1O,bitter
CCC1(CC)C(=O)NCC(C)C1=O,bitter
COc1ccc2c(c1)c1c3n2CCN(C)C3=NCC1,bitter
COCC(=O)OC1(CCN(C)CCCc2nc3ccccc3[nH]2)CCc2cc(F)ccc2C1C(C)C,bitter
Clc1ccc(COC(Cn2ccnc2)c2ccc(Cl)cc2Cl)c(Cl)c1,bitter
O=[N+]([O-])c1cccc([N+](=O)[O-])c1,bitter
CC(C)=CC(O)CC(C)C1CCC2(C)C3C(O)C=C4C(CCC(O)C4(C)C)C3(C=O)CCC12C,bitter
CC1(C)CCC2(C(=O)O)CCC3(C)C(=CCC4C5(C)CCC(OC6OC(C(=O)O)C(O)C(OC7OCC(O)C(O)C7O)C6O)C(C)(C)C5CCC43C)C2C1,bitter
CC1(C)CCC2(C(=O)OC3OC(CO)C(O)C(O)C3O)CCC3(C)C(=CCC4C5(C)CCC(OC6OC(C(=O)O)C(O)C(OC7OCC(O)C(O)C7O)C6O)C(C)(C)C5CCC43C)C2C1,bitter
O=c1c(O)c(-c2ccc(O)cc2O)oc2cc(O)cc(O)c12,bitter
CN1CCC23c4c5ccc(O)c4OC2C(O)C=CC3C1C5,bitter
CC(CSC(=O)C(C)NC(=O)C1CCCCC1)C(=O)N1CCCC1C(=O)[O-].CC(CSC(=O)C(C)NC(=O)C1CCCCC1)C(=O)N1CCCC1C(=O)[O-],bitter
O=c1c(O)c(-c2cc(O)c(O)c(O)c2)oc2cc(O)cc(O)c12,bitter
O=S(=O)([O-])N(c1cccc2ccccc12)S(=O)(=O)[O-],bitter
CCOC(CN(S(=O)(=O)[O-])S(=O)(=O)[O-])OCC,bitter
C=C(C)C=NO,bitter
O=S(=O)([O-])N(CCN1CCOCC1)S(=O)(=O)[O-],bitter
O=S(=O)([O-])N(CCN1CCCCC1)S(=O)(=O)[O-],bitter
COCCC=C(C)C=NO,bitter
COCCCCC=C(C)C=NO,bitter
CCN(CC)C1=NS(=O)(=O)c2cc([N+](=O)[O-])ccc21,bitter
C=CC1C=C(C=NO)CCC1,bitter
CC1CC=C(C=NO)CC1,bitter
CCN(CC)CCN(S(=O)(=O)[O-])S(=O)(=O)[O-],bitter
CN(C)CCN(S(=O)(=O)[O-])S(=O)(=O)[O-],bitter
CN(C)CCCN(S(=O)(=O)[O-])S(=O)(=O)[O-],bitter
O=S(=O)([O-])N(CCCCCCN(S(=O)(=O)[O-])S(=O)(=O)[O-])S(=O)(=O)[O-],bitter
CC(C)C1=CCC(C=NO)=CC1,bitter
COCC1CCC=C1C=NO,bitter
O=C(CCc1ccc(O)c(O)c1)NCCCCN(CCCNC(=O)CCc1ccc(O)c(O)c1)C(=O)CCc1ccc(O)c(O)c1,bitter
O=C(CCc1ccc(O)c(O)c1)NCCCCNCCCNC(=O)CCc1ccc(O)c(O)c1,bitter
c1ccc2c(CC3=NCCN3)cccc2c1,bitter
C=C(Br)CC1(C(C)C)C(=O)NC(=O)N(C)C1=O,bitter
CC1OC(OC2C(Oc3cc(O)c4c(c3)OC(c3ccc(O)cc3)CC4=O)OC(CO)C(O)C2O)C(O)C(O)C1O,bitter
C=CCC1(C(C)(C)CC)C(=O)NC(=O)NC1=O,bitter
CC1OC(OC2C(Oc3cc(O)c4c(c3)OC(c3ccc(O)c(O)c3)CC4=O)OC(CO)C(O)C2O)C(O)C(O)C1O,bitter
COc1ccc(C2CC(=O)c3c(O)cc(OC4OC(CO)C(O)C(O)C4OC4OC(C)C(O)C(O)C4O)cc3O2)cc1O,bitter
COC1=CC(C)C2CC3OC(O)CC4C(C)=C(OC)C(=O)C(C2(C)C1=O)C34C,bitter
CN(C)C(=O)Oc1cccc([N+](C)(C)C)c1,bitter
CC(C)=CCCC(C)=CCO,bitter
CC(C)=CCCC(C)=CCOC(=O)CC(C)C,bitter
CCNC(N)=S,bitter
O=C(CCNNC(=O)c1ccncc1)NCc1ccccc1,bitter
CN1CCCC1c1cccnc1,bitter
O=C(O)c1cccnc1Nc1cccc(C(F)(F)F)c1,bitter
CCN(CC)C(=O)c1cccnc1,bitter
CC(=O)NCC(C)C,bitter
NC(=O)NN=Cc1ccc([N+](=O)[O-])o1,bitter
CNC(N)=S,bitter
COc1ccc(-c2cc(=O)c3c(OC)c(OC)c(OC)c(OC)c3o2)cc1OC,bitter
C=C1C(=O)OC2C=C(C)C(O)CC=C(C)CC(OC(=O)C(C)=CC)C12,bitter
C=C1C(=O)C23CC1CC(O)C2C12COC(O)C1C(C)(C)CCC2OC3=O,bitter
CC(=O)OC1OCC23C(CCC(C)(C)C12)OC(=O)C12CC(CC(=O)C13)C(C)C2=O,bitter
CC(=O)OC1CC(=O)OC(C)(C)C2CC(=O)C3(C)C(CCC4(C)C(c5ccoc5)OC(=O)C5OC543)C12C,bitter
CCCCCCCCCOC(C)=O,bitter
CCCCCCCCCO,bitter
CCC(C)C(=O)C1=C(O)C2(CC=C(C)C)CC3C(C)(C)CCC3(C1=O)C2=O,bitter
CC(C)=CCC12CC3C(C)(C)CCC3(C(=O)C(C(=O)C(C)C)=C1O)C2=O,bitter
CC(C)=CCC12CC3C(C)(C)CCC3(C(=O)C(C(=O)CC(C)C)=C1O)C2=O,bitter
COc1ccc2c(c1OC)C(=O)OC2C1c2c(cc3c(c2OC)OCO3)CCN1C,bitter
O=S(=O)([O-])Nc1ccc(N(c2ccccc2)S(=O)(=O)[O-])cc1,bitter
CC1(C)OC(=O)C=CC2(C)C1CC(=O)C1(C)C2CCC2(C)C(c3ccoc3)OC(=O)C3OC321,bitter
CC(CCC1(O)OC2CC3C4CCC5CC(OC6OC(CO)C(O)C(O)C6OC6OC(CO)C(O)C(O)C6O)CCC5(C)C4CCC3(C)C2C1C)COC1OC(CO)C(O)C(O)C1O,bitter
CC(CCC1(O)OC2CC3C4CCC5CC(OC6OC(CO)C(OC7OCC(O)C(O)C7O)C(O)C6OC6OC(CO)C(O)C(O)C6O)CCC5(C)C4CCC3(C)C2C1C)COC1OC(CO)C(O)C(O)C1O,bitter
CC1COc2c(N3CCN(C)CC3)c(F)cc3c(=O)c(C(=O)O)cn1c23,bitter
CC=C1C(OC2OC(CO)C(O)C(O)C2O)OC=C(C(=O)OC)C1CC(=O)OCCc1ccc(O)c(O)c1,bitter
COc1ccc2nc(S(=O)Cc3ncc(C)c(OC)c3C)[nH]c2c1,bitter
COc1ccccc1C=O,bitter
C=C1C(=O)C23C(O)C1CCC2C12COC3(O)C(O)C1C(C)(C)CCC2O,bitter
Cc1ccccc1C(OCCN(C)C)c1ccccc1,bitter
CC1OC(OC2CC(O)C3(CO)C4C(O)CC5(C)C(C6=CC(=O)OC6)CCC5(O)C4CCC3(O)C2)C(O)C(O)C1O,bitter
CCN(CC)CCOCCOC(=O)C(CC)(CC)c1ccccc1,bitter
COc1cc2c3cc1Oc1c(OC)c(OC)cc4c1C(Cc1ccc(cc1)Oc1cc(ccc1O)CC3N(C)CC2)N(C)CC4,bitter
COc1ccc(NC(C)=O)cc1,bitter
CC(=O)OC1CC2CCC3C(CCC4(C)C3CC([N+]3(C)CCCCC3)C4OC(C)=O)C2(C)CC1[N+]1(C)CCCCC1,bitter
COc1ccnc(CS(=O)c2nc3cc(OC(F)F)ccc3[nH]2)c1OC,bitter
CC(C)(CO)C(O)C(=O)NCCC(=O)O,bitter
CC(C)(CO)C(O)C(=O)NCCC(=O)[O-].CC(C)(CO)C(O)C(=O)NCCC(=O)[O-],bitter
COc1ccc(Cc2nccc3cc(OC)c(OC)cc23)cc1OC,bitter
CC(=O)Nc1ccc(O)cc1,bitter
C=C1C(=O)OC2C1CCC(C)C1(O)C=CC(=O)C21C,bitter
COc1ccc(OC)cc1,bitter
Oc1ccc(-c2[o+]c3cc(O)cc(O)c3cc2O)cc1,bitter
Cc1cccn2c(=O)c(-c3nn[nH]n3)cnc12,bitter
C[N+](C)(C)CCCCC[N+](C)(C)C,bitter
N=C(N)c1ccc(OCCCCCOc2ccc(C(=N)N)cc2)cc1.O=S(=O)(O)CCO.O=S(=O)(O)CCO,bitter
CCCC(C)C1(CC)C(=O)N=C([O-])NC1=O,bitter
CC(=O)CCCCn1c(=O)c2c(ncn2C)n(C)c1=O,bitter
C1CCc2nnnn2CC1,bitter
COC1CC(OC2CCC3(C)C4CCC5(C)C(C6=CC(=O)OC6)CCC5(O)C4CCC3(O)C2)OC(C)C1O,bitter
C=C1CCC2C(=C)C(=O)OC2C=C(C)CCC1OO,bitter
CCCCCC=CCC=CCCCCCCCC(=O)CC(O)COC(C)=O,bitter
O=C(OCC1OC(OC(=O)c2cc(O)c(O)c(O)c2)C(OC(=O)c2cc(O)c(O)c(O)c2)C(OC(=O)c2cc(O)c(O)c(O)c2)C1OC(=O)c1cc(O)c(O)c(O)c1)c1cc(O)c(O)c(O)c1,bitter
CC(C)CC(NC(=O)C(N)Cc1ccccc1)C(=O)O,bitter
CCOc1ccc(NC(C)=O)cc1,bitter
C=CCC1(c2ccccc2)C(=O)NC(=O)NC1=O,bitter
Nc1ccc(N=Nc2ccccc2)c(N)n1,bitter
OCCc1ccccc1,bitter
S=C=NCCc1ccccc1,bitter
CCC1(c2ccccc2)C(=O)NC(=O)NC1=O,bitter
NC(=O)OCCCc1ccccc1,bitter
Cc1ccc(N(CC2=NCCN2)c2cccc(O)c2)cc1,bitter
OCC1OC(Oc2ccccc2)C(O)C(O)C1O,bitter
O=CCc1ccccc1,bitter
COC(Cc1ccccc1)OC,bitter
NC(N)=NC(N)=Nc1ccccc1,bitter
CCCCC1C(=O)N(c2ccccc2)N(c2ccccc2)C1=O,bitter
CNCC(O)c1cccc(O)c1,bitter
O=C=NCCc1ccccc1,bitter
CC1(c2ccccc2)C(=O)NC(=O)NC1=O,bitter
CC(N)C(O)c1ccccc1,bitter
NC(=S)Nc1ccccc1,bitter
O=C1[N-]C(=O)C(c2ccccc2)(c2ccccc2)N1,bitter
NC(Cc1ccccc1)C(=O)NC(Cc1ccccc1)C(=O)NC(Cc1ccccc1)C(=O)O,bitter
NC(Cc1ccccc1)C(=O)NC(Cc1c[nH]c2ccccc12)C(=O)O,bitter
O=C(CCc1ccc(O)cc1)c1c(O)cc(O)cc1O,bitter
CC(C)CC(=O)c1c(O)c(C2OC(CO)C(O)C(O)C2O)c(O)c(C2OC(CO)C(O)C(O)C2O)c1O,bitter
CN1CCC23c4c5ccc(OCCN6CCOCC6)c4OC2C(O)C=CC3C1C5,bitter
O=C(O)c1ccccc1C(=O)Nc1ccc(S(=O)(=O)Nc2nccs2)cc1,bitter
Cc1ccccn1,bitter
c1ccc(N(CCN2CCCCC2)Cc2ccccn2)cc1,bitter
O=[N+]([O-])c1cc([N+](=O)[O-])c(O)c([N+](=O)[O-])c1,bitter
CC1=C(C=O)C(C)(C)CC(OC2OC(CO)C(O)C(O)C2O)C1,bitter
CCC1OC(=O)C(C)C(=O)C(C)C(OC2OC(C)CC(N(C)C)C2O)C(C)CC(C)C(=O)C=CC1(C)O,bitter
CC(C)(O)C1C2OC(=O)C1C1(O)CC3OC34C(=O)OC2C14C,bitter
C=C(C)C1C2OC(=O)C1C1(O)CC3OC34C(=O)OC2C14C.CC(C)(O)C1C2OC(=O)C1C1(O)CC3OC34C(=O)OC2C14C,bitter
C=C(C)C1C2OC(=O)C1C1(O)CC3OC34C(=O)OC2C14C,bitter
CC(C)=CCCC(C)=CCCC(C)=CCN1CCN(Cc2ccc3c(c2)OCO3)CC1,bitter
CCCCCC(O)C(O)C=CC(O)CCCCCCCC(=O)O,bitter
O=C1CC(c2ccccc2)Oc2cc(O)cc(O)c21,bitter
CCn1cc(C(=O)O)c(=O)c2cnc(N3CCNCC3)nc21,bitter
C1CNCCN1,bitter
C1CCNCC1,bitter
CCC1(CC)C(=O)CCNC1=O,bitter
CC(=O)OCc1ccc2c(c1)OCO2,bitter
O=C(O)c1ccc2c(c1)OCO2,bitter
OC(c1ccccc1)(c1ccccc1)C1CCCCN1,bitter
CN1CCN(CC(=O)N2c3ccccc3C(=O)Nc3cccnc32)CC1,bitter
CCOc1ccc(NC(=O)C(C)O)cc1,bitter
CC(C)=CCCC(C)=CCCC(=CCCC(C)=CCO)CO,bitter
CC1=CCC(C(C)C)=CC1,bitter
COc1ccc(C=O)cc1,bitter
CCCCCCCCCCCC(=O)OCCOCC(OCCO)C1OCC(OCCO)C1OCCO,bitter
CCCCCCCCCCCCCCCCCC(=O)OCCOCC(OCCOC)C1OCC(OCCOC)C1OCCOC,bitter
CCCCCCCCC=CCCCCCCCC(=O)OCCOCC(OCCO)C1OCC(OCCO)C1OCCO,bitter
COc1ccc(C2CC(=O)c3c(O)cc(OC4OC(CO)C(O)C(O)C4OC4OC(C)C(O)C(O)C4O)cc3O2)cc1,bitter
O=S(=O)([O-])c1ccccc1OCO,bitter
CC12C=CC(=O)C=C1CCC1C2C(O)CC2(C)C1CCC2(O)C(=O)CO,bitter
CC12C=CC(=O)C=C1CCC1C2C(=O)CC2(C)C1CCC2(O)C(=O)CO,bitter
NC(N)=NCCCC(NC(=O)C1CCCN1)C(=O)O,bitter
CCN(CC)CCNC(=O)c1ccc(N)cc1,bitter
CCN(CC)CCOC(=O)c1ccc(N)cc1,bitter
O=C(OC1Cc2c(O)cc(O)c(C3c4c(O)cc(O)cc4OC(c4ccc(O)c(O)c4)C3O)c2OC1c1ccc(O)c(O)c1)c1cc(O)c(O)c(O)c1,bitter
Oc1cc(O)c2c(c1)OC(c1ccc(O)c(O)c1)C(O)C2c1c(O)cc(O)c2c1OC(c1ccc(O)c(O)c1)C(O)C2,bitter
Oc1cc(O)c2c(c1)OC(c1ccc(O)c(O)c1)C(O)C2c1c(O)cc(O)c2c1OC(c1ccc(O)c(O)c1)C(O)C2c1c(O)cc(O)c2c1OC(c1ccc(O)c(O)c1)C(O)C2,bitter
CC(=O)C1CCC2C3CCC4=CC(=O)CCC4(C)C3CCC12C,bitter
C=CC(O)CC(=NOS(=O)(=O)O)SC1OC(CO)C(O)C(O)C1O,bitter
CC(CN1c2ccccc2Sc2ccccc21)N(C)C,bitter
CCCNCC(O)COc1ccccc1C(=O)CCc1ccccc1,bitter
C=C(Br)CC1(C(C)C)C(=O)NC(=O)NC1=O,bitter
N=C(N)c1ccc(OCCCOc2ccc(C(=N)N)cc2)cc1.O=S(=O)(O)CCO.O=S(=O)(O)CCO,bitter
CC(C)NCC(O)COc1cccc2ccccc12,bitter
CCC(=O)OC(Cc1ccccc1)(c1ccccc1)C(C)CN(C)C.O=S(=O)(O)c1ccc2ccccc2c1,bitter
CCC(=O)OC(Cc1ccccc1)(c1ccccc1)C(C)CN(C)C,bitter
CCCOC(=O)C=Cc1ccco1,bitter
CCCOC(=O)c1cc(O)c(O)c(O)c1,bitter
CCCOC(=O)CC,bitter
CCCc1cc(=O)[nH]c(=S)[nH]1,bitter
Cc1c(C(C)C)c(=O)n(-c2ccccc2)n1C,bitter
CCOC(=O)c1ccc(O)c(O)c1,bitter
CC(CCC1(O)OC2CC3C4CC=C5CC(OC6OC(CO)C(OC7OC(C)C(O)C(O)C7O)C(O)C6OC6OC(C)C(O)C(O)C6O)CCC5(C)C4CCC3(C)C2C1C)COC1OC(CO)C(O)C(O)C1O,bitter
COc1cc(O)c2c(=O)c(-c3ccc(O)cc3)coc2c1,bitter
O=C1CC(c2ccc(O)cc2)Oc2cc(OC3OC(CO)C(O)C(O)C3O)cc(O)c21,bitter
CNC(C)C(O)c1ccccc1,bitter
CCC1CN2CCc3cc(OC)c(OC)cc3C2CC1CC1=C2C=C(OC)C(=O)C=C2CCN1,bitter
c1ncc2[nH]cnc2n1,bitter
c1cnccn1,bitter
c1cn[nH]c1,bitter
c1ccnnc1,bitter
c1ccncc1,bitter
CN(C)C(=O)Oc1ccc[n+](C)c1,bitter
c1cncnc1,bitter
Oc1ccccc1O,bitter
COC1=CC=C2Nc3cc(Cl)ccc3C(N=C3C=C(CN4CCCC4)C(=O)C(CN4CCCC4)=C3)=C2N1,bitter
c1cc[nH]c1,bitter
C1CCNC1,bitter
CC1(O)CC(N2CCCC2)=C(O)C1=O,bitter
CC(C)CC(NC(=O)C(N)CCC(N)=O)C(=O)NC(Cc1ccccc1)C(=O)NCC(=O)N1CCCC1C(=O)NC(CC(N)=O)C(=O)NC(C(=O)NC(CC(N)=O)C(=O)N1CCCC1C(=O)NC(Cc1c[nH]c2ccccc12)C(=O)NC(Cc1cnc[nH]1)C(=O)NC(CC(N)=O)C(=O)N1CCCC1C(=O)O)C(C)C,bitter
COC1=CC(C)C2CC3OC(=O)CC4C(C)=C(OC)C(=O)C(C2(C)C1=O)C34C,bitter
CCC12CCCN(CCc3c([nH]c4ccccc34)CC1)C2,bitter
O=c1c(O)c(-c2ccc(O)c(O)c2)oc2cc(O)c(O)c(O)c12,bitter
O=c1c(O)c(-c2ccc(O)c(O)c2)oc2cc(O)cc(O)c12,bitter
O=c1c(OC2CC(CO)C(O)C(O)C2O)c(-c2ccc(O)c(O)c2)oc2cc(O)cc(O)c12,bitter
CCN(CC)CCCC(C)Nc1c2ccc(Cl)cc2nc2ccc(OC)cc12,bitter
c1ccc2ncncc2c1,bitter
O=C(O)C1(O)CC(O)C(O)C(O)C1,bitter
C=CC1CN2CCC1CC2C(O)c1ccnc2ccc(OC)cc12.C=CC1CN2CCC1CC2C(O)c1ccnc2ccc(OC)cc12,bitter
C=CC1CN2CCC1CC2C(O)c1ccnc2ccc(OC)cc12,bitter
CC1CCC2(C(=O)O)CCC3(C(=O)O)C(=CCC4C5(C)CCC(O)C(C)(C)C5CCC43C)C2C1C,bitter
C=C1C(=O)C23CC1CCC2C12COC3(O)C(O)C1C(C)(C)C=CC2=O,bitter
C=C1C2CCC3C45COC(O)(C(O)C4C(C)(C)C=CC5=O)C3(C2)C1OC(C)=O,bitter
CC(=O)OCC1OC(OCC2OC(OC3(COC(C)=O)OC(COC(C)=O)C(OC(C)=O)C3OC(C)=O)C(OC(C)=O)C(OC(C)=O)C2OC(C)=O)C(OC(C)=O)C(OC(C)=O)C1OC(C)=O,bitter
CNC(=C[N+](=O)[O-])NCCSCc1ccc(CN(C)C)o1,bitter
Oc1ccc(C=Cc2cc(O)cc(O)c2)cc1,bitter
OC1CCCN2CC3CC(CN4CCCCC34)C12,bitter
C=C(C)CCCC(C)CCOC(C)=O,bitter
CC(CCc1ccc(O)cc1)OC1OC(CO)C(O)C(O)C1O,bitter
OCc1ccccc1OC1OC(CO)C(O)C(O)C1O,bitter
NC(=O)c1ccccc1O,bitter
O=C(Oc1ccccc1C(=O)O)c1ccccc1O,bitter
C=C1C(=O)OC2C1CCC1(C)C(O)CC=C(C)C21,bitter
C=CC1C(OC2OC(COC(C)=O)C(OC(=O)c3cccc(OC4OC(CO)C(O)C(O)C4O)c3O)C(OC(C)=O)C2OC(=O)c2ccccc2)OC=C2C(=O)OCCC21,bitter
CC1OC(OC2C=C3CCC4C(CCC5(C)C(c6ccc(=O)oc6)CCC45O)C3(C)CC2)C(O)C(OC2OC(CO)C(O)C(O)C2O)C1O,bitter
CC(C)=CC1OC(C)(C)C2CC3C(=O)C(C(=O)C(C)C)=C(O)C3(O)C12O,bitter
CC(C)=CC1OC(C)(C)C2CC3C(=O)C(C(=O)CC(C)C)=C(O)C3(O)C12O,bitter
O=c1cc(-c2ccc(O)cc2)oc2cc(O)c(O)c(O)c12,bitter
C=CCC1(C(C)CCC)C(=O)[N-]C(=O)NC1=O,bitter
CC=C1CC(C)C(C)(O)C(=O)OCC2=CCN3CCC(OC1=O)C23,bitter
C=C1C(=O)C23CC1CC(OC(C)=O)C2C12COC3(O)C(O)C1C(C)(C)CCC2OC(C)=O,bitter
COc1cc(C2Oc3cc(C4Oc5cc(O)cc(O)c5C(=O)C4O)ccc3OC2CO)ccc1O,bitter
COc1cc(C=CC(=O)O)cc(OC)c1O,bitter
COc1cc(C=CC(=O)OCC[N+](C)(C)C)cc(OC)c1O,bitter
COc1ccc(-c2cc(=O)c3c(OC)c(OC)c(OC)cc3o2)cc1OC,bitter
C=CCC(=NOS(=O)(=O)[O-])SC1OC(CO)C(O)C(O)C1O,bitter
CC(=O)OC1CC=C(C)C(OC(C)=O)CC2C(C=C1C)OC(=O)C2C,bitter
COc1ccc2c(OC)c3ccoc3nc2c1OC,bitter
O=C([O-])c1ccccc1,bitter
[Na+],bitter
O=S(=O)([O-])Nc1ccc2c(c1)OCCO2,bitter
O=S(=O)([O-])Nc1ccc(Br)cc1Br,bitter
CCc1cccc(CC)c1NS(=O)(=O)[O-],bitter
O=S(=O)([O-])Nc1ccccc1Cc1ccccc1,bitter
CC(C)c1ccc(NS(=O)(=O)[O-])c(Br)c1,bitter
CCCCOC(=O)c1ccccc1NS(=O)(=O)[O-],bitter
O=S(=O)([O-])Nc1ccc(F)cc1Cl,bitter
O=[N+]([O-])c1ccc(NS(=O)(=O)[O-])c(Cl)c1,bitter
Cc1cc([N+](=O)[O-])ccc1NS(=O)(=O)[O-],bitter
CCOC(=O)c1cccc(NS(=O)(=O)[O-])c1,bitter
CCc1ccc(C)nc1NS(=O)(=O)[O-],bitter
Cc1ccc(NS(=O)(=O)[O-])cc1F,bitter
Cc1ccc(NS(=O)(=O)[O-])cc1I,bitter
O=S(=O)([O-])Nc1cccc(Oc2ccccc2)c1,bitter
O=S(=O)([O-])Nc1cccc(OCc2ccccc2)c1,bitter
CC(C)(C)c1cccc(NS(=O)(=O)[O-])c1,bitter
O=S(=O)([O-])Nc1ccc(Br)cc1Cl,bitter
O=S(=O)([O-])Nc1ccc(Br)cc1F,bitter
O=S(=O)([O-])Nc1nc2c(Cl)cccc2s1,bitter
O=[N+]([O-])c1cc(Cl)ccc1NS(=O)(=O)[O-],bitter
Cc1cc(F)ccc1NS(=O)(=O)[O-],bitter
O=[N+]([O-])c1cc(F)ccc1NS(=O)(=O)[O-],bitter
Cc1cc(NS(=O)(=O)[O-])ccc1F,bitter
COc1ccc(NS(=O)(=O)[O-])c(C)c1,bitter
COC(=O)c1ccc(NS(=O)(=O)[O-])cc1,bitter
CC(C)(C)c1csc(NS(=O)(=O)[O-])n1,bitter
Cc1nc(NS(=O)(=O)[O-])ccc1Br,bitter
O=[N+]([O-])c1ccc(Cl)cc1NS(=O)(=O)[O-],bitter
O=[N+]([O-])c1ccc2nc(NS(=O)(=O)[O-])sc2c1,bitter
CCC(C)c1ccccc1NS(=O)(=O)[O-],bitter
CC(C)c1cccc(C(C)C)c1NS(=O)(=O)[O-],bitter
CN(C)c1cccc(NS(=O)(=O)[O-])c1,bitter
COC(=O)c1cc(NS(=O)(=O)[O-])cc(C(=O)OC)c1,bitter
CC(O)c1ccc(NS(=O)(=O)[O-])cc1,bitter
O=[N+]([O-])c1ccc(S(=O)(=O)c2ccc(NS(=O)(=O)[O-])cc2)cc1,bitter
CSc1ccc(NS(=O)(=O)[O-])cc1,bitter
O=S(=O)([O-])Nc1ccc(S(=O)(=O)N2CCCCC2)cc1,bitter
CC(C)(C)OC(=O)c1ccc(NS(=O)(=O)[O-])cc1,bitter
O=S(=O)([O-])Nc1ccccc1-c1ccccc1,bitter
O=[N+]([O-])c1cccc(S(=O)(=O)[O-])c1,bitter
O=S(=O)([O-])c1ccccc1O,bitter
N#C[S-],bitter
CC1CCC2C(C)C3C(CC4C5CC=C6CC(O)CCC6(C)C5CCC43C)N2C1,bitter
C1CCN2CC3CC(CN4CCCCC34)C2C1,bitter
C=C1C(=O)OC2CC(C)=CCCC3(C)OC3C(OC(C)=O)C12,bitter
CNC1C(OC2C(OC3C(O)C(O)C(N=C(N)N)C(O)C3N=C(N)N)OC(C)C2(O)C=O)OC(CO)C(O)C1O,bitter
O=C1CC2OCC=C3CN4CCC56c7ccccc7N1C5C2C3CC46,bitter
O=C1CC2OCC=C3C[N+]4([O-])CCC56c7ccccc7N1C5C2C3CC64,bitter
C[N+](C)(C)CCOC(=O)CCC(=O)OCC[N+](C)(C)C,bitter
CC(=O)OCC1OC(OC2(COC(C)=O)OC(COC(C)=O)C(OC(C)=O)C2OC(C)=O)C(OC(C)=O)C(OC(C)=O)C1OC(C)=O,bitter
CC1(C)C(=O)CCC2(C)C3CCC4CC3(CCC12)CC4(O)COC1OC(CO)C(O)C(O)C1O,bitter
Cc1ccnc([N-]S(=O)(=O)c2ccc(N)cc2)n1,bitter
COc1cnc(NS(=O)(=O)c2ccc(N)cc2)nc1,bitter
Cc1cc(NS(=O)(=O)c2ccc(N)cc2)no1,bitter
COc1ccc(NS(=O)(=O)c2ccc(N)cc2)nn1,bitter
Cc1noc(NS(=O)(=O)c2ccc(N)cc2)c1C,bitter
O=C1OC(c2ccc(O)c(S(=O)(=O)[O-])c2)(c2ccc(O)c(S(=O)(=O)[O-])c2)c2c(Br)c(Br)c(Br)c(Br)c21,bitter
CCC(C)(S(=O)(=O)CC)S(=O)(=O)CC,bitter
O=S=O,bitter
O=C1C(=Cc2ccc(O)c(O)c2)Oc2cc(O)ccc21,bitter
COC(=O)C(NC(=O)C(CC(=O)O)NC(=S)Nc1ccc(C#N)cc1)C(=O)OC1C2(C)CCC(C2)C1(C)C,bitter
CCCCC1(COC(=O)CCC(=O)O)C(=O)N(c2ccccc2)N(c2ccccc2)C1=O,bitter
C=CC1C(OC2OC(CO)C(O)C(O)C2O)OC=C2C(=O)OCCC21O,bitter
CCOC(=O)c1cc(OC)c(O)c(OC)c1,bitter
Nc1c2c(nc3ccccc13)CCCC2,bitter
C=CCC1(C(C)CC)C(=O)NC(=O)NC1=O,bitter
COc1ccc(-c2cc(=O)c3c(OC)c(OC)c(OC)c(OC)c3o2)cc1,bitter
C=C1C(=O)OC2C=C(C)C(O)CCC(C)=CC(O)C12,bitter
C=C1CC2OC(=O)C(=C)C2C(O)C=C(C)CCC1O,bitter
C=C1C(=O)OC2C=C(C)C(OC(C)=O)CCC(C)=CC(OC(C)=O)C12,bitter
NCCS(=O)(=O)O,bitter
CC(CCC(=O)NCCS(=O)(=O)O)C1CCC2C3C(O)CC4CC(O)CCC4(C)C3CC(O)C12C,bitter
CCC(C)C(=O)OC(C)C1(O)CCC2(O)C3CCC4CC(OC5CC(OC)C(OC6CC(OC)C(OC7OC(C)C(OC8OC(CO)C(O)C(O)C8O)C(OC)C7O)C(C)O6)C(C)O5)CCC4(C)C3CC(OC(C)=O)C12C,bitter
CC1(O)CCC(C(C)(C)O)CC1,bitter
CC1=CCC(C(C)(C)OC=O)CC1,bitter
CC1=CCC(C(C)(C)OC(=O)CC(C)C)CC1,bitter
CCC(=O)OC(C)(C)C1CC=C(C)CC1,bitter
CCCCNc1ccc(C(=O)OCCN(C)C)cc1,bitter
CCC(C)C1=C2C(=O)C3CC(C(C)(C)O)C4(O)CC(C(C)(C)O1)C2(O)C34O,bitter
CC(C)C1=C2C(=O)C3CC(C(C)(C)O)C4(O)CC(C(C)(C)O1)C2(O)C34O,bitter
CC(C)CC1=C2C(=O)C3CC(C(C)(C)O)C4(O)CC(C(C)(C)O1)C2(O)C34O,bitter
CC[N+](CC)(CC)CC,bitter
CC1C2CC(O)C3C(C2)(C(=O)OC2CCC(C)(C)C4C(O)OCC243)C1O,bitter
CC(=O)OCC12C(O)CC(C)C3(CC(c4ccoc4)OC3O)C1CCC(=O)C21CO1,bitter
CC(=O)OCC1=C2C(OC3OC(CO)C(O)C(O)C3O)CC(C)C3(CC(c4ccoc4)OC3=O)C2CCC1,bitter
CC(=O)OCC12C(O)CC(C)C3(CC(c4ccoc4)OC3=O)C1CC(O)CC21CO1,bitter
Cn1cnc2c1c(=O)[nH]c(=O)n2C,bitter
Cn1c(=O)c2[nH]cnc2n(C)c1=O,bitter
CC(=O)Nc1ccc(C=NNC(N)=S)cc1,bitter
Cc1ncc(C[n+]2csc(CCO)c2C)c(N)n1,bitter
CC(=S)Nc1ccccc1,bitter
S=C(Nc1ccccc1)Nc1ccccc1,bitter
C=CCNC(N)=S,bitter
O=C(Cn1c(=O)sc2ccc(Cl)cc21)N1CCN(CCO)CC1,bitter
COc1ccc2cc1-c1cc(ccc1O)CC1c3cc4c(cc3CCN1C)Oc1c(OC)cc3c(c1O4)C(C2)N(C)CC3,bitter
CCOC(=O)c1c(N)sc2c1CCN(Cc1ccccc1)C2,bitter
c1ccc(CC2=NCCN2)cc1,bitter
CC1CCC2(NC1)OC1CC3C4CCC5CC(OC6OC(CO)C(OC7OC(CO)C(O)C(OC8OCC(O)C(O)C8O)C7OC7OC(CO)C(O)C(O)C7O)C(O)C6O)CCC5(C)C4CCC3(C)C1C2C,bitter
CC1(C)OC2COC3(COS(N)(=O)=O)OC(C)(C)OC3C2O1,bitter
COc1cccc(C2(O)CCCCC2CN(C)C)c1,bitter
COc1cc(C=CC(=O)NCCc2ccc(O)cc2)ccc1O,bitter
CC=Cc1cc(OC)ccc1OC(=O)C(C)CC,bitter
CCN(CC)c1cc(C)nc2ncnn12,bitter
CC(=O)OCC(COC(C)=O)OC(C)=O,bitter
CCCC(=O)OCC(COC(=O)CCC)OC(=O)CCC,bitter
O=c1cc(-c2cc(O)c(O)c(O)c2)oc2cc(O)cc(O)c12,bitter
C=C(C)C1CC2(O)C(CC3C(=O)C(C(=O)C(C)CC)=C(O)C32O)C1(C)C,bitter
CCC(C)C(=O)C1=C(O)C2(O)C(CC3C(C)(C)C(C(C)(C)O)CC32O)C1=O,bitter
CCC(C)C(=O)C1=C(O)C2(O)C(CC3C(C)(C)OC(O)CC32O)C1=O,bitter
CCC(C)C(=O)C1=C(O)C2(CC=C(C)C)CC3C(CC(C(C)C)C3(C)C)(C1=O)C2=O,bitter
C=C(C)C1CC2(O)C(CC3C(=O)C(C(=O)C(C)C)=C(O)C32O)C1(C)C,bitter
CC(C)C(=O)C1=C(O)C2(O)C(CC3C(C)(C)C(C(C)(C)O)CC32O)C1=O,bitter
CC(C)C(=O)C1=C(O)C2(O)C(CC3C(C)(C)OC(O)CC32O)C1=O,bitter
CC(C)=CCC12CC3C(CC(C(C)C)C3(C)C)(C(=O)C(C(=O)C(C)C)=C1O)C2=O,bitter
C=C(C)C1CC2(O)C(CC3C(=O)C(C(=O)CC(C)C)=C(O)C32O)C1(C)C,bitter
CC(C)CC(=O)C1=C(O)C2(O)C(CC3C(C)(C)C(C(C)(C)O)CC32O)C1=O,bitter
CC(C)CC(=O)C1=C(O)C2(O)C(CC3C(C)(C)OC(O)CC32O)C1=O,bitter
CC(C)=CCC12CC3C(CC(C(C)C)C3(C)C)(C(=O)C(C(=O)CC(C)C)=C1O)C2=O,bitter
CC[N+](CC)(CC)CCC(O)(c1ccccc1)C1CCCCC1,bitter
CCOC(=O)CC(O)(CC(=O)OCC)C(=O)OCC,bitter
CN1C(=O)OC(C)(C)C1=O,bitter
CC1(C)C2CCC1(CS(=O)(=O)[O-])C(=O)C2.O=C1N(Cc2ccccc2)C2C[S+]3CCCC3C2N1Cc1ccccc1,bitter
COc1cc(Cc2cnc(N)nc2N)cc(OC)c1OC,bitter
CC(C)CC(NC(=O)C(N)Cc1c[nH]c2ccccc12)C(=O)O,bitter
NC(Cc1c[nH]c2ccccc12)C(=O)NC(Cc1ccccc1)C(=O)O,bitter
NC(Cc1c[nH]c2ccccc12)C(=O)N1CCCC1C(=O)O,bitter
NC(Cc1c[nH]c2ccccc12)C(=O)NC(Cc1c[nH]c2ccccc12)C(=O)O,bitter
NC(Cc1c[nH]c2ccccc12)C(=O)NC(Cc1c[nH]c2ccccc12)C(=O)NC(Cc1c[nH]c2ccccc12)C(=O)O,bitter
O=c1ccc2ccc(O)cc2o1,bitter
C=C1C(=O)OC2CC(C)(CCCC(C)=O)C(=O)CC12,bitter
NC(N)=O,bitter
CCCC(CCC)C(N)=O,bitter
CNC(CC(C)C)C(=O)NC1C(=O)NC(CC(N)=O)C(=O)NC2C(=O)NC3C(=O)NC(C(=O)NC(C(=O)O)c4cc(O)cc(O)c4-c4cc3ccc4O)C(O)c3ccc(c(Cl)c3)Oc3cc2cc(c3OC2OC(CO)C(O)C(O)C2OC2CC(C)(N)C(O)C(C)O2)Oc2ccc(cc2Cl)C1O,bitter
CCOC(=O)c1ccc(O)c(OC)c1,bitter
C=C1C2CCC3C(CCC4C5(C)CCCC43C3OCCN3C5)(C2)C1O,bitter
COC(=O)C1=COC(OC2OC(CO)C(O)C(O)C2O)C2C(C)CC(=O)C12,bitter
CCC=C(C)C1(CC)C(=O)[N-]C(=O)NC1=O,bitter
C=CC1CNCCC1CCC(=O)c1ccnc2ccc(OC)cc12,bitter
CC1(C)CCC2(C(=O)O)CCC3(C)C(=CCC4C5(C)CCC(OC6OC(CO)C(O)C(O)C6O)C(C)(C)C5CCC43C)C2C1,bitter
C=C1C(=O)OC2C1CCC(=O)CC1(C)CCC(O)OC21,bitter
CC(=O)CC(c1ccccc1)c1c([O-])c2ccccc2oc1=O,bitter
O=c1[nH]c(=O)c2[nH]cnc2[nH]1,bitter
COc1cc(O)c(CC=C(C)C)c(O)c1C(=O)C=Cc1ccc(O)cc1,bitter
COc1cc2c(c(O)c1C(=O)C=Cc1ccc(O)cc1)CC(O)C(C)(C)O2,bitter
COc1cc2c(c(O)c1C(=O)C=Cc1ccc(O)cc1)C=CC(C)(C)O2,bitter
C=C(C)C(O)Cc1c(O)cc(OC)c(C(=O)C=Cc2ccc(O)cc2)c1O,bitter
COc1cc(O)c(CC(O)C(C)(C)O)c(O)c1C(=O)C=Cc1ccc(O)cc1,bitter
COc1cc(O)c(CCC(C)(C)O)c(O)c1C(=O)C=Cc1ccc(O)cc1,bitter
COc1cc(O)c2c(c1C(=O)C=Cc1ccc(O)cc1)OC(C(C)(C)O)C2,bitter
COc1cc(O)c2c(c1C(=O)C=Cc1ccc(O)cc1)OC(C)(C)C(O)C2,bitter
COc1cc(O)c(CCC(C)(C)OC)c(O)c1C(=O)C=Cc1ccc(O)cc1,bitter
C=C(C)CCc1c(O)cc(OC)c(C(=O)C=Cc2ccc(O)cc2)c1O,bitter
COc1cc(O)c2ccoc2c1C(=O)C=Cc1ccc(O)cc1,bitter
CCOC(C)(C)CCc1c(O)cc(OC)c(C(=O)C=Cc2ccc(O)cc2)c1O,bitter
O=c1c2ccccc2oc2ccccc12,bitter
COC(=O)C1C(O)CCC2CN3CCc4c([nH]c5ccccc45)C3CC21,bitter
C=C1C(=O)OC2C1CCC(=C)C1CC(OC(C)=O)C(=C)C12,bitter
Cc1cc2nc3c(=O)[nH]c(=O)nc-3n(CC(O)C(O)C(O)CO)c2cc1C,bitter
CC1CCC2C(C)C3C(CC4C5CC=C6CC(OC7OC(CO)C(OC8OC(C)C(O)C(O)C8O)C(O)C7OC7OC(C)C(O)C(O)C7O)CCC6(C)C5CCC43C)N2C1,bitter
CCC=CCC=CCC=CCCCCCCCC(=O)O,bitter
CC1=C2C3OC(=O)C(C)C3CCC2(C)C=CC1=O,bitter
CC1CCC2C(C)C3C(CC4C5CC=C6CC(OC7OC(CO)C(O)C(OC8OC(CO)C(O)C(O)C8O)C7OC7OC(C)C(O)C(O)C7O)CCC6(C)C5CCC43C)N2C1,bitter
O=C(OC1OC(CO)C(O)C(O)C1O)c1cc(O)c(O)c(O)c1,bitter
CC(C(=O)[O-])[n+]1cc(O)ccc1CO,umami
CCC=CCCC=CC(=O)NC1CC1,umami
CC(C)=CCCC(C)=CCNC(=O)C1CC1,umami
CC(NCC(=O)O)C(=O)O,umami
O=C(O)CC(OC1OC(CO)C(O)C(O)C1O)C(=O)O,umami
CCCCNC(=O)C(C)Nc1nc2c(ncn2C2OC(COP(=O)(O)O)C(O)C2O)c(=O)[nH]1,umami
C=CCSc1nc2c(ncn2C2OC(COP(=O)(O)O)C(O)C2O)c(=O)[nH]1,umami
O=c1[nH]c(SCc2ccco2)nc2c1ncn2C1OC(COP(=O)(O)O)C(O)C1O,umami
O=c1[nH]c(=S)[nH]c2c1ncn2C1OC(COP(=O)(O)O)C(O)C1O,umami
Nc1nc2c(ncn2C2OC(COP(=O)(O)O)C(O)C2O)c(=S)[nH]1,umami
Nc1ncnc2c1ncn2C1OC(COP(=O)(O)O)C(O)C1O,umami
NC(CC(=O)O)C(=O)NC(CCC(=O)O)C(=O)NC(CO)C(=O)O,umami
C=CCOc1nc2c(ncn2C2OC(COP(=O)([O-])[O-])C(O)C2O)c(=O)[nH]1,umami
CC(C)=CCSc1nc2c(ncn2C2OC(COP(=O)([O-])[O-])C(O)C2O)c(=O)[nH]1,umami
NC(CCC(=O)O)C(=O)[O-].NC(CCC(=O)O)C(=O)[O-],umami
Nc1nc2c(ncn2C2OC(COP(=O)([O-])[O-])C(O)C2O)c(=O)[nH]1,umami
O=c1[nH]cnc2c1ncn2C1OC(COP(=O)([O-])[O-])C(O)C1O,umami
Nc1nc2c(ncn2C2OC(COP(=O)([O-])[O-])C(O)C2O)c(=O)[nH]1.O=c1[nH]cnc2c1ncn2C1OC(COP(=O)([O-])[O-])C(O)C1O,umami
CC1CCC(C(C)C)C(NC(=O)C2CC2)C1,umami
C=C(C)CSc1nc2c(ncn2C2OC(COP(=O)([O-])[O-])C(O)C2O)c(=O)[nH]1,umami
CC=CCSc1nc2c(ncn2C2OC(COP(=O)([O-])[O-])C(O)C2O)c(=O)[nH]1,umami
CC1(C)OC2C(COP(=O)([O-])[O-])OC(n3cnc4c(=O)[nH]c(N)nc43)C2O1,umami
CC1(C)OC2C(COP(=O)([O-])[O-])OC(n3cnc4c(=O)[nH]cnc43)C2O1,umami
O=c1[nH]c(Cl)nc2c1ncn2C1OC(COP(=O)([O-])[O-])C(O)C1O,umami
CCOc1nc2c(ncn2C2OC(COP(=O)([O-])[O-])C(O)C2O)c(=O)[nH]1,umami
CCOC(=O)CCSc1nc2c(ncn2C2OC(COP(=O)([O-])[O-])C(O)C2O)c(=O)[nH]1,umami
CCOCCSc1nc2c(ncn2C2OC(COP(=O)([O-])[O-])C(O)C2O)c(=O)[nH]1,umami
CCc1nc2c(ncn2C2OC(COP(=O)([O-])[O-])C(O)C2O)c(=O)[nH]1,umami
CCSc1nc2c(ncn2C2OC(COP(=O)([O-])[O-])C(O)C2O)c(=O)[nH]1,umami
O=c1[nH]c(SCc2ccco2)nc2c1ncn2C1OC(COP(=O)([O-])[O-])C(O)C1O,umami
CC(C)Oc1nc2c(ncn2C2OC(COP(=O)([O-])[O-])C(O)C2O)c(=O)[nH]1,umami
COc1nc2c(ncn2C2OC(COP(=O)([O-])[O-])C(O)C2O)c(=O)[nH]1,umami
Cc1nc2c(ncn2C2OC(COP(=O)([O-])[O-])C(O)C2O)c(=O)[nH]1,umami
Cc1nc(S)c2ncn(C3OC(COP(=O)([O-])[O-])C(O)C3O)c2n1,umami
CSc1nc2c(ncn2C2OC(COP(=O)([O-])[O-])C(O)C2O)c(=O)[nH]1,umami
CSc1nc(S)c2ncn(C3OC(COP(=O)([O-])[O-])C(O)C3O)c2n1,umami
CCCOc1nc2c(ncn2C2OC(COP(=O)([O-])[O-])C(O)C2O)c(=O)[nH]1,umami
O=c1[nH]c(-c2ccccc2)nc2c1ncn2C1OC(COP(=O)([O-])[O-])C(O)C1O,umami
O=c1[nH]c(SCC2CCCO2)nc2c1ncn2C1OC(COP(=O)([O-])[O-])C(O)C1O,umami
Nc1ncnc2c1ncn2C1OC(COP(=O)([O-])[O-])C(O)C1O,umami
O=P([O-])([O-])OCC1OC(n2cnc3c(Cl)ncnc32)C(O)C1O,umami
O=P([O-])([O-])OCC1OC(n2cnc3c(S)ncnc32)C(O)C1O,umami
Nc1nc2c(ncn2C2CC(O)C(COP(=O)([O-])[O-])O2)c(=O)[nH]1,umami
Cn1cnc2c(ncn2C2OC(COP(=O)([O-])[O-])C(O)C2O)c1=O,umami
CN(C)c1nc2c(ncn2C2OC(COP(=O)([O-])[O-])C(O)C2O)c(=O)[nH]1,umami
CNc1nc2c(ncn2C2OC(COP(=O)([O-])[O-])C(O)C2O)c(=O)[nH]1,umami
CSc1nc2c(ncn2C2OC(COP(=O)([O-])[O-])C(O)C2O)c(=O)n1C,umami
Cn1c(N)nc2c(ncn2C2OC(COP(=O)([O-])[O-])C(O)C2O)c1=O,umami
CCOC(=O)CCCNC(=O)OC1CC(C)CCC1C(C)C,umami
NC(CCC(=O)O)C(=O)NC(CC(=O)O)C(=O)NC(CCC(=O)O)C(=O)O,umami
Nc1nc2c(ncn2C2OC(COP(=O)(O)O)C(O)C2O)c(=O)[nH]1,umami
O=c1[nH]cnc2c1ncn2C1OC(COP(=O)(O)O)C(O)C1O,umami
NC(C(=O)O)c1cc(=O)[nH]o1,umami
CCNC(=O)CCC(N)C(=O)O,umami
NC(C(=O)O)C1CC(=O)NO1,umami
COC(=O)c1ccc(C(=O)NC2CC(C)CCC2C(C)C)cc1,umami
NC(CCC(=O)O)C(=O)[O-],umami
NC(CCS(=O)(=O)[O-])C(=O)O,umami
NC(C(=O)[O-])C(O)CC(=O)O,umami
NC(CC(=O)O)C(=O)[O-],umami
NC(C(=O)[O-])c1cc(=O)[nH]o1,umami
NC(C(=O)[O-])C1CC(O)=NO1,umami
NC(CCCC(=O)[O-])C(=O)O,umami
O=C(O)CCC(NCC1(O)OCC(O)C(O)C1O)C(=O)O,umami
O=C(O)C1CCC(=O)N1CC1(O)OCC(O)C(O)C1O,umami
COc1cc(CNC(=O)CCCCO)ccc1O,umami
CC(O)C(O)C(O)C(=O)NCCc1ccc(O)cc1,umami
O=C(NCCc1ccc(O)cc1)C(O)C(O)C(O)C(O)CO,umami
O=C(O)CCC(=O)NCCc1ccc(O)cc1,umami
CCCC(CCC)NC(=O)c1ccc2c(c1)OCO2,umami
O=C(O)C(CC(O)C(O)CO)Nc1nc2c(ncn2C2OC(COP(=O)(O)O)C(O)C2O)c(=O)[nH]1,umami
O=C(O)C(CCO)Nc1nc2c(ncn2C2OC(COP(=O)(O)O)C(O)C2O)c(=O)[nH]1,umami
CC(Nc1nc2c(ncn2C2OC(COP(=O)(O)O)C(O)C2O)c(=O)[nH]1)C(=O)O,umami
CSCCNc1nc2c(ncn2C2OC(COP(=O)(O)O)C(O)C2O)c(=O)[nH]1,umami
CCCSCNc1nc2c(ncn2C2OC(COP(=O)(O)O)C(O)C2O)c(=O)[nH]1,umami
COc1ccc(CNC(=O)C(=O)NCCc2ccccn2)c(OC)c1,umami
CCCCNc1nc2c(ncn2C2OC(COP(=O)(O)O)C(O)C2O)c(=O)[nH]1,umami
CC(O)C(=O)Nc1nc2c(ncn2C2OC(COP(=O)(O)O)C(O)C2O)c(=O)[nH]1,umami
CC(C)C1CCC(C)C2C(C(=O)NC3CCCC3)C12,umami
O=C(NCCOP(=O)(O)O)C(O)C(O)C(O)C(O)CO,umami
CC(O)CCC(=O)NCCc1ccccc1,umami
O=C1CCC(C(=O)N2CCCC2C(=O)O)N1,umami
O=C(O)CCC(NC(=O)C1CCCN1C(=O)C1CCC(=O)N1)C(=O)O,umami
O=C1CCC(C(=O)N2CCCC2C(=O)NC(CO)C(=O)O)N1,umami
O=C(OC1CC(O)(C(=O)O)CC(O)C1O)c1cc(O)c(O)c(O)c1,umami
CC(O)C(N)C(=O)NC(CCC(=O)O)C(=O)O,umami
O=c1[nH]c(=O)c2ncn(C3OC(COP(=O)([O-])[O-])C(O)C3O)c2[nH]1,umami
O=c1[nH]c(=O)c2ncn(C3OC(COP(=O)(O)O)C(O)C3O)c2[nH]1,umami
CSCCC(NC(=O)CCC(N)C(=O)O)C(=O)O,umami
NC(CCC(=O)NC(CS)C(=O)NCCC(=O)O)C(=O)O,umami
O=S(=O)([O-])Nc1ccc(N2CCOCC2)c(Cl)c1,sour
COc1ccc(CCC(=O)c2ccccc2)cc1O,sour
CC(=O)O,sour
O=C(O)CCCCC(=O)O,sour
O=C1OC(C(O)CO)C(O)=C1O,sour
O=C(O)c1ccccc1,sour
O=C(O)O,sour
O=C(O)CC(O)(CC(=O)O)C(=O)O,sour
O=CO,sour
O=C(O)C=CC(=O)O,sour
CC(O)C(=O)O,sour
O=C(O)CC(O)C(=O)O,sour
CCCCCC(C)N(S(=O)(=O)[O-])S(=O)(=O)[O-],sour
CCCCCCCC(C)N(S(=O)(=O)[O-])S(=O)(=O)[O-],sour
COC(CN(S(=O)(=O)[O-])S(=O)(=O)[O-])OC,sour
COCCN(S(=O)(=O)[O-])S(=O)(=O)[O-],sour
CCOCCCN(S(=O)(=O)[O-])S(=O)(=O)[O-],sour
CN(CCN(S(=O)(=O)[O-])S(=O)(=O)[O-])S(=O)(=O)[O-],sour
CC(C)CN(S(=O)(=O)[O-])S(=O)(=O)[O-],sour
CC(C)N(S(=O)(=O)[O-])S(=O)(=O)[O-],sour
CCCN(S(=O)(=O)[O-])S(=O)(=O)[O-],sour
O=C(O)C(=O)O,sour
O=P(O)(O)O,sour
CCC(=O)O,sour
O=S(=O)([O-])Nc1cccc(S(=O)(=O)[O-])c1,sour
O=S(=O)([O-])Nc1nc2ccccc2s1,sour
CC(=O)c1ccccc1NS(=O)(=O)[O-],sour
Cc1ccc(NS(=O)(=O)[O-])c(Cl)c1,sour
O=S(=O)([O-])Nc1ccc(I)cc1F,sour
COc1ccc(C)cc1NS(=O)(=O)[O-],sour
CCCc1sc(NS(=O)(=O)[O-])nc1C,sour
O=S(=O)([O-])Nc1nnc(Cc2ccccc2)s1,sour
Cc1ccc([N+](=O)[O-])c(NS(=O)(=O)[O-])c1,sour
CC(C)(C)c1cc(NS(=O)(=O)[O-])no1,sour
CCC(C)c1ccc(NS(=O)(=O)[O-])cc1,sour
O=C(O)CCC(=O)O,sour
O=C(O)C(O)C(O)C(=O)O,sour
NCCCC(=O)O,sour
[NH4+],undefined
CCCCCN(S(=O)(=O)[O-])S(=O)(=O)[O-],undefined
NCCCC(N)C(=O)NCCS(=O)(=O)O,undefined
NCCCC(N)C(=O)NCCCC(=O)O,undefined
NCCCCC(N)C(=O)NCCS(=O)(=O)O,undefined
CCC(C)CCCCN(S(=O)(=O)[O-])S(=O)(=O)[O-],undefined
NCCCC(N)C(=O)NCCC(=O)O,undefined
[K+],undefined
COc1ccc(C2CC(=O)c3c(O)cc(O)cc3O2)cc1O,undefined
CCCCCC(O)C=CC=CCCCCCCCC(=O)O,undefined
NC1(C(=O)O)CCCCC1,undefined
NC1(C(=O)O)CCCCCCC1,undefined
NC1(C(=O)O)CCCC1,undefined
ON=CC1=CCCCCC1,undefined
OCCc1c[nH]c2ccccc12,undefined
CC(C)C(C(=O)O)S(=O)(=O)c1ccc(Br)cc1,undefined
CCCCCCCCCCC=CC=O,undefined
Cc1ccc(S(=O)(=O)C(C)CC(=O)O)cc1,undefined
CC(=O)OCCCc1ccccc1,undefined
CC(C)C(=O)OCCCc1ccccc1,undefined
O=C1NS(=O)(=O)c2ccc(Cl)cc21,undefined
O=C1NS(=O)(=O)c2cc(Br)ccc21,undefined
O=C1NS(=O)(=O)c2cc(Cl)ccc21,undefined
CC(=O)CCC=C(C)C,undefined
O=C1NS(=O)(=O)c2c(Cl)cccc21,undefined
CCCCCC=CC=CC(O)CCCCCCCC(=O)O,undefined
C=CCN=C=S,undefined
N#Cc1ccc(NC(=O)NC(CC(=O)O)C2CCCCCCC2)cc1,undefined
N#Cc1ccc(NC(=O)NC(CC(=O)O)C2CCCCC2)cc1,undefined
N#Cc1ccc(NC(=O)NC2(CC(=O)O)CCCCCC2)cc1,undefined
[Ba+2],undefined
O=S(=O)([O-])Nc1ccc2nc(S)sc2c1,undefined
CC(=O)OCc1ccccc1,undefined
CC(C)C(C(=O)O)S(=O)(=O)c1ccc(Cl)cc1,undefined
CCCCNS(=O)(=O)OCC,undefined
CCCCNS(=O)(=O)OCCC,undefined
[Ca+2],undefined
O=S(=O)([O-])c1ccc(O)cc1.O=S(=O)([O-])c1ccc(O)cc1,undefined
Cc1nnc(SCC2=C(C(=O)[O-])N3C(=O)C(NC(=O)Cn4cnnn4)C3SC2)s1,undefined
O=COCC=Cc1ccccc1,undefined
CC(C)=CCCC(C)=CC=O,undefined
CCC(=O)OCCC(C)CCC=C(C)C,undefined
O=c1ccc2ccccc2o1,undefined
CCCCOS(=O)(=O)NC1CCCCC1,undefined
O=S(=O)(NC1CCCCC1)OC1CCCCC1,undefined
CCOS(=O)(=O)NC1CCCCC1,undefined
CC(C)COS(=O)(=O)NC1CCCCC1,undefined
CC(C)OS(=O)(=O)NC1CCCCC1,undefined
COS(=O)(=O)NC1CCCCC1,undefined
CCCOS(=O)(=O)NC1CCCCC1,undefined
CCC(C)OS(=O)(=O)NC1CCCCC1,undefined
NC(CS)C(=O)O,undefined
NC(CCC(=O)O)C(=O)O,undefined
CCOC(=O)Cc1ccccc1,undefined
O=C(O)c1cc(O)c(O)c(O)c1,undefined
CC(=CCO)CCC1=C(CO)CC(OC2OCC(O)C(O)C2O)C2C(C)(CO)CCCC12C,undefined
CC(=CCO)CCC1C(C)(O)CC(OC2OCC(O)C(O)C2O)C2C(C)(C)CC(O)CC21C,undefined
O=c1c(-c2ccc(O)cc2)coc2cc(OC3OC(CO)C(O)C(O)C3O)cc(O)c12,undefined
N#CCCCC#N,undefined
NCCCC(NC(=O)CN)C(=O)O,undefined
CCCCCCOC(C)=O,undefined
C#N,undefined
CC(=O)OCCC(C)C,undefined
CCC(=O)OCCC(C)C,undefined
CC(C)CCOC(=O)c1ccccc1O,undefined
CCCOS(=O)(=O)NCC(C)C,undefined
CCC(=O)OC(C)C,undefined
COC(=O)CCC(N)C(=O)OC,undefined
C=CC(C)(CCC=C(C)C)OC=O,undefined
CCCCCC=CCC=CCCCCCCCC(=O)O,undefined
CC1CCC(C(C)C)C(O)C1,undefined
NCCCC(N)C(=O)NCC(=O)O,undefined
O=S(=O)([O-])O.O=S(=O)([O-])O,undefined
COCC1OC(CO)C(O)C(O)C1O,undefined
CC(C)CCCC(C)N(S(=O)(=O)[O-])S(=O)(=O)[O-],undefined
CCCCCCCCC=CCCCCCCCC(=O)O,undefined
O=COCCc1ccccc1,undefined
CC(C)C(=O)OCCc1ccccc1,undefined
CC(C)CC(=O)OCCc1ccccc1,undefined
O=Cc1ccc2c(c1)OCO2,undefined
O=C1NS(=O)(=O)c2cccc([N+](=O)[O-])c21,undefined
O=C([O-])C(=O)O,undefined
CCCOC(C)=O,undefined
CCCOC=O,undefined
CCCOC(=O)CC(C)C,undefined
CCCNS(=O)(=O)OCCC,undefined
O=C(O)c1ccc(O)c(O)c1,undefined
CCc1[nH]c2ccccc2c1CC(NC(=O)C1CCCN1C(=O)C(CC(N)=O)NC(=O)C(NC(=O)C(CC(N)=O)NC(=O)C1CCCN1C(=O)CNC(=O)C(Cc1ccccc1)NC(=O)C(CC(C)C)NC(=O)C(N)CCC(N)=O)C(C)C)C(=O)O,undefined
CC(C)CC(NC(=O)C(N)CCC(N)=O)C(=O)NC(Cc1ccccc1)C(=O)NC(CC(N)=O)C(=O)N1CCCC1C(=O)NC(CO)C(=O)NC(C(=O)NC(CC(N)=O)C(=O)N1CCCC1C(=O)NC(Cc1c[nH]c2ccccc12)C(=O)O)C(C)O,undefined
CCOC(=O)C(Cc1c[nH]c2ccccc12)NC(=O)C1CCCN1C(=O)C(CC(N)=O)NC(=O)C(NC(=O)C(CO)NC(=O)C1CCCN1C(=O)C(CC(N)=O)NC(=O)C(Cc1ccccc1)NC(=O)C(CC(C)C)NC(=O)C(N)CCC(N)=O)C(C)O,undefined
C=C(C)CCCC(C)CCOC=O,undefined
C=C(C)CCCC(C)CCOC(=O)CC(C)C,undefined
O=C(O)c1ccccc1O,undefined
C=C1C2CCC(C2)C1(C)CCC=C(C)COC(C)=O.CC(=O)OCC(C)=CCCC1(C)C2CC3C(C2)C31,undefined
Cc1c(Cl)cccc1NS(=O)(=O)[O-],undefined
NC(CC(=O)[O-])C(=O)O,undefined
COc1ccc(NS(=O)(=O)[O-])c(OC)c1,undefined
CCc1cccc(C)c1NS(=O)(=O)[O-],undefined
COc1cccc(C)c1NS(=O)(=O)[O-],undefined
Cc1cnc(NS(=O)(=O)[O-])c(Br)c1,undefined
COC(=O)c1cccc(NS(=O)(=O)[O-])c1,undefined
O=S(=O)([O-])Nc1ccc(Cl)cc1F,undefined
Cc1cc(Cl)ccc1NS(=O)(=O)[O-],undefined
O=[N+]([O-])c1cc(NS(=O)(=O)[O-])ccc1Cl,undefined
COc1ccc(NS(=O)(=O)[O-])c([N+](=O)[O-])c1,undefined
Cc1ccc(NS(=O)(=O)[O-])cc1[N+](=O)[O-],undefined
CC(C)(C)OC(=O)c1cccc(NS(=O)(=O)[O-])c1,undefined
CC(C)c1csc(NS(=O)(=O)[O-])n1,undefined
[Sr+2],undefined
COc1ccc(C=NO)cc1,undefined
CC=C(C)CC=NO,undefined
CCC=C(C)CC=NO,undefined
NCCCC(NC(=O)CCN)C(=O)O,undefined
CCCCCC=CCC=CCC=CCCCCC(=O)O,undefined
COc1ccc(C(=O)Sc2ccccc2)cc1O,undefined
NC(=O)Nc1ccc([N+](=O)[O-])cc1,undefined
O=C(O)CC(NC(=O)Nc1ccc(C[N+](=O)[O-])cc1)c1ccccc1,undefined
NC(=O)Nc1ccc(CCc2ccccc2)cc1,undefined
COc1cc(CCC(=O)c2c(O)cccc2O)ccc1O,undefined
O=C(CCc1ccc(O)cc1)c1c(O)cccc1O,undefined
N#CCCNC(=O)Nc1ccc([N+](=O)[O-])cc1,undefined
COc1ccc(C(=O)Cc2ccccc2)cc1O,undefined
CC1OC(OC2C(Oc3cc(O)c(C(=O)CCc4ccccc4O)c(O)c3)OC(CO)C(O)C2O)C(O)C(O)C1O,undefined
CC1OC(OC2C(Oc3cc(O)c(C(=O)CCc4cc(O)c(O)c(O)c4)c(O)c3)OC(CO)C(O)C2O)C(O)C(O)C1O,undefined
CCOc1cc(CCC(=O)c2c(O)cc(OC3OC(CO)C(O)C(O)C3OC3OC(C)C(O)C(O)C3O)cc2O)ccc1O,undefined
COc1cc(CCC(=O)c2c(O)cc(OC3OC(CO)C(O)C(O)C3OC3OC(C)C(O)C(O)C3O)cc2O)ccc1O,undefined
CC1OC(OC2C(Oc3cc(O)c(C(=O)CCc4ccccc4)c(O)c3)OC(CO)C(O)C2O)C(O)C(O)C1O,undefined
CCCNC(=O)Nc1ccc([N+](=O)[O-])cc1,undefined
COc1ccc(C2=COc3ccccc3O2)cc1O,undefined
O=S(=O)([O-])NC1CCC(NS(=O)(=O)[O-])CC1,undefined
COc1cc2c(cc1O)CC1(O)COc3ccccc3C21,undefined
CC(=O)OCC12C(CCC(C)(C)C1C=O)OC(=O)C13CC(CC(=O)C12)C(C)C3=O,undefined
CSc1ccc(C(=O)c2ccccc2C(=O)O)cc1,undefined
O=C1c2ccccc2S(=O)(=O)N1CCBr,undefined
COc1ccc(C(=O)c2ccccc2C(=O)O)cc1OC,undefined
COc1ccc(C2NC(=O)c3ccccc3S2)cc1O,undefined
COc1ccc(C2OCCc3ccccc3O2)cc1O,undefined
CSc1ccc(C2CSc3cc(O)ccc3O2)cc1O,undefined
CSc1ccc(C2CSc3ccccc3O2)cc1O,undefined
O=C(O)c1ccc(C(=O)c2ccccc2C(=O)O)cc1,undefined
COc1ccc(C(=O)c2ccccc2C(=O)O)c(O)c1,undefined
COc1cc(C(=O)c2ccccc2C(=O)O)ccc1O,undefined
COc1ccc(Cc2ccccc2C(=O)O)cc1,undefined
COc1ccc(Oc2ccccc2C(=O)O)cc1,undefined
COc1ccc(C2OCc3ccccc3S2)cc1,undefined
COc1ccc(Sc2ccccc2C(=O)O)cc1,undefined
O=C(O)c1ccccc1C(=O)c1ccc(Oc2ccccc2)cc1,undefined
CCCOc1ccc(C(=O)c2ccccc2C(=O)O)cc1,undefined
CCCCCOc1ccc(CCc2ccccc2)cc1O,undefined
CCOc1ccc(CCC(=O)c2c(O)cccc2O)cc1O,undefined
COc1ccc(CCC(=O)c2c(O)cccc2O)cc1O,undefined
CCCOc1ccc(CCC(=O)c2c(O)cccc2O)cc1O,undefined
COc1ccc(CCc2ccccc2C(=O)O)cc1O,undefined
COc1ccc(CCc2ccccc2)cc1OCC(=O)O,undefined
O=C(O)c1ccccc1C(=O)c1ccccc1,undefined
CCN1C(=O)c2cc([N+](=O)[O-])ccc2S1(=O)=O,undefined
CCN1C(=O)c2ccc([N+](=O)[O-])cc2S1(=O)=O,undefined
CCN1C(=O)c2cccc([N+](=O)[O-])c2S1(=O)=O,undefined
COc1ccc(C(O)c2ccccc2CO)cc1,undefined
COc1ccc(C2Oc3ccccc3OC2C)cc1O,undefined
COc1ccc(CCCCc2ccccc2)cc1O,undefined
COc1ccc(CCc2cccc3ccccc23)cc1O,undefined
COc1ccc(CCc2ccc(OC)c(O)c2)cc1,undefined
COc1ccc(CCc2ccc(C)cc2)cc1O,undefined
COc1ccc(CCc2ccccc2C(C)C)cc1O,undefined
COc1ccc(C2(C)COc3ccccc3O2)cc1O,undefined
CN1C(=O)c2ccc([N+](=O)[O-])cc2S1(=O)=O,undefined
CCCOc1ccc(N)cc1[N+](=O)[O-],undefined
COc1cc2c(cc1O)C(COc1ccccc1)OCC2,undefined
COc1ccc(C2OCc3ccccc3S2)c(CC=Cc2ccc([N+](=O)[O-])cc2)c1O,undefined
O=C1OC(c2ccc(O)c(O)c2)Cc2ccccc21,undefined
COc1ccc(C2Cc3cccc(OC)c3C(=O)O2)cc1OC,undefined
COc1ccc(C2OC(=O)c3ccccc32)cc1O,undefined
COc1ccc(C2OCc3ccccc3CO2)cc1O,undefined
COc1ccc(C2NC(=O)c3ccccc3O2)cc1O,undefined
COc1ccc(CC(C(=O)O)c2ccccc2)cc1O,undefined
COc1ccc(C2CSc3ccccc3C2)cc1O,undefined
COc1ccc(C2NC(=O)c3ccccc3N2)cc1O,undefined
COc1ccc(-c2cc3ccccc3c(=O)o2)cc1O,undefined
COc1ccc(C2Cc3ccccc3C(=O)N2)cc1O,undefined
O=C1OC(c2cccc(O)c2)Cc2ccccc21,undefined
COc1cc(C2Cc3ccccc3C(=O)O2)ccc1O,undefined
COc1ccc(C2OC(=O)c3ccccc32)cc1,undefined
COc1ccc(C2Cc3ccccc3C(=O)O2)cc1,undefined
COc1cc2c(cc1OC)C1c3ccc(OC)c(O)c3OCC1(O)C2,undefined
COc1ccc(CC2OC(=O)c3ccccc32)cc1O,undefined
O=C(O)CCNNC(=O)c1ccc([N+](=O)[O-])cc1,undefined
O=C(O)CCNC(=O)Nc1ccccc1,undefined
COc1ccc(CCc2cccc(C(=O)O)c2)cc1O,undefined
COc1ccccc1C(CC(=O)O)NC(=O)Nc1ccc(C#N)cc1,undefined
O=C(O)C=CNC(=O)Nc1ccc([N+](=O)[O-])cc1,undefined
O=C(O)CCOC(=O)Nc1ccc([N+](=O)[O-])cc1,undefined
CCCC(C)NC(=O)C(N)CC(=O)O,undefined
O=S(=O)([O-])c1cc2c(nc(-c3ccccc3)n2Nc2ccccc2)c2ccccc12,undefined
CCCCCCCC(C)NC(=O)C(N)CC(=O)O,undefined
CCCCC(NC(=O)C(N)CC(=O)O)C(=O)OC(C)C,undefined
COc1ccc(C(=O)Nc2ccccc2)cc1O,undefined
COc1ccc(C2CC(=O)c3ccccc3O2)cc1O,undefined
COc1ccc(C=Cc2ccccc2)cc1O,undefined
COc1ccc(CCc2cccc(O)c2)cc1O,undefined
Cc1c(N)cccc1[N+](=O)[O-],undefined
Cc1ccc(N)cc1[N+](=O)[O-],undefined
NC(=O)NCCC(=O)O,undefined
COc1cc(C2OCCc3ccccc3O2)ccc1O,undefined
COc1ccc(C(=O)C(C)=CC(=O)O)cc1,undefined
COc1cc(C2CC(=O)c3c(O)cccc3O2)ccc1O,undefined
COc1cc2c(cc1OC)C1c3ccc(O)c(OC)c3OCC1(O)C2,undefined
O=C(O)CCCNC(=O)c1ccc([N+](=O)[O-])cc1,undefined
O=C(O)CCCNC(=O)Nc1ccc([N+](=O)[O-])cc1,undefined
COc1ccc(CCc2ccc(C(=O)O)cc2)cc1O,undefined
O=C(O)CCC(=O)NNc1ccc([N+](=O)[O-])cc1,undefined
O=C(O)CCNC(=O)Nc1ccc(C(=O)O)cc1,undefined
COc1ccc(C(=O)c2ccccc2)cc1,undefined
CC(C)C1C(=O)OCC1(CC(=O)O)C1CCC(C(C)C(=O)O)CC1C(=O)O,undefined
COc1cc([N+](=O)[O-])c(C2OCc3ccccc3S2)cc1O,undefined
CCNC(=O)Oc1cc(C2OCc3ccccc3S2)ccc1OC,undefined
CCCOc1ccc(CCc2ccccc2)cc1O,undefined
COc1ccc(C2SCc3cc(C)c(C)cc3CS2)cc1O,undefined
O=C1CC(c2ccc(O)cc2)Oc2cccc(O)c21,undefined
COc1ccc(CCc2ccc(Br)cc2)cc1O,undefined
COc1ccc(CCc2ccc(Cl)cc2)cc1O,undefined
COc1ccc(CCc2ccc(O)c(OC)c2)cc1O,undefined
COc1ccc(C2OCc3ccccc3C2=NO)cc1O,undefined
COc1ccc(CCc2cccc(CO)c2)cc1O,undefined
COc1ccc(CCc2ccc(CO)cc2)cc1O,undefined
Nc1ccc2c(c1)C(=O)NS2(=O)=O,undefined
COc1ccc(Cc2ccccc2)cc1O,undefined
COc1ccc(-c2cc(=O)c3c(O)cccc3o2)cc1O,undefined
OCC1SC(O)(CO)C(O)C1O,undefined
OCC1(OC2OC(CCl)C(O)C(O)C2O)OC(CCl)C(O)C1O,undefined
COC1OC(CCl)C(O)C(O)C1O,undefined
CCOc1ccc2c(c1)S(=O)(=O)NC2=O,undefined
COc1ccc2c(c1)S(=O)(=O)NC2=O,undefined
CC1C(=O)C23CC1CCC2C12COC(=O)C1C(C)(C)C(=O)CC2OC3=O,undefined
CC1C(=O)C2CC1CCC2C12CCC(=O)C(C)(C)C1C(=O)OC2,undefined
COc1ccc(C2SCc3ccccc3CS2)cc1O,undefined
COc1ccc(-c2cc3cccc(O)c3c(=O)o2)cc1O,undefined
COc1cc2c(cc1O)C1COc3ccccc3C1O2,undefined
C=C1C(=O)C23CC1CC(OC(C)=O)C2C1(COC(C)=O)C(CCC(C)(C)C1C=O)OC3=O,undefined
CC(N)C(=O)NC1C(C)(C)SC1(C)C,undefined
NC(CC(=O)O)C(=O)NC(Cc1ccccc1)C(=O)OC1CCCCC1,undefined
CC(C)CCCNC(=O)C(N)CC(=O)O,undefined
CC(=O)OC1CC2CC3(C(=O)OC4CCC(C)(C)C5=COCC54C13)C(=O)C2C,undefined
COC(=O)C(C)C1CC(O)C2C(C1)C(=O)OC1CCC(C)(C)C(CO)C12CO,undefined
CC1C(=O)C23CC1CC(=O)C2C12COC(=O)C1C(C)(C)CCC2OC3=O,undefined
CC1C(=O)C23CC1CC(O)C2C12COCC1C(C)(C)CCC2OC3=O,undefined
OC1CC(O)C(O)CC1O,undefined
NC(CSSCC(N)C(=O)O)C(=O)O,undefined
CC(=O)OCC12C(CCC(C)(C)C1C=O)OC(=O)C13CC(CC(OC(C)=O)C12)C(C)C3=O,undefined
CC(C)(Cl)C1CC=C(C=NO)CC1,undefined
CC(C)(C)C(N)C(=O)O,undefined
CC1C(=O)C23CC1CCC2C12COC(=O)C1C(C)(C)C(O)CC2OC3=O,undefined
CC1OC(OCC2OC(Oc3cc(O)c4c(c3)OC(c3ccc(O)c(O)c3)CC4=O)C(O)C(O)C2O)C(O)C(O)C1O,undefined
CC(=CCO)CCC1=C(CO)CC(OC2OCC(O)C(O)C2O)C2C(C)(CO)CC(O)CC12C,undefined
COc1ccccc1O,undefined
NC(CC(=O)O)C(=O)NCCc1ccccc1,undefined
COc1ccc(C2CC(=O)c3c(O)cc(OC4OC(COC5OC(C)C(O)C(O)C5O)C(O)C(O)C4O)cc3O2)cc1O,undefined
O=C1OC(c2ccc(O)cc2)Cc2cccc(O)c21,undefined
COc1ccc(C2CC(=O)c3c(O)cc(OC4OC(COC5OC(C)C(O)C(O)C5O)C(O)C(O)C4O)cc3O2)cc1,undefined
NC(CC(=O)O)C(=O)O,undefined
NC(CC(=O)O)C(=O)NC(Cc1ccccc1)C(=O)O,undefined
COC(=O)c1ccccc1C(=O)c1ccc(OC)cc1,undefined
COC(=O)CCNC(=O)Nc1ccc([N+](=O)[O-])cc1,undefined
COC(=O)c1cccc(CCc2ccc(OC)c(O)c2)c1,undefined
COC(=O)c1ccc(CCc2ccc(OC)c(O)c2)cc1,undefined
C=C1C(=O)C23CC1CC(O)C2C12COC(OC(C)=O)C1C(C)(C)CCC2OC3=O,undefined
COc1ccc(CNCC(C)C)cc1O,undefined
CCCNCc1ccc(OC)c(O)c1,undefined
COc1ccc(CNCC(C)(C)C)cc1O,undefined
CC(C)OCCCN(S(=O)(=O)[O-])S(=O)(=O)[O-],undefined
O=S(=O)([O-])N(CCCN1CCOCC1)S(=O)(=O)[O-],undefined
COc1ccc(C2OCc3ccccc3S2)c(NC(=O)c2ccc([N+](=O)[O-])cc2)c1O,undefined
COCCC1CC=C(C=NO)CC1,undefined
CC1OC(OCC2OC(Oc3cc(O)c4c(c3)OC(c3ccc(O)cc3)CC4=O)C(O)C(O)C2O)C(O)C(O)C1O,undefined
CCN1C(=O)c2ccccc2S1(=O)=O,undefined
CN1C(=O)c2ccccc2S1(=O)=O,undefined
O=C(O)c1ccccc1C(=O)c1ccc(-c2ccccc2)cc1,undefined
CCOc1ccccc1NC(N)=O,undefined
Cc1ccccc1NC(N)=O,undefined
COc1ccc(CCc2ccc3ccccc3c2)cc1O,undefined
COc1ccc(CCc2ccc(OC)c(O)c2)cc1O,undefined
COc1ccc(CCc2ccc(OC)c(OC)c2)cc1O,undefined
NC(=Nc1ccccc1)NCC(=O)O,undefined
O=C([O-])c1cccc(NS(=O)(=O)[O-])c1,undefined
O=C([O-])c1ccc(NS(=O)(=O)[O-])cc1,undefined
O=S(=O)([O-])Nc1ccccc1Oc1ccccc1,undefined
CCOC(=O)c1ccc(NS(=O)(=O)[O-])cc1,undefined
CCCOC(=O)c1ccc(NS(=O)(=O)[O-])cc1,undefined
CSc1cccc(NS(=O)(=O)[O-])c1,undefined
O=S(=O)([O-])Nc1ccc(CCO)cc1,undefined
CCN(CCO)c1ccc(NS(=O)(=O)[O-])cc1,undefined
COc1ccc2c(c1O)CCC21SCc2ccccc2S1,undefined
COc1cc2c(cc1O)CCC21SCc2ccccc2S1,undefined
O=C(NCCC(=O)OS(=O)(=O)[O-])Nc1ccc([N+](=O)[O-])cc1,undefined
OCc1ccc(C=NO)o1,undefined
CCC(C)C(=O)OC(C)C1(O)CCC2(O)C3CCC4CC(OC5CC(OC)C(OC6CC(OC)C(OC7OC(C)C(O)C(OC)C7O)C(C)O6)C(C)O5)CCC4(C)C3CC(OC(C)=O)C12C,undefined
CCC(C)C(=O)OC(C)C1(O)CCC2(O)C3CCC4CC(OC5CC(OC)C(OC6CC(OC)C(OC7OC(C)C(OC8OC(CO)C(OC9OC(CO)C(O)C(O)C9O)C(O)C8O)C(OC)C7O)C(C)O6)C(C)O5)CCC4(C)C3CC(OC(C)=O)C12C,undefined
CCC(C)C(=O)OC(C)C1(O)CCC2(O)C3CCC4CC(OC5CC(OC)C(OC6CC(OC)C(OC7CC(OC)C(O)C(C)O7)C(C)O6)C(C)O5)CCC4(C)C3CC(OC(C)=O)C12C,undefined
CCC(C)C(=O)OC(C)C1(O)CCC2(O)C3CCC4CC(OC5CC(OC)C(OC6CC(OC)C(OC7CC(OC)C(OC8OC(CO)C(OC9OC(CO)C(O)C(O)C9O)C(O)C8O)C(C)O7)C(C)O6)C(C)O5)CCC4(C)C3CC(OC(C)=O)C12C,undefined
CCC(C)C(=O)OC(C)C1(O)CCC2(O)C3CCC4CC(OC5CC(O)C(OC6CC(OC)C(OC7CC(OC)C(O)C(C)O7)C(C)O6)C(C)O5)CCC4(C)C3CC(OC(C)=O)C12C,undefined
CCC(C)C(=O)OC(C)C1(O)CCC2(O)C3CCC4CC(OC5CC(O)C(OC6CC(OC)C(OC7CC(OC)C(OC8CC(OC)C(O)C(C)O8)C(C)O7)C(C)O6)C(C)O5)CCC4(C)C3CC(OC(C)=O)C12C,undefined
O=C1OC(c2ccc(O)c(O)c2)Cc2cccc(O)c21,undefined
C=C1C2CCC3C45COC(O)(C(OC(C)=O)C4C(C)(C)CCC5O)C3(C2)C1OC(C)=O,undefined
COc1ccc(CCc2ccccc2)cc1N,undefined
COc1cc(CCc2ccccc2)ccc1O,undefined
CC(NC(=O)CC(N)C(=O)O)C(=O)NC1C(C)(C)SC1(C)C,undefined
O=S(=O)([O-])Nc1ccc(Cl)cc1,undefined
O=S(=O)([O-])Nc1ccc(F)cc1,undefined
O=[N+]([O-])c1ccc(NS(=O)(=O)[O-])cc1,undefined
O=C(O)CS(=O)(=O)c1ccccc1,undefined
COc1ccc(S(=O)(=O)C2(C(=O)O)CCCC2)cc1,undefined
COc1ccc(S(=O)(=O)C2(C(=O)O)CCCCC2)cc1,undefined
Cc1ccc(S(=O)(=O)C2(C(=O)O)CCCC2)cc1,undefined
O=C(O)C1(S(=O)(=O)c2ccccc2)CCCC1,undefined
O=C(O)C1(S(=O)(=O)c2ccccc2)CC1,undefined
OC1COCC1O,undefined
CC(=O)OCC1OC(COC(C)=O)(OC2OC(CO)C(O)C(O)C2O)C(O)C1O,undefined
CC(=O)OC(C)(CCC=C(C)C)C1CCC(C)=CC1=O,undefined
CC1CC(C)C(C(=O)O)(S(=O)(=O)c2ccccc2)CC1C,undefined
CC1CCC(C(=O)O)(S(=O)(=O)c2ccccc2)C(C)C1,undefined
CC1CCCCC1(C(=O)O)S(=O)(=O)c1ccccc1,undefined
O=C(O)C1(S(=O)(=O)c2ccccc2)CC=CCC1,undefined
CC1CCC(C(=O)O)(S(=O)(=O)c2ccccc2)CC1,undefined
O=C(O)C1(S(=O)(=O)c2ccccc2)CCC1,undefined
O=C(O)C1(S(=O)(=O)c2ccccc2)CCCCC1,undefined
CC(C)c1ccc(S(=O)(=O)C(C(=O)O)C(C)C)cc1,undefined
CC(C)C(C(=O)O)S(=O)(=O)c1ccc(C(C)(C)C)cc1,undefined
CCC(C)(C(=O)O)S(=O)(=O)c1ccccc1,undefined
O=C(O)C(C(=O)c1ccccc1)S(=O)(=O)c1ccccc1,undefined
CCCCC(C(=O)O)S(=O)(=O)c1ccccc1,undefined
OCC1OC(OC2(CO)OC(CO)C(O)C2O)C(Cl)C(O)C1O,undefined
CCC(CC)(C(=O)O)S(=O)(=O)c1ccccc1,undefined
CC(C)(C(=O)O)S(=O)(=O)c1ccccc1,undefined
CC1SCCCC1NS(=O)(=O)[O-],undefined
O=C(O)C(Cc1ccccc1)S(=O)(=O)c1ccccc1,undefined
CCCC(C(=O)O)S(=O)(=O)c1ccccc1,undefined
CC(C(=O)O)S(=O)(=O)c1ccccc1,undefined
O=S(=O)([O-])Nc1ccccc1N1CCCCC1,undefined
CCCC(CCC)(C(=O)O)S(=O)(=O)c1ccccc1,undefined
O=S(=O)([O-])Nc1ncccn1,undefined
O=S(=O)([O-])NC1=NCCS1,undefined
CC(CC(=O)O)S(=O)(=O)c1ccc(Br)cc1,undefined
CCC(C)C(COC(C)=O)NC(=O)C(N)CC(=O)O,undefined
CC(=O)OCC(Cc1ccccc1)NC(=O)C(N)CC(=O)O,undefined
CC(=O)OCC(CC(C)C)NC(=O)C(N)CC(=O)O,undefined
CC1CCCCC1OC(=O)CCNC(=O)C(N)CC(=O)O,undefined
COC(=O)C(NC(=O)C(N)CC(=O)O)C(=O)OC1CC(C)CCC1C(C)C,undefined
COC(=O)C(CNC(=O)C(N)CC(=O)O)Cc1ccccc1,undefined
CCCCOC(=O)CCNC(=O)C(N)CC(=O)O,undefined
CCOC(=O)CC(Cc1ccccc1)NC(=O)C(N)CC(=O)O,undefined
CC(COC(=O)C1CCCC(C)(C)C1)NC(=O)C(N)CC(=O)O,undefined
CC(COC(=O)c1ccccc1)NC(=O)C(N)CC(=O)O,undefined
CCC(COC(=O)C1CCCCC1)NC(=O)C(N)CC(=O)O,undefined
CC(COC(=O)C1CCCCC1)NC(=O)C(N)CC(=O)O,undefined
CCC(CC(=O)OC1CCCCC1)NC(=O)C(N)CC(=O)O,undefined
CCCCC(=O)OCC(CC)NC(=O)C(N)CC(=O)O,undefined
CCCC(COC(=O)CC)NC(=O)C(N)CC(=O)O,undefined
CCC(CC(=O)OC(C)C)NC(=O)C(N)CC(=O)O,undefined
COC(=O)C(COC(=O)c1ccccc1)NC(=O)C(N)CC(=O)O,undefined
COC(=O)C(CNC(=O)C(N)CC(=O)O)C(=O)OC1CCCCC1,undefined
COC(=O)C(CNC(=O)C(N)CC(=O)O)C(=O)OC1CCCC1,undefined
COC(=O)C(CNC(=O)C(N)CC(=O)O)C(=O)OC,undefined
COC(=O)C(CC(=O)OC1CCCCC1)NC(=O)C(N)CC(=O)O,undefined
CC(C)CC(NC(=O)C(N)CC(=O)O)C(=O)OC(C)C,undefined
O=S(=O)([O-])Nc1ncc(C(F)(F)F)cc1Cl,undefined
Cc1cccnc1NS(=O)(=O)[O-],undefined
CC(=O)OC1C(O)C(CO)OC1(CO)OC1OC(CO)C(O)C(O)C1O,undefined
CC(CC(=O)O)S(=O)(=O)c1ccccc1,undefined
O=S(=O)([O-])Nc1cc(C(F)(F)F)ccn1,undefined
O=S(=O)([O-])Nc1nc(Cl)cc(Cl)n1,undefined
OCC1OC(OC2(CO)OC(CCl)C(Cl)C2O)C(O)C(O)C1O,undefined
Cc1cc(C)nc(NS(=O)(=O)[O-])n1,undefined
CCc1ccnc(NS(=O)(=O)[O-])c1,undefined
COc1cc(C)nc(NS(=O)(=O)[O-])n1,undefined
Cc1ccnc(NS(=O)(=O)[O-])c1,undefined
Cc1ccnc(NS(=O)(=O)[O-])n1,undefined
CC1CCSCC1NS(=O)(=O)[O-],undefined
O=S(=O)([O-])NN1CCC(c2ccccc2)CC1,undefined
Cc1nnc(NS(=O)(=O)[O-])nc1C,undefined
O=S(=O)([O-])Nc1ccc(Br)cn1,undefined
O=S(=O)([O-])Nc1ccc(Cl)cn1,undefined
OCC1OC(OC2(CCl)OC(CO)C(O)C2O)C(Cl)C(O)C1O,undefined
CCOc1ccc2sc(NS(=O)(=O)[O-])nc2c1,undefined
O=S(=O)([O-])Nc1cccc2cnccc12,undefined
Cc1ccc(NS(=O)(=O)[O-])nc1,undefined
Cc1cnc(NS(=O)(=O)[O-])s1,undefined
CC1CSCC(NS(=O)(=O)[O-])C1,undefined
O=[N+]([O-])c1ccc(NS(=O)(=O)[O-])nc1,undefined
CC(C)=CCCC(C)(O)C1CCC(C)=CC1O,undefined
OCC1OC(CCl)(OC2OC(CCl)C(O)C(O)C2O)C(O)C1O,undefined
O=S(=O)([O-])Nc1cc(C(F)(F)F)cc(Cl)n1,undefined
CC1CCC(NS(=O)(=O)[O-])CS1,undefined
CC(=O)OCC1OC(OC2(CO)OC(CO)C(O)C2O)C(O)C(O)C1O,undefined
CC(C)OCC1OC(OC2(CCl)OC(CCl)C(O)C2O)C(O)C(O)C1Cl,undefined
COC(=O)C1OC(OC2C(OC3CCC45CC46CCC4(C)C(C(C)C7CC=C(C)C(=O)O7)CCC4(C)C6CCC5C3(C)C(=O)OC)OC(CO)C(O)C2O)C(O)C(O)C1O,undefined
O=S(=O)([O-])Nc1ccccc1[S-],undefined
O=S(=O)([O-])Nc1cccc([S-])c1,undefined
O=S(=O)([O-])Nc1ccc([S-])cc1,undefined
CCO,undefined
COC1(CO)OC(CO)C(O)C1O,undefined
O=[N+]([O-])c1cccc(NS(=O)(=O)[O-])c1,undefined
CCC(C)NS(=O)(=O)[O-],undefined
CC=C(C)C(C)=NO,undefined
CC1CC=C(C=NO)C(C)O1,undefined
CC(=NO)C1=CCCCC1,undefined
COCC(OC)C1CC=C(C=NO)CC1,undefined
COCC1=CCC=C(C=NO)C1,undefined
CCCC(CC)(C(=O)O)S(=O)(=O)c1ccccc1,undefined
COC1C(O)C(C)OC(OC2OC(C(C)C3CCC4C5=CC(=O)C6CC(OC7OC(CO)C(O)C(O)C7O)CCC6(C)C5CCC43C)CCC2C)C1O,undefined
COC(=O)CC1c2c(O)cc(O)c(C3c4c(O)cc5c(c4OC(c4ccc(O)cc4)C3O)C3c4c(O)cc(O)cc4OC(c4ccc(O)cc4)(O5)C3O)c2OC(c2ccc(O)cc2)C1O,undefined
CCC(CO)NS(=O)(=O)[O-],undefined
CC(C)(OCC(=O)[O-])C1CC=C(C=NO)CC1,undefined
CC(C)(CO)NS(=O)(=O)[O-],undefined
O=S(=O)([O-])Nc1cccc([O-])c1,undefined
O=S(=O)([O-])N[n+]1ccc(-c2ccccc2)cc1,undefined
CCCCCCNS(=O)(=O)[O-],undefined
CC(C)NS(=O)(=O)[O-],undefined
CNS(=O)(=O)[O-],undefined
O=S(=O)([O-])Nc1ccc2c(c1)OCO2,undefined
COCC(C)NS(=O)(=O)[O-],undefined
COC(CNS(=O)(=O)[O-])OC,undefined
O=S(=O)([O-])Nc1cccc(Cl)c1Cl,undefined
O=S(=O)([O-])Nc1cccc(F)c1F,undefined
O=S(=O)([O-])Nc1ccc2c(c1)CCC2,undefined
CC(C)(C)CC(C)(C)NS(=O)(=O)[O-],undefined
O=S(=O)([O-])Nc1ccc(Cl)cc1Cl,undefined
O=S(=O)([O-])Nc1ccc(F)cc1F,undefined
Cc1ccc(NS(=O)(=O)[O-])c(C)c1,undefined
O=[N+]([O-])c1ccc(NS(=O)(=O)[O-])c([N+](=O)[O-])c1,undefined
O=S(=O)([O-])Nc1cc(Cl)ccc1Cl,undefined
O=S(=O)([O-])Nc1c(F)cccc1F,undefined
Cc1cccc(C)c1NS(=O)(=O)[O-],undefined
Nc1ccccc1NS(=O)(=O)[O-],undefined
O=S(=O)([O-])Nc1ccccc1Br,undefined
O=S(=O)([O-])Nc1ccccc1Cl,undefined
O=S(=O)([O-])Nc1cccnc1Cl,undefined
N#Cc1ccccc1NS(=O)(=O)[O-],undefined
O=S(=O)([O-])NCCC1CCCCC1,undefined
CCOC(C)CNS(=O)(=O)[O-],undefined
CCc1ccccc1NS(=O)(=O)[O-],undefined
Cc1ccc(F)c(NS(=O)(=O)[O-])c1,undefined
O=S(=O)([O-])Nc1ccccc1F,undefined
O=S(=O)([O-])NCCO,undefined
O=S(=O)([O-])Nc1ccccc1I,undefined
COc1cc([N+](=O)[O-])ccc1NS(=O)(=O)[O-],undefined
COc1ccc([N+](=O)[O-])cc1NS(=O)(=O)[O-],undefined
COCCNS(=O)(=O)[O-],undefined
CCC(C)(C)NS(=O)(=O)[O-],undefined
O=[N+]([O-])c1ccccc1NS(=O)(=O)[O-],undefined
O=S(=O)([O-])NCCN1CCCCC1,undefined
O=S(=O)([O-])Nc1ccc2sc(S)nc2c1,undefined
CC(NS(=O)(=O)[O-])C(C)(C)C,undefined
O=S(=O)([O-])Nc1ccc(Cl)c(Cl)c1,undefined
O=S(=O)([O-])Nc1ccc(F)c(F)c1,undefined
Cc1ccc(NS(=O)(=O)[O-])cc1C,undefined
CC(=O)c1cccc(NS(=O)(=O)[O-])c1,undefined
Nc1cccc(NS(=O)(=O)[O-])c1,undefined
O=S(=O)([O-])Nc1ccc(F)c(Cl)c1,undefined
Cc1ccc(NS(=O)(=O)[O-])cc1Cl,undefined
CCOCCCNS(=O)(=O)[O-],undefined
Cc1c(F)cccc1NS(=O)(=O)[O-],undefined
O=S(=O)([O-])Nc1cccc(O)c1,undefined
O=S(=O)([O-])NCCCO,undefined
O=S(=O)([O-])Nc1cccc(I)c1,undefined
COCCCNS(=O)(=O)[O-],undefined
CCC(C)C(C)NS(=O)(=O)[O-],undefined
CCCc1cccc(NS(=O)(=O)[O-])c1,undefined
CC(=O)c1ccc(NS(=O)(=O)[O-])cc1,undefined
CCCCc1ccc(NS(=O)(=O)[O-])cc1,undefined
N#Cc1nc[nH]c1NS(=O)(=O)[O-],undefined
CCOc1ccc(NS(=O)(=O)[O-])c([N+](=O)[O-])c1,undefined
CCc1nc(NS(=O)(=O)[O-])sc1C,undefined
O=[N+]([O-])c1cc(NS(=O)(=O)[O-])ccc1F,undefined
CC(C)CC(C)NS(=O)(=O)[O-],undefined
CC(C)CCCNS(=O)(=O)[O-],undefined
CC1CCN(NS(=O)(=O)[O-])CC1,undefined
O=S(=O)([O-])Nc1nc(-c2ccccc2)cs1,undefined
O=S(=O)([O-])Nc1ccc(-c2ccccc2)cc1,undefined
CCCc1ccc(NS(=O)(=O)[O-])cc1,undefined
CC(C)(C)c1ccc(NS(=O)(=O)[O-])cc1,undefined
Cc1cc(Br)cnc1NS(=O)(=O)[O-],undefined
CCCCc1nnc(NS(=O)(=O)[O-])s1,undefined
CCCCc1sc(NS(=O)(=O)[O-])nc1C,undefined
Cc1ccc(Cl)cc1NS(=O)(=O)[O-],undefined
O=S(=O)([O-])Nc1cnc(Cl)cn1,undefined
CCc1sc(NS(=O)(=O)[O-])nc1C,undefined
Cc1ccc(F)cc1NS(=O)(=O)[O-],undefined
CC(C)CCC(C)NS(=O)(=O)[O-],undefined
CCCCCc1nnc(NS(=O)(=O)[O-])s1,undefined
CCOc1ccc2nc(NS(=O)(=O)[O-])sc2c1,undefined
O=S(=O)([O-])Nc1nc2ccc(F)cc2s1,undefined
COc1ccc2nc(NS(=O)(=O)[O-])sc2c1,undefined
CCCCCC(C)NS(=O)(=O)[O-],undefined
CCCCC(C)NS(=O)(=O)[O-],undefined
O=S(=O)([O-])NN1CCCC1,undefined
CCc1cccc(C(C)CC)c1NS(=O)(=O)[O-],undefined
CN(C)CCNS(=O)(=O)[O-],undefined
O=S(=O)([O-])Nc1ccccc1N1CCOCC1,undefined
CC(C)OCCNS(=O)(=O)[O-],undefined
O=S(=O)([O-])Nc1ccccc1C(F)(F)F,undefined
O=S(=O)([O-])Nc1cc(C(F)(F)F)ccc1Br,undefined
O=S(=O)([O-])Nc1ccc(C(F)(F)F)cc1Cl,undefined
O=S(=O)([O-])Nc1cc(C(F)(F)F)ccc1Cl,undefined
CCc1cccc(C(C)C)c1NS(=O)(=O)[O-],undefined
O=S(=O)([O-])Nc1cc(C(F)(F)F)ccc1F,undefined
Cc1cccc(C(C)C)c1NS(=O)(=O)[O-],undefined
CN(C)CCCNS(=O)(=O)[O-],undefined
O=S(=O)([O-])Nc1cccc(C(F)(F)F)c1,undefined
O=S(=O)([O-])Nc1cc(C(F)(F)F)cc(C(F)(F)F)c1,undefined
O=S(=O)([O-])Nc1cc(Cl)cc(C(F)(F)F)c1,undefined
CCOC(=O)Cc1csc(NS(=O)(=O)[O-])n1,undefined
O=[N+]([O-])c1ccccc1-c1csc(NS(=O)(=O)[O-])n1,undefined
O=[N+]([O-])c1cccc(-c2csc(NS(=O)(=O)[O-])n2)c1,undefined
O=S(=O)([O-])Nc1nc(-c2ccc(Cl)cc2)cs1,undefined
CCC(CC)c1ccc(NS(=O)(=O)[O-])cc1,undefined
CC(Cc1ccccc1)c1nnc(NS(=O)(=O)[O-])s1,undefined
CC(C)Cc1nnc(NS(=O)(=O)[O-])s1,undefined
O=S(=O)([O-])Nc1nnc(CCc2ccccc2)s1,undefined
O=S(=O)([O-])Nc1nnc(-c2cccc(Cl)c2)s1,undefined
CC(C)CCc1nnc(NS(=O)(=O)[O-])s1,undefined
O=S(=O)([O-])Nc1nnc(-c2ccc(Cl)cc2)s1,undefined
CCC(C)c1nnc(NS(=O)(=O)[O-])s1,undefined
CSc1nnc(NS(=O)(=O)[O-])s1,undefined
CCCC(C)c1nnc(NS(=O)(=O)[O-])s1,undefined
CCCCCNS(=O)(=O)[O-],undefined
CCNS(=O)(=O)[O-],undefined
CCCCCCCNS(=O)(=O)[O-],undefined
CCCCCCCCNS(=O)(=O)[O-],undefined
CCC(CC)NS(=O)(=O)[O-],undefined
CC(C)(C)NS(=O)(=O)[O-],undefined
Cc1ccc(NS(=O)(=O)[O-])cc1,undefined
CC(=O)OC1C(OC2(CCl)OC(CCl)C3OC32)OC(CO)C(Cl)C1OC(C)=O,undefined
O=S(=O)([O-])NC1CSC1,undefined
O=S(=O)([O-])NC1CCCCCSC1,undefined
O=S(=O)([O-])NC1CCCCSCC1,undefined
Oc1ccc2c(c1)OCC1(O)Cc3cc(O)c(O)cc3C21,undefined
OC1CC(O)C(O)C(O)C1O,undefined
COc1cc(C(=O)OCC(C#N)=CCOC2OC(CO)C(O)C(O)C2O)ccc1O,undefined
N#CC(=CCOC1OC(CO)C(O)C(O)C1O)COC(=O)c1ccc(O)cc1,undefined
CCCCCCCC(=O)CCc1ccc(O)c(OC)c1,undefined
CCCCCCCC(O)CC(=O)CCc1ccc(O)c(OC)c1,undefined
O=C(O)Cc1cn(C2OC(CO)C(O)C(O)C2O)c2ccccc12,undefined
O=S(=O)([O-])NC1CSCCSC1,undefined
COc1ccc2c(c1O)CCC1C2CCC2(C)CCCC12,undefined
Nc1ccc2c(c1)S(=O)(=O)NC2=O,undefined
CCCCCC=CC=CC(CCCCCCCC(=O)O)OO,undefined
CCCCCC(C=CC=CCCCCCCCC(=O)O)OO,undefined
CC=CC=CC=CCCC=CC(=O)NCC(C)(C)O,undefined
CCCCCC=CCC=CCC=CCC=CCCCC(=O)O,undefined
COc1ccc(S(=O)(=O)C(C(=O)O)C(C)C)cc1,undefined
COc1cc(CNC(=O)CCCCC=CC(C)C)ccc1O,undefined
CCCCCC=CC=CC(=O)NCC(C)C,undefined
O=C(C=Cc1ccc(O)c(O)c1)NC(Cc1ccc(O)c(O)c1)C(=O)O,undefined
CC1CCC(C(C)C)C(OCC(O)CO)C1,undefined
CC(C)C1CCC(C)C23CCC(C)(O)C2C13,undefined
O=S(=O)([O-])NC1CCC1,undefined
COc1cc(CNC(=O)CCCCCCC(C)C)ccc1O,undefined
CC1CCC(C(C)C)C(C(=O)Nc2ccc(CC#N)cc2)C1,undefined
CC1CCC(C(C)C)C2(C1)OCC(CO)O2,undefined
CC1CCC(C(C)C)C(OC(=O)OCCO)C1,undefined
CCCCCC(O)CC(=O)CCc1ccc(O)c(OC)c1,undefined
O=C(OCC1OC(O)C(O)(COC(=O)c2cc(O)c(O)c(O)c2)C1O)c1cc(O)c(O)c(O)c1,undefined
O=C1NC(c2cccc([N+](=O)[O-])c2)=CCN1c1ccccc1O,undefined
CC1(C)OC2CC(=O)OCC23C1CC(=O)C1(C)C3CCC(C)(C(O)c2ccoc2)C12OC2(C)C(=O)O,undefined
CC1CCC(C(C)C)C(OC(=O)CCCC(=O)O)C1,undefined
CC1CCC(C(C)C)C(OC(=O)C(C)O)C1,undefined
CC1CCC(C(C)C)C(OC(=O)CCC(=O)O)C1,undefined
COC(=O)Cc1cn(C2OC(CO)C(O)C(O)C2O)c2ccccc12,undefined
CC1(C)CCCC2(C)C3CC=C(C=O)C(C=O)=CC3CCC12,undefined
O=C1CC(c2ccc(O)cc2)Oc2cc(O)cc(O)c21,undefined
COc1ccc(CCC(=O)c2c(O)cc(OC3OC(CO)C(O)C(O)C3OC3OC(C)C(O)C(O)C3O)cc2O)cc1OC,undefined
CCCCCCCCC(=O)NCc1ccc(O)c(OC)c1,undefined
COc1cc(CNC(=O)CCCCCC(C)C)ccc1O,undefined
O=C(C=CCCc1ccc2c(c1)OCO2)N1CCCCC1,undefined
O=C(C=CC=Cc1ccc2c(c1)OCO2)N1CCCCC1,undefined
O=C(C=CC=Cc1ccc2c(c1)OCO2)N1CCCC1,undefined
CC1(C)CCCC2(C)C(C=O)C(C=O)=CCC12,undefined
Oc1cc(O)c2c(c1)OC1(c3ccc(O)c(O)c3)Oc3cc(O)c4c(c3C2C1O)OC(c1ccc(O)c(O)c1)C(O)C4,undefined
CC1OC(OCC2OC(Oc3c(-c4ccc(O)c(O)c4)oc4cc(O)cc(O)c4c3=O)C(O)C(O)C2O)C(O)C(O)C1O,undefined
CCCCCC=CC(=O)CCc1ccc(O)c(OC)c1,undefined
Cc1cccc(NS(=O)(=O)[O-])c1C,undefined
CCOc1ccc(NS(=O)(=O)[O-])cc1,undefined
COc1ccc(NS(=O)(=O)[O-])cc1,undefined
O=[N+]([O-])c1ccc([O-])c(NS(=O)(=O)[O-])c1,undefined
O=S(=O)([O-])Nc1cc(F)ccc1F,undefined
Cc1ccc(C)c(NS(=O)(=O)[O-])c1,undefined
O=[N+]([O-])c1ccc(Cl)c(NS(=O)(=O)[O-])c1,undefined
CCOC(=O)c1ccccc1NS(=O)(=O)[O-],undefined
O=[N+]([O-])c1ccc(F)c(NS(=O)(=O)[O-])c1,undefined
COc1ccccc1NS(=O)(=O)[O-],undefined
Cc1ccc([N+](=O)[O-])cc1NS(=O)(=O)[O-],undefined
COc1ccc(NS(=O)(=O)[O-])cc1OC,undefined
Cc1cc(C)cc(NS(=O)(=O)[O-])c1,undefined
COc1cccc(NS(=O)(=O)[O-])c1,undefined
N#Cc1ccc(NS(=O)(=O)[O-])cc1,undefined
CCc1ccc(NS(=O)(=O)[O-])cc1,undefined
O=S(=O)([O-])Nc1ccc(I)cc1,undefined
O=S(=O)([O-])Nc1ccc(OCc2ccccc2)cc1,undefined
Cc1cc2nc(NS(=O)(=O)[O-])sc2cc1C,undefined
COc1ccc(Cl)cc1NS(=O)(=O)[O-],undefined
CC(C)(C)c1nnc(NS(=O)(=O)[O-])s1,undefined
CCCC(C)NS(=O)(=O)[O-],undefined
O=S(=O)([O-])Nc1ccccc1CO,undefined
O=S(=O)([O-])Nc1cccc(CO)c1,undefined
O=S(=O)([O-])Nc1nc(-c2ccc(Br)cc2)cs1,undefined
Cc1ccc(-c2csc(NS(=O)(=O)[O-])n2)cc1,undefined
O=S(=O)([O-])Nc1nnc(-c2ccccc2Br)s1,undefined
O=S(=O)([O-])Nc1nnc(-c2cccc(Br)c2)s1,undefined
CC=CC=CCCC=CC(=O)NCC(C)C,undefined
O=C(OCC1OC(OC(=O)c2cc(O)c(O)c(OC(=O)c3cc(O)c(O)c(O)c3)c2)C(OC(=O)c2cc(O)c(O)c(OC(=O)c3cc(O)c(O)c(O)c3)c2)C(OC(=O)c2cc(O)c(O)c(OC(=O)c3cc(O)c(O)c(O)c3)c2)C1OC(=O)c1cc(O)c(O)c(OC(=O)c2cc(O)c(O)c(O)c2)c1)c1cc(O)c(O)c(OC(=O)c2cc(O)c(O)c(O)c2)c1,undefined
CCNC(=O)C(C)(C(C)C)C(C)C,undefined
CCNC(=O)C1CC(C)CCC1C(C)C,undefined
CC(O)CN,undefined
OCC1OC(O)CC(O)C1O,sweet
CC(C)C(=O)C(=O)O,undefined
O=C(O)CCC(=O)C(=O)O,undefined
CCC(=O)C(=O)O,sweet
CC(C)CC(=O)C(=O)O,undefined
Nc1ncnc2c1ncn2C1OC(COP(=O)(O)O)C(OP(=O)(O)O)C1O,sweet
O=C(O)CCc1ccccc1,sweet
OCc1ccc(O)cc1,sweet
O=Cc1ccc(O)cc1,sweet
O=C(O)c1ccc(O)cc1,undefined
CC=O,undefined
CC(N)=O,undefined
CC(=O)C(C)O,sweet
CC(C)=O,undefined
CC(=O)OC1OC(CO)C(OC2OC(CO)C(O)C(O)C2O)C(O)C1O,sweet
Nc1ncnc2c1ncn2C1OC(COP(=O)(O)OP(=O)(O)O)C(O)C1O,sweet
N,undefined
Nc1ncnc2c1ncn2C1OC(COP(=O)(O)OS(=O)(=O)O)C(O)C1O,sweet
Nc1ncnc2c1ncn2C1OC(COP(=O)(O)OP(=O)(O)OP(=O)(O)O)C(O)C1O,sweet
NCCC(=O)O,sweet
OCc1ccccc1,sweet
C[N+](C)(C)CC(=O)[O-],undefined
CCCC=O,undefined
CC(O)C(C)O,undefined
CCCCO,sweet
CCCC(=O)O,undefined
Nc1ncnc2c1ncn2C1OC2COP(=O)(O)OC2C1O,sweet
O=C=O,undefined
O=C(O)C=C(CC(=O)O)C(=O)O,undefined
CC(C)c1ccc(CO)cc1,undefined
CC(C)c1ccc(C=O)cc1,sour
C=Cc1ccc(O)c(OC)c1,undefined
Cc1ccccc1O,undefined
Cc1cccc(O)c1,undefined
CCCCCCCC,undefined
CCCCCCCC(=O)O,undefined
NCCCC(N)C(=O)O,undefined
S,undefined
CCCCCCCC=O,undefined
CN(C)OP(=O)(O)OCC1OC(n2cnc3c(N)ncnc32)C(O)C1O,sweet
Nc1ncnc2c1ncn2C1OC(COP(=O)(O)OP(=O)(O)OP(=O)(O)OP(=O)(O)O)C(O)C1O,sweet
CCC=O,undefined
O=C(O)C(O)C(O)C(O)C(O)CO,sweet
Nc1ncnc2c1ncn2C1CC(O)C(COP(=O)(O)OP(=O)(O)O)O1,sweet
Nc1ncnc2c1ncn2C1CC(O)C(COP(=O)(O)O)O1,sweet
Nc1ncnc2c1ncn2C1CC(O)C(COP(=O)(O)OP(=O)(O)OP(=O)(O)O)O1,sweet
CC(=O)C(C)=O,sweet
O=c1c(Cc2c(O)oc3ccccc3c2=O)c(O)oc2ccccc12,bitter
O=C1CCc2ccccc2O1,sweet
NCC(O)C(O)C(O)COP(=O)(O)OP(=O)(O)OCC1OC(n2cnc3c(N)ncnc32)C(O)C1O,sweet
O=C(O)CCCC(=O)O,undefined
c1ccc2[nH]ccc2c1,undefined
O=C(O)Cc1c[nH]c2ccccc12,sour
CC(O)C(O)C(O)C(=O)CO,sweet
CS,undefined
CC(=O)C=O,sweet
CO,undefined
Nc1ncnc2c1ncn2C1OC(COP(=O)(O)OP(=O)(O)OCC2OCC(O)C2O)C(O)C1O,sweet
c1ccc2ccccc2c1,undefined
NC(=O)c1cccnc1,undefined
[N-]=[N+]=O,undefined
CCCCCCCCO,undefined
O,undefined
O=C(O)C(=O)CO,sour
CCCCCCCCCCCCCCCC=O,undefined
CCCCCCCCCCCCCCCC(=O)O,undefined
Nc1ncnc2c1ncn2C1OC(COP(=O)(O)OS(=O)(=O)O)C(OP(=O)(O)O)C1O,sweet
Oc1ccccc1,undefined
O=C(O)C(=O)Cc1ccccc1,sweet
O=C(O)Cc1ccccc1,sweet
NCCc1ccccc1,undefined
Nc1c2ncn(C3OC(COP(=O)(O)O)C(O)C3O)c2nc[n+]1C1OC(COP(=O)(O)O)C(O)C1O,sweet
Nc1c2ncn(C3OC(COP(=O)(O)OP(=O)(O)OP(=O)(O)O)C(O)C3O)c2nc[n+]1C1OC(COP(=O)(O)O)C(O)C1O,sweet
CCCO,undefined
CC(=O)C(=O)O,sour
CSC,sweet
C1CCSC1,undefined
Cc1ncsc1CCO,undefined
Cc1ccccc1,sweet
C[N+](C)(C)[O-],undefined
CN(C)C,undefined
COc1cc(C=O)ccc1O,sweet
CC1CCCC2(C)CCCCC12O,undefined
Nc1ncnc2c1ncn2C1CC(OP(=O)(O)O)C(CO)O1,sweet
O=C(O)c1ccc(O)cc1O,undefined
Nc1nc(Cl)nc2c1ncn2C1OC(COP(=O)([O-])OP(=O)([O-])OP(=O)([O-])[O-])C(O)C1O,sweet
Nc1nc(Cl)nc2c1ncn2C1OC(COP(=O)(O)OP(=O)(O)OP(=O)(O)O)C(O)C1O,sweet
Nc1ncnc2c1ncn2C1OC(COP(=O)(O)OP(=O)(O)OP(=O)(O)O)CC1O,sweet
Nc1ncnc2c1ncn2C1OC(COP(=O)(O)OP(=O)(O)O)C(OP(=O)(O)O)C1O,sweet
O=C([O-])C(O)CC(O)C(O)C(=O)[O-],sweet
O=C(O)C(O)CC(O)C(O)C(=O)O,sweet
Nc1ncnc2c1ncn2C1OC(COP(=O)(O)OP(=O)(O)O)C(O)C1OP(=O)(O)O,sweet
NCCCCCCNc1nc2c(N)ncnc2n1C1OC(COP(=O)(O)O)C(O)C1O,sweet
Nc1ncnc2c1nc(Br)n2C1OC2COP(=O)([O-])OC2C1O,sweet
Nc1ncnc2c1nc(Br)n2C1OC2COP(=O)(O)OC2C1O,sweet
O=P(O)(O)OP(=O)(O)OCC1OC(n2cnc3c(NBr)ncnc32)C(O)C1O,sweet
Nc1ncnc2c1ncn2C1OC(CO)C2OP(=O)(O)OC21,sweet
Nc1ncnc2c1ncn2C1OC(COP(=O)(O)O)C(O)C1OP(=O)(O)O,sweet
Nc1ncnc2c1ncn2C1OC(COP(=O)(O)OP(=O)(O)OP(O)(O)=S)C(O)C1O,sweet
CC(N)C(=O)NC(Cc1ccccc1)C(=O)O,sweet
COc1cc(C(C)=O)ccc1O,sweet
Nc1ncnc2c1ncn2C1OC(COP(=O)([O-])OP(=O)([O-])OP(=O)([O-])O)C(O)C1O,sweet
O=C(OCc1ccccc1)c1ccccc1,sweet
S=C=NCc1ccccc1,undefined
CCCCCCCCCCCCCCCCO,undefined
CC12CCC(CC1)C(C)(C)O2,sweet
Cc1ccc(O)cc1,undefined
CCCCCCCCCC(=O)O,sour
CCCCOC(=O)c1ccccc1C(=O)OCCCC,undefined
O=C(c1ccccc1)c1ccccc1,undefined
Nc1ncnc2c1ncn2C1OC(COP(=O)(O)CP(=O)(O)OP(=O)(O)O)C(O)C1O,sweet
C=CCc1ccc(O)c(OC)c1,sweet
Nc1nc(F)nc2c1ncn2C1OC(COP(=O)(O)O)C(O)C1O,sweet
CC(O)C(O)C(O)C(O)CO,sweet
O=CCCCC=O,undefined
CC(C)c1cccc(O)c(=O)c1,undefined
CC(=O)OC1CC(OC2C(O)CC(OC3C(O)CC(OC4CCC5(C)C(CCC6C5CC(O)C5(C)C(C7=CC(=O)OC7)CCC65O)C4)OC3C)OC2C)OC(C)C1OC1OC(CO)C(O)C(O)C1O,undefined
CCCCCCCCCCCC(=O)O,undefined
CC1(O)OC(CO)C(OC2OC(CO)C(O)C(O)C2O)C(O)C1O,sweet
CN(C)C(=N)N=C(N)N,bitter
CP(=O)(O)OCC1OC(n2cnc3c(N)ncnc32)C(O)C1O,sweet
COC(=O)c1ccccc1O,undefined
C=CCc1cc(OC)c2c(c1)OCO2,undefined
CNc1ncnc2c1ncn2C1OC(COP(=O)(O)O)C(O)C1O,sweet
COc1ccnc(CS(=O)c2nc3ccc(OC(F)F)cc3[nH]2)c1OC,bitter
Nc1ncnc2c1ncn2C1OC(COP(=O)(O)OP(=O)(O)NP(=O)(O)O)C(O)C1O,sweet
Nc1ncnc2c1ncn2C1OC(COP(=O)(O)CP(=O)(O)O)C(O)C1O,sweet
Nc1ncnc2c1ncn2C1OC(COP(=O)(O)OP(=O)(O)CP(=O)(O)O)C(O)C1O,sweet
C=CCc1ccc2c(c1)OCO2,sweet
CCCCCCCCCCCCCCCCCC(=O)O,undefined
CC(C)(C)CC(C)(C)c1ccc(OCCO)cc1,undefined
NCCc1ccc(O)cc1,undefined
C=CCCCCCCCCC(=O)O,sweet
NS(=O)(=O)O,undefined
Nc1nc(=O)c2nc(CNc3ccc(C(=O)NC(CCC(=O)O)C(=O)O)cc3)cnc2[nH]1,undefined
NC(Cc1ccc(O)c(O)c1)C(=O)O,undefined
CC(=O)[O-].CC(=O)[O-],undefined
CCCCCC=O,undefined
CS(C)(=O)=O,undefined
O=C([O-])CC(O)(CC(=O)[O-])C(=O)[O-],undefined
CCCCCO,sweet
NC(N)=NCCCC(N)C(=O)O,undefined
CCN,undefined
CCS,undefined
CC(C)N,undefined
CC(C)S,undefined
CC1CO1,sweet
CC(C)(C)O,undefined
CCC(C)(C)O,undefined
CC(=O)OC1CC2CCC1(C)C2(C)C,sweet
CCC(C)(O)CC,undefined
CCOC(=O)C1OC1(C)c1ccccc1,sweet
CCCCOC(=O)CC(CC(=O)OCCCC)(OC(C)=O)C(=O)OCCCC,sweet
O=C(O)CCS,undefined
C=CC(C)(CCC=C(C)C)OC(=O)C(C)C,undefined
CC1=CC(=O)CC(C)(C)C1,sweet
CCC(C)(O)CCCC(C)C,undefined
C=CC(C)(O)CCC=C(C)C,sweet
CC(C)CN,undefined
CC(C)CO,bitter
CC(C)C=O,undefined
CCC(C)O,sweet
CCC(C)=O,undefined
CC(C)C(=O)O,undefined
C=C1C2CCC(C2)C1(C)C,undefined
CC(=O)OC(C)(C)C1CCC(C)CC1,undefined
CC1=CCC2CC1C2(C)C,sweet
C=C(C)C(=O)OC,undefined
CC1=C(O)C(=O)CC1,undefined
CC(=O)c1c(C)c([N+](=O)[O-])c(C(C)(C)C)c([N+](=O)[O-])c1C,undefined
Cc1c[nH]c2ccccc12,undefined
Nc1nc(=O)c2ncn(C3OC(COP(=O)(O)O)C(O)C3O)c2[nH]1,undefined
CNc1ccccc1C(=O)OC,sweet
CCOC(=O)c1ccccc1N,sweet
O=C1OCc2ccccc21,sweet
CCC(CC)C(=O)O,sour
O=C(O)c1ccco1,undefined
CC(=O)c1cccs1,undefined
CCc1cc2c(cc1C(C)=O)C(C)(C)CCC2(C)C,undefined
CC(C)c1ccccc1O,undefined
CC(C)=C1CCC(C)C2=C(C1)C(C)CC2,sweet
O=C1C(O)=C(O)OC1C(O)CO,undefined
CC(=O)c1ccc(C)cc1C,sweet
CC1=CC(=O)C(C(C)C)CC1,sweet
CC(C)=C1CCC(C)CC1=O,undefined
Cc1ccc(C(C)C)c(O)c1,undefined
O=Cc1ccccc1O,undefined
Cc1cccc2ccccc12,undefined
O=C1OC(CO)C(O)C(O)C1O,undefined
COc1cccc(OC)c1O,undefined
COc1ccccc1OC,sweet
c1ccc2ncccc2c1,undefined
Sc1ccc2ccccc2c1,undefined
Cc1ccc2ncccc2c1,undefined
c1ccc(-c2ccccc2)cc1,undefined
COc1ccc2ccccc2c1,sweet
CC(=O)c1ccc2ccccc2c1,sweet
CCOc1ccc2ccccc2c1,undefined
C=CCc1ccc(OC(C)=O)c(OC)c1,sweet
CC(C=O)c1ccccc1,undefined
CCC(O)c1ccccc1,sweet
CCC(=O)c1ccccc1,undefined
COC(=O)c1ccccc1,sweet
COC(=O)c1cccnc1,undefined
CCCOC(=O)c1ccc(O)cc1,sweet
CCCCOC(=O)c1ccc(O)cc1,undefined
O=C(OOC(=O)c1ccccc1)c1ccccc1,undefined
CC(C)CCOC(=O)c1ccccc1,sweet
O=C(OCCc1ccccc1)c1ccccc1,undefined
c1ccc2scnc2c1,undefined
Cc1nc2ccccc2o1,undefined
Cc1ccccc1C,undefined
Cc1ccc(C)c(C)c1,undefined
Cc1ccc(O)cc1C,undefined
Cc1ccc(C)c(O)c1,sweet
Cc1cc(C)c(C)cc1C,sweet
CCC(C)CN,undefined
CCC(C)C=O,undefined
CCC(=O)CC,undefined
O=C1CCCO1,sweet
Cn1cccc1,undefined
C=C(C)C1CC=C(C)C(OC(C)=O)C1,sweet
C=C(C)C1CC=C(C)C(OC(=O)CC)C1,sweet
CCCC(C)C(=O)O,sour
CCOC(=O)C(C)C,sweet
CCOC(=O)C(C)O,undefined
CC(C)COC(=O)C(C)C,undefined
CCCCOC(=O)C(C)C,sweet
CCC(C=O)CC,sweet
OCC1CCCO1,undefined
SCc1ccco1,undefined
O=Cc1cccs1,undefined
CC(C)(C)c1ccc(O)cc1,undefined
O=C1CCC(C(=O)O)N1,sweet
CC(O)c1ccccc1,sweet
O=C(O)C1CCCCC1,sour
C=C(C)C1CC=C(C)C(O)C1,undefined
C=C(C)C1CC=C(C)C(=O)C1,undefined
COC(=O)c1ccc(O)cc1,undefined
CC1CCC(C(C)C)CC1,undefined
CC1=CCC(C(C)C)C=C1,undefined
Cc1ccc(C(C)C)cc1,undefined
CC(C)c1ccc(O)cc1,undefined
CC(=O)c1ccc(O)cc1,sweet
COc1ccc(C(=O)O)cc1,sweet
C=Cc1ccccc1,sweet
N#Cc1ccccc1,undefined
SCc1ccccc1,undefined
COc1ccccc1,undefined
CSc1ccccc1,undefined
CCc1ccccn1,undefined
COC(=O)Cc1ccccc1,sweet
c1ccc(Oc2ccccc2)cc1,undefined
O=C(Cc1ccccc1)Cc1ccccc1,bitter
COc1ccc(COC(=O)Cc2ccccc2)cc1,undefined
CC(C)CCOC(=O)Cc1ccccc1,sweet
O=C(Cc1ccccc1)OCCc1ccccc1,sweet
CCCN(CCC)CCC,undefined
CC(C)(O)CCc1ccccc1,undefined
CC(=O)OC(C)(C)CCc1ccccc1,sweet
COC(=O)CCc1ccccc1,undefined
CC(C)C(=O)OCc1ccccc1,sweet
CCCC(=O)OCc1ccccc1,undefined
CC(C)CC(=O)OCc1ccccc1,sweet
CC(=O)OCCc1ccccc1,sweet
c1ccc(COCc2ccccc2)cc1,sweet
CCCC(=O)OCCc1ccccc1,sweet
Cc1ccc(OC(=O)C(C)C)cc1,undefined
COc1ccc(COC(C)=O)cc1,sweet
CCCc1ccc(OC)cc1,sweet
CCCCC1CCC(=O)O1,sweet
O=CCCc1ccccc1,undefined
O=COCc1ccccc1,undefined
CCCCCC1CCC(=O)O1,sweet
CCCCCCCC1CCC(=O)O1,undefined
CCCCC(CC)CO,sweet
Cc1ccc(C=O)cc1,undefined
CCc1ccc(C)nc1,undefined
COc1ccc(C)cc1,undefined
CC(C)COC(=O)CCc1ccco1,sweet
COc1ccc(CO)cc1,sweet
CCCC1CCC(=O)O1,sweet
CCOC(=O)CC,sweet
CCC(C)CC(=O)O,sour
COC(=O)CC(C)=O,undefined
CCOC(=O)CC(=O)OCC,sweet
CCCC(=O)OCC,undefined
CCOC(C)OCC,sweet
CCCOC(=O)CCC,sweet
CCCCCC(=O)OCC(C)C,sweet
CC(C)=CCCC(C)CCOC=O,undefined
C=C(C)CCCC(C)CCOC(=O)CC,undefined
CCCOC(=O)CCCCC(=O)OCCC,undefined
CC(C)=CCCC(C)CC=O,sweet
CCCC(=O)OCCC(C)C,undefined
CCCCCCC(=O)OCC,undefined
CCCC(=O)OC(=O)CCC,undefined
CCCCCCCC(=O)OCC,sweet
CCCCCCCCCCCC(=O)OCC,sweet
CCCCC(=O)CC,undefined
COC(=O)CCC(=O)OC,sweet
OCCCCC(O)CO,sweet
CCCCCC(=O)OC,sweet
CCCCCCC(=O)OC,sweet
C=CC=O,undefined
CCCS,sweet
CCCN,undefined
C=CCO,undefined
CC(CC=O)CCCC(C)(C)O,sweet
CC(C)CCN,undefined
CCCC(C)=O,sweet
CC(=O)CC(C)C,undefined
CC(=O)OC(C)C,sweet
C=C(C)OC(C)=O,sweet
CC(=O)OC(C)=O,undefined
CC1CCC(=O)O1,sweet
Cc1cccc(C)c1,undefined
Cc1cccc(C)n1,undefined
Cc1cncc(C)n1,undefined
COC(=O)CC(=O)OC,undefined
CCOC(=O)CC(C)C,sweet
CC(C)CC(O)CC(C)C,undefined
CC(C)CC(=O)CC(C)C,undefined
OC1CCCCC1,undefined
O=C1CCCCC1,undefined
Sc1ccccc1,undefined
CC1CCCCN1,undefined
Cc1cnccn1,undefined
CCCCOC(=O)CC(C)C,sweet
CCCCOC(=O)CCC,sweet
CCCCOC(=O)CCCCCCCCC(=O)OCCCC,undefined
CCCCC(=O)O,sour
CCCCC,undefined
CCCCN,undefined
CCCCS,undefined
SCCCS,undefined
CCNCC,undefined
CCON=O,undefined
c1ccsc1,undefined
CCCCCCCCCCCCCC(=O)OC(C)C,undefined
CCCCCCCCCC(=O)OCC,sweet
CCOC(=O)CCCCCCCCC(=O)OCC,undefined
CCCCCCCCCC(=O)OC,undefined
CCCCCC(C)=O,sweet
CC(C)CCOC=O,undefined
CCCCCC,undefined
CCCCCN,undefined
CCCCC=O,undefined
CCCCCS,undefined
CCSSCC,undefined
CCCCCCCC(=O)OC,sweet
CCCCCC#CC(=O)OC,undefined
CCCCCCC(=O)O,sour
CCCCCCN,undefined
CCCCCCO,sweet
CCCCCCS,undefined
CCOCCCO,undefined
CCCSCCC,undefined
CCCCCCCCCCCCCCCCCC(=O)OCC,undefined
C=CCCCCCC,undefined
CCCCCCCO,sweet
CCCCCCC=O,undefined
CCCCCCC#CC(=O)OC,undefined
C=CCCCCCCCCC(=O)OC,undefined
CCCCCCCCCCCC(=O)OC,undefined
CCCCCCCCC,undefined
CCCCCCCCC(=O)O,undefined
CCCCCCCOC(C)=O,undefined
CCCCCCCCCC(C)=O,undefined
CCCCCCCCOC(C)=O,undefined
CCCCCCCCCCOC(C)=O,undefined
CCCCCCCOC=O,undefined
CCCCCCCCCCO,sweet
CCCCCCCCCC=O,sweet
CCCCCCCCOC=O,undefined
CCCCCCCCCCC(=O)O,undefined
CCCCCCCCCCCCCCCC(=O)OC,undefined
CCCCCCCCCCCC,undefined
CCCCCCCCCCCO,undefined
C=CCCCCCCCCCO,undefined
CCCCCCCCCCC=O,sweet
C=CCCCCCCCCC=O,undefined
CCCCCCCCCCCCO,undefined
CCCCCCCCCCCC=O,undefined
CCCCCCCCCCCCCCCCCC(=O)OC,undefined
CCCCCCCCCCCCOC(C)=O,sweet
CCCCCCCCCCCCCO,undefined
CCCCCCCCCCCCCCO,undefined
CCCCCCCCCCCCCCCCCCO,undefined
CCCCCCCCCCCCCCCCCCCC,undefined
C=CC(C)(C)O,undefined
C=CC(C)(CCC=C(C)C)OC(C)=O,sweet
CC1CC(O)CC(C)(C)C1,undefined
CCC(C)C(=O)O,sour
CC(=O)OC1C=C(C)C2CC(=C(C)C)CC2C(C)C1,sweet
O=C(Oc1ccccc1)c1ccccc1O,sweet
O=C(OCc1ccccc1)c1ccccc1O,sweet
CCOC(=O)c1ccccc1O,sweet
Cc1occc(=O)c1O,sweet
CC(=O)c1ccccc1O,sweet
c1ccc2cnccc2c1,sweet
COc1ccc(C=O)cc1OC,sweet
CCC(=O)OC(C)c1ccccc1,sweet
CCOC(=O)c1ccc(O)cc1,undefined
O=C1CCCC1,undefined
CCOc1cc(C=O)ccc1O,sweet
COc1cc(C(=O)O)ccc1O,sweet
CCOC(=O)C1OC1c1ccccc1,sweet
CCN(CC)CC,undefined
COC(=O)c1ccc(OC)cc1,sweet
CC(=O)c1ccc(C)cc1,sweet
O=c1nc[nH]c2c1ncn2C1OC(COP(=O)(O)O)C(O)C1O,undefined
Nc1ccccc1C(=O)OCCc1ccccc1,sweet
COc1cc(C=O)cc(OC)c1O,sweet
CCCCOC(=O)c1ccccc1,undefined
Cc1ccccc1S,undefined
CCC(C)CO,undefined
CCCCOC(=O)C(C)O,undefined
C=C(C)C1CCC(C)(O)CC1,undefined
O=C([O-])CN(CCN(CC(=O)[O-])CC(=O)O)CC(=O)O,undefined
CC(C)=CCCC(C)CCOC(=O)Cc1ccccc1,sweet
O=Cc1ccc(O)c(O)c1,bitter
CC(=O)Oc1ccc(C)cc1,undefined
C=CCc1ccc(OC)cc1,sweet
C=CC(=O)OCC,undefined
CC(C)COC(=O)CCCCC(=O)OCC(C)C,undefined
CCCC(=O)OCCC(C)CCC=C(C)C,sweet
CCOC(C)=O,sweet
CC(=O)C=C(C)C,sweet
COC(CC(C)CCCC(C)(C)O)OC,undefined
CCOC(=O)CC(C)=O,undefined
C=CCOC(=O)CCCCCC,sweet
CCCCCC(=O)O,sour
CCCCCCC,sweet
CCCCCCCCCCCCCCCC(=O)OC(C)C,undefined
COC(C(O)C=O)C(O)C(O)CO,sweet
c1ccc(CSSCc2ccccc2)cc1,undefined
CC(=O)OCCC(C)CCC=C(C)C,undefined
O=C([O-])CCC(=O)[O-],undefined
CC(=O)OC(C)(C)Cc1ccccc1,sweet
COc1cccc(OC)c1,sour
CCCCCCCCCCCCOS(=O)(=O)[O-],undefined
c1cscn1,undefined
O=C([O-])C(O)C(O)C(O)C(O)CO.O=C([O-])C(O)C(O)C(O)C(O)CO,undefined
O=C(O)C(O)C(O)C(O)C(O)CO.O=C(O)C(O)C(O)C(O)C(O)CO.[Fe],undefined
[Pb+2],sweet
CC(=O)c1cccnc1,sweet
CCSCC,undefined
CC1=C(C=O)C(C)(C)CCC1,sweet
CC(=O)OC1CC2(O)C3CCC4CC(OC(=O)CCCCCCC(=O)NC(CCCN=C(N)N)C(=O)O)CCC4(C)C3CCC2(C)C1c1ccoc(=O)c1,bitter
CC(C)C12CCC(C)(CC1)O2,undefined
O=C([O-])[O-],undefined
Cc1ccc2c(c1)C(C(C)C)CCC2C,undefined
C=CCc1cc2c(c(OC)c1OC)OCO2,undefined
O=C(O)c1c(O)c(-c2ccccc2)nc2ccccc12,undefined
C=CCc1cc(OC)c(OC)c(OC)c1,undefined
CC1=CC(O)C(C(C)C)CC1,undefined
CCCC(=O)c1ccccc1,undefined
O=C1C=CCO1,undefined
CC1CCC(C(C)(C)O)CC1,sweet
CC1CCC(C(C)C)CC1=O,undefined
Cc1ccc(C(C)C)cc1O,undefined
OCCc1ccc(O)cc1,sweet
CC(C)=CCCC(C)CC(=O)O,undefined
C=CC(=C)CCC=C(C)CCC=C(C)C,undefined
CC(=O)CCCC(C)CCCC(C)CCCC(C)C,undefined
CC(C)CC(=O)O,sour
CSCCCO,sweet
C1CSCSC1,undefined
C1CSCCS1,undefined
CC(=O)S,undefined
C=C1C2CCC(C2)C1(C)CCC=C(C)C,undefined
CC1C(O)CC2(C(C)C)CC12,undefined
CC(C)CS,undefined
CC1(C)C2CC=C(CO)C1C2,sweet
CC(C)=CCCC(C)(O)C1CC=C(C)CC1,undefined
C=CCc1cc(OC)c2c(c1OC)OCO2,undefined
Cc1cccc(O)c1C,undefined
Cc1cc(C)c(O)c(C)c1,undefined
Cc1ccccc1C=O,undefined
COc1ccc2ccc(=O)oc2c1,sweet
CC(=O)Oc1ccccc1C,sweet
COC(C)OC,sweet
Cc1ccco1,undefined
Cc1ccc(C(C)O)cc1,sweet
C=C(C)C1CC=C(CO)CC1,undefined
CCc1cccnc1,undefined
CCCCCCCC(=O)OCC(COC(=O)CCCCCCC)OC(=O)CCCCCCC,undefined
COCc1ccccc1,undefined
CCOCc1ccccc1,undefined
CCCCC(=O)OCC,sweet
CCOC(=O)CCC(C)=O,sweet
CCCC(=O)OCC(C)C,sweet
CCCCCOC(=O)CCCCC,sweet
CCCCCOC(=O)CCC,sweet
SCCS,undefined
CC(C)CCS,undefined
CCCC(N)=O,undefined
CC(C)=CC(=O)O,undefined
Cc1csc(C)n1,undefined
CC1CCCCCCCCCCCCC(=O)C1,sweet
CC(C)COC=O,sweet
CCN=C=S,undefined
C=CC(=C)CCCC(C)(C)O,undefined
CCCCSCCCC,undefined
CCCCCCCCCCCCCC(=O)O,undefined
CCCCCCCCCCCCCCCC,undefined
COC(=O)C(C)C,undefined
CCOC(=O)C(c1c(O)oc2ccccc2c1=O)c1c(O)oc2ccccc2c1=O,bitter
CC(=O)c1ccccc1N,sweet
CCC(=O)OC,undefined
Cc1cccs1,undefined
C=C1CCC2C(C1)C2(C)C,undefined
C=C1C=CC(C(C)C)CC1,undefined
COC(=O)CC(C)C,undefined
CN=C=S,undefined
CSC#N,undefined
CC(C)=CCO,undefined
C=CO,undefined
CC1=CCC(O)(C(C)C)CC1,sweet
CC(=O)C(C)C,undefined
CCC(=O)C(C)C,undefined
Cc1cccc(C)c1O,sweet
CCCCC(CC)COC(=O)CC(C(=O)OCC(CC)CCCC)S(=O)(=O)O,sweet
CC(=O)C(=O)c1ccccc1,undefined
Cc1ccc2cc(C)ccc2c1,undefined
C=CCOC(=O)c1ccccc1,sweet
CC1CCCCC1=O,undefined
CCC(O)CC,sweet
CCCCCC(=O)C(C)=O,undefined
CC1=CCC(=C(C)C)CC1,sweet
CC(C)=C1CCC(C)(O)CC1,undefined
CC(C)C1=CCC(C)(O)CC1,undefined
Cc1ccc(CO)cc1,undefined
CCC(C)CCO,undefined
CCCC(=O)CC,sweet
CC(C)COC(=O)CC(C)C,sweet
CCCCCCCC(=O)OCCCC,undefined
CC1CCC(=O)CC1,undefined
CCCCCC(O)CC,undefined
CCCCOC(=O)CC,sweet
CCCC(C)(C)O,undefined
CC(C)CC=O,sour
CC1C=CC(=O)O1,sweet
CC1CCCC(=O)C1,undefined
COc1cccc(C=O)c1,undefined
CCCCOC(=O)CC(C)=O,sweet
CC(=O)CCC(=O)O,sweet
CCCCC(C)=O,undefined
CC(=O)COC(C)=O,undefined
CCCCN=C=S,undefined
CCCCOC=O,undefined
C=CCSCC=C,undefined
CCCCCCCCCCCC(C)=O,undefined
CCCCCCCCCCCCCCCCCC,undefined
CC(C)C(C)O,undefined
CCC(=O)C(C)=O,sweet
CCOc1ccc([N+](=O)[O-])cc1[N+](=O)[O-],sweet
COC(=O)c1ccco1,sweet
CCOC(=O)c1ccco1,undefined
CCCOC(=O)c1ccco1,sweet
CC(C)OC(=O)C(C)C,sweet
C=C(C)C1CCC(C)C(O)C1,undefined
Cc1ccc(C=O)o1,undefined
CCc1cccc(O)c1,undefined
Cc1cccc(C=O)c1,sweet
CC(=O)OC1CCCCC1,sweet
CCOc1ccc(O)cc1,undefined
CC(=O)OCc1ccco1,sweet
CCCC(O)CC,undefined
CCCC(=O)OC,sweet
CC(=O)OCC(C)OC(C)=O,undefined
CCCCC(=O)OC,sweet
CCC(C)COC(C)=O,sweet
CCCCCOC(=O)CC,sweet
CCSC,undefined
CSSC,undefined
CC(C)OC=O,undefined
CC(C)SC(C)C,undefined
Cc1ccc(C)o1,undefined
CCCC(C)OC(C)=O,undefined
CCCCCC(=O)OCCC,sweet
CCCCCC(=O)OCCCC,undefined
CCCCC(C)O,undefined
CCCCCCCCCCC(=O)OCC,undefined
COC(=O)CCCCC(=O)OC,undefined
CC(C)CCCC(=O)O,undefined
CCCCCOC(C)=O,undefined
CCCCCCCCCCCCCCCC(=O)OCC,undefined
CCCCCCCC(C)O,undefined
CCCSSCCC,undefined
CCCCSSCCCC,undefined
CCCCCCCCCCCCC,undefined
CCCCCCCCCCCCCC,undefined
CCCCCCCCCCCCCCC,undefined
CCCCCCCCCCCCCCCCC,undefined
CCCCCCCCCCCCCCCCCCC,undefined
CCCCCCCCCCCCCCCCCCCCC,undefined
CCCCCCCCCCCCCCCCCCCCCC,undefined
CC(=O)OCC1CCCO1,sweet
C=Cc1ccc(OC)cc1,sweet
Cc1ccc(C)s1,undefined
CC1NC(C)SC(C)S1,undefined
CCCCCOC=O,undefined
CCCCCCCCCCCCC(=O)O,undefined
CCCCCCCCCCCCCCCCCC=O,undefined
CCCCCCCCCCCCCCCCCCCCCCC,undefined
Cc1ccc(-c2ccccc2)cc1,undefined
CCCc1ccccc1O,undefined
CCCOC(=O)C(C)C,sweet
CC(=O)c1ccc(C(C)C)cc1,undefined
CCCc1ccc(O)cc1,undefined
CC(C)CCC(=O)O,undefined
O=C(CO)C(O)C(O)C(O)C(O)CO,sweet
CC(C)CCOC(=O)CC(C)C,sweet
C=CCCCCCCCCC(=O)OCC,undefined
CCCCCCCCC(C)=O,undefined
Cc1cscn1,undefined
CCC1CCC(=O)O1,sweet
CCCC1CCCC(=O)O1,sweet
CSSCc1ccccc1,undefined
CC(=O)CCc1ccco1,undefined
CCCCCC1CCCC(=O)O1,sweet
CCCCCCC1CCC(=O)O1,sweet
CCCCCCCC1CCCC(=O)O1,sweet
C=C(C)CCO,sweet
O=C1CCCCC1=O,sweet
CSCc1ccccc1,undefined
O=C([O-])CC(O)(CC(=O)[O-])C(=O)[O-].O=C([O-])CC(O)(CC(=O)[O-])C(=O)[O-],undefined
CCCCCCCC(C)=O,sweet
CC1CCCC(=O)O1,sweet
CC1(C)SC(C)(C)SC(C)(C)S1,undefined
O=C([O-])C(O)C(O)C(=O)[O-],undefined
CCC(C)C(=O)OC,sweet
C=CCS,undefined
c1ccc(SSc2ccccc2)cc1,undefined
CCCCCCCC(=O)CC,undefined
O=C1C=CCCC1,undefined
CC(C)OC(=O)c1ccccc1,sweet
CCCCCCCCCCCCCCC(=O)O,undefined
O=C1CCCS1,undefined
O=Cc1ccc[nH]1,undefined
O=C([O-])O,undefined
CC(=O)c1ccc[nH]1,undefined
COc1cc(C)ccc1C(C)C,undefined
CCCCCCCC(=O)OCCCCCC,undefined
C=CC(=C)CCCC(C)(C)OC(C)=O,undefined
CCCCCCCCCCC,undefined
CC(=O)c1ccccn1,undefined
CC(CO)c1ccccc1,undefined
Cc1nc(C)c(C)nc1C,undefined
COc1ccc(C(C)=O)cc1OC,sweet
CCCCCCCCCCCCOC(=O)c1cc(O)c(O)c(O)c1,undefined
CCCCCC(C)C(=O)O,undefined
CC(=O)OCC=C(C)C,sweet
SCCCCCCS,undefined
SCCCCCCCCS,undefined
CC(=O)c1ccco1,sweet
CC1=CC(=O)CCC1,undefined
CC(=O)c1ccc(C)o1,undefined
Cc1ccc(C(C)(C)O)cc1,sweet
[O]=[Ca],undefined
[O]=[Mg],undefined
[O]=[Zn],undefined
C=C1CCC2CC1C2(C)C,undefined
[O-][Si]([O-])([O-])[O-],undefined
c1coc(Cn2cccc2)c1,undefined
CC(=O)c1cc(C)ccc1O,sweet
C=C1CCC(C(C)C)C2C=C(C)CCC12,undefined
Nc1ncnc2c1ncn2C1OC(COP(=O)(O)OP(=O)([O-])OP(=O)([O-])O)C(O)C1O,sweet
COC(=O)CC(C)O,undefined
CC(O)C=Cc1ccccc1,sweet
CCCCCC1OCC(C)O1,undefined
CSCSC,undefined
C=CC(=O)CC,undefined
C=CC(=O)CCC,undefined
CCCCCCCS,undefined
CCCCCCCCCC(C)O,undefined
SC1CCCC1,undefined
CCCCCCC1OCC(CO)O1,sweet
CCCCCCCCCC,undefined
CCCCCCCCC(=O)OC,sweet
C=Cc1scnc1C,undefined
C=CCOC(=O)Cc1ccccc1,sweet
CCC(C)CS,undefined
CCOC(=O)CCc1ccccc1,undefined
CCCCCCCC(=O)OCCC(C)C,sweet
CCCCCOC(=O)c1ccccc1,undefined
CCCCCOC(=O)c1ccccc1O,sweet
C=CCSSSCC=C,undefined
C=CCOC(=O)CCC,sweet
CCCCOC(=O)c1ccccc1O,undefined
C=CCCC=O,undefined
CC(C)COc1ccc2ccccc2c1,sweet
C=CCSSCC=C,undefined
C=CCSSCCC,undefined
CCCSSC,undefined
CCCCCC(=O)OCCC(C)C,undefined
CCCCCc1ccccn1,undefined
CCCCCCCCC1CCC(=O)O1,sweet
CCCCCC(=O)OC(C)C,undefined
CCCOC(=O)c1ccccc1,undefined
CC1=NCCS1,undefined
CCCCCCOC(=O)C(C)C,sweet
CCCCCC=CC=CC=O,undefined
CCC1C=CC(=O)O1,undefined
CC1CCCC(C)(C)C1=O,undefined
C=CC(CCCCC)OC(C)=O,undefined
CCC(C)COC(=O)C(C)CC,sweet
C1CCC(SSC2CCCCC2)CC1,undefined
O=c1[nH]sc2ccccc12,sweet
CCCCCCOC(=O)CCC,sweet
CCOC(C)CC,undefined
C=CCOC(=O)CCC1CCCCC1,sweet
COC(=O)c1ccccc1NC(C)=O,undefined
CC1=CC(=O)CC1,sweet
CCCCCCCCCCCCCCC=O,undefined
CCCc1ccc(O)c(OC)c1,sweet
C=CCOC(=O)CC(C)C,sweet
CC1=CCC2(C(C)C)CC12,undefined
CSS(C)(=O)=O,undefined
OCCC(O)CO,sweet
COc1cnccn1,sweet
CC1OCCC1=O,sweet
CCc1ccco1,sweet
CSCCC=O,undefined
CCOC(=O)C1CCCCC1,undefined
CCCCC1CCCC(=O)O1,sweet
C=C1CCC2(C(C)C)CC12,undefined
O=C1CCCCCCCCCOCCCCCO1,undefined
C=CC(O)CCCCC,undefined
O=CC(O)C(O)C(O)C(O)C(=O)O,sweet
CC(CCO)CC(C)(C)C,undefined
COCCc1ccccc1,undefined
CC(=O)CCc1ccc(OC(C)=O)cc1,undefined
O=C(O)COc1ccccc1,sweet
CC(O)C(O)C(O)C(O)C=O,sweet
CC1=C(O)C(=O)C(C)O1,sweet
CSSSC,undefined
C=C(C)CC(C)=O,undefined
CCCCCc1ccco1,undefined
CCCCCCCc1ccco1,undefined
CCOC(CC(C)C)OCC,undefined
CCCC(=O)C(C)=O,sweet
CCCSC,undefined
COC(=O)c1ccc(O)c(OC)c1,undefined
CCC(=O)[O-].CCC(=O)[O-],sour
CCCCCCC(C)O,undefined
C=CCOC(=O)CCCCCCC,sweet
CCCC(=O)Oc1ccccc1,sweet
CCCCCCC1OCC(C)O1,undefined
O=COC1CCCCC1,sweet
O=C1CCC2CCCCC2O1,sweet
c1coc(CSSCc2ccco2)c1,undefined
CCCCc1ccco1,sweet
CCCCC(C)C(=O)O,undefined
CC(C)=CCCC(C)O,sweet
COC(=O)C1CCCCC1,undefined
C=C(C)C1CCC2=CC(=O)CC(C)C2(C)C1,undefined
O=c1nc[nH]c2c1ncn2C1OC(COP(=O)([O-])[O-])C(O)C1O,undefined
CCc1ccc(C=O)cc1,sweet
C=CC(O)CCC,undefined
CCCCCc1cccs1,sweet
C=CC(O)CCCC,undefined
C=CCCCCCC(C)=O,undefined
CC(C)=CCOC(=O)c1ccccc1,undefined
O=C(O)CC1CCCCC1,undefined
CCCCCCOC(C)OCCCCCC,sweet
CC(CC=O)CC(C)(C)C,undefined
CCCCCCC(=O)OCCCC,undefined
CCOC(=O)CCS,undefined
CC(=O)CCc1ccc(O)cc1,sweet
CC1SCCS1,undefined
O=C1C(O)=C([O-])OC1C(O)CO.O=C1C(O)=C([O-])OC1C(O)CO,undefined
Cc1nccnc1C,undefined
C=C(C)C1CCC(C)C(=O)C1,undefined
C=CC1(C)CCC(C(C)(C)O)O1,undefined
CCCSSSCCC,undefined
CCCC(C)O,undefined
CC[NH+](CC)CCCC(C)[NH2+]c1c2ccc(Cl)cc2nc2ccc(OC)cc12,bitter
CCCCCCCCCCC(C)=O,undefined
CCCCCCOC(=O)CCCCC,undefined
O=S1(=O)N=C([O-])c2ccccc21.O=S1(=O)N=C([O-])c2ccccc21,sweet
CSCCSC,undefined
CCCCCCOC(=O)c1ccccc1,undefined
c1csc(SSc2cccs2)c1,undefined
CCCCCC(=O)OCc1ccccc1,undefined
CC(C)OC(=O)CCCCC(=O)OC(C)C,sour
C=CC(C)(CCC=C(C)C)OC(=O)c1ccccc1N,undefined
COc1ccccc1S,sweet
Cc1cnc2ccccc2n1,undefined
[He],undefined
CCOC(=O)C(C)CC,sweet
CCCCOC(=O)C(C)OC(=O)CCC,undefined
CC(=O)C(=O)C(C)C,sweet
C=CCOC(=O)c1ccccc1N,undefined
C=CCOC(=O)COc1ccccc1,sweet
NC(CCC(=O)[O-])C(=O)O,undefined
O=P([O-])([O-])O,undefined
O=P([O-])([O-])[O-],undefined
O=[Si]=O,undefined
O=[N+]([O-])[O-],undefined
CCC1(c2ccccc2)C(=O)NC(=O)N=C1[O-].CCC1(c2ccccc2)C(=O)NC(=O)N=C1[O-],bitter
[Fe+2],undefined
O=P([O-])([O-])OP(=O)([O-])[O-],undefined
CCCCOC(=O)c1ccccc1N,sweet
O=P([O-])([O-])[O-].O=P([O-])([O-])[O-],undefined
Nc1ccccc1C(=O)OC1CCCCC1,undefined
CCCCCCCCCC(OC)OC,undefined
CC(C)COC(=O)c1ccccc1N,sweet
CCCCCCC(=O)OCC(C)C,undefined
O=S(=O)(O)O,undefined
C=C(C)C1CCC(C)CC1O,undefined
[O-][I+2]([O-])[O-].[O-][I+2]([O-])[O-],undefined
COc1ccc(O)c(C(C)(C)C)c1.COc1ccc(O)cc1C(C)(C)C,undefined
COc1cc(CCCS(=O)(=O)[O-])ccc1OC(Cc1cccc(OC)c1O)CS(=O)(=O)[O-],undefined
O=CC(O)C(O)C(O)C(O)CO,sweet
CCOc1ccc(C=O)cc1,sweet
C=CCc1ccc(OC=O)c(OC)c1,undefined
CCCCCCOC(=O)C(C)CC,undefined
[Al+3],undefined
CCC(C)N,undefined
CCCC(=O)OC(C)(C)Cc1ccccc1,undefined
O=S([O-])[O-],undefined
CCCCCCCCCCCCC=O,sweet
[S-2],undefined
CCCCC(=O)C(C)C,undefined
CCc1cnc(C)cn1,sweet
CCc1nc(C)cnc1C,undefined
CC1=CCC2C(C1)C2(C)C,sweet
CCC(=O)c1cccs1,undefined
CC(=O)C(=O)CC(C)C,sweet
CCc1cncc(C)n1,undefined
Cc1nccnc1CC(C)C,undefined
CCc1ncc(C)nc1C,undefined
C=Cc1cnc(C)cn1,undefined
C=CC1(C)CCC(O)C(C)(C)O1,undefined
Cc1cnc(C)c(C)n1,undefined
CC(C)=CCCC(C)C1(O)CC=C(C)CC1,sweet
CC1(C)CCCC2(C)OC(=O)C=C12,undefined
CCc1nc(C)cs1,undefined
CCc1nccnc1C,undefined
CCc1nccnc1CC,undefined
CCc1cnc(C)c(C)n1,undefined
CC(C)=CC1CC(C)CCO1,undefined
CC(=O)OC1CC(C)CCC1C(C)C,undefined
CCC(C)C(=O)OC1CC(C)CCC1C(C)C,bitter
C=CC(CCCCC)OC(=O)CCC,undefined
CCc1ncc(C)nc1CC,undefined
CCc1cnc(C)c(CC)n1,undefined
C=C1CC2CCC1C2(C)C,undefined
C=CC(C)CCCC(C)(C)O,undefined
CCCCCCCCCCCCCCC(C)=O,undefined
Nc1ncnc2c1ncn2C1OC(COP(=O)([O-])OP(=O)([O-])O)C(O)C1O,sweet
Cc1nc(C)c(C)o1,undefined
C=C(C)C1CCC(C)C(OC(C)=O)C1,sweet
CC(=O)OCCC1CCCCC1,undefined
CCCCOC(=O)Cc1ccccc1,undefined
COc1cc(CCC(C)=O)ccc1O,sweet
CCC(=O)OCc1ccccc1,sweet
CCC(=O)OCCc1ccccc1,undefined
CC(=O)Oc1ccccc1,undefined
COc1ccc(CC(C)=O)cc1,sweet
OCCCc1ccccc1,sweet
CCc1ccc(O)cc1,undefined
CCCC(C)C=O,undefined
CCCC(=O)CCC,sweet
CCOC(=O)CCC(=O)OCC,undefined
CCCCCCCCCCCCOC(=O)CCSCCC(=O)OCCCCCCCCCCCC,sweet
CCCCCCCCC(=O)OCC,undefined
Cc1cnc(C)cn1,undefined
C=CC(=C)CCC=C(C)C,undefined
CC(C)CCO,undefined
CC1OC(C)OC(C)O1,sweet
CCCCCC(=O)OCC,sweet
C=CCOC(=O)CCCCC,sweet
CCCCCCCCOC(=O)CCCCC(=O)OCCCCCCCC,undefined
CCCCOC(C)=O,undefined
CCCCCCCCCCCCCCCCCC(=O)OCCCC,undefined
CCCCCCCCCCCCCC(=O)OCC,sweet
CCCCCCCCCCCCCC(=O)OC,undefined
CCCCCCCCC=O,undefined
CCCCCCCCCCCCCC=O,undefined
C=CC(C)(CCC=C(C)C)OC(=O)c1ccccc1,undefined
Cc1cc(C(C)(C)C)c(O)c(C(C)(C)C)c1,undefined
CC1(C)C2CC=C(CCO)C1C2,sweet
CC1=NC(C)OC1C,undefined
CC1SSC(C)S1,undefined
CC1CCc2nccnc21,undefined
CC(=O)c1nccnc1C,undefined
COc1nccnc1CC(C)C,undefined
CCc1nccnc1OC,undefined
COc1nccnc1C(C)C,undefined
COc1ccccc1C,sweet
CC(S)S,undefined
CCC1OC(C)=C(O)C1=O,sweet
CCCCCc1cccc(=O)o1,undefined
CCC=CCCC=CCO,undefined
Cc1occc1S,undefined
CC(C)c1cnccn1,undefined
C=C(C)C1CCC(C)CC1=O,undefined
CC(O)C(O)C(O)C(O)C(O)C=O,sweet
CCCSSCC,undefined
CCCCCCCCCC(=O)OCCCC,undefined
CC(=O)OC1CCC(C(C)(C)C)CC1,undefined
CCc1cnc(CC)c(C)n1,undefined
c1cnc2c(n1)CCCC2,undefined
CC(=O)C(C)S,undefined
CCCCCC1CC=CC(=O)O1,sweet
CCc1scnc1C,undefined
Nc1ncnc2c1ncn2C1OC(CO)C(OP(=O)(O)O)C1O,sweet
CCCCC1OC(=O)CC1C,undefined
Cc1cc(S)c(C)o1,undefined
Cc1cc(SC(=O)CC(C)C)c(C)o1,undefined
C=C1CC23CCC4C(C)(C(=O)OC5OC(CO)C(O)C(O)C5O)CCCC4(C)C2CCC1(OC1OC(COC2OC(CO)C(O)C(O)C2O)C(O)C(O)C1O)C3,sweet
CC(=O)CC(=O)OC1CC(C)CCC1C(C)C,undefined
CCCCCCCC(=O)Oc1ccc(C)cc1,undefined
CCCC(=O)OC(C)CCC,sweet
CCCSSc1ccoc1C,undefined
CCCC(=O)C(CC)Sc1ccoc1C,undefined
CSSc1ccoc1C,undefined
CC(=O)OC(C)CCCC(C)C,undefined
CC1=NC(C)OC1,undefined
NC(=O)Nc1ccc(Oc2ccccc2)cc1,sweet
CCCC(Cc1ccc(OCC[N+](C)(C)C)cc1)c1ccc(OCC[N+](C)(C)C)cc1,undefined
CCOC(=O)c1ccc(OC)cc1,undefined
CCCCC(=O)C(C)=O,undefined
CC(C)=CCCC(C)CCOC(=O)C(C)C,sweet
Cc1ccc(C(C)C=O)cc1,sweet
Cc1ccc(OC(=O)Cc2ccccc2)cc1,undefined
CC(C)COC(=O)Cc1ccccc1,sweet
O=C(Cc1ccccc1)OCc1ccccc1,sweet
CC(C)C(=O)OCCOc1ccccc1,sweet
Cc1ccc(CC=O)cc1,sweet
COc1ccc(CCC(C)=O)cc1,sweet
O=COCCCc1ccccc1,sweet
O=C1CCCCCCCCCCCC(=O)OCCO1,sweet
CCCCCCCCCCCC(=O)OCCCC,undefined
CC(C)=CCCC(C)C=O,sweet
CC(C)=CC=O,sweet
CCCCCCCCOC(=O)C(C)C,undefined
C=CCCCCCCCCC(=O)OCCCC,undefined
CCCCCCCCOC(=O)CCC,undefined
CCCCCCCCCC(C)C=O,undefined
C=CCCCCCCCCCOC(C)=O,undefined
CC1=C(C=O)C(C)(C)CC=C1,sweet
Cc1cccc(C)c1S,undefined
CC(C)COC(=O)c1ccccc1,sweet
CCCCCCCCOC(=O)Cc1ccccc1,undefined
CCC(=O)OCCCc1ccccc1,undefined
COc1ccc(COC=O)cc1,undefined
CC(=O)OC(C)(C)C1CCC(C)C2=C(C1)C(C)CC2,undefined
C=C(C)CCCC(C)CCOC(=O)CCC,undefined
CCCCCCCCOC(=O)CC,sweet
C=CC(C)(CCC=C(C)C)OC(=O)CC,undefined
CC1=C(CC=O)C(C)(C)CCC1,undefined
CC12CCCC(O)(C1)C1CC(C)(C)C1CC2,undefined
CC1=CC(O)C2CC1C2(C)C,undefined
CC1(C)CCCC2(C)C1CCC1(C)OC(=O)CC12,undefined
CC1(C)C2CC=C(C=O)C1C2,sweet
CCCCOCc1ccccc1,undefined
CCCCOC(=O)CCCC,sweet
C=CCCC(=O)O,undefined
COC(=O)c1ccccc1OC,undefined
C=Cc1ccccc1OC,undefined
COc1ccccc1OC(C)=O,sweet
O=C(OCC(COC(=O)c1ccccc1)OC(=O)c1ccccc1)c1ccccc1,undefined
Cc1ccccc1OC(=O)c1ccccc1O,undefined
CCC(=O)OCc1ccco1,sweet
CCCC(=O)OCc1ccco1,undefined
CCSC(C)=O,undefined
CCCCCCOC=O,sweet
CCC(=O)OCC1CCCO1,undefined
CCCC(=O)OC(C)C,sweet
CCCCCCCC(=O)OCCCCC,sweet
CC(=O)OCCc1scnc1C,undefined
CCC1OC(=O)C(O)=C1C,sweet
Cc1ccc(C=O)c(O)c1,bitter
CCCC(O)Cc1ccccc1,sweet
CCCCCCC1CCCC(=O)O1,undefined
CC(=O)CCC=C(C)CCC=C(C)CCC=C(C)C,undefined
COc1cc(C=O)ccc1OC(C)=O,sweet
CCCCCCC(=O)CC,sweet
CC(=O)c1cccn1C,undefined
O=C1CCSC1,undefined
CCC(=O)c1ccc[nH]1,undefined
CSc1ccccc1O,undefined
CC(=O)OCCC1CC=C(C)C1(C)C,sweet
CC(C)=CC1CC(C)=CCO1,undefined
CC(C)SCc1ccco1,undefined
CC1=CCC(CCO)C1(C)C,sweet
COC(=O)CC(C)CCC=C(C)C,sweet
CCCC(O)CC(=O)OCC,undefined
CCCCCCCCOC(=O)CCCCCCC,undefined
CCCSC(C)=O,undefined
CC(=O)CC(=O)OCCC(C)C,sweet
CC(O)CCc1ccccc1,sweet
CCCCCCCCCCCCCC(C)=O,undefined
CCCCCCCOC(=O)C(C)C,sweet
C=CCOC(=O)CC,undefined
COC1=C(C)OC(C)C1=O,sweet
COc1ccccc1OC(=O)Cc1ccccc1,undefined
CC(=O)OC1=C(C)OC(C)C1=O,sweet
C=CCOC(=O)c1ccco1,undefined
O=Cc1cc2ccccc2o1,bitter
CCCCCCCOC(=O)CCCCCCC,undefined
C=CC(=O)CCCCC,undefined
CC(C)c1ccc(CC=O)cc1,undefined
CCCCC1OC(=O)c2ccccc21,undefined
CCC(=O)OC1CCCCC1,sweet
CCCCCC(=O)OCCc1ccccc1,sweet
CC(C)Cc1ccccn1,undefined
CCCCCCCCCCCC(=O)OCCC(C)C,undefined
C=Cc1ccc(OC)c(OC)c1,undefined
CC(C)=CCCC(C)CCOCC=O,sweet
CC(C)=C(C)C(=O)OCc1ccccc1,undefined
CCCOC(C)OCCc1ccccc1,undefined
CCCCCCCCC(=O)C(C)=O,undefined
C=CCOC(=O)CCCC1CCCCC1,undefined
C=CCOC(=O)CCCCCC1CCCCC1,undefined
C=CCOC(=O)CCCCC1CCCCC1,undefined
C=CCOC(=O)C(CC)CC,undefined
C=CCOC(=O)CCCCCCCC,sweet
C=CCCCCCCCCC(=O)OCC=C,undefined
CCCCCCC(=O)OCCCCC,undefined
CCCCC(=O)OCCC(C)CCC=C(C)C,undefined
CCC(=O)OCc1ccc(OC)cc1,undefined
CCCCCCCC(OC)OC,undefined
CCCCCCCCCCCC(=O)Oc1ccc(C)cc1,sweet
C=CC(C)(CCC=C(C)C)OC(=O)CCCCCCC,sweet
CC(C)C(=O)OC(C)(C)CCc1ccccc1,sweet
CCCC(=O)OC(CC)c1ccccc1,undefined
CCC(CC)COC(C)=O,sweet
CCOC(=O)CCc1ccco1,sweet
CCCCCCC#CC(=O)OCC,undefined
CCOC(=O)CCCc1ccccc1,sweet
CCCCCCC(OC)OC,undefined
CCCCCCOC(=O)CC(C)C,sweet
CCCCCCC1CC(OC(C)=O)CO1,sweet
CC(C)(Cc1ccccc1)OC=O,undefined
CCOC(=O)CCC1CCCCC1,sweet
CCC(C)(O)CCc1ccccc1,sweet
CC(=O)OC(C)CCc1ccccc1,undefined
C=C(C)CCCC(C)CCOC(=O)Cc1ccccc1,undefined
OCCCCCc1ccccc1,undefined
CCCCCCCCC#CC(=O)OC,undefined
CC(=O)c1cc(C)oc1C,sweet
CC(=O)c1cc(C(C)(C)C)cc2c1CCC2(C)C,undefined
CCOCc1ccc(O)c(OC)c1,sweet
CCOC(=O)CCSC,undefined
CC1CC(=O)C(=O)C1C,sweet
CC1CC(C)C(=O)C1=O,sweet
COC(=O)CCSC,sweet
Cc1nc(C)c(C)s1,undefined
CCC(=O)CSC,undefined
CSc1ccc(C)o1,undefined
CC(C)CC(=O)OCc1ccco1,undefined
c1coc(CSCc2ccco2)c1,undefined
CC(=O)SCc1ccco1,undefined
COCc1ccco1,undefined
CSC(=O)c1ccco1,undefined
Cc1ccc(C=O)s1,sweet
CC1SCCC1=O,undefined
C=CC1(C)CCC(C(=C)C)O1,undefined
Cc1cccc2nccnc12,undefined
O=[Si]([O-])[O-],undefined
Cc1cnc(C(C)C)cn1,undefined
CC(C)Cc1cccnc1,undefined
CCCCCC(=O)c1ccco1,sweet
C=CCCCCCCCC(=O)O,undefined
CCC(C)C1CCCCC1=O,undefined
C=C(C)C1CC=C(COC(C)=O)CC1,undefined
C=C(COC(C)=O)C1CC=C(C)CC1,sweet
Cc1csc(C(C)C)n1,undefined
CCOc1nccs1,undefined
CCCCOC(=O)C(C)CC,undefined
Cc1ccc(C=O)c(C)c1,undefined
CCC(S)CS,undefined
CCCCCCCC1CC=CC(=O)O1,undefined
CCCCCCC1CCCCC(=O)O1,sweet
CSC(C)CC=O,undefined
CCCCCC=CCCC=O,undefined
CC(C)CC(=O)OC(C)C,undefined
CCc1nccnc1C(C)=O,undefined
CSCCC(C)=O,sweet
C=CCSSSC,undefined
CC1=CC2=CC(=O)CCC2CC1,undefined
CC(=O)CCS,undefined
CC(C)=C1CCC2(C)OC2C1=O,undefined
SCCc1cnccn1,undefined
Cc1ncc2c(n1)CSC2,undefined
CC1=CCCC(C)(C)C12CCC(C)O2,undefined
Cc1ccccc1OC(=O)C(C)C,undefined
CCCCC(=O)OCc1ccco1,sweet
COc1cnc(C)s1,undefined
CC1OCCC12SC1CCOC1(C)S2,undefined
CCNc1ccccc1C(=O)OCC,undefined
CC1CCC(C(C)(C)S)C(=O)C1,undefined
CCCCCCOC(=O)c1ccco1,sweet
CCCCCCCC(=O)OCc1ccco1,sweet
CCn1cccc1C(C)=O,undefined
CCCCCCCC1CC(C)OC1=O,undefined
C=CCSC(=O)CC,sweet
CC(C)=CC(=O)OCCc1ccccc1,sweet
CSCCCC=O,undefined
CCOC(=O)c1ccoc1-c1ccccc1,undefined
CCCC(CCOC(C)=O)SC,undefined
COC1OC(COC(C)CO)C(OC(C)CO)C(OC(C)CO)C1OC(C)CO,sweet
CC(=O)OC1(C(C)=O)CCCCC1,sweet
C=CCC(C)C(=O)OCC,sweet
CCc1nc(C)c(C)o1,undefined
CCCCCCCCOC1OC(CO)C(O)C(O)C1O,sweet
CC(O)C(C)S,undefined
CCCCC(C)CCC(=O)O,undefined
CC(O)C(C)SC(C)C(C)S,undefined
Cc1ccc(OC(=O)CC(C)C)cc1,sweet
C=C(C)C1CCC(C)C1C=O,undefined
CC(=O)CCc1ccc2c(c1)OCO2,sweet
CC1(O)CSC(C)(O)CS1,undefined
Cc1cc(SC(=O)c2ccco2)c(C)o1,undefined
CC(=O)OC12CCCC(C)(CCC3C1CC3(C)C)C2,undefined
CC1OCCC1S,undefined
CSSCc1ccco1,undefined
CCC(=O)SCc1ccco1,undefined
O=CSCc1ccco1,undefined
SCc1cnccn1,undefined
CCCCCC(CO)C(C)=O,sweet
C=C=CC(C)C(=O)OCC,sweet
CCCCC(=O)C(CCC)Sc1ccoc1C,undefined
Cc1occc1SC(C(=O)CC(C)C)C(C)C,undefined
CC(O)COC(C)CO.CC(O)COC(C)CO.CC(O)COC(C)CO.CC(O)COC(C)CO.COC1OC(CO)C(O)C(O)C1O,sweet
Nc1ccccc1C(=O)Oc1ccc2ccccc2c1,undefined
C=C(CCCCC)C(C)=O,undefined
CCC(S)C(C)=O,undefined
CCC(C)(C)C1CCCCC1OC(C)=O,sweet
COC1OC(COCCO)C(OCCO)C(OCCO)C1OCCO,sweet
C=CC(C)(CCC=C(C)C)OC(=O)CCC,sweet
CC(S)C(=O)O,undefined
Cc1c([N+](=O)[O-])c(C)c([N+](=O)[O-])c(C(C)(C)C)c1[N+](=O)[O-],undefined
O=C(OCCc1ccccc1)c1ccccc1O,undefined
CCOC(=O)C(O)C(O)C(=O)OCC,undefined
COC(OC)C(C)c1ccccc1,undefined
COc1cc(CO)ccc1O,sweet
CC1CCC(C(C)C)OC(=O)C1,undefined
CSCCCN=C=S,undefined
C=CCc1ccc(OC(=O)c2ccccc2)c(OC)c1,undefined
CC(C)C12CCC(C)(O)C1C2,undefined
CC1=CC(=O)CC(C)(C)C1=O,sweet
COC(OC)c1ccccc1,undefined
CCCCCC1=C(C)CCC1=O,undefined
CC1COC(C)(C)O1,undefined
C=C(C)c1ccc(C)cc1,undefined
CCCC(C)S,undefined
CCCCCOC(=O)CCCC,undefined
C=CCSSC,undefined
CCCC(=O)SC,undefined
CCC(C)COC(=O)CC(C)C,undefined
C=Cc1ccc(O)cc1,sweet
CCc1ccc(O)c(OC)c1,undefined
CCOC(=O)C(CC)Cc1ccccc1,undefined
CCC(O)C(C)=O,undefined
c1ccc(CCCC2CCCO2)cc1,sweet
Cc1ncsc1C,undefined
CCC(=O)C(=O)CC,undefined
CC(C)OC(=O)Cc1ccccc1,sweet
CCOC(=O)CC(C)O,undefined
CC(C)CC(=O)OCCCc1ccccc1,undefined
CC(C)C(=O)OCc1ccc2c(c1)OCO2,undefined
CCCCC1CCCCC(=O)O1,sweet
CCCCCCCOC(=O)CCC,sweet
CC(C)c1ccc(CCC=O)cc1,undefined
CC(C)CC(O)Cc1ccccc1,undefined
CC(C)Cc1nccs1,undefined
CCC1=C(O)C(=O)CC1,sweet
CC1=C(O)C(=O)OC1C,sweet
CCCCOC(C)OCCc1ccccc1,undefined
C=C(C)c1cnccn1,undefined
CCCCCCCCOC(=O)c1ccco1,undefined
CCCC(C)C(=O)OCC,undefined
COC(=O)C(O)CC(C)C,sweet
CC(C=O)CCc1ccccc1,sweet
CCC1CCC(CC)O1,sweet
CC1(C)C2CCC1(C)C(O)C2,undefined
O=C1c2ccccc2S(=O)(=O)N1Br,sweet
CCC(=O)c1nccs1,undefined
CC(=O)C1(C)CC=C(C)CC1,undefined
CCCC(CCO)SC,undefined
COC(=O)CCCSC,undefined
CC1CCC2C(C)(C)C3CC12CCC3(C)O,sweet
CC1=CC(=O)C2CC1C2(C)C,undefined
CCCCC(=O)c1ccccc1,undefined
Cc1ccc(N(CC2=NCCN2)c2ccc(O)cc2)cc1,bitter
C=CCSC,undefined
CCOc1ccc2c(C)cc(=O)oc2c1,undefined
COc1cc(O)c(C(C)=O)c(OC)c1,undefined
CCCCCCCCOC(=O)c1ccccc1,undefined
Cc1c([N+](=O)[O-])cc2c(c1[N+](=O)[O-])C(C)(C)CC2(C)C,undefined
CCOc1ccc(C=O)cc1OC,sweet
CCCCC(=O)OCCC,undefined
Cc1c(C)c([N+](=O)[O-])c(C(C)(C)C)c([N+](=O)[O-])c1C,undefined
C1SSCSSS1,undefined
C=CCc1ccc(O)cc1,undefined
c1ccc(N=NC(=NNc2ccccc2)c2ccccc2)cc1,sweet
CC(C)=CCCc1ccoc1,undefined
C=CC(C)(C)C(=O)C=C(C)C,undefined
COc1ccccc1C(C)=O,undefined
O=C(Nc1ccccc1C(=O)O)c1ccccc1,undefined
CC(C)CN=C=S,undefined
CCCc1ccccn1,undefined
CCCCCCCOC(=O)CCCCCC,undefined
COC(=O)CCC(C)=O,undefined
CCCCCN=C=S,undefined
COc1ccc(C=O)c(O)c1,undefined
C=CCCCCO,undefined
COC1=CCCCC1,undefined
CC(C)COC(Cc1ccccc1)OCC(C)C,sweet
CCC(=O)c1ccc2c(c1)N(CC(C)N(C)C)c1ccccc1S2,bitter
Nc1nc(N)c2ncn(C3OC(CO)C(O)C3O)c2n1,sweet
COc1cc2c3cc1OCc1c(O)c(OC)cc4c1C(Cc1ccc(cc1)Oc1cc(ccc1O)CC3N(C)CC2)N(C)CC4,bitter
CSC(C)=O,undefined
CCCCCOC(=O)c1ccco1,undefined
C=CCCCOC(C)=O,undefined
C=CCCC(=O)OCC,undefined
CCCCC(=O)OCCC(C)C,undefined
CC(=O)OCc1ccc(C)cc1,sweet
CC(C)N=C=S,undefined
CCCCCCCCCC(=O)OCCC(C)C,sweet
CCCCCC(=O)SC,undefined
C=CCSSSSCC=C,undefined
Cc1sccc1S,undefined
CSc1nccnc1C,undefined
O=CC(O)C(O)C(O)C(O)C(O)CO,sweet
C=CCCN=C=S,undefined
CCSSSCC,undefined
O=CCS,undefined
Cc1cnc(C)s1,undefined
C=Cc1cnccn1,undefined
CC(C)SSC(C)C,undefined
CCCCCCN=C=S,undefined
SCCc1ccccc1,undefined
CSCCCCN=C=S,undefined
CCOC(=O)CSC,undefined
CCCCCCOC,sweet
C=C(C)CCOC(C)=O,undefined
CSCCO,undefined
CC1=C(O)C(=O)C(C(C)C)CC1,undefined
OC1C2COC(O2)C(O)C1O,sweet
CC(C)CCN=C=S,undefined
CCCC(=O)c1cccs1,undefined
C=CCCCCCCCCC(=O)OCC(C)C,undefined
C1=NCCC1,undefined
CSSSSC,undefined
CCc1ccc(OC)c(OC)c1,undefined
CSC(=O)c1ccccc1,undefined
CC(C)SSSC(C)C,undefined
O=[N+]([O-])CCc1ccccc1,undefined
CCCCCCCCCCCCOC(=O)CC,undefined
SCc1cccs1,undefined
CCOCc1ccco1,sweet
CCOC(Cc1ccccc1)OCC,sweet
C=CCOC(=O)CCCC,undefined
COc1cc(C(C)C)ccc1C,undefined
CCCCCCCCC(=O)OCCCCCC,undefined
COc1ccc(C)cc1C,undefined
CCCCC(=O)OCCc1ccccc1,undefined
Sc1ccsc1,undefined
COC(=O)c1ccccc1N(C)C,undefined
COC1C(CO)OC(n2cnc3c(N)ncnc32)C1O,sweet
CCCCCCCCCC(=O)OCCCCCC,undefined
CC(C)CCOC(C)OCCC(C)C,undefined
CC(=O)OC1OC(CO)C(OC(C)=O)C(OC(C)=O)C1OC(C)=O,sweet
COC1C(O)C(O)OC(CO)C1O,sweet
CC(=O)c1sccc1C,undefined
COC1OC(CO)C(O)C(OC)C1OC,sweet
CSSc1ccccc1,undefined
CC1C(=O)CC2CC1C2(C)C,undefined
CCCCCCCCCCCC(OC)OC,undefined
CC(C)=CCc1occc1C,undefined
CCc1nccs1,undefined
CCc1cnc(CC)s1,undefined
CCCc1nccnc1C,undefined
CSCCCOC(C)=O,undefined
CCCC(=O)OCCCSC,undefined
CCOC(CCSC)OCC,undefined
COC(=O)CSC,undefined
CC(C)(c1c(Cl)c(Cl)c(O)c(Cl)c1Cl)c1c(Cl)c(Cl)c(O)c(Cl)c1Cl,undefined
CC1=CC(=O)C(C)O1,undefined
CCCCC(=O)OC(C)(C)C1CC=C(C)CC1,undefined
OCCCC(O)CO,sweet
OCC1OC2OC3C(CO)OC(OC4C(CO)OC(OC5C(CO)OC(OC6C(CO)OC(OC7C(CO)OC(OC8C(CO)OC(OC9C(CO)OC(OC1C(O)C2O)C(O)C9O)C(O)C8O)C(O)C7O)C(O)C6O)C(O)C5O)C(O)C4O)C(O)C3O,undefined
CC(C)=CCC=C(C)C1CC=C(C)CC1,undefined
CC1=CCC23C(C)CCC(C(C)C)C2C13,undefined
CC(C)CC1OCC(C)O1,sweet
C=CC(C)(O)CCCC(C)C,undefined
CC1CC=C(C(C)(C)O)CC1,undefined
CC1=CCC(C(C)CO)CC1,undefined
CC(C=O)CC1=CCC(C(C)C)CC1,undefined
C=CCCCN=C=S,undefined
CCCc1cnccn1,undefined
CCCc1nc(C)cnc1C,undefined
CC1(C)OCC2(OCC(O)C(O)C2O)O1,sweet
CCCCCCc1cccs1,undefined
CCCCCCCCC(OC)OC,undefined
CC(=O)OC(C)CCC=C(C)C,undefined
CC(=O)CC(C)(C)S,undefined
CCCCCCOC(=O)CC,undefined
CCC(=O)OC1CC2CCC1(C)C2(C)C,undefined
CCCCCC(CC)OC(=O)CCC,undefined
C=CC1(C)CCC(C(C)C)=CC1C(=C)C,undefined
CC(=O)c1cc2c(cc1C)C(C)(C)C(C)CC2(C)C,undefined
CCCCCC1C=CC(=O)O1,undefined
C=CC(O)CCCCCC,undefined
COC(=O)C(Cc1ccccc1)NC(=O)CC(N)C(=O)O,sweet
CSC(=O)CC(C)C,undefined
CC1=C2CCC(C)C2CC(C(C)(C)O)CC1,undefined
CCOC(=O)C(C)SSC,undefined
CC1(S)CCC2CC1C2(C)C,undefined
C=C1CCC2C(C3C(C)CCC13)C2(C)C,undefined
C=C1CCCC2(C)CCC(C(C)(C)O)CC12,undefined
C=C(C)C1CCC2(C)OC2C1,undefined
C=CCOC1=NS(=O)(=O)c2ccccc21,sweet
CC(C)CCOCCc1ccccc1,undefined
CC1=C2C(CC1)C(C)CCC1C2C1(C)C,undefined
C=CC1(C)CCC(C(C)(C)O)CC1C(=C)C,sweet
CC(C)=CCCC(C)c1ccc(C)cc1,undefined
O=CNC(CC(=O)O)C(=O)NC(Cc1ccccc1)C(=O)O,sweet
CC(C)C1C=CC(=O)CC1,undefined
OCC1OC(OC2C(O)C(CO)OC2(CO)OC2OC(CO)C(O)C(O)C2O)C(O)C(O)C1O,sweet
CC(=O)C1CC=C(C)CC1,undefined
CC1OCC2OC(O)C(O)C(O)C2O1,sweet
C=C1CCC23C(C)CCC(C(C)C)C2C13,undefined
CCC1=C(O)C(=O)C(C)O1,sweet
CC(C)=CCCC1=CCC(C=O)CC1,undefined
CSCSSC,undefined
CSCCCCC#N,undefined
CCCCc1ncsc1C,undefined
C=C(C)C(CO)CC=C(C)C,undefined
Nc1ncnc2c1ncn2C1OC(CO)C(O)C1OP(=O)(O)O,sweet
CC(C)=CCCC1(C)C2CC3C(C2)C31C,undefined
CC1CCC2C1C1C(CCC2(C)O)C1(C)C,sweet
C=C(C)C1CCC(C)(O)C(O)C1,undefined
C=C(C)C1CCC(C)CC1OC(C)=O,sweet
CCCCCCC1OC(C)C(C)O1,undefined
COc1cc(C=O)cc(-c2cc(C=O)cc(OC)c2O)c1O,undefined
C=CCc1cc2c(cc1OC)OCO2,undefined
CCOC(=O)CC1(C)OCC(C)O1,undefined
CCCCCCCCCC1OCC(C)O1,undefined
CC(O)C(=O)NCCO,undefined
CCCCCCCCC1OCC(C)O1,undefined
CCCCCOC(=O)CC(C)C,undefined
Nc1ncnc2c1nc(N)n2C1OC(CO)C(O)C1O,sweet
O=CC(=O)C(O)C(O)C(O)CO,sweet
CCCCCCC=CC(=O)O,undefined
COC(=O)C(Cc1ccccc1)NC(C)=O,sweet
CCOC(C)OC(C)=O,undefined
CCCC(=O)OC1CC2CCC1(C)C2(C)C,undefined
CCCCCCC(C)OC(C)=O,undefined
C=CCSCC(N)C(=O)O,undefined
OC1CSC(O)CS1,undefined
CCC(C)CCCO,undefined
CC1COC(C(C)C)O1,undefined
CCCCCOC(=O)Cc1ccccc1,undefined
CC1=CCC(CC=O)C1(C)C,undefined
C=CCSCCC,undefined
O=C(CO)C(O)C(O)C(=O)CO,sweet
C=C(C)C1CC(=O)C2(C)OC2C1,undefined
CC(NC(=O)CN)C(=O)NC(Cc1ccccc1)C(=O)O,sweet
C=CC(C)(C)C(O)C=C(C)C,undefined
Nc1ncnc2c1nc(Cl)n2C1OC2COP(=O)(O)OC2C1O,sweet
CCCC1CCOC(C)S1,undefined
CC1(C)CCCC(C)(O)C1=O,sweet
CC1=CC(C)C(C=O)C(C)C1,undefined
CCOC(=O)c1ccccc1NC,sweet
CCOC(=O)C(C)(O)CC,undefined
CC1OC(OCC2OC(O)C(O)C(O)C2O)C(O)C(O)C1O,sweet
CC1CC23CCCN4CCCC(C(=O)CC2)C43C1,bitter
OCC(O)C(O)C(O)C(O)C(O)CO,sweet
C=C(CCC=C(C)C)C1CC=C(CCC=C(C)C)CC1,undefined
O=C1CC(c2ccc(O)c(O)c2)Oc2c1ccc(OC1OC(CO)C(O)C(O)C1O)c2O,sweet
CC12C=CCC1C1CCC3CC(O)CCC3(C)C1CC2,undefined
O=CCC(O)C(O)C(O)CO,sweet
OCC1OC(CO)(OCC2OC(OC3(CO)OC(CO)C(O)C3O)C(O)C(O)C2O)C(O)C1O,sweet
C=CC1(C)CCC(=O)O1,undefined
CC(=O)CCCC(C)CCC=C(C)C,sweet
CC(C)=CCCC(C)(O)C1CO1,undefined
COC1CC(C)CCC1C(C)C,undefined
C=C1C(O)CC2CC1C2(C)C,undefined
CCCCCC1C(=O)CCC1CC(=O)OC,undefined
CCCCC(CC)C(=O)OCC,undefined
CC1COC(C)O1,undefined
CC1C2CC(CC2C2CCCC(O)C2)C1(C)C,sweet
CCOc1cncc(C)n1,undefined
CCCc1nc(C)c(C)o1,undefined
CC(=O)c1ncc(C)nc1C,undefined
CC(=O)c1nc(C)cnc1C,undefined
CCOc1cnc(C)cn1,undefined
CSSC(C)(C)C=O,undefined
CC(C)CCOC(=O)CC(S)C(=O)OCCC(C)C,undefined
CCCCCCC1OC(=O)CC1C,undefined
COC(OC)C(C)(C)CC=C(C)C,undefined
CCC1(O)C2(C)CCC(C2)C1(C)C,undefined
CCCCCOC(=O)C(C)CC,undefined
OCC1OC(OC2C(O)C(O)C(O)C(O)C2O)C(O)C(O)C1O,sweet
C=C(C)C1CCC(C)C2=C(C1)C(C)CC2,sweet
CC1(C)CCCC2(C)C1CCC1(C)OCCC12,sweet
CC(=O)OC1C2(C)CCC(C2)C1(C)C,sweet
CC1CC(C)(c2ccccc2)OC(C)O1,undefined
OCC1OC2(COC3(CO2)OC(CO)C(O)C3O)C(O)C1O,sweet
COC1OC(CO)C(O)C(O)C1OC,sweet
CCCCCCCCC=CCCCCCCCC(=O)OCC(COC(C)=O)OC(C)=O,undefined
CCCCCCC(CC)OC(C)=O,undefined
CC(=O)Sc1cc(C)oc1C,undefined
CC(=O)Sc1ccoc1C,undefined
CC(C)=CCCC1(C)OCC(C)O1,undefined
CC1CCC2CC1SC2(C)C,undefined
COc1cc(C2OCC(C)O2)ccc1O,sweet
CCOc1cc(C2OCC(C)O2)ccc1O,sweet
CC(C)=CCCC(C)CCOC(=O)c1ccccc1N,sweet
O=C1NS(=O)(=O)c2cccc(S(=O)(=O)O)c21,sweet
CC(C)=CCOC=O,undefined
CCC(=O)Oc1c(C)occc1=O,sweet
OCC(O)CCC(O)CO,sweet
CC(C)CCCC(C)CC=O,undefined
CCCCC(=O)OC1CC2CCC1(C)C2(C)C,undefined
CC1=CCC(C(C)CC=O)CC1,sweet
CCCCCC(O)CC(=O)OCC,undefined
CC(=O)OC(C)(C)C1CC=C(C)CC1,sweet
CCCCOC1OC(CO)C(O)C(O)C1O,sweet
COCC1OC(O)C(OC)C(OC)C1OC,sweet
C=C(C)C1C=CC(C)(O)CC1,undefined
COC1OC(CO)C(OC2OC(CO)C(O)C(O)C2O)C(O)C1O,sweet
CC(C)=CCCC(C)CCOC(=O)CC(C)C,undefined
C=CC(C)(CCC=C(C)C)OC(=O)CCCC,undefined
CCC(C)COC(=O)C=C(C)C,undefined
CC1CC(C)(c2ccccc2)CO1,undefined
CCCOC1OC(CO)C(O)C(O)C1O,sweet
CCCCCOC1OC(CO)C(O)C(O)C1O,sweet
CCCCCCCOC1OC(CO)C(O)C(O)C1O,sweet
CCCCCCCCCOC1OC(CO)C(O)C(O)C1O,sweet
COCCOc1ccc([N+](=O)[O-])cc1N,sweet
CCCCCC(=O)OCCC(C)CCC=C(C)C,undefined
Oc1ccc(CC2NCCc3cc(O)c(O)cc32)cc1,sweet
[N-]=[N+]=Nc1nc2c(N)ncnc2n1C1OC2COP(=O)(O)OC2C1O,sweet
O=S(=O)([O-])NC1CCCCC1.O=S(=O)([O-])NC1CCCCC1.[Ba+2],sweet
CC1=CCC(C)C(C)C12C=CC(C)O2,undefined
CC1(C)C2CCC1(C)C(OC(=O)c1ccccc1)C2,undefined
CCOC(=O)CCC(C)C,undefined
CC1OC(COC2OC(O)C(O)C(O)C2O)C(O)C(O)C1O,sweet
CC(C)C1CCC2CC(=O)CCC2C1,undefined
COC(C(=O)CO)C(O)C(O)CO,sweet
COC(=O)C(Cc1ccccc1)NC(=O)C(CC(=O)O)NC=O,sweet
CCCCCCOC(CCCCC)OCCCCCC,undefined
CC(C)=CC(=O)SC(C)C,undefined
CC(C)CC=NCCC(C)C,undefined
C=CCCCCCCCC(C)=O,undefined
CCOc1ccc(NC(=O)N(C)C)cc1,sweet
CO.COc1ccc(C2CC(=O)c3c(O)cc(OC4OC(COC5OC(C)C(O)C(O)C5O)C(O)C(O)C4O)cc3O2)cc1O,sweet
CCCCC(NC=O)C(=O)NC(CC(C)C)C(=O)NC(Cc1ccccc1)C(=O)O,sweet
CC1=CCC(C2(C)CO2)CC1,undefined
C=C1C(O)CC23CC1C(C)(C)C2CCC3C,sweet
OC1OC(CF)C(O)C(O)C1O,sweet
COc1c(OC2OC(CO)C(O)C(O)C2O)cc2oc(-c3ccc(O)c(O)c3)cc(=O)c2c1O,sweet
CCOC1OC(CO)C(O)C(O)C1O,sweet
Cc1ccc2c(c1)C=CCC2(C)C,undefined
CCc1nc(C)oc1C,undefined
C=C1C(=O)CC2CC1C2(C)C,undefined
[N-]=[N+]=Nc1nc2c(N)ncnc2n1C1OC(COP(=O)(O)OP(=O)(O)O)C(O)C1O,sweet
CC(O)C(O)CC(O)CO,sweet
CC1OC(OC2C(OC3C(OC4CCC5(C)C(CCC6(C)C5CC=C5C7CC(C)(C)CC(O)C7(C)CCC56C)C4(C)CO)OC(C(=O)O)C(O)C3O)OC(CO)C(O)C2O)C(O)C(O)C1O,sweet
O=CC(O)C(F)C(O)C(O)CO,sweet
OCC1OC(OC2C(O)C(CO)OC(OC3C(O)OC(CO)C(O)C3O)C2O)C(O)C(O)C1O,sweet
CSCS,undefined
CC(C)C1C=CC(C)(O)CC1,undefined
CCCc1ncc(C)nc1C,undefined
Nc1nc(Cl)nc2c1ncn2C1CC(O)C(COP(=O)(O)OP(=O)(O)OP(=O)(O)O)O1,sweet
CCOc1nccnc1C,undefined
COc1ccc(N)cc1[N+](=O)[O-],sweet
CCSSC,undefined
[N-]=[N+]=Nc1nc(N)c2ncn(C3OC(COP(=O)(O)OP(=O)(O)OP(=O)(O)O)C(O)C3O)c2n1,sweet
[N-]=[N+]=Nc1nc(N)c2ncn(C3OC(COP(=O)(O)OP(=O)(O)O)C(O)C3O)c2n1,sweet
Nc1ncnc2c1ncn2C1OC(COP(=O)(O)OP(O)(=S)OP(=O)(O)O)C(O)C1O,sweet
Nc1ncnc2c1ncn2C1OC(COP(=O)(O)OP(=O)(O)OP(=O)(O)O)C(O)C1O.[Mn+2],sweet
C=C1CC23CCC4C(C)(C(=O)OC5OC(CO)C(O)C(O)C5O)CCCC4(C)C2CC(OC2OC(CO)C(O)C(OC4OC(CO)C(O)C(O)C4O)C2OC2OC(CO)C(O)C(O)C2O)C1C3,sweet
O=CC(O)C(I)C(O)C(O)CO,sweet
[N-]=[N+]=Nc1nc2c(N)ncnc2n1C1OC(COP(=O)(O)O)C(O)C1O,sweet
[N-]=[N+]=NC1C(COP(=O)(O)O)OC(n2cnc3c(N)ncnc32)C1O,sweet
[N-]=[N+]=NC1C(COP(=O)(O)OP(=O)(O)OP(=O)(O)O)OC(n2cnc3c(N)ncnc32)C1O,sweet
Nc1ncnc2c1nc(Br)n2C1CC(O)C(COP(=O)(O)O)O1,sweet
COC1OC(COC2OC(CO)C(O)C(F)C2O)C(O)C(O)C1O,sweet
COC(CCCOC1C(CO)OC(OC)C(O)C1O)OC1OC(OC)C(O)C(O)C1O,sweet
C=CCCCCCCCCCC(=O)O,undefined
COC1OC(CO)C(O)C(O)C1OC1OC(C)C(O)C(O)C1O,sweet
OCC(O)C1OC(O)C(O)C(O)C1O,sweet
CC=C(C)C(=O)O,sweet
COC1OC(C)C(O)C(OS(=O)(=O)O)C1OC1OC(C)C(O)C(O)C1O,sweet
Nc1ncnc2c1ncn2C1OC(COP(=O)(O)O)C(O)C1F,sweet
Nc1ncnc2c1ncn2C1OC(COP2(=O)NCCCO2)C(O)C1O,sweet
Nc1ncnc2c1ncn2C1OC(COP(=O)(O)OP(=O)(O)OP(=O)(O)O)C(O)C1F,sweet
Nc1nc(F)nc2c1ncn2C1OC(COP(=O)(O)OP(=O)(O)OP(=O)(O)O)C(O)C1O,sweet
CC1=CC2OCC(C)C2CC1,undefined
COC1OC(CO)C(OC2OC(CCO)C(O)C(O)C2O)C(O)C1O,sweet
Nc1ncnc2c1ncn2C1OC(COP(=O)(O)C(Br)P(=O)(O)OP(=O)(O)O)C(O)C1O,sweet
OCC1OC(CO)(OCC2OC(O)C(O)C(O)C2O)C(O)C1O,sweet
CC(O)C(C)OC1OC(CO)C(O)C(O)C1O,sweet
O=CC(O)C(O)C(O)C(O)COS(=O)(=O)O,sweet
OCC1OC(OCC2OC(OCC3CO3)C(O)C(O)C2O)C(O)C(O)C1O,sweet
OCC1OC(OC2(CO)OC(CO)C(O)C2O)C(O)CC1O,sweet
OCC1OC(OC2(CO)OC(CO)C(O)C2O)C(O)C(F)C1O,sweet
O=CC(O)C(O)C(O)C(O)CO[As](=O)(O)O,sweet
CCCOC1OC(C)C(O)C(OC)C1OC1OC(C)C(OC2OC(COC)C(O)C(OC)C2O)C(OC)C1OC,sweet
CC(C)CC(NC(=O)CN)C(=O)NC(Cc1ccccc1)C(=O)O,sweet
OCC1OC(OC2C(CO)OC(OCCC3CO3)C(O)C2O)C(O)C(O)C1O,sweet
COc1ccc(C2CC(=O)c3c(cc(O)cc3OC3OC(CO)C(O)C(O)C3O)O2)cc1O,sweet
COC1OCC(OC2OCC(O)C(O)C2O)C(O)C1O,sweet
OCC1OC(OC2C(O)C(O)OC(CO)C2O)C(O)C(O)C1O,sweet
COC1OC(COC2OC(CO)C(O)C(O)C2O)C(O)C(O)C1O,sweet
COC1OC(CO)C(O)C(OC2OC(CO)C(O)C(O)C2O)C1O,sweet
CCCCCCCCCCCCCCCCCCOCC(COC1OC(CO)C(O)C(O)C1O)OC,sweet
COC1OC(CO)C(OC2OC(CO)C(O)C(O)C2O)C(O)C1OC1OC(C)C(O)C(O)C1O,sweet
OCC(O)C1OC(OC(CO)C2OC(O)C(O)C2O)C(O)C1O,sweet
OCC(O)C(O)C(O)C(O)CO.OCC(O)CO,sweet
Nc1ncnc2c1ncn2C1OC(COP2(=O)OCCCO2)C(O)C1O,sweet
Nc1nc(N)c2ncn(C3CC(O)C(COP(=O)(O)OP(=O)(O)OP(=O)(O)O)O3)c2n1,sweet
CCCCCOC1(CO)OCC(O)C(O)C1O,sweet
NP(=O)(O)ONc1ncnc2c1ncn2C1OC(CO)C(O)C1O,sweet
OCCC(O)C(O)C(O)CO,sweet
NCC(=O)NC(CO)C(=O)NC(Cc1ccccc1)C(=O)O,sweet
SCS,undefined
OCC1OC(O)C(O)C(O)C1OC1OC(O)C(O)C(O)C1CO,sweet
CC(S)c1ccccc1,undefined
CC(=O)CC(=O)OCc1ccccc1,sweet
CC(C)C(N)C(=O)NC(Cc1ccccc1)C(=O)O,sweet
CC(C)=CCS,undefined
CCCOC1OC(CO)C(OC2OC(CO)C(O)C(O)C2O)C(O)C1O,sweet
COP(O)(=S)OCC1OC(n2cnc3c(N)ncnc32)C(O)C1O,sweet
O=C(CO)C(=O)C(O)C(O)CO,sweet
COc1ccc(C2CC(=O)c3c(O)cc(OC4OC(CO)C(O)C(O)C4O)cc3O2)cc1O,sweet
COCC(O)C(O)C(O)C(O)C=O,sweet
O=CC(O)CC(O)C(O)CO,sweet
COc1ccc(OC(C)C(=O)O)cc1,undefined
COc1cc(CC=O)ccc1O,undefined
NCCCCC(N)C(=O)NC(Cc1ccccc1)C(=O)O,sweet
COC1OC(CO)C(OC(C)=O)C(OC(C)=O)C1OC(C)=O,sweet
COC(=O)C(Cc1ccccc1)NC(=O)C(N)Cc1ccccc1,sweet
O=CC(O)C(OS(=O)(=O)O)C(O)C(O)CO,sweet
C=C1CC23CCC4C(C)(C(=O)OC5OC(CO)C(O)C(O)C5O)CCCC4(C)C2CCC1(O)C3,sweet
C=CC1(C)CCC(C(C)C=O)O1,undefined
CC(O)COC1OC(CO)C(OC2OC(CO)C(O)C(O)C2O)C(O)C1O,sweet
CCCCC1OCC(C)O1,undefined
CC1OC(Oc2cc(O)cc3c2C(=O)C(OC2OC(C)C(O)C(O)C2O)C(c2ccc(O)c(O)c2)O3)C(O)C(O)C1O,sweet
COc1cc2oc(-c3ccc(O)c(O)c3)cc(=O)c2c(O)c1OC1OC(CO)C(O)C(O)C1OC1OC(CO)C(O)C(O)C1O,sweet
CC1OC(OC2C(=O)c3c(O)cc(O)cc3OC2c2cc(O)c(O)c(O)c2)C(O)C(O)C1O,sweet
O=C1CC(c2ccc(O)c(O)c2)Oc2cc(OC3OCC(OC4OCC(O)C(O)C4O)C(O)C3O)cc(O)c21,sweet
CC1(C)CC(O)C2(C)CCC3(C)C(=CCC4C5(C)CCC(OC6OC(C(=O)O)C(O)C(O)C6OC6OC(CO)C(O)C(O)C6O)C(C)(C)C5CCC43C)C2C1,sweet
CC1(C)CC(O)C2(C)CCC3(C)C(=CCC4C5(C)CCC(OC6OC(C(=O)O)C(O)C(O)C6OC6OC(CO)C(O)C(O)C6O)C(C)(CO)C5CCC43C)C2C1,sweet
C=C(C)C1CCC(C)=C1CC(C)(C)COC(=O)CC,undefined
COc1c(C)c(OC2OC(CO)C(O)C(O)C2O)cc2c1C(=O)CC(c1ccc(O)c(O)c1)O2,sweet
CC1(C)CCC2(C(=O)O)CCC3(C)C(=CCC4C5(C)CCC(OC6OC(C(=O)O)C(O)C(O)C6O)C(C)(CO)C5CCC43C)C2C1,sweet
COc1cc2oc(-c3ccc(OC4OC(CO)C(O)C(O)C4O)cc3)cc(=O)c2c(O)c1OC,sweet
CC(=O)OC1CC(C)(C(=O)O)CC2C3=CCC4C5(C)CCC(OC6OC(C(=O)O)C(O)C(O)C6OC6COC(O)C(O)C6OC6OC(C)C(O)C(O)C6O)C(C)(CO)C5CCC4(C)C3(C)CCC12C,sweet
CC1OC(OC2C(OC3C(OC4CCC5(C)C(CCC6(C)C5CC=C5C7CC(C)(C)CC(=O)C7(C)CCC56C)C4(C)CO)OC(C(=O)O)C(O)C3O)OCC(O)C2O)C(O)C(O)C1O,sweet
CC1(C)CCC2(C(=O)OC3OC(CO)C(O)C(O)C3O)CCC3(C)C(=CCC4C5(C)CCC(OC6OC(C(=O)O)C(O)C(O)C6OC6OC(CO)C(O)C(O)C6O)C(C)(C)C5CCC43C)C2C1,sweet
Nc1ncnc2c1ncn2C1OC(COP(=O)(O)OP(=O)(O)OP(=O)(O)O)C(O)C1O.[Fe],sweet
CC(C)=CCC1C(=O)C(C(=O)CC(C)C)=C(O)C(O)(CC=C(C)C)C1=O,bitter
OCC1OC(OC2(COC3(CO)OC(CO)C(O)C3O)OC(CO)C(O)C2O)C(O)C(O)C1O,sweet
CC1OC(O)C(O)CC1O,sweet
CC1=CC2C(C(C)C)CCC(C)(O)C2CC1,undefined
Nc1ncnc2c1nc(Br)n2C1OC(CO)C(O)C1OP(=O)(O)O,sweet
CC1OC(OC2C(O)C(CO)OC(OC3C(CO)OC(O)C(O)C3O)C2O)C(O)C(O)C1O,sweet
COC1C(O)C(COP(=O)(O)O)OC1n1cnc2c(N)ncnc21,sweet
COC1C(C)OC(O)C(OC)C1(C)OC,sweet
CCc1sc(C)nc1C,undefined
C=CCCCCCCCC=O,undefined
COC(=O)c1ccccc1NC=O,undefined
C=C1CC23CCC4C(C)(C(=O)O)CCCC4(C)C2CCC1(OC1OC(CO)C(O)C(O)C1O)C3,sweet
CC1(C(=O)O)CCC2(C)CCC3(C)C(=CC(=O)C4C5(C)CCC(OC6OC(C(=O)O)C(O)C(O)C6OC6OC(C(=O)O)C(O)C(O)C6O)C(C)(C)C5CCC43C)C2C1.[Zn],sweet
CC1(C(=O)O)CCC2(C)CCC3(C)C(=CC(=O)C4C5(C)CCC(OC6OC(C(=O)O)C(O)C(OC7OC(C(=O)O)C(O)C(O)C7O)C6O)C(C)(C)C5CCC43C)C2C1,sweet
CC1OC(OC2C(OC3C(OC4CCC5(C)C(CCC6(C)C5CC=C5C7CC(C)(C)CC(=O)C7(C)CCC56C)C4(C)CO)OC(C(=O)O)C(O)C3O)OC(CO)C(O)C2O)C(O)C(O)C1O,sweet
CC1=C(O)C(=O)CC(OC2CC(C)(C)CC3C4=CCC5C6(C)CCC(OC7OC(C(=O)O)C(O)C(O)C7OC7OC(CO)C(O)C(O)C7OC7OC(C)C(O)C(O)C7O)C(C)(CO)C6CCC5(C)C4(C)CCC23C)O1,sweet
O=C1CC(c2ccc(O)c(OC3OC(CO)C(O)C(O)C3O)c2)Oc2cc(OC3OC(CO)C(O)C(O)C3O)ccc21,sweet
O=C(C=Cc1ccc(O)c(O)c1)c1ccc(OC2OC(CO)C(O)C(O)C2O)c(O)c1O,sweet
O=CC(O)C(=O)C(O)C(O)CO,sweet
CSCCCCCCN=C=S,undefined
OCC(O)C(O)C(O)C(O)CO.[Al+3],sweet
CC12CCCC(C)(CC1)C2=NO,undefined
CC(O)C(O)C(O)CO,sweet
Nc1ncnc2c1ncn2C1OC(COP(=O)(O)OP(=O)(O)OP(=O)(O)O)C([O-])C1[O-].[Cu+2],sweet
Nc1ncnc2c1nc(Br)n2C1OC(COP(=O)(O)O)C(O)C1O,sweet
COc1ccc(-c2cc(=O)c3c(O)c(OC)c(OC4OC(COC5OC(C)C(O)C(O)C5O)C(O)C(O)C4O)cc3o2)cc1,sweet
CC(=O)C1=NCCS1,undefined
Nc1ncnc2c1nc(N)n2C1OC2COP(=O)(O)OC2C1O,sweet
C=C(C)CCCC(C)CO,undefined
C=CC(O)CCCCCCC,undefined
Nc1ncnc2c1ncn2C1OC(COP(O)(=S)OP(=O)(O)O)C(O)C1O,sweet
CCCCOP(=O)(O)OC1C(CO)OC(n2cnc3c(N)ncnc32)C1O,sweet
CCCCCCOC1OC(CO)C(O)C(O)C1O,sweet
CC1OC(OC2C(OC3C(OC4CCC5(C)C(CCC6(C)C5CC=C5C7CC(C)(C)CC(O)C7(C)CCC56C)C4(C)CO)OC(C(=O)O)C(O)C3O)OCC(O)C2O)C(O)C(O)C1O,sweet
OCC(O)C(O)C(O)C(O)O,sweet
CCCCCC(=O)OCC=C(C)C,undefined
CC(C)=CCOC(=O)C(C)C,undefined
CCCCC1OC(=O)C2=C1CCC=C2,undefined
O=C1CC(c2cc(O)c(O)c(OC3OC(CO)C(O)C(O)C3O)c2)Oc2cc(O)cc(O)c21,sweet
Nc1ncnc2c1ncn2C1OC(COP(=O)(O)OP(=O)(O)CP(=O)(OCl)OCl)C(O)C1O,sweet
COP(=O)(O)OP(=O)(O)OCC1OC(n2cnc3c(N)ncnc32)CC1O,sweet
COP(=O)(O)OP(=O)(O)OP(=O)(O)OCC1OC(n2cnc3c(N)ncnc32)CC1O,sweet
CCCCCCCC(O)CCCC(=O)OCC(O)CO,undefined
CC1(C)CCC2(C(=O)O)CCC3(C)C(=CCC4C5(C)CCC(OC6OC(C(=O)O)C(O)C(O)C6O)C(C)(C)C5CCC43C)C2C1,sweet
C=C(C)C1=CC=C(C)CC1,undefined
CC1(C)CC(O)C2(C(=O)O)CCC3(C)C(=CCC4C5(C)CCC(OC6OC(C(=O)O)C(O)C(OC7OCC(O)C(O)C7O)C6O)C(C)(C)C5CCC43C)C2C1,sweet
CC1(C)CCC2(C(=O)O)CCC3(C)C(=CCC4C5(C)CCC(OC6OC(C(=O)O)C(O)C(OC7OC(CO)C(O)C(O)C7O)C6OC6OCC(O)C(O)C6O)C(C)(C)C5CCC43C)C2C1,sweet
CC1(C)CCC2(C(=O)O)CCC3(C)C(=CCC4C5(C)CCC(OC6OC(C(=O)O)C(O)C(OC7OC(CO)C(O)C(O)C7O)C6OC6OC(CO)C(O)C(O)C6O)C(C)(C)C5CCC43C)C2C1,sweet
CC1(C)CCC2(C(=O)O)CCC3(C)C(=CCC4C5(C)CCC(OC6OC(C(=O)O)C(O)C(OC(OCC(=O)O)C(O)C(=O)O)C6O)C(C)(C)C5CCC43C)C2C1,sweet
CC1(C)CCC2(C(=O)OC3OC(CO)C(O)C(O)C3O)CCC3(C)C(=CCC4C5(C)CCC(OC6OC(C(=O)O)C(O)C(OC(OCC(=O)O)C(O)C(=O)O)C6O)C(C)(C)C5CCC43C)C2C1,sweet
CC1(C)CC(=O)C2(C)CCC3(C)C(=CCC4C5(C)CCC(OC6OC(C(=O)O)C(O)C(O)C6OC6OC(CO)C(O)C(O)C6OC6OC(CO)C(O)C(O)C6O)C(C)(CO)C5CCC43C)C2C1,sweet
CC(C)OC1OC(CO)C(O)C(O)C1O,sweet
COc1cc(OC2OC(CO)C(O)C(O)C2O)c2c(=O)cc(-c3ccc(O)c(O)c3)oc2c1,sweet
O=c1cc(-c2ccc(O)c(O)c2)oc2cc(O)c(C3OC(COC4OC(CO)C(O)C(O)C4O)C(O)C(O)C3O)c(O)c12,sweet
C=CC(=O)CCCCCC,undefined
OCC1OC(O)(CO)C(O)C(O)C1O,sweet
O=C(CO)C(O)C(O)C(O)CO.OCC(O)C(O)C(O)CO,sweet
CC1(C)CCC2(C(=O)OC3OC(CO)C(O)C(O)C3O)CCC3(C)C(=CCC4C5(C)CCC(OC6OC(C(=O)O)C(O)C(O)C6O)C(C)(C)C5CCC43C)C2C1,sweet
COc1ccc(-c2cc(=O)c3c(O)c(OC)c(OC4OC(C)C(O)C(O)C4O)cc3o2)cc1,sweet
CC(N)(CC(=O)O)C(=O)NC(Cc1ccccc1)C(=O)O,sweet
CCC(C)C(=O)C1=C(O)C(O)(CC=C(C)C)C(=O)C(CC=C(C)C)C1=O,bitter
O=c1cc(-c2ccc(O)c(O)c2)oc2cc(OC3OC(CO)C(O)C(O)C3O)c(O)c(O)c12,sweet
COc1cc2oc(-c3ccc(O)c(O)c3)cc(=O)c2c(O)c1OC1OC(CO)C(O)C(O)C1O,sweet
CC1OC(OC2C(OC3C(OC4CCC5(C)C(CCC6(C)C5CC=C5C7CC(C)(C)CC(O)C7(C)CCC56C)C4(C)C)OC(C(=O)O)C(O)C3O)OC(CO)C(O)C2O)C(O)C(O)C1O,sweet
CC(O)C(O)C(O)CCO,sweet
O=CC(O)C(O)CC(O)CO,sweet
Nc1ncnc2c1ncn2C1OC(COP(=O)(O)OP(=O)(O)OP(=O)(O)O)C(OP(=O)(O)O)C1O,sweet
Nc1ncnc2c1nc(NCCO)n2C1OC2COP(=O)(O)OC2C1O,sweet
CC1OC(OC2C(OC3C(OC4CCC5(C)C(CCC6(C)C5CC=C5C7CC(C)(C)CC(O)C7(C)CCC56C)C4(C)CO)OC(C(=O)[O-])C(O)C3O)OC(CO)C(O)C2O)C(O)C(O)C1O,sweet
CCOC1C(O)C(COP(=O)(O)O)OC1n1cnc2c(N)ncnc21,sweet
Nc1ncnc2c1ncn2C1OC(COP(=O)(O)CCl)C(O)C1O,sweet
OCC1OC(O)C2OC2C1O,sweet
[N-]=[N+]=NC1C(O)C(COP(=O)(O)O)OC1n1cnc2c(N)ncnc21,sweet
Nc1nnnc2c1ncn2C1OC(COP(=O)(O)O)C(O)C1O,sweet
CC(C)c1nc(N)c2ncn(C3OC(COP(=O)(O)O)C(O)C3O)c2n1,sweet
COCCC(NC=O)C(=O)NC(CC(C)C)C(=O)NC(Cc1ccccc1)C(=O)OC,sweet
O=C(C(O)CO)C(O)C(O)C(O)CO,sweet
CC(=O)NC(Cc1ccccc1)C(=O)NC(CCCCN)C(=O)O,sweet
O=C1CC(c2ccc(O)c(O)c2)Oc2cc(OC3OC(CO)C(O)C(O)C3O)ccc21,sweet
OCC(O)C(O)C(O)C(F)CO,sweet
Nc1nc(Cl)nc2c1ncn2C1OC(COP(=O)(O)CP(=O)(O)O)C(O)C1O,sweet
OCC1OC(CO)(OC2OCC(O)C(O)C2O)C(O)C1O,sweet
OCC(O)COC1OC(CO)C(O)C(O)C1O,sweet
OCC(O)C(O)C(OC1OC(CO)C(OC2OC(CO)C(OC3OC(CO)C(O)C(O)C3O)C(O)C2O)C(O)C1O)C(O)CO,sweet
Nc1ncnc2c1ncn2C1OC(COP(=O)(O)OP(=O)(O)OP(=O)(O)OP(=O)(O)OP(=O)(O)O)C(O)C1O,sweet
CC(=O)C1(C)CC2(O)OC(C)(C(C)=O)OC2(C)O1,undefined
Nc1ncnc2c1ncn2C1OC(COP(=O)(O)F)C(O)C1O,sweet
COC(OC)C(O)C1OCC(O)C1OC1OC(CO)C(O)C(O)C1O,sweet
Nc1ncnc2c1ncn2C1OC(COP(=O)(O)OP(=O)(O)O)C(OP(=O)(O)OP(=O)(O)O)C1O,sweet
OCC1OC(OCC2CO2)C(O)C(O)C1O,sweet
Nc1ncnc2c1ncn2C1OC(COP2(=O)OP(=O)(O)OP(=O)(O)O2)C(O)C1O,sweet
Nc1ncnc2c1ncn2C1OC(COP(=O)([O-])OP(=O)([O-])[O-])C(O)C1O.[Co+3],sweet
OCC1OC(OC2C(CO)OC(F)C(O)C2O)C(O)C(O)C1O,sweet
Nc1ncnc2c1ncn2C1OC(COP(=O)(O)OP(=O)(O)O)C(O)C1F,sweet
Nc1ncnc2c1ncn2C1OC(COP(=O)(O)OCCBr)C(O)C1O,sweet
COC1OC(C)C(O)C(O)C1OC1OC(CO)C(O)C(O)C1O,sweet
COC1OC(COC2OC(CF)C(O)C(O)C2O)C(O)C(O)C1O,sweet
CC1CC(O)C(O)C(OC2(CO)OC(CO)C(O)C2O)O1,sweet
COc1cc(C2CC(=O)c3c(O)cc(OC4OC(CO)C(O)C(O)C4OC4OCC(O)(CO)C4O)cc3O2)ccc1O,sweet
CC1(C(=O)O)CCC2(C)CCC3(C)C(=CC(=O)C4C5(C)CCC(OC6OC(C(=O)O)C(O)C(O)C6OC6OCC(O)C(O)C6O)C(C)(C)C5CCC43C)C2C1,sweet
CC1(C(=O)O)CCC2(C)CCC3(C)C(=CC(=O)C4C5(C)CCC(OC6OC(C(=O)O)C(O)C(O)C6OC6OCC(O)(CO)C6O)C(C)(C)C5CCC43C)C2C1,sweet
COC1OC2COC(C1O)C2OC1OC(CO)C(O)C(O)C1O,sweet
OCC(O)C1OC(OCC2OC(O)C(O)C(O)C2O)C(O)C(O)C1O,sweet
CCOC(C)OC1OC(CO)C(O)C(O)C1O,sweet
CN(CCO)P(=O)(O)OP(=O)(O)OP(=O)(O)OCC1OC(n2cnc3c(N)ncnc32)C(O)C1O,sweet
Nc1ncnc2c1ncn2C1OC(COP(=O)(O)OP(=O)(O)OP(=O)(O)OO)C(O)C1O,sweet
N#CCCOP(=O)(O)OP(O)(=S)OCC1OC(n2cnc3c(N)ncnc32)C(O)C1O,sweet
Cc1nc2c(N)nc(N)nc2n1C1OC(COP(=O)(O)O)C(O)C1O,sweet
COC(=O)C1(C)CCC2(C)CCC3(C)C(=CC(=O)C4C5(C)CCC(OC6OC(C(=O)O)C(O)C(O)C6OC6OC(C(=O)O)C(O)C(O)C6O)C(C)(C)C5CCC43C)C2C1,sweet
Nc1ncnc2c1ncn2C1OC(COP(=O)([O-])OP(=O)([O-])OP(=O)([O-])[O-])C(O)C1O.[Co+3].[H+],sweet
[N-]=[N+]=Nc1nc(N)c2ncn(C3OC(COP(=O)(O)O)C(O)C3O)c2n1,sweet
Nc1ncnc2c1ncn2C1CC(O)C(COP(O)(=S)OP(=O)(O)OP(=O)(O)O)O1,sweet
O=CC(O)C(O)C(F)C(O)CO,sweet
Nc1ncnc2c1ncn2C1OC(COP(=O)(O)OP(=O)([O-])OP(=O)([O-])[O-])C(O)C1O.[Tb+3],sweet
COC1OC(CO)C(O)C(O)C1OC1OC(CO)C(O)C(O)C1O,sweet
CC1OC(OC2C(O)C(C(=O)O)OC(OC3CCC4(C)C(CCC5(C)C4CC=C4C6CC(C)(C)C(O)CC6C(=O)CC45C)C3(C)C=O)C2OC2OC(CO)C(O)C(O)C2O)C(O)C(O)C1O,sweet
CC1(C)CCC2(C(=O)OC3OC(CO)C(O)C(O)C3O)CCC3(C)C(=CCC4C5(C)CCC(OC6OC(C(=O)O)C(OC7OC(CO)C(O)C7O)C(O)C6O)C(C)(C)C5CCC43C)C2C1,sweet
COC1OC(CO)C(O)C(OC2OC3COC(C3O)C2O)C1O,sweet
OCC1OC(OC2OC(CO)C(O)C(O)C2OC2OC(CO)C(O)C(O)C2O)C(O)C(O)C1O,sweet
CC1OC(O)C(OC2OC(CO)C(O)C(O)C2OC2C(OC3CCC4(C)C(CCC5(C)C4CC=C4C6CC(C)(C(=O)O)CC(O)C6(C)CCC45C)C3(C)CO)OC(C(=O)O)C(O)C2O)C(O)C1O,sweet
CC1OC(O)C(OC2OC(CO)C(O)C(O)C2OC2C(OC3CCC4(C)C(CCC5(C)C4CC=C4C6CC(C)(C(=O)O)CC(OC7CC(O)C(O)C(O)O7)C6(C)CCC45C)C3(C)CO)OC(C(=O)O)C(O)C2O)C(O)C1O,sweet
C=CC(O)CC=CCC,undefined
CSCCCCCN=C=S,undefined
COC1OC(C(O)CO)C(O)C(O)C1O,sweet
O=CC(O)C(O)C(O)C(O)C(O)C(O)CO,sweet
CC(C)CC(=O)Cc1ccccc1,sweet
OC1COCOC1C1OCOCC1O,sweet
CCCC(=O)C(O)CCC,sweet
OCC(O)C(O)C1OC(O)C(O)C(O)C1O,sweet
COC1OC(C(O)C(O)CO)C(O)C(O)C1O,sweet
OC1COCOC1C(O)C1OCOCC1O,sweet
CCCOC(=O)CCC(C)=O,sweet
CCCCCC(=O)OCCCc1ccccc1,sweet
CC(CCC(=O)O)C1CCC2C3C(O)CC4CC(O)CCC4(C)C3CC(O)C12C,bitter
CCCOC(=O)Cc1ccccc1,sweet
CCCCCCOC(=O)Cc1ccccc1,sweet
CCOc1ccc(NC(=O)Nc2ccc(OCC)cc2)cc1,sweet
CCOP(=S)(OCC)OCC1OC(n2cnc3c(N)ncnc32)C(O)C1O,sweet
Nc1cc([N+](=O)[O-])ccc1Oc1ccccc1,sweet
O=C(NCCO)C(O)C(O)C(O)C(O)CO,undefined
C=CCc1cc(OC)c(O)c(OC)c1,sweet
CC1CCC(C(C)(C)O)CC2=C1CCC2C,undefined
COC(CC(C)=O)OC,bitter
CC(=O)Cc1ccco1,undefined
CCCC(=O)c1ccco1,undefined
C=C(C)CCC(C)=O,undefined
CCCCCCCCOC(=O)CC(C)C,undefined
CCCCCCCCCCC1OCC(C)O1,sweet
CCCCCCC(=O)OCCC,sweet
CCCCCCCCCCOC(=O)CC,undefined
CCCCCCCCCCOC(=O)CCC,sweet
CCCCCCCC(=O)OCCc1ccccc1,sweet
CC1OC(Cc2ccccc2)OC1C,sweet
CCCCC(=O)c1ccco1,sweet
CCCCCCC(O)CCOC(C)=O,sweet
O=C1CCCCCCCCCCCCCCO1,undefined
COc1nc(N)c2ncn(C3OC(CO)C(O)C3O)c2n1,sweet
COC1OC(COS(=O)OC)C(O)C(O)C1OS(=O)OC,sweet
CC1COC(C(C)c2ccccc2)O1,undefined
O=Cc1ccc(CO)o1,undefined
CCCC(=O)CC(=O)OCC,sweet
OC1OC(CI)C(O)C(O)C1O,sweet
C=CC(C)(CCC=C(C)C)OC(=O)CC(C)C,sweet
CC(=O)OC1(C)CCC23CC1C(C)(C)C2CCC3C,undefined
COc1cc(C)cc(OC)c1O,undefined
OCCC1OC(O)C(O)C1O,sweet
CCCC(=O)OCc1ccc(OC)cc1,sweet
CCCCCCCCCCCCOC(=O)C(C)C,undefined
CCCC(=O)OC1CCCCC1,undefined
CCCCCCCCCCCCOC(=O)CCC,undefined
CCCCCCCC1(C)OCC(C)O1,undefined
CCCCCC(=O)CC,sweet
CCOC(=O)C(Cc1ccccc1)C(C)=O,undefined
SCCCCCCCCCS,undefined
OCCC(O)C(O)CO,sweet
CC(CCO)CCCC(C)(C)O,undefined
CC=C(C)C(=O)OCc1ccccc1,undefined
C=CC(C)(CCC=C(C)C)OC(=O)Cc1ccccc1,sweet
C=C(C)COC(=O)CCC,undefined
O=C(OCCc1ccccc1)c1ccco1,undefined
Nc1ncnc2ncn(C3OC(CO)C(O)C3O)c12,sweet
SCc1ccccn1,undefined
COc1nc2c(N)ncnc2n1C1OC(CO)C(O)C1O,sweet
Cc1ccccc1S(=O)(=O)N1C(=O)c2ccccc2S1(=O)=O,sweet
c1coc(COCc2ccco2)c1,undefined
CCOC(=O)C(C)C(C)OC(C)=O,undefined
CC(C)CC(N)C(=O)NCC(=O)NC(Cc1ccccc1)C(=O)O,sweet
COC1OC(C(O)C(C)O)C(O)C1O,sweet
COC1OC(C(C)O)C(O)C(O)C1O,sweet
O=CC(=O)C(O)C(O)C(O)C(O)CO,sweet
C=C(C)C1CCC2(C)CCC(=O)CC2(C)C1,undefined
Nc1ncnc2c1ncn2C1OC2COP(=O)(O)OC1C2O,sweet
COC(=O)CCCc1ccccc1,sweet
NCCOP(=O)(O)OCC1OC(n2cnc3c(N)ncnc32)C(O)C1O,sweet
CCCCCCC1(C)CCC(=O)O1,undefined
CC(C)CC(=O)OC1CCCCC1,undefined
CC1=CCC2(C)CCC(C(C)C)C2(O)CC1,undefined
C=C(C)C1CCC2=CCCC(C)C2(C)C1,sweet
C=C1C2CCC3C2C(C)(C)CCCC13C,sweet
COP1(=O)OCC2OC(n3cnc4c(N)ncnc43)C(O)C2O1,sweet
c1ccc(CC(N=Nc2ccccc2)=NNc2ccccc2)cc1,sweet
NCC(=O)NCC(=O)NC(Cc1ccccc1)C(=O)O,sweet
CCOc1ccc(NC(=O)Nc2ccccc2)cc1,sweet
OCC1(O)OCC(O)C(F)C1O,sweet
CCOC1OC(C(O)CO)C(O)C1O,sweet
OCC(O)C1OCOC(CO)C1O,sweet
CC1CC(O)C(O)C(O)O1,sweet
COC1OC(CO)C2OC(C)(C)OC2C1O,sweet
COc1cc(O)c(C2CC(=O)c3c(O)cc(OC4OC(COC5OC(C)C(O)C(O)C5O)C(O)C(O)C4O)cc3O2)cc1O,sweet
COC1OC2COCOC2C(O)C1O,sweet
CC=C(C)C(=O)OCCCCCCCCC,undefined
CCOC(=O)C1CCC(=O)O1,undefined
CC1(C)OC2OC(CO)C(O)C(O)C2O1,sweet
C[As](C)[Se]CC1OC(O)C(O)C(O)C1O,sweet
CC(C)(O)O.OC1C2COC(O2)C(O)C1O,sweet
CCN(CC)CC.Nc1ncnc2c1ncn2C1OC(COP(=O)(O)F)C(O)C1O,sweet
CCOC1OC(C(O)CO)C(O)C(O)C1O,sweet
OCC(O)C1OC(OC2CCCCC2)C(O)C(O)C1O,sweet
OCC1OC(OC2CCCCC2)C(O)C(O)C1O,sweet
CC(=O)OCC1OC(OC(C)=O)C(O)C(OC(C)=O)C1OC(C)=O,sweet
OCC1OC(OC2C(CO)OCC(O)C2O)C(O)C(O)C1O,sweet
C=C1CC23CCC4C(C)(C(=O)OC5OC(COC(C)=O)C(OC(C)=O)C(OC(C)=O)C5OC(C)=O)CCCC4(C)C2CCC1(OC1OC(COC(C)=O)C(OC(C)=O)C(OC(C)=O)C1OC1OC(COC(C)=O)C(OC(C)=O)C(OC(C)=O)C1OC(C)=O)C3,sweet
OCC1OC(O)C(F)C(O)C1O,sweet
C=CCOc1ccc([N+](=O)[O-])cc1[N+](=O)[O-],sweet
COC1OC(CO)C(O)C2OCCOCCOCCOCCOCCOC12,sweet
COCC1OC(O)C(O)C(O)C1O,sweet
CCOCC1OC(O)C(O)C(O)C1O,sweet
CC(=O)NCCNC(Cc1ccccc1)C(=O)O,sweet
COC(=O)C(Cc1ccccc1)NCCNC(C)=O,sweet
COP(=O)(O)OCC1OC(n2cnc3c(N)ncnc32)C(O)C1O,sweet
C=C1CCC2C1C1C(C(C)C)CCC21C,undefined
CC1OC(O)CC(O)C1O,sweet
Nc1ncnc2c1ncn2C1OC(COP(N)(N)=O)C(O)C1O,sweet
CCC[CH2][Sn][CH2]CCC.OCC1OC(O)C(O)C(O)C1O,sweet
C[CH2][Sn][CH2]C.OCC1OC(O)C(O)C(O)C1O,sweet
Cc1coc2c1CCC(C)C2,undefined
NC(Cc1ccccc1)C(=O)NC(CC(=O)O)C(=O)O,sweet
CCOP(=O)(OCC)OCC1OC(n2cnc3c(N)ncnc32)C(O)C1O,sweet
COC1OC(CO)C(OC)C(O)C1O,sweet
COC1C(CO)OC(O)C(O)C1O,sweet
COC1(CO)OC(CO)C(O)C(O)C1O,sweet
CC(O)C1OCOC(CO)C1O,sweet
CC(OC=O)c1ccccc1,undefined
CCOC1CCC(O)C(CO)O1,sweet
OCC(O)C(O)COC1OC(CO)C(O)C(O)C1O,sweet
COC(=O)CNC(=O)C(N)Cc1ccccc1,sweet
COC(=O)C(Cc1ccccc1)NC(=O)C1CCCN1,sweet
Nc1ncnc2ncn(C3OC(CO)C(O)C3OP(=O)(O)O)c12,sweet
OCC1OC(O)C(O)CC1O,sweet
NCC(=O)NCCC(=O)NC(Cc1ccccc1)C(=O)O,sweet
O=c1c(-c2cccc(O)c2O)coc2cc(OC3OC(CO)C(O)C(O)C3O)ccc12,sweet
CC1OC(OC2C(Oc3ccc4c(=O)c(-c5ccc(O)c(O)c5O)coc4c3)OC(CO)C(O)C2O)C(O)C(O)C1O,sweet
COP(=O)(OC)OCC1OC(n2cnc3c(N)ncnc32)C(O)C1O,sweet
CCOC(=O)CCCO,undefined
COC(=O)C(C(=O)OC)C1CCCC(=O)C1,undefined
COC1CCC(O)C(CO)O1,sweet
COC1CC(OC)C(O)C(CO)O1,sweet
CC1OC(OCC2OC(Oc3ccc(C4CC(=O)c5c(O)cc(O)cc5O4)cc3O)C(O)C(O)C2O)C(O)C(O)C1O,sweet
CC1=CC(=O)C(=C(C)C)CC1,undefined
CCOC(=O)CNC(=O)C(Cc1ccccc1)NC(=O)C(N)CC(=O)O,sweet
CC1OC(OC2C(OC(=O)C34CCC(C)(C)CC3C3=CCC5C6(C)CCC(OC7OC(C(=O)O)C(O)C(O)C7O)C(C)(C)C6CCC5(C)C3(C)CC4)OCC(O)C2O)C(O)C(O)C1OC1OCC(O)C(O)C1O,sweet
COC(=O)C1OC(OC2CCC3(C)C(CCC4(C)C3CC=C3C5CC(C)(C)CCC5(C(=O)OC5OCC(O)C(O)C5OC5OC(C)C(OC6OCC(O)C(O)C6O)C(O)C5O)CCC34C)C2(C)C)C(O)C(O)C1O,sweet
COC(=O)C1OC(OC2CCC3(C)C(CCC4(C)C3CC=C3C5CC(C)(C)CCC5(C(=O)OC)CCC34C)C2(C)C)C(O)C(O)C1O,sweet
CC1OC(OC2C(OC(=O)C34CCC(C)(C)CC3C3=CCC5C6(C)CCC(OC7OC(C(=O)O)C(O)C(O)C7O)C(C)(C)C6CCC5(C)C3(C)CC4O)OCC(O)C2O)C(O)C(O)C1OC1OCC(O)C(O)C1O,sweet
COC(=O)C1OC(OC2CCC3(C)C(CCC4(C)C3CC=C3C5CC(C)(C)CCC5(C(=O)OC5OCC(O)C(O)C5OC5OC(C)C(OC6OCC(O)C(O)C6O)C(O)C5O)C(O)CC34C)C2(C)C)C(O)C(O)C1O,sweet
CC1(C)CCC2(C(=O)O)C(O)CC3(C)C(=CCC4C5(C)CCC(OC6OC(C(=O)O)C(O)C(O)C6O)C(C)(C)C5CCC43C)C2C1,sweet
COC(=O)C1OC(OC2CCC3(C)C(CCC4(C)C3CC=C3C5CC(C)(C)CCC5(C(=O)OC)C(O)CC34C)C2(C)C)C(O)C(O)C1O,sweet
CC1=CC2(O)OC3(CC2=C(C)C)C(C)CCC13,undefined
COC(=O)C(Cc1ccccc1)NC(=O)C(CC(=O)OCC(F)(F)F)NCC(F)(F)F,sweet
CSCSCSC,undefined
C=C(CCC=C(C)C)C1CC=C(C)CC1,undefined
COC1OC(CO)C(O)C(O)[CH]1[Hg],sweet
OCC(O)C(O)C(O)C(O)CO.[Cu],sweet
CC1OC(O)CCC1O,sweet
COC1OC(C)C(O)C(O)[CH]1[Hg],sweet
CC1OC(OC2C(C)OC(O)C(O)C2O)C(O)C(O)C1O,sweet
OCC1OC(COC2OC(CO)C(O)C(O)C2O)C(O)C1O,sweet
Nc1ncn(C2OC(COP(=O)(O)O)C(O)C2O)c2ncnc1-2,sweet
COC(=O)C(Cc1ccccc1)NCCN,sweet
Nc1ncn(C2OC(COP(N)(=O)O)C(O)C2O)c2ncnc1-2,sweet
OCC1OC(O)C(O)C(O)C1O.[CH3][Sn][CH3],sweet
OCC1(OC2OC(CF)C(O)C(O)C2O)OC(CF)C(O)C1O,sweet
COC1OC(CO)C(O)C2OCCOCCOC3C(OC)OC(CO)C(O)C3OCCOCCOC12,sweet
OCC1OC(O)C2OCCOCCOC3C(O)C(CO)OC(O)C3OCCOCCOC2C1O,sweet
CCC(C)C(N)C(=O)NC(Cc1ccccc1)C(=O)O,sweet
Nc1ncnc2c1ncn2C1OC(COP(=O)(O)OP(=O)(O)OP(=O)(O)O)C(OP(=O)(O)OP(=O)(O)OP(=O)(O)O)C1O,sweet
Nc1ncnc2c1ncn2C1OC(COP(=O)(O)OP(=O)(O)OP(=O)(O)O)C(O)C1OP(=O)(O)OP(=O)(O)OP(=O)(O)O,sweet
COC(=O)C(Cc1ccccc1)NC(=O)C(CC(C)C)NC(=O)C(CC(C)C)NC(=O)C(N)CC(C)C,sweet
COC(=O)C(Cc1ccccc1)NC(=O)CN,sweet
COC(=O)C(Cc1ccc(F)cc1)NC(=O)CN,sweet
COC(=O)C(Cc1ccccc1)NC(=O)C(N)CC(C)C,sweet
OCC1OC(OCC2OC(OC3C(CO)OC(O)C(O)C3O)C(O)C(O)C2O)C(O)C(O)C1O,sweet
OCC1OC(OC2C(O)C(CO)OC(OC3C(O)C(O)OC(CO)C3O)C2O)C(O)C(O)C1O,sweet
OCC1OC(OCC2OC(O)C(O)C(O)C2OC2OC(CO)C(O)C(O)C2O)C(O)C(O)C1O,sweet
CC1(C)COC(=O)C1O,undefined
O=C(C(O)CO)C(O)C(O)CO,sweet
OC1COC(OCC2OC(O)C(O)C(O)C2O)C(O)C1O,sweet
Nc1ncnc2c1ncn2C1OC(COP(=O)(O)O)C(O)C1N,sweet
OCC1OC(OCC2OC(OCC3OC(O)C(O)C(O)C3O)C(O)C(O)C2O)C(O)C(O)C1O,sweet
OC1CC(O)C(O)CO1,sweet
Nc1ncnc2c1ncn2C1OC(COP(=O)(O)OP(=O)(O)OC2OC(CO)C(O)C2O)C(O)C1OP(=O)(O)O,undefined
OCC1OC(OC2C(CO)OC(OCC3OC(O)C(O)C(O)C3O)C(O)C2O)C(O)C(O)C1O,sweet
O=C1c2c(O)cc(OC3OC(CO)C(O)C(O)C3O)cc2OC(c2ccc(O)c(O)c2)C1O,sweet
Nc1ncnc2c1ncn2C1OC(COP(=O)(O)OS(=O)(=O)O)C(O)C1OP(=O)(O)O,sweet
OCC1OC(OCC2OC(CO)(OC3OC(CO)C(O)C(O)C3O)C(O)C2O)C(O)C(O)C1O,sweet
Nc1ncnc2c1ncn2C1OC(COP(N)(=O)O)C(O)C1O,sweet
Nc1ncnc2ncn(C3OC(COP(=O)(O)O)C(O)C3O)c12,sweet
OCC(O)C(O)C(O)C(O)COCC1OC(O)C(O)C(O)C1O,sweet
Nc1ncnc2c1ncn2C1OC(COP(=O)(O)O[Se](=O)(=O)O)C(O)C1O,sweet
CC1=CC2C(=C(C)CCC2C(C)C)CC1,undefined
OCC1OC(OC2OC(CO)C(OC3OC(CO)C(O)C(O)C3O)C(O)C2O)C(O)C(O)C1O,sweet
O=CC(O)C1OCC(O)C1O,sweet
Nc1ncnc2c1ncn2C1OC(COP(=O)(O)O)C(N)C1O,sweet
COC1CC(O)OC(C)C1O,sweet
COC1C(O)C(C)OC(O)C1O,sweet
CC1OC(OC2C(O)OC(CO)C(O)C2O)C(O)C(O)C1O,sweet
OCC1OC(OC2C(OC3(CO)OC(CO)C(O)C3O)OC(CO)C(O)C2O)C(O)C(O)C1O,sweet
OCC(O)C(O)C(O)(CO)COC1OC(CO)C(O)C(O)C1O,sweet
CC1(C(=O)O)CCC2(C)CCC3(C)C(=CCC4C5(C)CCC(OC6OC(C(=O)O)C(O)C(O)C6OC6OC(CO)C(O)C(O)C6O)C(C)(CO)C5CCC43C)C2C1,sweet
CC1OC(OC2C(C(=O)O)OC(OC3CCC4(C)C(CCC5(C)C4CC=C4C6CC(C)(C)CCC6(C(=O)OC6OC(CO)C(O)C(O)C6O)CCC45C)C3(C)C)C(O)C2O)C(O)C(O)C1O,sweet
CC1(C)CCC2(C(=O)O)CCC3(C)C(=CCC4C5(C)CCC(OC6OC(C(=O)O)C(O)C(OC7OC(CO)C(O)C(O)C7O)C6O)C(C)(C)C5CCC43C)C2C1,sweet
CC1=CCC2C3C(C(C)C)CCC2(C)C13,undefined
CC1CCC2(O)C(C)(C)C3CCC2(C)C1C3,undefined
CC1=CCC(C(C)(C)O)CC1,undefined
COc1c(OC2OC(C)C(O)C(O)C2O)cc2oc(-c3ccc(O)c(O)c3)cc(=O)c2c1O,sweet
CCCCC(NC=O)C(=O)NC(CC(C)C)C(=O)NC(Cc1ccccc1)C(=O)OC,sweet
OCC(CO)OC1OC(CO)C(O)C(O)C1O,sweet
COC1C(O)OC(C)C(O)C1OC,sweet
COC1(C)CC(O)OC(C)C1O,sweet
OCCOC(OC1C(CO)OC(O)C(O)C1O)C(O)CO,sweet
O=C(O)C=Cc1ccccc1,sweet
CC1OC(O)CC(O)C1O.[H+].[H+],sweet
OCC1OC(OC2C(O)CC(O)OC2CO)C(O)C(O)C1O,sweet
COC1C(O)OC(C)C(O)C1O,sweet
Nc1ncnc2c1ncn2C1OC(COP(=O)(S)OP(=O)(O)OP(=O)(O)O)C(O)C1O,sweet
COC1C(O)CC(O)OC1C,sweet
OCC1CC(O)C(O)C(O)O1,sweet
COC1C(O)OCC(O)C1O,sweet
CC(C)=CCCC(C)=CCCC(C)=CCO,sweet
OCC1OC(OC2C(CO)OC(O)C(F)C2O)C(O)C(O)C1O,sweet
CCCCCCCCOC1C(O)OC(CO)C(O)C1O,sweet
OCC1CC(O)C(O)C(OC2C(CO)OC(O)C(O)C2O)O1,sweet
CC(=O)NC(CC(C)C)C(=O)NC(Cc1ccccc1)C(=O)O,sweet
CCC(C)C(NC(C)=O)C(=O)NC(C)C(=O)NC(Cc1ccccc1)C(=O)O,sweet
OCC1OC(OC2C(CO)OC(OC3C(CO)OC(O)C(F)C3O)C(O)C2O)C(O)C(O)C1O,sweet
OC1COC(OC2COC(O)C(F)C2O)C(O)C1O,sweet
Nc1ncnc2c1ncn2C1OC(COP(=O)(O)OP(=O)(O)OCC2OCC(O)C2O)C(O)C1OP(=O)(O)O,sweet
OCC(O)C(OC1OC(CO)C(OC2OC(CO)C(O)C(O)C2O)C(O)C1O)C(O)CO,sweet
Nc1ncnc2c1ncn2C1OC(COP(=O)(O)OP(=O)(O)O)C(N)C1O,sweet
CC1OC(O)C(F)C(O)C1O,sweet
CC(O)COP(=O)(O)OP(=O)(O)OCC1OC(n2cnc3c(N)ncnc32)C(OP(=O)(O)O)C1O,sweet
CCCCCCCC(O)CC1OC(CO)(OC2OC(CO)C(O)C(O)C2O)C(O)C1O,sweet
OCC(O)CCOC1OC(CO)C(O)C(O)C1O,sweet
Nc1ncnc2c1ncn2C1OC(COP(=O)(O)OP(=O)(O)CP(=O)(O)OP(=O)(O)O)C(O)C1O,sweet
OCC1OC(OC2C(CO)OC(O)C(O)C2O)C(F)C(O)C1O,sweet
CCCCOC1OC(CO)C(OC2OC(CO)C(O)C(O)C2O)C(O)C1O,sweet
OCC1OC(O)(O)C(O)C(O)C1O,sweet
CC(C)=CCCC(C)=CC=CC(C)=CC=CC(C)=CC=CC=C(C)C=CC=C(C)C=CC=C(C)CCC=C(C)C,undefined
OCC1OC(OC2C(O)C(O)C3O[O+]3C2CO)C(O)C(O)C1O,sweet
OCC1OC(O)C(O)(O)C(O)C1O,sweet
Nc1ncnc2c1nc(Br)n2C1OC(COP(=O)(O)OP(=O)(O)O)C(O)C1O,sweet
CC(C)C(NC(=O)C(CO)NC(=O)C(N)CC(=O)O)C(=O)NC(Cc1ccccc1)C(=O)O,sweet
Nc1ncnc2c1ncn2C1OC(CO[P+](=O)OP(=O)(O)NP(=O)(O)O)C(O)C1O,sweet
CCCOP(=O)(O)OCC1OC(n2cnc3c(N)ncnc32)C(O)C1O,sweet
Nc1ncnc2c1ncn2C1OC(COP(=O)(O)OP(=O)(O)O)C(O)C1O.S,sweet
Nc1ncnc2c1ncn2C1OC(COP(=O)(O)OP(N)(=O)O)C(O)C1O,sweet
OCC1OC(OC2C(O)COC(O)C2O)C(O)C1O,sweet
OCC1(F)OC(O)C(O)C(O)C1O,sweet
CCCCCCOC1OC(CO)C(O)CC1O,sweet
CCCOP(=O)(O)OP(=O)(O)OCC1OC(n2cnc3c(N)ncnc32)C(OP(=O)(O)O)C1O,sweet
OCC(O)CCCOC1OCC(O)C(O)C1O,sweet
OCC(O)CCOC1OCC(O)C(O)C1O,sweet
OCC(O)COC1OCC(O)C(O)C1O,sweet
Nc1ncnc2c1ncn2C1OC(COP(=O)(O)O[P+](=O)OCC2OCC(O)C2O)C(O)C1OP(=O)(O)O,sweet
OCC1OC(O)C(O)C(O)C1OS,sweet
COCC1OC(O)C(OC)C(OC)C1O,sweet
NC(=O)C(CC(=O)O)NC(=O)C(Cc1ccccc1)NC(CCc1ccccc1)C(=O)O,sweet
OC1OC2COC(C1O)C2O,sweet
CC=CC(=O)CCCCC,undefined
Nc1ncnc2c1ncn2C1OC(COP(=O)(O)OP(=O)(O)OCC(O)CO)C(O)C1OP(=O)(O)O,sweet
CC1OC(n2cnc3c(N)ncnc32)C(OP(=O)(O)O)C1O,sweet
OCC(O)C(O)C(O)C(O)CO.[Tc],sweet
OCC1OC(O)C(O)C(F)C1O,sweet
Nc1ncnc2c1ncn2C1OC(COP(=O)(O)OP(=O)(O)O)C(O)C1O.[Tc],sweet
OC1COC(O)(CF)C(O)C1O,sweet
OCC1OC(O)C(F)(F)C(O)C1O,sweet
CN(C)c1ncnc2c1ncn2C1OC(COP(=O)(O)O)C(N)C1O,sweet
CC1(CO)CCC2(C)CCC3(C)C(=CC(=O)C4C5(C)CCC(OC6OC(C(=O)O)C(O)C(O)C6OC6OC(C(=O)O)C(O)C(O)C6O)C(C)(C)C5CCC43C)C2C1,sweet
Nc1nc(F)nc2c1ncn2C1OC(COP(=O)([O-])O)C(OP(=O)([O-])O)C1O,sweet
Nc1nc(F)nc2c1ncn2C1OC(COP(=O)(O)O)C(OP(=O)(O)O)C1O,sweet
c1ccc(CCCc2ccccn2)cc1,undefined
Nc1ncnc2c1ncn2C1CC(O)C(COP(=O)(O)NP(=O)(O)OP(=O)(O)O)O1,sweet
O=C1c2c(O)cc(OC3CC(O)C(O)C(CO)O3)cc2OC(c2ccc(O)c(O)c2)C1O,sweet
CC(C)CC(NC(=O)C(N)CC(=O)O)C(=O)NC(C)C(=O)NC(Cc1ccccc1)C(=O)O,sweet
NC(CCC(=O)O)C(=O)NC(CC(=O)O)C(=O)NC(Cc1ccccc1)C(=O)O,sweet
NC(CC(=O)O)C(=O)NC(CC(=O)O)C(=O)NC(Cc1ccccc1)C(=O)O,sweet
NC(Cc1ccccc1)C(=O)NC(CC(=O)O)C(=O)NC(CC(=O)O)C(=O)NC(Cc1ccccc1)C(=O)O,sweet
O=c1[nH]sc2cccc(F)c12,sweet
O=c1[nH]sc2ccc(F)cc12,sweet
O=c1[nH]sc2cc(F)ccc12,sweet
O=c1[nH]sc2c(F)cccc12,sweet
CCCCCCCCOC1OC(C)C(OC2OC(C(O)CO)C(O)C2O)C(O)C1O,sweet
Nc1ncnc2c1ncn2C1CC(O)C(COP(=O)(O)OP(=O)(O)NP(=O)(O)O)O1,sweet
CCC(C)C(N)C(=O)NC(C(=O)NC(C(=O)NC(Cc1ccccc1)C(=O)NC(CC(=O)O)C(N)=O)C(C)CC)C(C)C,sweet
CCC(NC(=O)C(CC(=O)O)NC(=O)C(Cc1ccccc1)NC(=O)C(NC(=O)C(NC(=O)C(NC(=O)CCOC)C(C)CC)C(C)C)C(C)CC)C(=O)OC,sweet
O=C1c2c(O)cc(O)cc2OC(c2ccc(O)c(O)c2)C1OC1OCC(O)C(O)C1O,sweet
CCOc1ccc(NC(=O)NC#N)cc1,sweet
CCCCCCCCCCCCOC(=O)CC(NC(=O)C(NC(=O)C(C(C)C)N(C)C(=O)CCc1ccccc1)C(C)CC)C(=O)NC(CC(=O)O)C(=O)NC(CC(C)C)C(=O)O,sweet
CCCCCCC(C)OC(=O)CC(NC(=O)C(NC(=O)C(C(C)C)N(C)C(=O)CCc1ccccc1)C(C)CC)C(=O)NC(CC(=O)O)C(=O)NC(CC(C)C)C(=O)OC,sweet
c1ccc(C2=N[NH+](c3ccccc3)N(c3ccccc3)N2)cc1,sweet
c1ccc(C2=NN(c3ccccc3)N(c3ccccc3)N2)cc1,sweet
OCC1OC(OC2C(CO)OC(O)C(O)C2O)C(O)CC1O,sweet
CC1OC(O)(O)C(O)C(O)C1O,sweet
O=P([O-])(O)O,undefined
CC(=O)[O-],undefined
O=C1[N-]S(=O)(=O)c2ccccc21.O=C1[N-]S(=O)(=O)c2ccccc21.[Zn+2],sweet
CC(COC(=O)c1ccccc1)OC(=O)c1ccccc1,undefined
CC(C=O)Cc1ccc(C(C)C)cc1,undefined
CC1(C)C2CCC1(C)C(OC=O)C2,undefined
CCCC(S)CCOC(C)=O,undefined
CCc1nc(C)c(CC)s1,undefined
CSCc1ccco1,undefined
CCCCCCCC(O)CC,undefined
C=C(C)C1CCC2(C)CCCC(=C)C2C1,undefined
CC(=O)CCC1=C(C)CCCC1(C)C,undefined
CCC(C)c1nccs1,undefined
Cc1cnc(C)c(CCC(C)C)n1,undefined
CCOC(=O)C(C)S,undefined
C=C1C=CC(C(C)CCC=C(C)C)CC1,undefined
CC(C)CCOC(=O)C(C)C,undefined
CSCCCCO,undefined
CC(C)C(C)S,undefined
CCCC(O)CC(=O)OC,sweet
CC1=CC2C(C(C)C)CCC(C)C2(O)CC1,undefined
CCCC(C)C(=O)OC,undefined
CSc1cnccn1,undefined
CCC(C)c1nccnc1OC,undefined
CC(=O)c1nccs1,undefined
CC(S)CCS,undefined
CCC(C)C(=O)OCCc1ccccc1,sweet
CC(=O)c1cc(C)sc1C,undefined
CC(=O)C1=CCCCN1,undefined
CCCCCCCCCC1CCCC(=O)O1,sweet
CC(=O)C1=NCCCC1,undefined
CCC(C)C(=O)OCCC(C)C,sweet
COc1cncc(C)n1,undefined
C=CC(=O)CCCC,undefined
CCCCCCCCOC(=O)C(C)CC,undefined
CC(C)C(C)(O)C(C)C,undefined
CC(C)(S)CCO,sweet
CC(=O)c1sc(C)nc1C,undefined
CCC1SSC(CC)S1,undefined
CC1(C)CC2C(C1)C1(C)CCCC2(C)C1O,undefined
CC(=O)OC(C)C(C)=O,sweet
CC(C)=CCCC(C)C1C=CC(C)=CC1,undefined
CCC(=O)CO,sweet
CCCCCCCCOC(=O)CCCCCC,undefined
C=CC(C)(O)CCC1C(C)(O)CCC2C(C)(C)CCCC21C,sweet
C=C1CCCC2(C)CCC(=C(C)C)CC12,undefined
CCCC(S)CCO,undefined
CC1=CCC2C(C)=CCC(C(C)C)C2C1,undefined
CCC(=O)C(C)O,undefined
CCC(=O)SC,undefined
Cc1ccc(CS)o1,undefined
CCCCCC(C)S,undefined
CCCCSSCC,undefined
CNc1ccccc1C(=O)OCC(C)C,undefined
CCC(C)C(=O)OC(C)C,sweet
C=C1CCC2C(C3C1CCC3(C)O)C2(C)C,undefined
CCCCSSCCC,undefined
CCCCCSSC,undefined
CC1=CCC(C(C)(C)OC(=O)C(C)C)CC1,undefined
Sc1cccs1,undefined
CCCCCCCCC(=O)OCCC(C)C,undefined
CC(=O)CC(=O)OCC(C)C,sweet
CC(=O)C1=NCCC1,sweet
CCc1nc(C)c(C)s1,undefined
CC12C=CC(CC1)C(C)(C)O2,undefined
CCCc1cc(OC)c(O)c(OC)c1,undefined
CCCCCCC=CCCCCCCCCC,undefined
CCSSSC,undefined
CSC(C)S,undefined
COC(=O)CCCC(C)OC(C)=O,undefined
CC1=C(S)CCO1,undefined
COCCC(C)(C)S,undefined
CC(C)(S)CCOC=O,undefined
CC(=O)c1ccc2n1CCC2,undefined
Cc1occc1SSCc1ccco1,undefined
CSc1ccoc1C,undefined
Cc1occc1SSc1ccoc1C,undefined
CC1=NCSC1,undefined
CC(C)C1=CC=C(C=O)CC1,undefined
CC(=O)C1=CSCCN1,undefined
CCCCCC1CCOC(CCCCC)O1,undefined
C=C(C)C1CCC(C=O)CC1,undefined
C=C(CO)C1CC=C(C)CC1,undefined
CC(=O)OCC(C)C1CC=C(C)CC1,undefined
CCOc1cc(C(C)C)ccc1C,undefined
CC(=O)CC(C)S,undefined
CCC(S)C(C)C=O,undefined
CCC1=C(O)C(=O)CC1C,sweet
CC1=CCC(C(C)C)c2cc(C)ccc21,undefined
CC1NC(C(C)C)SC(C)S1,undefined
CC(C)CC1SC(C)NC(C)S1,undefined
CC1SC(C)N2CCCC2S1,undefined
CCC(=O)C1=NCCC1,undefined
CCCC(=O)OC(C)C(C)=O,undefined
CCCCCC(=O)C(C)C(C)=O,undefined
CCCCCC(C)OC(=O)CCC,undefined
CCC(=O)C(C)S,undefined
CCCCCC=CCC=O,undefined
Cc1cnc2c(n1)CCC2C,undefined
CCCCCCCC(=O)NC(Cc1ccccc1)C(=O)OC,sweet
CCCCCC(=O)NC(Cc1ccccc1)C(=O)OC,sweet
COC(=O)C(Cc1ccccc1)NC(=O)C(C)(C)C,sweet
CCCC(=O)NC(Cc1ccccc1)C(=O)OC,sweet
CSSCCC(C)C,undefined
CCCCCC(=O)OCCC(S)CCC,undefined
CCCCC(CC)OC(C)=O,sweet
CC(=O)C(=O)OCCC(C)C,undefined
CCCC(=O)OCCC(S)CCC,undefined
CCCCCCCCCCOC1C(CO)OC(O)C(O)C1O,sweet
CC(C)OC1OC(C(O)CO)C(O)C1O,sweet
CCCCCCOC1C(CO)OC(O)C(O)C1O,sweet
COC1C(OC(C)=O)C(C)OC(O)C1OC(C)=O,sweet
CC(C)CCOC(=O)CCc1ccco1,sweet
CC1(C)OC2C(CO)OC(O)C(O)C2O1,sweet
CC(=O)OCC1OC(OC(C)=O)C(OC(C)=O)C(O)C1OC(C)=O,sweet
COc1cc(C=O)ccc1OC(=O)C(C)C,sweet
CCCCCCOC1C(CO)OC(OC)C(O)C1O,sweet
CC(=O)OC1C(C)OC(O)C(OC(C)=O)C1OC(C)=O,sweet
CC(O)C(O)C(O)C(C)O,sweet
COCC(=O)C(O)C(O)C(O)CO,sweet
C=C(C)CCCC(C)CCO,undefined
C=CCCC(=O)OC,undefined
CC1CCC(=O)OC1C,undefined
C=C(CCCC)C(C)CCCC,undefined
CCC(C)OCC1OC(OC)C(O)C(O)C1O,sweet
CCCCCCCOC(=O)C(C)CC,undefined
CCCCCCCOC1C(CO)OC(OC)C(O)C1O,sweet
CCCCCCCCOC1C(CO)OC(OC)C(O)C1O,sweet
COCC(O)C(O)C1OCOC(CO)C1O,sweet
COC(=O)CC(C)SC,sweet
OCC1OC(O)C(O)C2OC12,sweet
CC(S)C(C)S,undefined
C=CCC(C)C(=O)O,undefined
CC(=O)OC(C)C=C(C)CCC=C(C)C,undefined
CC(C)=CCCC1(C)CC1C=O,undefined
CC1=C(O)C(=O)CC(C)(C)C1,undefined
CCCC(=O)OCC1CCCO1,sweet
COCC1OC(OC)C(O)C(OC)C1OC,sweet
COCC1OC(OC)C(OC)C(O)C1OC,sweet
CCCCCCCCCOC1OC(CO)C(O)C1O,sweet
CCCCCCCCCOC1OC(C(O)CO)C(O)C1O,sweet
OCC1OCOC(C2OCOCC2O)C1O,sweet
CCCCCCCOC1OC(C(O)CO)C(O)C1O,sweet
CCCCCCCCOC1OC(C(O)CO)C(O)C1O,sweet
CCCCCC1OCC2OC(OC)C(O)C(O)C2O1,sweet
OC1COC2OC1C(O)C2O,sweet
CCCCCC1OCC2OC(O)C(O)C(O)C2O1,sweet
COCC1OC(OC)C(O)C(O)C1OC,sweet
COC1OC(C)C(O)C(O)C1OC,sweet
COC1OC(CO)C(O)C(OC)C1O,sweet
COC1CC(OC)C(OC2OC(C)C(O)C(OC)C2O)C(C)O1,sweet
CCOC(=O)CCSCc1ccco1,undefined
CC1CCC(C(C)(C)O)C(O)C1,undefined
CC1=CC(=O)C(C2(O)CCC=C(C)C2)CC1,sweet
CC1=CC(=O)C(C(C)(C)O)CC1,sweet
CC(C)=CC(=O)CC(C)(O)C1CC=C(C)CC1,sweet
CC(=O)NC(CC(C)C)C(=O)NC(C)C(=O)NC(Cc1ccccc1)C(=O)O,sweet
COC(=O)C(Cc1ccccc1)N(C)C(=O)C(CC(C)C)NC(=O)CNC(=O)O,sweet
OCC(O)CC(O)C(O)CO,sweet
COCC1OC(O)C(O)C(O)C1OC,sweet
CCCCCCCC1OCC(C)O1,undefined
COCC1OC(O)C(O)C(OC)C1OC,sweet
COC(C=O)C(O)C(O)C(O)CO,sweet
COC1COC(O)C(O)C1OC,sweet
COC1C(O)COC(O)C1OC,sweet
COC1COC(O)C(O)C1O,sweet
CCOC(=O)CC(C)CC,undefined
COC1OC(CO)C(OC)C(OC)C1OC,sweet
COCC1OC(OC)C(OC)C(OC)C1O,sweet
CCC(SC)C(=O)OC,undefined
C=CCC(C=O)c1ccccc1,undefined
C=CC(C)(CCC=C(C)C)OC(=O)CCCCC,undefined
COC1COC(O)C(OC)C1OC,sweet
COC1OC(CO)C2OC(C)OC2C1O,sweet
COC1C(O)OC(O)C(OC)C1OC,sweet
COC1C(C)OC(O)C(OC)C1OC,sweet
CCCCCCC1OCC(O)C(C(O)C(O)CO)O1,sweet
CCCCCCCC1OCC(O)C(C(O)C(O)CO)O1,sweet
CCCCCCCCC1OCC(O)C(C(O)C(O)CO)O1,sweet
CCCCCC1OCC(O)C(C(O)C(O)CO)O1,sweet
COC1=NS(=O)(=O)c2ccccc21,sweet
CC(C)C(=O)OC(C)c1ccccc1,undefined
CCCC(=O)OC(C)c1ccccc1,sweet
Cc1nc(CC(C)C)oc1C,undefined
CCCC=CC1OCC(C)O1,undefined
CC(C)C(=O)OCC(C)c1ccccc1,undefined
CCCC(=O)OCC(C)c1ccccc1,sweet
CC(=O)CCC1=C(C)C=CCC1(C)C,undefined
CCCC(=O)OC(C)(C)C1CC=C(C)CC1,sour
Cc1cnc(CC(C)C)c(C)n1,undefined
CC1=C(CCC(C)O)C(C)(C)CCC1,undefined
CCn1cccc1C=O,undefined
CC(=O)c1oc(C)cc1C,sweet
CCCCOC(=O)C(Cc1ccccc1)NC(=O)CNC(=O)C(CC(C)C)NC(C)=O,sweet
COc1nc(C)cnc1C,undefined
CCCCCCCCCOC(=O)CCCCCCC,sweet
COC(=O)C(Cc1ccccc1)NC(=O)CC(C)C,sweet
COC(=O)C(Cc1ccccc1)NC(=O)CNC(=O)OC(C)(C)C,sweet
COC(=O)C(Cc1ccccc1)NC(=O)C(C)NC(=O)C(F)(F)F,sweet
CCCCCCCCCC(=O)NC(CC(=O)OC)C(=O)NC(Cc1ccccc1)C(=O)OC,sweet
CC1COC(c2ccccc2)O1,sweet
CCOc1ccc(N)cc1[N+](=O)[O-],sweet
COC(=O)Cc1ccc(C(C)(C)C)cc1,undefined
CCCCCCCC1OC2C(CO)OC(OC)C(O)C2O1,sweet
CCCCCCCCCC(=O)NCCCC(NC(=O)CCCCCCCCC)C(=O)NC(C)C(=O)NC(C)C(=O)NC(Cc1ccccc1)C(=O)OC,sweet
O=c1cc(-c2ccccc2)oc2cc(OC3OC(CO)C(O)C(O)C3O)c(O)c(O)c12,sweet
CCC=CCCC=CC=O,undefined
CC(C)C(C)C(O)C(O)C(C)C1CCC2C3CC(=O)C4CC(OC5OC(COC6OC(CO)C(O)C(O)C6O)C(O)C(O)C5O)CCC4(C)C3CCC12C,sweet
CC(=O)OC1C(OC(=O)CC(C)C)C2(CO)C(OC(C)=O)CC3(C)C(=CCC4C5(C)CCC(OC6OC(C(=O)O)C(OC7OC(C)C(O)C(O)C7O)C(O)C6O)C(C)(C)C5CCC43C)C2CC1(C)C,sweet
CC(C)=CCc1c(OC2OC(CO)C(O)C(O)C2O)cc2c(c1O)C(=O)C(O)C(c1ccc(O)c(O)c1)O2,sweet
CC=CC(=O)O,undefined
COC1OC(COC2OCC(O)(CO)C2O)C(O)C(O)C1O,sweet
COC(=O)C=Cc1ccccc1,sweet
O=C(O)C=Cc1ccc(O)cc1,undefined
CC=CC=CC=O,sweet
CC(=O)C=Cc1ccccc1,sweet
COC(=O)C1OC(OC2CCC3(C)C(CCC4(C)C3CC=C3C5CC(C)(C)CCC5(C(=O)OC5OC(CO)C(O)C(O)C5O)CCC34C)C2(C)C)C(O)C(O)C1O,sweet
CC=CC(C)=O,undefined
CC(=O)C=CC1=C(C)CCCC1(C)C,undefined
CC(=O)OCC=C(C)CCC=C(C)CCC=C(C)C,undefined
CC=CCCCO,undefined
CC=CC=CCO,sweet
COc1ccc(C=CC=O)cc1,sweet
COc1ccccc1C=CC=O,sweet
Cc1cc(SSc2cc(C)oc2C)c(C)o1,undefined
CCCC=C1OC(=O)c2ccccc21,undefined
CCC=CCC=O,undefined
OCC(O)c1ccccc1,sweet
CC=CC=CC(=O)O,undefined
CC=CC=O,undefined
[N-]=[N+]=Nc1nc2c(N)ncnc2n1C1OC(COP(=O)(O)OP(=O)(O)OP(=O)(O)O)C(O)C1O,sweet
CCOC(=O)C(Cc1ccccc1)NC(=O)CNC(C)=O,sweet
OCC1OC(O)C(O)C(OC2OCC(O)C(O)C2O)C1O,sweet
C=CC(O)CC(=NOS(=O)(=O)[O-])SC1OC(CO)C(O)C(O)C1O,bitter
OCC(O)C(O)C(OC1OC(O)C(O)C(O)C1O)C(O)CO,sweet
CCC(C)C(N)C(=O)NC(C)C(=O)NC(Cc1ccccc1)C(=O)O,sweet
OCC1OC(OC2C(CO)OC(O)(O)C(O)C2O)C(O)C(O)C1O,sweet
CCOc1cc(C=O)ccc1OC(=O)C(C)C,sweet
COc1cc(C(O)C(=O)O)ccc1O,sweet
CC(C)Oc1ccc(NC(N)=O)cc1,sweet
CC=Cc1ccc(OCc2ccccc2)c(OC)c1,undefined
CCOC(=O)c1cnc2c(C)c(-c3ccccc3)[nH]n2c1=O,undefined
CC(C)=NOC1=NS(=O)(=O)c2ccccc21,sweet
CC=Cc1ccc(O)c(OC)c1,sweet
CCOc1ccc(NC(=O)Nc2ccc(OC)cc2)cc1,sweet
CC=Cc1ccc(OC(C)=O)c(OC)c1,sweet
COc1ccc(C=CC(=O)NCCc2ccc(OC)c(OC)c2)cc1OC,undefined
CNS(=O)(=O)NC1CCCCC1,sweet
Nc1ncnc2c1ncn2C1OC(CO)C(OP(=O)([O-])[O-])C1O,sweet
CCC=CCC1=C(C)CCC1=O,undefined
CC(=O)C=Cc1ccco1,sweet
CC(=O)CCC=C(C)CCC=C(C)C,undefined
COC(=O)C(Cc1ccccc1)NC(=O)C([NH3+])CC(C)C,sweet
N#CC=Cc1ccccc1,undefined
CCCCCCC(C=O)=Cc1ccccc1,undefined
O=C(C=Cc1ccccc1)OCC=Cc1ccccc1,sweet
O=CC(O)C(O)C(O)C(O)C(=O)[O-],sweet
CCCCCC(C=O)=Cc1ccccc1,sweet
CC(C)COC(=O)C=Cc1ccccc1,sweet
O=CC=Cc1ccco1,undefined
C=C1CCC2OC2(C)CCC2C1CC2(C)C,sweet
CC(=O)C=CC=C(C)CCC=C(C)C,sweet
Cc1oc2cc(OC3OC(CO)C(O)C(O)C3O)ccc2c(=O)c1-c1ccc2c(c1)OCCO2,sweet
COC(=O)C(Cc1ccccc1)NC(=O)C1([NH3+])CCCCC1,sweet
COC(=O)C(Cc1ccccc1)NC(=O)C1(N)CCCCC1,sweet
C[NH2+]C(CC(C)C)C(=O)NC(Cc1ccccc1)C(=O)OC,sweet
CNC(CC(C)C)C(=O)NC(Cc1ccccc1)C(=O)OC,sweet
CC(C)(C)OC(=O)C(Cc1ccccc1)NC(=O)C([NH3+])CC(N)=O,sweet
CC(C)(C)OC(=O)C(Cc1ccccc1)NC(=O)C(N)CC(N)=O,sweet
CCCCCOc1ccc([N+](=O)[O-])cc1N,sweet
CC(C)(C)C(=O)NCC(=O)NC(Cc1ccccc1)C(=O)[O-],sweet
CC(C)(C)C(=O)NCC(=O)NC(Cc1ccccc1)C(=O)O,sweet
CCCCOc1ccc(NC(=O)Nc2ccc(OC)cc2)cc1,sweet
O=C(Cc1ccc2c(c1)OCCO2)c1ccc(OC2OC(CO)C(O)C(O)C2O)cc1O,sweet
CCCOc1ccc(NC(=O)Nc2ccc(OC)cc2)cc1,sweet
O=C1c2ccccc2S(=O)(=O)N1CCl,sweet
Nc1ncnc2c1ncn2C1OC(COP(=O)([O-])OP(=O)([O-])OP(=O)(O)O)C(O)C1O,sweet
CCC(=O)[O-],undefined
CCC(O)COCC1OC(OC2C(COCC(O)CC)OC(OCC(O)CC)C(OCC(O)CC)C2OCC(O)CC)C(OCC(O)CC)C(OCC(O)CC)C1OCC(O)CC,sweet
O=C1OC2C(O)C(O)OC2C1O,undefined
COC1OC(CO)C(O)C(O)C1O.COC1OC(CO)C(O)C(O)C1O,sweet
CCOc1ccc(NC(=O)NC(C)(C)C)cc1,sweet
CCCC=CCOC(C)=O,sweet
CCCCOc1ccc(N)cc1[N+](=O)[O-],sweet
CCCC(CCOC(C)=O)SC(C)=O,sweet
Cc1oc2ccccc2c1C,undefined
OC1OC(CF)C(F)C(O)C1O,sweet
OCC1OC(O)C(O)C(O)C1F,sweet
COC1C(O)C(O)C(CO)OC1(OC)OC,sweet
COC(=O)CC(N)C(=O)NC(Cc1ccccc1)C(=O)OC,sweet
Nc1ccc(N=NC(=NNc2ccccc2)c2ccccc2)cc1,sweet
CC1OC(OC2OCC(O)C(OC3OCC(O)C(O)C3O)C2O)C(O)C(O)C1O,sweet
CC(O)C1OC(O)C(O)C(O)C1O,sweet
O=P1(O)OCC2OC(n3cnc4c(NO)ncnc43)C(O)C2O1,sweet
CP(=O)(O)OCC1OC(n2cnc3c(N)ncnc32)CC1O,sweet
COC1C(O)C(COP(=O)(O)OP(=O)(O)OP(=O)(O)O)OC1n1cnc2c(N)ncnc21,sweet
Nc1nc(N)c2ncn(C3OC(COP(=O)(O)O)C(O)C3O)c2n1,sweet
Nc1nc(N)c2ncn(C3OC(COP(=O)(O)OP(=O)(O)O)C(O)C3O)c2n1,sweet
CCCC(CC=O)SC,undefined
CCOC1=C(C)OC(C)C1=O,undefined
CCCCCC(C)(O)CC(C)C,undefined
CCCC(=O)OCSC,undefined
CC(C)CCCCCCCCCCC=O,undefined
CC1=C2CCC(C)C=C2OC1=O,undefined
Cc1scnc1CCOC(=O)C(C)C,undefined
CCCCC=CCOC(=O)CC(C)C,sweet
CCCC(=O)OCCc1scnc1C,undefined
CCCCCC(=O)OCCc1scnc1C,undefined
CC(=O)CC(C)SCc1ccco1,undefined
CCC(C)Oc1ccc([N+](=O)[O-])cc1N,sweet
CCCCCCOc1ccc([N+](=O)[O-])cc1N,sweet
CC(C)COc1ccc([N+](=O)[O-])cc1N,sweet
CC(C)CCOc1ccc([N+](=O)[O-])cc1N,sweet
CC(C)Oc1ccc([N+](=O)[O-])cc1[N+](=O)[O-],sweet
CCOc1ccc(N(C)C(N)=O)cc1,sweet
COc1ccc(C2CC(=O)c3c(O)cc(OC4OC(COC5OC(C)C(O)C(O)C5O)C(O)C(O)C4O)cc3O2)cc1OC,sweet
O=S(=O)(O)OC1C(OC2OC(CO)C(O)C(O)C2O)OC(CO)C(O)C1O,sweet
O=C1c2c(O)cc(O)cc2OC(c2ccc(O)c(O)c2)C1OC1OC(CO)C(O)C(O)C1O,sweet
COC1OC(C(C)O)C(O)C1OC,sweet
COC1OC(C)C(OS(=O)(=O)O)C(O)C1OC1OC(C)C(O)C(O)C1O,sweet
CC(NC1C(C)(C)SC1(C)C)C(=O)NC(=O)C(N)CC(=O)O,sweet
OCC1OC(O)C(OC2(CO)OC(CO)C(O)C2O)C(O)C1O,sweet
CC1(C(=O)OC2OC(C(=O)O)C(O)C(O)C2O)CCC2(C)CCC3(C)C(=CC(=O)C4C5(C)CCC(O)C(C)(C)C5CCC43C)C2C1,sweet
OCC1OC(O)C(O)OC1C(O)C1COC(O)C(O)O1,sweet
CCC1OC=C(CO)C1=O,undefined
CC1(C(=O)[O-])CCC2(C)CCC3(C)C(=CC(=O)C4C5(C)CC(OC6OC(C(=O)[O-])C(OC7OC(C(=O)[O-])C(O)C(O)C7O)C(O)C6O)CC(C)(C)C5CCC43C)C2C1.C[O-].C[O-].C[O-],sweet
CC1(C(=O)O)CCC2(C)CCC3(C)C(=CC(=O)C4C5(C)CC(OC6OC(C(=O)O)C(OC7OC(C(=O)O)C(O)C(O)C7O)C(O)C6O)CC(C)(C)C5CCC43C)C2C1,sweet
CC1(C(=O)[O-])CCC2(C)CCC3(C)C(=CC(=O)C4C5(C)CC(OC6OC(C(=O)[O-])C(OC7OC(C(=O)[O-])C(O)C(O)C7O)C(O)C6O)CC(C)(C)C5CCC43C)C2C1,sweet
Nc1ncnc2c1ncn2C1OC(COP(=O)(O)OP(=O)(O)OP(=O)([O-])O)C(O)C1O.[Ru+],sweet
O=C(CO)CC(O)C(O)CO,sweet
Nc1nc(Cl)nc2c1ncn2C1OC(COP(=O)(O)OP(=O)(O)O)C(O)C1O,sweet
OCC1OC(OC2OCC(O)C(O)C2O)C(O)C(O)C1O,sweet
NC(N)=NCCCC(N)C(=O)NCC(=O)NC(CC(=O)O)C(=O)NC(Cc1ccccc1)C(=O)O,sweet
CNc1ncnc2c1ncn2C1OC(COP(=O)(O)O)CC1O,sweet
CNc1ncnc2c1ncn2C1OC(COP(=O)(O)OP(=O)(O)OP(=O)(O)O)CC1O,sweet
CC(=O)C(O)C(O)C(O)CO,sweet
Nc1ncnc2c1ncn2C1OC(COP(=O)([O-])OP(=O)([O-])[O-])C(O)C1O.[Cr+3],sweet
Nc1nc(F)nc2c1ncn2C1OC(COP(=O)(O)OP(=O)(O)O)C(O)C1O,sweet
OCC1OC(OC2C3COC(O3)C(O)C2O)C(O)C(O)C1O,sweet
NCCCCCCNc1ncnc2c1ncn2C1OC(COP(=O)(O)O)C(O)C1O,sweet
O=CC(O)C(O)C(O)C(O)CCO,sweet
COc1c(O)cc(-c2cc(=O)c3cc(CC=C(C)C)c(OC4OC(CO)C(O)C(O)C4O)cc3o2)cc1O,sweet
Nc1ncnc2c1ncn2C1OC(COP(=O)([O-])OP(=O)([O-])OP(=O)([O-])[O-])C(O)C1O.[H+].[Rh+3],sweet
COc1cc(C2CC(=O)c3c(O)cc(OC4OC(COC(C)=O)C(O)C(O)C4O)cc3O2)ccc1O,sweet
OCCC1OC(OC2OC(CCO)C(O)C(O)C2O)C(O)C(O)C1O,sweet
CC1(C(=O)O)CCC2(C)CCC3(C)C(=CC(=O)C4C5(C)CCC(OC6OC(C(=O)O)C(OC7OC(C(=O)O)C(O)C(O)C7O)C(O)C6O)C(C)(C)C5CCC43C)C2C1,sweet
CC1(C)CCC2(C(=O)OC3OCC(O)C(O)C3O)CCC3(C)C(=CCC4C5(C)CCC(OC6OC(COC7OC(C(=O)O)C(O)C(O)C7OC7OC(CO)C(O)C(O)C7O)C(O)C(O)C6O)C(C)(C)C5CCC43C)C2C1,sweet
COCC1OC(n2cnc3c(N)ncnc32)C(O)C1OP(=O)(O)OP(=O)(O)O,sweet
CC(=O)OCC1OC(OC2C(COC(C)=O)OC(OC(C)=O)C(OC(C)=O)C2OC(C)=O)C(OC(C)=O)C(OC(C)=O)C1OC(C)=O.CCC(=O)OCC1OC(OC2C(COC(=O)CC)OC(OC(=O)CC)C(OC(=O)CC)C2OC(=O)CC)C(OC(=O)CC)C(OC(=O)CC)C1OC(=O)CC.OCC1OC(OC2C(CO)OC(O)C(O)C2O)C(O)C(O)C1O,undefined
OCC(O)CO.OCC1OC(O)C(O)C(O)C1O,sweet
OCC1OC(OC2(CO)OC(CO)C(O)C2O)C(O)C(O)C1O.[Al+3],sweet
OCC1(O)OCC(O)C(O)C1O.[Fe+3],sweet
Nc1ncnc2c1ncn2C1OC(CO)C2OP(=O)(O)OC21.[H-],sweet
O=C1CC(c2ccc(O)c(O)c2)Oc2cc(OC3OC(CO)C(O)C(O)C3O)cc(O)c21,sweet
O=S(=O)(O)OC1OCC(OC2OC(CO)C(O)C(O)C2O)C(O)C1O,sweet
COC1OC(COCCOCCO)C(OCCOCCO)C(OCCOCCO)C1OCCOCCO,sweet
CC1(C(=O)[O-])CCC2(C)CCC3(C)C(=CC(=O)C4C5(C)CCC(OC6OC(C(=O)O)C(O)C(O)C6OC6OC(C(=O)O)C(O)C(O)C6O)C(C)(C)C5CCC43C)C2C1.[Al+3],sweet
C=CCc1ccc(OC(=O)CC(C)C)c(OC)c1,undefined
CC1=CC(O)CC(C)C12CCC(=C(C)C)C2,sweet
COc1ccc(-c2cc(=O)c3c(OCCO)cc(OC4OC(COC5OC(C)C(O)C(O)C5O)C(O)C(O)C4O)cc3o2)cc1O,sweet
N=S1NC(=O)c2ccccc21,sweet
Cc1ccc(N=NC(=NNc2ccc(C)cc2)c2ccccc2)cc1,sweet
Cc1ccccc1N=NC(=NNc1ccccc1)c1ccccc1,sweet
COC(=O)C(C)NC(=O)C(Cc1ccccc1)NC(C)=O,sweet
COC(=O)C(Cc1ccccc1)NC(=O)C(Cc1ccccc1)NC(=O)C(N)CC(N)=O,sweet
COC(=O)C(CC(C)C)NC(=O)C(N)Cc1ccccc1,sweet
O=C(O)CCC(=O)NC(Cc1ccccc1)C(=O)O,sweet
Nc1ccc(C(N=Nc2ccccc2)=NNc2ccccc2)cc1,sweet
CC1OC(OC2C(CO)OC(O)C(O)C2O)C(O)C(O)C1O,sweet
CCC(C)(C)CCNC(CC(=O)O)C(=O)NC(Cc1ccccc1)C(=O)OC,sweet
C=C1CC23CCC4C(C)(C(=O)OC5OC(CO)C(O)C(O)C5O)CCCC4(C)C2CCC1(OC1OC(O)C(O)C(OC2C(O)OC(CO)C(O)C2O)C1OC1OC(CO)C(O)C(O)C1O)C3,sweet
COC(=O)C(Cc1ccccc1)NC(=O)C(C)NC(=O)OC(C)(C)C,sweet
Cc1occc(=O)c1OC(=O)C(C)C,sweet
Nc1ncnc2c1ncn2C1OC(COP(O)(O)=S)C(O)C1O,sweet
COC(=O)C1OC(OC2C(OC3CCC4(C)C(CCC5(C)C4C(=O)C=C4C6CC(C)(C(=O)OC)CCC6(C)CCC45C)C3(C)C)OC(C(=O)OC)C(OC(C)=O)C2OC(C)=O)C(OC(C)=O)C(OC(C)=O)C1OC(C)=O,sweet
CC1OC(OC2C(OC3C(CO)OC(O)C(O)C3O)OC(CO)C(O)C2O)C(O)C(O)C1O,sweet
COC(=O)C(Cc1ccccc1)NC(=O)C(CC(=O)O)NC(=O)C(N)CC(=O)O,sweet
Nc1ncnc2c1ncn2C1OC(COP(=O)([O-])O)C(O)C1O,sweet
COC1OC(COC(C)=O)C(O)C(O)C1OC(C)=O,sweet
Nc1ncnc2c1ncn2C1OC(COP(N)(=O)[O-])C(O)C1O,sweet
O=C1c2ccccc2S(=O)(=O)N1SC(Cl)(Cl)Cl,sweet
CCCCCCCCC(=O)NC(C(=O)NC(Cc1ccccc1)C(=O)OCCC)C(C)C,sweet
Nc1ncnc2c1ncn2C1OC(COP(=O)([O-])OP(=O)([O-])NP(=O)([O-])[O-])C(O)C1O,sweet
CCCCOc1ccc(NC(=O)N(C)C)cc1,sweet
CCOCc1ccccc1O,sweet
OCC1OC(OCC2OC(O)C(O)C(OC3OC(CO)C(O)C(O)C3O)C2O)C(O)C(O)C1O,sweet
Cc1ccc(N=NC(=NNc2ccccc2)c2ccccc2)cc1,sweet
CC1(C(=O)O)CCC2(C)CCC3(C)C(=CC(=O)C4C5(C)CCC(OC6OC(C(=O)O)C(O)C(O)C6OC6OC(C(=O)O)C(O)C(O)C6O)CC5CCC43C)C2C1,sweet
COC(=O)C(Cc1ccccc1)NC(=O)C(CC(=O)O)NC(=O)C(F)(F)F,sweet
Nc1ncnc2c1ncn2C1OC2COP(=O)([O-])OC2C1O,sweet
Fc1ccc(C(N=Nc2ccccc2)=NNc2ccccc2)cc1,sweet
Cc1ccc(C(C)CC=O)o1,undefined
CC1OC2COC(C)OC2C(C(O)CO)O1,sweet
CC1=CCC(C=NO)CC1,sweet
Nc1ncnc2c1ncn2C1OC(COP(=O)(O)OP(=O)([O-])O)C(O)C1O,sweet
Nc1ncnc2c1ncn2C1CC(O)C(COP(=O)([O-])[O-])O1,sweet
Nc1ncnc2c1ncn2C1CC(O)C(COP(=O)(O)OP(=O)(O)OP(=O)([O-])[O-])O1,sweet
OCC1OC(O)C(OC2OC(O)C(O)C(O)C2O)C(O)C1O,sweet
O=S1(=O)N=C([O-])c2ccccc21,sweet
COC(=O)C(Cc1ccccc1)NC(=O)C1CCN(C(=O)C(N)CC(C)C)CC1,sweet
COC(=O)C(Cc1ccccc1)NC(=O)CNC(C)=O,sweet
CC1(C(=O)[O-])CCC2(C)CCC3(C)C(=CC(=O)C4C5(C)CCC(OC6OC(C(=O)O)C(O)C(O)C6OC6OC(C(=O)O)C(O)C(O)C6O)C(C)(C)C5CCC43C)C2C1,sweet
COC(=O)C(Cc1ccccc1)NC(=O)C([NH3+])CC(=O)O,sweet
CCc1ccccc1S,undefined
CC(C)OC(=O)C(Cc1ccccc1)NC(=O)C(N)CC(=O)O,sweet
COC(=O)C(Cc1ccccc1)NC(=O)C(CC(=O)O)NC(=O)OC(C)(C)C,sweet
OCC1OC(OC2OC(COC3OC(CO)C(O)C(O)C3O)C(O)C(O)C2O)C(O)C1O,sweet
COc1ccc(C=CC(=O)c2c(O)cc(OC3OC(COC4OC(C)C(O)C(O)C4O)C(O)C(O)C3O)cc2OC)cc1O,sweet
CC1OC(O)C(O)C(O)C1OC1OC(CO)C(OC2OCC(O)C(O)C2O)C(O)C1O,sweet
CCCC1CC(=O)C=C(C)C1,undefined
CCCCCCCCCCCCCCCCCC(=O)OCC(O)C1OCC(O)C1O,undefined
COC(=O)C(Cc1ccccc1)NC(=O)C(CC(=O)OC(C)(C)C)NC(=O)OC(C)(C)C,sweet
Nc1ncnc2c1ncn2C1OC(COP(=O)(O)OP(=O)(O)OP(=O)([O-])[O-])C(O)C1O,sweet
Cc1ccc(C(N=Nc2ccccc2)=NNc2ccccc2)cc1,sweet
CC1(C)CC(=O)C2OC2(C)C1=O,sweet
OCCOCC1OC(OC2C(COCCO)OC(OCCO)C(OCCO)C2OCCO)C(OCCO)C(OCCO)C1OCCO,sweet
COc1ccc(C=CC(=O)c2c(O)cc(OC3OC(CO)C(O)C(O)C3OC3OC(C)C(O)C(O)C3O)cc2O)cc1O,sweet
C=C1CC23CCC4C(C)(C(=O)O)CCCC4(C)C2CCC1(OC1OC(COC(C)=O)C(OC(C)=O)C(OC(C)=O)C1OC1OC(COC(C)=O)C(OC(C)=O)C(OC(C)=O)C1OC(C)=O)C3,sweet
COC(=O)C(CC(C)C)NC(=O)CNC(=O)CNC(=O)CCc1ccccc1,sweet
CCOC(=O)COc1ccc(C)cc1,undefined
Nc1ncnc2c1ncn2C1OC(CO)C2OP(=O)([O-])OC21,sweet
Nc1ncnc2c1ncn2C1OC(COP(=O)([O-])OP([O-])([O-])=S)C(O)C1O,sweet
CCCCOc1ccc(NC(=O)Nc2ccccc2)cc1,sweet
OCCOCC1OC(OCCO)C(OCCO)C(OCCO)C1OCCO,sweet
CC1=NC(CC(C)C)SC1C,undefined
CCCCC(N)C(=O)NC(Cc1ccccc1)C(=O)O,sweet
CCOP1(=O)OCC2OC(n3cnc4c(N)ncnc43)C(O)C2O1,sweet
O=C([O-])C(O)C(O)C(O)C(O)CO,sweet
O=S(=O)(O)OC1C(O)C(CO)OC(OC2C(CO)OC(O)C(O)C2O)C1O,sweet
CC(=O)NCC(=O)NC(Cc1ccccc1)C(=O)O,sweet
CC(NC(=O)C(Cc1ccccc1)NC(=O)CN)C(=O)NC(CC(=O)O)C(=O)O,sweet
OCC1(O)COC(O)(CO)CO1,sweet
OC1COC(OC2C(O)C(O)C(O)C(O)C2O)C(O)C1O,sweet
CC1OC(OC2C(O)C(O)OC(CO)C2OC2OC(CO)C(O)C(O)C2O)C(O)C(O)C1O,sweet
CCCCCCCOCCS,undefined
CCOC1OC(CO)C(OC2OC(CO)C(O)C(O)C2O)C(O)C1O,sweet
OCC1OC(OCCCOCCCOC2OC(CO)C(O)C(O)C2O)C(O)C(O)C1O,sweet
COC(=O)C(Cc1ccccc1)NC(=O)CCC(=O)NCCc1ccccc1,sweet
CC1(C(=O)O)CCC2(C)CCC3C(=CC(=O)C4C3(C)CCC3C(C)(C)C(OC5OC(C(=O)O)C(OC6OC(C(=O)O)C(O)C(O)C6O)C(O)C5O)CCC34C)C2C1,sweet
CCCCCCCCCCCC(=O)NC(C(=O)NC(Cc1ccccc1)C(=O)OCCC)C(C)C,sweet
COC(=O)C(CC(C)C)NC(=O)CNC(=O)CCc1ccccc1,sweet
CCCOC(=O)C(Cc1ccccc1)NC(=O)C(NC(=O)C(C)C)C(C)C,sweet
CCCC(N)C(=O)NC(Cc1ccccc1)C(=O)O,sweet
CC(=O)OCC1OC(Oc2ccc(C(=O)Cc3ccc4c(c3)OCCO4)c(O)c2)C(OC(C)=O)C(OC(C)=O)C1OC(C)=O,sweet
CC(N)C(=O)NC(CC(N)=O)C(=O)NC(Cc1ccccc1)C(=O)NC(CCCCN)C(=O)O,sweet
COC1OC(CO)C(O)C(OC2OCC(O)C(O)C2O)C1O,sweet
CC1OC(OC2C(O)C(O)OC(CO)C2O)C(O)C(O)C1O,sweet
C=C1CC23CCC4C(C)(C(=O)OC5OC(CO)C(O)C(O)C5O)CCCC4(C)C2CC(OC2OC(CO)C(O)C(O)C2OC2OC(CO)C(O)C(O)C2O)C1C3,sweet
Nc1ncnc2c1ncn2C1OC(COP(=O)([O-])OS(=O)(=O)[O-])C(OP(=O)([O-])[O-])C1O,sweet
OCC(O)C(O)C(O)C(CO)OC1OC(CO)C(O)C(O)C1O,sweet
COC(=O)CC(C(=O)NC(Cc1ccccc1)C(=O)OC)N(CCC(C)(C)C)CCC(C)(C)C,sweet
NC(CC(=O)O)C(=O)NC(C=O)Cc1ccccc1,sweet
COC(=O)C(Cc1ccccc1)NC(=O)CCC(=O)NC(Cc1ccccc1)C(=O)OC,sweet
Nc1nc(N)c2ncn(C3CC(O)C(COP(=O)(O)O)O3)c2n1,sweet
Cc1nc(N)c2ncn(C3OC(COP(=O)(O)O)C(O)C3O)c2n1,sweet
Nc1ncnc2c1ncn2C1CC(O)C(COP(O)(O)=S)O1,sweet
Nc1ncnc2c1ncn2C1OC(COP(=O)(O)OP(=O)(O)O)C(O)C1O.[O]=[V]=[O],sweet
OCC1OC(OCCC2CO2)C(O)C(O)C1O,sweet
CN(C)c1ncnc2c1ncn2C1OC(COP(=O)(O)O)C(O)C1O,sweet
Nc1ncnc2c1ncn2C1OC(COP(=O)([O-])OP(=O)(O)NP(=O)(O)O)C(O)C1O.[H-],sweet
O=C(C=Cc1ccc(O)c(OC2OC(CO)C(O)C(O)C2O)c1)c1ccc(OC2OC(CO)C(O)C(O)C2O)cc1O,sweet
O=S(=O)(N=C([O-])c1ccccc1)c1ccccc1,sweet
Nc1ncnc2c1ncn2C1OC(COP(=O)([O-])OP(=O)([O-])OP([O-])([O-])=S)C(O)C1O,sweet
CC1=C(O)C(=O)CO1,sweet
COC(=O)C(CC(C)C)NC(=O)C(Cc1ccccc1)NC(C)=O,sweet
O=C1c2ccccc2S(=O)(=O)N1Cl,sweet
CC(=O)OCC(COC1OC(CO)C(O)C(O)C1O)OC(C)=O,sweet
OCC1OC(OC2C(CO)OCC(F)C2O)C(O)C(O)C1O,sweet
O=C1c2ccccc2S(=O)(=O)N1S(=O)(=O)c1ccc(F)cc1,sweet
O=CC(O)C(O)C(O)C(O)C(=O)O.O=CC(O)C(O)C(O)C(O)C(=O)O.[Pt],sweet
CSC(C)(C)CC(C)=O,undefined
CNCC(=O)NC(Cc1ccccc1)C(=O)O,sweet
C=C1CC23CCC4C(C)(C(=O)OC5OC(CO)C(O)C(O)C5O)CCCC4(C)C2CCC1(OC1OC(CO)C(O)C(OOC2C(O)OC(CO)C(O)C2O)C1OC1OC(CO)C(O)C(O)C1O)C3,sweet
CCCCCCOc1ccc(NC(=O)Nc2ccccc2)cc1,sweet
CCCOc1ccc(NC(=O)Nc2ccccc2)cc1,sweet
CCCCCC(=O)N1CCNC(=O)C1CC(=O)OCCCc1ccccc1,sweet
CCCCCCCC(=O)N1CCNC(=O)C1CC(=O)OCCCc1ccccc1,sweet
COC(=O)C(Cc1ccccc1)NC(=O)C1CCN(C(=O)C([NH3+])CC(C)C)CC1,sweet
CCCCC1OC(=O)C2=CCCCC21,undefined
Cc1ccc(S(=O)(=O)N2C(=O)c3ccccc3S2(=O)=O)cc1,sweet
Nc1ncnc2c1nc(Br)n2C1OC(COP(=O)(O)OP(=O)(O)OP(=O)(O)O)C(O)C1O,sweet
COC1(C)OC2OC(CO)C(O)C(O)C2O1,sweet
CC1OC(Oc2cc(O)c3c(c2)OC(c2ccc(O)c(O)c2)C(O)C3=O)C(O)C(O)C1O,sweet
COC1OC(CO)C(O)C2OC(C)(C)OC12,sweet
CC(=O)CC(=O)NC(C)C(=O)NC(Cc1ccccc1)C(=O)O,sweet
CCCCOCc1ccc(O)c(OC)c1,undefined
COC(=O)C(Cc1ccccc1)NC(=O)C(CC(=O)O)N(CCC(C)(C)C)CCC(C)(C)C,sweet
OC1OC(C[OH2+])C(O)C(O)C1O,sweet
COC1OC2COC(C)(C)OC2C(O)C1O,sweet
OCC(O)COCC1OC(O)C(O)C(O)C1O,sweet
CC1OC2OC(CO)C(O)C(O)C2O1,sweet
C=C1CCC2(C(=O)OC3OC(CO)C(O)C(O)C3O)CCC3(C)C(=CCC4C5(C)CCC(OC6OC(C(=O)O)C(O)C(O)C6O)C(C)(CO)C5CCC43C)C2C1,sweet
OCCCC(O)C(O)CO,sweet
Nc1ncnc2c1[nH]c[n+]2C1OC(CO)C(OP(=O)([O-])O)C1O,sweet
Nc1ncnc2c1[nH]c[n+]2C1OC(CO)C(OP(=O)(O)O)C1O,sweet
Nc1ncnc2c1[nH]c[n+]2C1OC(COP(=O)([O-])O)C(O)C1O,sweet
Nc1ncnc2c1[nH]c[n+]2C1OC(COP(=O)(O)O)C(O)C1O,sweet
Nc1ncnc2c1nc(NCC[NH3+])n2C1OC2COP(=O)([O-])OC2C1O,sweet
CC([NH3+])C(=O)NC(Cc1ccccc1)C(=O)O,sweet
OCC1OC2OCCOC2C(O)C1O,sweet
O=C1[N-]S(=O)(=O)c2ccccc21.O=C1[N-]S(=O)(=O)c2ccccc21.[Fe+2],sweet
O=C1[N-]S(=O)(=O)c2ccccc21.O=C1[N-]S(=O)(=O)c2ccccc21.[Co+2],sweet
O=C1[N-]S(=O)(=O)c2ccccc21.O=C1[N-]S(=O)(=O)c2ccccc21.[Ni+2],sweet
O=C1[N-]S(=O)(=O)c2ccccc21.O=C1[N-]S(=O)(=O)c2ccccc21.[Cd+2],sweet
OCC1OC(OC2C(O)OC(O)C(O)C2O)C(O)C(O)C1O,sweet
[CH3][Sn]([CH3])([CH3])[N]1C(=O)c2ccccc2S1(=O)=O,sweet
CCOC(=O)P(=O)(O)OCC1OC(n2cnc3c(N)ncnc32)C(O)C1O,sweet
NC(=O)P(=O)(O)OCC1OC(n2cnc3c(N)ncnc32)C(O)C1O,sweet
Nc1ncnc2c1ncn2C1OC(COP(=O)(O)C(=O)O)C(O)C1O,sweet
Nc1ncnc2c1ncn2C1CC(O)C(COP(=O)(O)C(=O)O)O1,sweet
CCOC(=O)C=CC(=O)OCC,undefined
CC(C)CCOC(=O)C=Cc1ccccc1,undefined
CCOP(=O)(Nc1ncnc2c1ncn2C1OC(CO)C(O)C1(C)O)OCC,sweet
COP(=O)(O)Nc1ncnc2c1ncn2C1OC(CO)C(O)C1(C)O,sweet
CC1(C(=O)O)CCC2(C)CCC3(C)C(=CC(=O)C4C5(C)CCC(OC6OC(C(=O)CO)C(O)C(O)C6O)C(C)(C)C5CCC43C)C2C1,sweet
CCC(C)C(NC(=O)C(NC(=O)C(Cc1ccccc1)NC(C)=O)C(C)C)C(=O)NC(CC(N)=O)C(=O)NC(CC(=O)O)C(=O)NC(CC(C)C)C(=O)O,sweet
CC(C)=CCCC(C)=CC(=O)O,sour
CCCCCCCCCC(O)CC(=O)CCc1ccc(O)c(OC)c1,undefined
CCC(C)C(NC(=O)CCCCCCCCCCCCCCC(=O)NC(CC(N)=O)C(=O)NC(Cc1ccccc1)C(=O)O)C(=O)NC(CCO)C(N)=O,sweet
COC(=O)CNC(=O)C(Cc1ccccc1)N1C(=O)CC1C(=O)NC(Cc1ccccc1)C(=O)OC,sweet
CCCC(C(=O)NCC(=O)OC)N1C(=O)CC1C(=O)NC(Cc1ccccc1)C(=O)OC,sweet
CC(C)=CCCC(C)=CCCC(C)CCO,undefined
CC(=CCO)CCCC(C)CCCC(C)CCCC(C)C,undefined
CC1OC(Oc2c(-c3ccc(O)c(O)c3)oc3cc(O)cc(O)c3c2=O)C(O)C(O)C1O,sweet
CC1=CC(=O)CC(C)(C)C1(O)C=CC(C)O,undefined
CC(C)=CCCC(C)=CCCC(C)=CC=O,undefined
CC1OC(OC2C(Oc3c(O)cc4oc(-c5ccc(O)c(O)c5)cc(=O)c4c3O)OC(CO)C(O)C2O)C(O)C(O)C1O,sweet
O=c1cc(-c2ccc(O)c(O)c2)oc2cc(OC3OC(CO)C(O)C(O)C3O)cc(O)c12,sweet
O=c1c(OC2OC(CO)C(O)C(O)C2O)c(-c2ccc(O)c(O)c2)oc2cc(O)cc(O)c12,undefined
C=C1c2cccc(O)c2C(O)=C2C(=O)C3(O)C(=O)C(=C(N)O)C(=O)C(N(C)C)C3C(O)C12,bitter
CCCCCC=CC=CC(=O)OCC,sweet
CC=C(C)C(=O)OCC,sweet
CCC=CCCO,undefined
CCCC=CC=O,sweet
C=C1CCC=C(C)CCC2C1CC2(C)C,sweet
C=CC(C)=CCC=C(C)CCC=C(C)C,sweet
CC(=CCCC1(C)C2CC3C(C2)C31C)CO,undefined
C=CC(C)=CCC=C(C)CCC=C(C)C=O,undefined
C=CC(C)=CCC=C(C)C,sweet
COc1ccc(-c2cc(=O)c3c(O)cc(OC4OC(COC5OC(C)C(O)C(O)C5O)C(O)C(O)C4O)cc3o2)cc1O,sweet
O=c1c2c(O)cc(O)cc2oc2c(O)ccc(OC3OC(CO)C(O)C(O)C3O)c12,sweet
COc1cc(O)c2c(=O)c3c(OC4OC(CO)C(O)C(O)C4O)ccc(O)c3oc2c1,sweet
COc1cc(-c2coc3cc(OC4OC(CO)C(O)C(O)C4O)c(OC)c(O)c3c2=O)cc(O)c1OC,sweet
COc1c(OC2OC(CO)C(O)C(O)C2O)cc2occ(-c3ccc(O)cc3)c(=O)c2c1O,sweet
CC(=O)C=CC1C(C)=CCCC1(C)C,sweet
CC1OC(OC2C(Oc3cc(O)c4c(=O)cc(-c5ccc(O)c(O)c5)oc4c3)OC(CO)C(O)C2O)C(O)C(O)C1O,sweet
O=c1c(O)c(-c2ccc(O)c(O)c2)oc2cc(OC3OC(CO)C(O)C(O)C3O)cc(O)c12,sweet
CCCCC=CC(=O)O,undefined
CCCCCC=CC(=O)O,sour
CCCCC=CCC(=O)O,undefined
CCC=CCCCC(=O)O,undefined
CCCCCCCC=CC(=O)O,sweet
CCCCC=CC=O,undefined
CCC=CC=CC=O,undefined
CCCCCC=CC=O,undefined
CCC=CCCCC=O,undefined
CCCC=CC=CC=O,undefined
CCCCCCC=CC=O,undefined
CCCCC=CCCC=O,undefined
CCCCCCCC=CC=O,undefined
CCCC=CCCCCC=O,undefined
CCCCCCCCC=CC=O,sweet
CCCCCCCCCC=CC=O,sweet
CCCCCCCCCCCC=CC=O,undefined
CCCCC=CCCCCCCCC=O,undefined
CCCCCCCCC=CCCCCCCCC=O,undefined
[NH3+]C1CCCCC1,sweet
C=CC(C)(O)CCC=C(C)CCC=C(C)C,undefined
CCOC(=O)C=Cc1ccccc1,sweet
[O-]C1CC(O)C(O)C(CO)O1,sweet
[O-]C1OC(CO)C(O)C(O)C1F,sweet
OCC1OC(OC2C(O)COC(OC3COC(O)C(O)C3O)C2O)C(O)C1O,sweet
Nc1ncnc2c1ncn2C1OC(CO)C(O)C1O.[O]=[W]([OH])[OH],sweet
OCC1OC(OC2C(O)C(CO)OC(OC3C(CO)OCC(O)C3O)C2O)C(O)C(O)C1O,sweet
CCCCCCOC1OC(CO)C(O)C(O)C1OC1OC(C)C(O)C(O)C1O,sweet
CCCCCCOC1OC(CO)C(O)CC1OC1OC(C)C(O)C(O)C1O,sweet
[O-]C1OC(CO)C(OC2OC(CO)C(OC3OC(CO)C(O)C(O)C3O)C(O)C2O)C(O)C1F,sweet
CC1OC(OC2C(O)C(CO)OC(O)C2OC2OC(CO)C(O)C(O)C2O)C(O)CC1O,sweet
COC1OC(CO)C(O)C(OC2OC(C)C(O)CC2O)C1OC1OC(CO)C(O)C(O)C1O,sweet
OCC1OC(OC2C(O)C(CO)OC2(O)CO)C(O)C(O)C1O,sweet
OCC1OC(OC2C(CO)OC(OC3COC(O)C(O)C3O)C(O)C2O)C(O)C(O)C1O,sweet
OCC1CC(O)C(O)C(OC2C(CO)OC(OC3C(CO)OCC(O)C3O)C(O)C2O)O1,sweet
CC1CC(O)C(O)C(OC2C(CO)OC(O)C(O)C2O)O1,sweet
CC1OC(OCC2OCC(O)C(O)C2O)C(O)C(O)C1O,sweet
[O-]C(O)C1CC(O)C(O)C(F)O1,sweet
OC(O)C1CC(O)C(O)C(F)O1,sweet
OCCOC1OC(CO)C(OC2OC(CO)C(O)C(O)C2O)C(O)C1O,sweet
OCC1OC(OC2C(O)COC(CO)C2O)C(O)C(O)C1O,sweet
OCC1OC(OC2C(CO)OC(OC3C(CO)OCC(O)C3O)C(O)C2O)C(O)C(O)C1O,sweet
OCC1OCC(OC2OCC(O)C(O)C2O)C(O)C1O,sweet
OCC1OC(OC2C(OC3C(O)C(O)OC(CO)C3O)OC(CO)C(O)C2O)C(O)C(O)C1O,sweet
OCC1OC(OCC2OCC(O)C(O)C2O)C(O)C(O)C1O,sweet
OC1COC(OC2COC(OC3COC(O)C(O)C3O)C(O)C2O)C(O)C1O,sweet
OCC1OC(OC2COCC(O)C2O)C(O)C(O)C1O,sweet
CC1OC(OC2C(OC3C(O)OCC(O)C3O)OC(CO)C(O)C2O)C(O)C(O)C1O,sweet
Nc1ncnc2c1ncn2C1OC(COP(=O)(O)OP(O)(O)=S)C(O)C1O,sweet
CCCCCC=CCCC(=O)O,undefined
CC1OC(OC2C(O)C(CO)OC(OC3C(O)C(C(=O)O)OC(OC4CCC5(C)C(CCC6(C)C5CC=C5C7CC(C)(C)C(=O)CC7(CO)C(O)CC56C)C4(C)C)C3OC3OC(CO)C(O)C(O)C3O)C2O)C(O)C(O)C1O,sweet
CC1OC(Oc2cc(O)c3c(=O)c(O)c(-c4ccc(O)c(O)c4)oc3c2)C(O)C(O)C1O,sweet
OCCC(O)C(O)C(O)CCO,sweet
OC1COC(OCC2OC(OCC3OC(O)C(O)C(O)C3O)C(O)C(O)C2O)C(O)C1O,sweet
CC(=O)OCC=Cc1ccccc1,sweet
COc1cccc2c(=O)c3c(OC4OC(CO)C(O)C(O)C4O)cc(O)c(OC)c3oc12,sweet
COc1cccc2c(=O)c3c(O)cc(OC4OC(CO)C(O)C(O)C4O)c(OC)c3oc12,sweet
O=c1c2ccc(OC3OC(CO)C(O)C(O)C3O)c(O)c2oc2cccc(O)c12,sweet
COc1cc(-c2oc3cc(O)cc(O)c3c(=O)c2OC2OC(C)C(O)C(O)C2O)cc(O)c1OC,sweet
CCCCCC=CC(C)=O,undefined
CCOC1OC(C)C(OC2CC(OC)C(O)C(C)O2)C(OC)C1O,sweet
CC1OC(Oc2cc(O)c3c(=O)cc(-c4ccc(O)c(O)c4)oc3c2)C(O)C(O)C1OC1OCC(O)C(O)C1O,sweet
COc1cc(-c2oc3cc(O)cc(O)c3c(=O)c2O)ccc1OC1OC(CO)C(O)C(O)C1O,sweet
O=c1cc(-c2ccc(O)c(O)c2)oc2cc(O)cc(OC3OC(CO)C(O)C(O)C3O)c12,sweet
C=C1C=CC(C(C)C)CCC(C)=CCC1,undefined
CCCC=CCO,undefined
COc1c(OC2OC(CO)C(O)C(O)C2O)cc2oc(-c3ccc(O)cc3)cc(=O)c2c1O,sweet
CC1=CCCC2(C)OC2CC(C)(C)C=CC1,undefined
O=c1cc(-c2ccc(O)c(O)c2)oc2c(OC3OC(CO)C(O)C(O)C3O)c(O)cc(O)c12,sweet
COc1ccc(-c2coc3cc(OC4OC(CO)C(O)C(O)C4O)ccc3c2=O)cc1O,sweet
CCCCOC(=O)C1OC(OC2CCC3(C)C(CCC4(C)C3C(=O)C=C3C5CC(C)(C(=O)O)CCC5(C)CCC34C)C2(C)C)C(OC2OC(C(=O)OC)C(O)C(O)C2O)C(O)C1O,sweet
CCCCOC(=O)C1OC(OC2C(OC3CCC4(C)C(CCC5(C)C4C(=O)C=C4C6CC(C)(C(=O)O)CCC6(C)CCC45C)C3(C)C)OC(C(=O)OCCCC)C(O)C2O)C(O)C(O)C1O,sweet
COc1cc(-c2coc3cc(OC4OC(CO)C(O)C(O)C4O)c(OC)c(O)c3c2=O)ccc1O,sweet
COc1cc(OC2OC(CO)C(O)C(O)C2O)c2c(=O)cc(-c3ccc(O)c(OC)c3OC)oc2c1OC,sweet
CC=Cc1cc(OC)c(OC)c(OC)c1,undefined
CCCCCC=CCO,undefined
COc1cc(-c2oc3cc(O)cc(O)c3c(=O)c2OC2OC(CO)C(OC3OCC(O)C(O)C3O)C(O)C2O)ccc1O,sweet
COc1cc(-c2oc3cc(O)cc(O)c3c(=O)c2OC2OC(CO)C(O)C(O)C2O)ccc1O,sweet
COc1cc(-c2oc3cc(O)cc(O)c3c(=O)c2OC2OC(C)C(O)C(O)C2OC2OC(CO)C(O)C(O)C2O)ccc1O,sweet
COc1cc(-c2oc3cc(O)cc(O)c3c(=O)c2OC2OC(CO)C(O)C(O)C2OC2OC(C)C(O)C(O)C2O)ccc1O,sweet
COc1cc(-c2cc(=O)c3c(O)c(OC4OC(CO)C(O)C(O)C4O)c(O)cc3o2)ccc1O,sweet
COc1c(OC2OC(CO)C(O)C(O)C2O)ccc(C(=O)C=Cc2ccc(O)c(O)c2)c1O,sweet
O=c1cc(-c2ccc(OC3OC(CO)C(O)C(O)C3O)c(O)c2)oc2cc(O)cc(O)c12,sweet
O=c1c(O)c(-c2cc(O)c(O)c(OC3OCC(O)C(O)C3O)c2)oc2cc(O)cc(O)c12,sweet
Cc1cc(C2CC(=O)c3c(O)cc(O)cc3O2)cc(OC2OC(C)C(OC3OC(CO)C(O)C(O)C3O)C(O)C2O)c1O,sweet
COC1OC(C)C(OC2OC(C)C(O)C(O)C2O)C(O)C1O,sweet
COc1cc(C2CC(=O)c3c(O)cc(OC4OC(CO)C(O)C(O)C4O)cc3O2)ccc1O,sweet
C=C(C)C=CC(CCC(C)=O)C(C)C,undefined
COC(=O)C1OC(OC2CCC3(C)C(CCC4(C)C3CC=C3C5CC(C)(C)CCC5(C(=O)OC)CCC34C)C2(C)C)C(OC2OC(CO)C(O)C(O)C2O)C(O)C1OC1OC(CO)C(O)C1O,sweet
CCCSSSC,undefined
O=c1c(-c2ccc(O)cc2)coc2c(OC3OC(CO)C(O)C(O)C3O)c(O)cc(O)c12,sweet
COc1cc(-c2oc3cc(O)cc(O)c3c(=O)c2O)cc(OC2OC(CO)C(O)C(O)C2O)c1O,sweet
COc1ccc(-c2oc3cc(O)cc(O)c3c(=O)c2OC2OC(COC3OC(C)C(O)C(O)C3O)C(O)C(O)C2O)cc1O,sweet
O=C1CC(c2ccc(O)cc2)Oc2c(O)c(O)cc(OC3OC(CO)C(O)C(O)C3O)c21,sweet
C=CC(C)=CCCC(=C)C,undefined
O=c1cc(-c2ccccc2)oc2cc(OC3OC(CO)C(OC4OC(CO)C(O)C(O)C4O)C(O)C3O)c(O)c(O)c12,sweet
COc1cc(OC2OC(CO)C(O)C(O)C2O)c2c(=O)cc(-c3ccc(OC)c(O)c3)oc2c1,sweet
O=C(C=Cc1ccccc1)OCCCc1ccccc1,sweet
O=c1cc(-c2ccc(O)cc2)oc2cc(OC3OC(CO)C(O)C(O)C3O)c(O)c(O)c12,sweet
CC=CSSCCC,undefined
O=c1c(O)c(-c2ccc(OC3OC(CO)C(O)C(O)C3O)c(O)c2)oc2cc(O)cc(OC3OC(CO)C(O)C(O)C3O)c12,sweet
O=c1c(O)c(-c2ccc(OC3OC(CO)C(O)C(O)C3O)c(O)c2)oc2cc(O)cc(O)c12,sweet
O=c1cc(-c2ccc(O)cc2)oc2cc(O)c(O)c(OC3OC(CO)C(O)C(O)C3O)c12,sweet
CC1OC(OCC2OC(Oc3cc4oc(-c5ccc(O)cc5)cc(=O)c4c(O)c3O)C(O)C(O)C2O)C(O)C(O)C1O,sweet
COc1cc(O)cc2oc(-c3ccc(O)c(O)c3)c(OC3OC(C)C(O)C(O)C3O)c(=O)c12,sweet
CC1OC(OC2C(OC3C(OC4CC(C)(CO)C5CCC6(C)C(CC=C7C8CC(C)(C)CC(O)C8(C)CCC76C)C5(C)C4)OC(C(=O)O)C(O)C3O)OC(CO)C(O)C2O)C(O)CC1O,sweet
COc1ccc(C(C)=O)c(OC2OC(COC3OCC(OC(=O)c4cc(O)c(O)c(O)c4)C(O)C3O)C(O)C(O)C2O)c1,sweet
COc1ccc(C(C)=O)c(OC2OC(COC3OCC(O)C(O)C3O)C(OC(=O)c3cc(O)c(O)c(O)c3)C(O)C2O)c1,sweet
COc1cc(-c2oc3cc(O)cc(O)c3c(=O)c2OC2OC(CO)C(O)C(O)C2O)cc(OC)c1O,sweet
COc1cc(-c2oc3cc(O)cc(O)c3c(=O)c2OC2OC(COC3OC(C)C(O)C(O)C3O)C(O)C(O)C2O)cc(OC)c1O,sweet
O=c1c2c(OC3OC(CO)C(O)C(O)C3O)cc(O)cc2oc2ccc(O)c(O)c12,sweet
O=c1c2c(O)cc(O)cc2oc2ccc(O)c(OC3OC(CO)C(O)C(O)C3O)c12,sweet
O=c1cc(-c2ccccc2)oc2cc(O)c(OC3OC(CO)C(O)C(O)C3O)c(O)c12,sweet
CC=C(C)C=O,undefined
COc1cc(-c2cc(=O)c3c(O)cc(OC4OC(CO)C(O)C(O)C4O)cc3o2)cc(OC)c1O,sweet
COc1cc(-c2oc3cc(OC4OC(CO)C(O)C(O)C4O)cc(O)c3c(=O)c2OC2OC(CO)C(O)C(O)C2O)ccc1O,sweet
CC=CC=CC(=O)OC,undefined
COc1cc(-c2cc(=O)c3c(O)cc(OC4OC(CO)C(O)C(O)C4O)cc3o2)cc(OC)c1OC,sweet
COc1cc(O)c2c(=O)cc(-c3cc(OC)c(OC4OC(CO)C(O)C(O)C4O)c(OC)c3)oc2c1,sweet
CCCCCCOC1C(O)OC(CO)C(O)C1O,sweet
CC(C)=CCCC(C)=CC1OCC(C)O1,sweet
C=C1C2CCC(C2)C1(C)CCC=C(C)COC(C)=O,bitter
CCCC(=O)OCC=C(C)CCC=C(C)C,sweet
C=CC=CC=CCCCCC,undefined
CCCCCC=CCC1CCC(=O)O1,sweet
CCCCCC1OC1C=CC=O,undefined
COC(C=C(C)CCC=C(C)C)OC,undefined
CC(C)=CCCC(C)=C1CC=C(C)CC1,undefined
CCC=CCCOC(=O)CCC,undefined
CCCC=CCOC(=O)C(C)CC,undefined
CCCC=CCOC(=O)CC(C)C,undefined
CCCC=CCOC(=O)CCC,undefined
CCCC=CCOC(=O)CC,undefined
CC(=O)C=CC12OC1(C)CCCC2(C)C,sweet
CCC=CCCOC(=O)C(C)C,undefined
CCC=CCCOC(=O)CCCCC,undefined
CCC=CCCOC(C)=O,undefined
CCCCCC=CC(=O)OCC,undefined
C=CCC=CCCC(=O)OCC,undefined
CCCC=CCCC(=O)OCC,undefined
CCC=CCC=CCC=O,undefined
CCCCCC=CCCCOC(C)=O,undefined
CCCC=CCCCO,sweet
CCC=CCCCCO,undefined
CCC=CCCCCOC(C)=O,undefined
CCCCCCCCCC=CCO,undefined
C=CC(=O)CC=CCC,undefined
CCC=CC=CC(C)=O,undefined
CC=Cc1cc(OC)c(O)c(OC)c1,sweet
CCCC=CCOC=O,undefined
CCCC=CCOC(=O)CCCCC,undefined
CCCC=CCOC(=O)CCCC,undefined
CC=CC(=O)OCC,sweet
CC=Cc1ccc(OCC)c(O)c1,sweet
CC(C=O)=Cc1ccccc1,sweet
CC(C)C=CC=O,undefined
CCC=CCC(=O)O,sour
O=C1CCCCCCCC=CCCCCCCO1,sweet
COC(=O)C=Cc1ccco1,undefined
C=CC(C)(CCC=C(C)C)OC(=O)C=Cc1ccccc1,sweet
C=CC=CC=O,undefined
CC=CC(=O)OCCCCCC,sweet
O=C(C=Cc1ccccc1)OC1CCCCC1,undefined
CCCCCCC=CC(=O)OC,sweet
CCCCC=CC(C)O,undefined
COc1cc(O)c2c(=O)c3c(O)c(OC4OC(COC5OC(C)C(O)C(O)C5O)C(O)C(O)C4O)ccc3oc2c1,sweet
CCCCC(CO)C(C)=O,undefined
C=Cc1sc(C)nc1C,undefined
CCC(C)C1N=C(C)C(C)S1,undefined
CC(=CC(C)C)C(=O)O,sour
CCOC(C)OCC(C)OC(C)OCC,undefined
CCOC(C)OCC(COC(C)OCC)OC(C)OCC,undefined
CC(=O)c1ccnc(C)n1,undefined
CCCCCC=C(C)C=O,undefined
CCOC(=O)C1OC1(C)c1ccc(C)cc1,sweet
CCCCCC=CCCC(=O)OCC,undefined
CCC1N=C(C)C(C)S1,undefined
CC=CC(=O)C(C)CC,sweet
CCCCCC=CCOC(=O)CCC,undefined
CCCCCC=CC=CC(=O)OCCC,undefined
CCCCC=CCCCC(=O)O,undefined
CCCC=CCCCCC(=O)O,undefined
CCC=CCC(=O)OCC,sweet
CCCCCC=CC=CCO,undefined
CCC=CCCCCC=O,undefined
CCC=CCC(=O)OC,sweet
CCC=CCCCCCO,undefined
CCCCCC=CCCCO,undefined
CCC=CCCC=O,undefined
CC=C(C)CSC,undefined
CCC=CCCC=CCOC(C)=O,undefined
CC(=O)C=CC(C)C,sweet
CCC=CCOC(=O)CCCCC,undefined
CCCCC=CCOC(C)=O,sweet
CCCCC=CC(C)=O,sweet
CC(=O)C=CCCC(C)C,undefined
CCCCCCC=CC(C)=O,undefined
CCC=CCCOC(=O)C(C)=O,undefined
C=CC(C)(CCC=C(C)CCC=C(C)C)OC(C)=O,sweet
CC=CC=CCOC(C)=O,undefined
CCCC=CCCC(C)=O,undefined
CC1OC(Oc2ccc(-c3cc(=O)c4c(O)cc(O)c(OC5OC(CO)C(O)C(O)C5O)c4o3)cc2)C(O)C(O)C1O,sweet
C=C1CCCC(C)(C)C1C=CC(C)=O,undefined
CC1=CCCC(C)(C)C1C=CC(C)O,sweet
CC(=O)C=CC1=C(C)C(=O)CCC1(C)C,undefined
CC(C)C=C(C=O)c1ccccc1,sweet
CCC=CCCOC(=O)C(C)O,sweet
CCCCC=CCC(=O)OCC,undefined
CCCC=CC(=O)OC,undefined
CCCCCCCCC=CCCCCCCCC(=O)OCC,undefined
CCCCC=CCCO,undefined
CCCCCC=CC(=O)OC,undefined
CCCC=CC(C)=O,undefined
CCCCC=CC=CCO,undefined
CCCCCC=CCCO,undefined
CCC=CC=O,undefined
CCCC=CC(=O)OCC,sweet
CC=C(C)C(=O)OCCCC,undefined
CCC=CCO,undefined
CCCCCCC=CCO,undefined
CCCCCCCC=CCO,undefined
CCCCCCCCC=CCO,undefined
CCC=CCCOC(=O)CC,undefined
CCC=CCCOC(=O)C(C)CC,sweet
CCCC=CCOC(=O)CCCCCCC,undefined
CCCC=CC(OCC)OCC,undefined
CCC=CCCOC=O,sweet
O=C1CCCCCC=CCCCCCCCCO1,undefined
CC=CC(=O)CC,undefined
CC(C)=CCCC(C)=CC(C)O,undefined
COC(=O)C=C(C)CCC=C(C)C,undefined
CC=CC(=O)C1C(C)C=CCC1(C)C,sweet
C=CCCC(=O)C=CC1C(C)=CCCC1(C)C,undefined
CC(C)=CCCC(C)=CCOC(=O)C(C)C,sweet
CC=CC(=O)C1=C(C)C=CCC1(C)C,sweet
CC=C(C)C(=O)OCCC(C)C,undefined
CC=CC(O)CCCC,undefined
CC=CC(C)O,undefined
C=CC(C)(O)CC=CC(=C)C,undefined
CCCC=CCCC(=O)OC,undefined
CCC=CC=CCO,undefined
C=CC=CC=CCC,undefined
CCCCCCCC=CC=CC=O,undefined
CCCCCCC=CC=CC=O,undefined
CCC=CCCCO,undefined
CCCCCCCCC=CCCCCCCCCOC(C)=O,undefined
CCCCCCCCC=CCCCCCCCCO,undefined
CCC=CCCOC(=O)C=CCCC,undefined
CCC=CCCOC(=O)CC(C)C,undefined
CCC=CCCOC(=O)CCCC,undefined
CCC=CCCOC(=O)Cc1ccccc1,sweet
CCC=CCCOC(=O)c1ccccc1,undefined
CCC=CCC1C(=O)CCC1CC(=O)OC,undefined
CCC=CCCOC(C)OCCC=CCC,undefined
CC=C(C)C(=O)OCC=C(C)CCC=C(C)C,sweet
CC=C(C)C(=O)OCC(C)C,sweet
CCCCCC=CCC1CCCC1=O,undefined
CCCCCCCC=CC(=O)OC,undefined
CCC=CSC,undefined
CCCC=CC(=O)CC,undefined
CCC=CCCC(OCC)OCC,undefined
O=C(C=Cc1ccccc1)OCCc1ccccc1,undefined
CC1=CC(=O)CC(C)(C)C1C=CC(C)O,undefined
CC=CSC=CC,undefined
O=C(Cc1ccccc1)OCC=Cc1ccccc1,undefined
CC(C)CC=C(C=O)c1ccccc1,sweet
CC(=O)C(C)=Cc1ccccc1,undefined
CC(=O)C=CC1C(C)=CCC(C)C1(C)C,undefined
CCC(=O)C=CC1C(C)=CCCC1(C)C,sweet
CCCCCC(=Cc1ccccc1)COC(C)=O,undefined
Cc1ccc(C=CC=O)cc1,undefined
CC(=O)C(C)=CC1C(C)=CCCC1(C)C,undefined
CC(=O)C(C)=CC1=C(C)CCCC1(C)C,undefined
CCC=CCCOC(=O)c1ccccc1N,sweet
CC1=C(C=CC(C)O)C(C)(C)CCC1,sweet
CC=CC(=O)C1=C(C)CCCC1(C)C,undefined
CCC(=O)C=CC1=C(C)CCCC1(C)C,undefined
O=c1c(-c2ccccc2)coc2cc(O)cc(O)c12,bitter
COc1ccc(-c2cc(=O)c3c(O)cc(OC4OC(CO)C(O)C(O)C4O)cc3o2)cc1O,sweet
COc1cc(-c2coc3c(C4OC(OC)C(O)C(O)C4O)c(O)cc(O)c3c2=O)ccc1O,sweet
CON1C(=O)c2ccccc2S1=O,sweet
CC1OC(OC2C(Oc3cc(O)c4c(=O)cc(-c5ccc(OC6OC(CO)C(O)C(O)C6OC6OC(C)C(O)C(O)C6O)c(O)c5)oc4c3)OC(CO)C(O)C2O)C(O)C(O)C1O,sweet
CCCCCCCCC=CCCCCCCCC(=O)OCC(O)C1OCC(O)C1O,undefined
COc1ccc(C=C(C)C=O)cc1,undefined
CCC(C)N=C=S,undefined
OCC1OC(OC2C(O)COCC2O)C(O)C1O,sweet
OCC1OC(OC2(COC3(O)OC(CO)C(O)C3O)OC(CO)C(O)C2O)C(O)C(O)C1O,sweet
O=c1cc(-c2ccc(O)c(O)c2)oc2cc(O)c(OC3OC(CO)C(O)C(O)C3O)c(O)c12,sweet
CC1OC(Oc2oc3cc(O)cc(O)c3c(=O)c2-c2ccc(O)c(O)c2)C(O)C(O)C1O,sweet
[NH3+]C(CCC(=O)[O-])C(=O)[O-],sweet
CC1OC(OC2C(O)OC(CO)C(O)C2OC2OC(CO)C(O)C(O)C2O)C(O)C(O)C1O,sweet
CC1OC(OC2C(O)OC(CO)C(OC3OC(C)C(O)C(O)C3O)C2O)C(O)C(O)C1O,sweet
Nc1ncnc2c1ncn2C1OC(COP(=O)([O-])OP(=O)([O-])OP(=O)([O-])[O-])C(O)C1O,sweet
NC(=O)N=NC(N)=O,undefined
CC(=O)C=CCC(C)C,undefined
CCCCCC=CCC=CCCCCCCCC(=O)OC,undefined
CC=CC(=O)CCC,undefined
OCC(O)C(O)=Cc1ccccc1,sweet
CC=CC(C)C(=O)OCC,undefined
CCCCCCCC=CC(=O)OCC,undefined
CCCC(=O)C(CC)Cc1ccccc1,undefined
CCCCCCCC=CC(=O)OCCCC,undefined
CC(=O)CCc1ccc(C)cc1,sweet
CCC(C)CCCC(C)C=O,undefined
CCOC(CC(C)CCCC(C)(C)O)OCC,undefined
CCC(=O)C=CC1C(C)C=CCC1(C)C,undefined
CCCCCCCCCOC(=O)CC(C)C,undefined
CCOC(=O)CCCSC,undefined
CCOCC=C(C)C,undefined
CC=C(C=O)CCCC,undefined
CCCCCC(O)CCCC(=O)OCC(O)CO,undefined
CCC=CCCOC(C)OCC,undefined
CC1OC(OCC2OC(Oc3c(-c4ccc(O)c(O)c4)oc4cc(OCCO)cc(O)c4c3=O)C(O)C(O)C2O)C(O)C(O)C1O,sweet
COc1cc(O)c2c(=O)c(OC3OC(COC4OC(C)C(O)C(O)C4O)C(O)C(O)C3O)c(-c3ccc(O)c(OC)c3)oc2c1,sweet
COc1cccc2c(=O)c3c(OC4OC(CO)C(O)C(O)C4O)cc(O)cc3oc12,sweet
COc1cc(O)c2c(=O)c3cc(OC4OC(CO)C(O)C(O)C4O)c(O)c(OC)c3oc2c1,sweet
O=c1c2c(OC3OC(CO)C(O)C(O)C3O)cc(O)cc2oc2c(O)ccc(O)c12,sweet
COc1cc(OC2OC(CO)C(O)C(O)C2O)c2c(=O)c3c(O)ccc(O)c3oc2c1,sweet
COc1cc(-c2cc(=O)c3c(O)cc(OC4OC(COC(C)=O)C(O)C(O)C4OC4OC(CO)C(O)C(O)C4O)cc3o2)ccc1O,sweet
COc1ccc(-c2cc(=O)c3c(O)cc(OC4OC(COC5OCC(O)C(O)C5O)C(O)C(O)C4O)cc3o2)cc1O,sweet
COc1cc(-c2oc3cc(O)cc(O)c3c(=O)c2OC2OC(COC3OC(C)C(O)C(O)C3O)C(O)C(O)C2O)ccc1O,sweet
COc1ccc(-c2oc3cc(OC4OC(COC5OC(C)C(O)C(O)C5O)C(O)C(O)C4O)cc(O)c3c(=O)c2O)cc1O,sweet
O=c1c(-c2ccc(O)c(O)c2)coc2cc(OC3OC(CO)C(O)C(O)C3O)cc(O)c12,sweet
O=c1c(O)c(-c2cc(O)c(O)c(OC3OC(CO)C(O)C(O)C3O)c2)oc2cc(O)cc(O)c12,sweet
O=C(O)CCNC(=O)C(Cc1ccccc1)NC(Cc1ccccc1)C(=O)O,sweet
COc1cc(O)c2c(=O)c(OC3OC(OC)C(OC4OC(C)C(O)C(O)C4O)C(O)C3O)c(-c3ccc(O)c(O)c3)oc2c1,sweet
COC(=O)CCC(=O)NC(C)C(=O)NC(C)C(=O)N1CCCC1C(=O)NC(Cc1ccccc1)C(=O)OC,sweet
COc1ccc(-c2oc3cc(O)cc(O)c3c(=O)c2OC2OC(CO)C(O)C(O)C2OC2OC(CO)C(O)C(O)C2O)cc1O,sweet
COc1cc(-c2oc3cc(O)cc(O)c3c(=O)c2OC2OC(COC3OC(CO)C(O)C(O)C3O)C(O)C(O)C2O)ccc1O,sweet
O=c1cc(-c2ccc(O)c(O)c2)oc2cc(OC3OC(CO)C(O)C(O)C3OC3OC(CO)C(O)C(O)C3O)cc(O)c12,sweet
CC1OC(OC2C(Oc3cc(O)c4c(=O)c(O)c(-c5ccc(O)c(O)c5)oc4c3)OC(CO)C(O)C2O)C(O)C(O)C1O,sweet
COc1cc(-c2oc3cc(O)cc(O)c3c(=O)c2OC2OC(CO)C(OC3OC(CO)C(O)C(O)C3O)C(O)C2O)ccc1O,sweet
O=c1cc(-c2ccc(O)c(O)c2)oc2cc(O)c(O)c(OC3OC(CO)C(O)C(O)C3O)c12,sweet
COc1c(O)cc(OC2OC(CO)C(O)C(O)C2O)c2c(=O)cc(-c3ccccc3)oc12,sweet
O=c1cc(-c2ccc(O)c(OC3OC(CO)C(O)C(O)C3O)c2)oc2cc(OC3OC(CO)C(O)C(O)C3O)cc(O)c12,sweet
COc1ccc(-c2coc3cc(OC4OC(COC5OCC(O)C(O)C5O)C(O)C(O)C4O)c(OC)c(O)c3c2=O)cc1,sweet
COc1cc(O)c2c(=O)c3cc(OC4OC(CO)C(O)C(O)C4O)ccc3oc2c1OC,sweet
COc1cc(O)c2c(=O)c(OC3OC(C)C(O)C(O)C3O)c(-c3ccc(O)c(O)c3)oc2c1,sweet
COc1cc(O)c2c(=O)c(OC3OC(CO)C(O)C(O)C3O)c(-c3ccc(O)c(OC)c3)oc2c1,sweet
COc1cc(-c2oc3cc(OC4OC(CO)C(O)C(O)C4O)cc(O)c3c(=O)c2O)cc(O)c1O,sweet
CCOc1cc(O)cc2oc(-c3ccc(O)c(O)c3)c(OC3OC(COC4OC(C)C(O)C(O)C4O)C(O)C(O)C3O)c(=O)c12,sweet
CC(=O)OCC1OC(OC2C(Oc3cc(O)c4c(=O)cc(-c5ccc(O)c(O)c5)oc4c3)OC(CO)C(O)C2O)C(O)C(O)C1O,sweet
COc1cc(-c2cc(=O)c3c(O)cc(OC4OC(CO)C(O)C(O)C4OS(=O)(=O)O)cc3o2)ccc1O,sweet
COc1c(-c2ccc(O)c(O)c2)oc2cc(OC3OC(COC4OC(C)C(O)C(O)C4O)C(O)C(O)C3O)cc(O)c2c1=O,sweet
COc1ccc(-c2oc3cc(OC4OC(COC5OC(C)C(O)C(O)C5O)C(O)C(O)C4O)cc(O)c3c(=O)c2OC)cc1O,sweet
O=C1NS(=O)c2ccccc21,sweet
COc1cc(O)c2c(=O)c(OC3OC(CO)C(O)C(O)C3OC3OC(C)C(O)C(O)C3O)c(-c3ccc(O)c(O)c3)oc2c1,sweet
O=C(OCC=Cc1ccccc1)c1ccccc1,undefined
COc1cc(O)c2c(=O)c3c(O)ccc(OC4OC(CO)C(O)C(O)C4O)c3oc2c1,sweet
COc1cc(-c2cc(=O)c3c(O)cc(OC4OC(CO)C(O)C(O)C4OC4OC(CO)C(O)C(O)C4O)cc3o2)ccc1O,sweet
COc1cc(O)c2c(=O)c(OC3OC(CO)C(O)C(O)C3OC3OC(CO)C(O)C(O)C3O)c(-c3ccc(O)c(O)c3)oc2c1,sweet
O=c1c(O)c(-c2ccc(O)c(OC3OC(CO)C(O)C(O)C3O)c2)oc2cc(O)cc(O)c12,sweet
CCOC(C=C(C)CCC=C(C)C)OCC,undefined
CC(=O)OC(C)C=CC1=C(C)CCCC1(C)C,sweet
CCC(=O)C=Cc1ccc(OC)cc1,sweet
CCCCC(C=O)=Cc1ccccc1,undefined
O=C1CCCCC=CCCCCCCCCCO1,sweet
CC(C)CC=C(C=O)C(C)C,undefined
COc1cc(-c2oc3cc(O)cc(O)c3c(=O)c2OC2OC(CO)C(O)C(O)C2O)ccc1OC1OC(CO)C(O)C(O)C1O,sweet
COc1cc(-c2oc3cc(O)cc(O)c3c(=O)c2OC2OC(CO)C(OC3OC(C)C(O)C(O)C3O)C(O)C2O)ccc1O,sweet
CC1CC(O)C(O)C(OCC2OC(Oc3c(-c4ccc(O)c(O)c4)oc4cc(O)cc(O)c4c3=O)C(O)C(O)C2O)O1,sweet
CC=CC=CCOC(=O)C(C)C,undefined
CCC=CCCC1CCC(=O)O1,undefined
C=CCOC(=O)C(C)=CC,undefined
CCCCCC(=Cc1ccccc1)CO,undefined
O=C([O-])CN(CCN(CC(=O)[O-])CC(=O)[O-])CC(=O)[O-],undefined
CCCCCC=C1CCCC1=O,undefined
O=c1c(-c2ccc(O)cc2)coc2c(OC3OC(CO)C(O)C(O)C3O)c(O)ccc12,sweet
O=c1cc(-c2ccc(O)cc2)oc2c(OC3OC(CO)C(O)C(O)C3O)c(O)cc(O)c12,sweet
CC(C=O)=Cc1ccco1,undefined
O=C(C=Cc1ccccc1)OCC1CCCO1,sweet
O=c1cc(-c2ccc(O)c(O)c2)oc2cc(OC3(O)OC(COC4OCC(O)C(O)C4O)C(O)C(O)C3O)cc(O)c12,sweet
CCC=C1OC(=O)c2ccccc21,undefined
C(=CC1OCCO1)c1ccccc1,undefined
COc1cc(-c2cc(=O)c3c(O)cc(OC4OC(CO)C(O)C(O)C4OC4OCC(O)(CO)C4O)cc3o2)ccc1O,sweet
COc1ccc(-c2coc3c(OC)c(OC4OC(COC5OC(C)C(O)C(O)C5O)C(O)C(O)C4O)ccc3c2=O)cc1,sweet
COC(=O)C1OC(OC2CCC3(C)C(CCC4(C)C3CC=C3C5CC(C)(C)CCC5(C(=O)O)C(O)CC34C)C2(C)C)C(O)C(O)C1O,sweet
CC1(C)CCC2(C)C(=O)C(O)C3(C)C(=CCC4C5(C)CCC(OC6OC(C(=O)O)C(O)C(O)C6O)C(C)(C)C5CCC43C)C2C1,sweet
CCOC1(CO)OCC(O)C(O)C1O,sweet
CC(CCC(=O)C(C)C1C(=O)CC2C3CCC4CC(OC5OC(CO)C(O)C(O)C5OC5OC(C)C(O)C(O)C5O)CCC4(C)C3CCC21C)COC1OC(CO)C(O)C(O)C1O,sweet
CC1(C)CCC2(C)C(=O)C(O)C3(C)C(=CCC4C5(C)CCC(OC6OC(C(=O)O)C(O)C(OC7OC(CO)C(O)C(O)C7O)C6O)C(C)(C)C5CCC43C)C2C1,sweet
COC(=O)C1OC(OC2CCC3(C)C(CCC4(C)C3CC=C3C5CC(C)(C)CCC5(C)C(=O)C(O)C34C)C2(C)CO)C(O)C(OC2OC(CO)C(O)C(O)C2O)C1O,sweet
CC1(C)CCC2(C(=O)OC3OC(CO)C(OC4OC(C(=O)O)C(O)C(O)C4O)C(O)C3O)CCC3(C)C(=CCC4C5(C)CCC(O)C(C)(CO)C5CCC43C)C2C1,sweet
C=C1CCC2(C(=O)OC3OC(CO)C(O)C(O)C3O)CCC3(C)C(=CCC4C5(C)CCC(OC6OC(C(=O)O)C(O)C(O)C6O)C(C)(C)C5CCC43C)C2C1,sweet
CC1(C)CCC2(C(=O)OC3OC(CO)C(O)C(O)C3O)CCC3(C)C(=CCC4C5(C)CCC(OC6OC(C(=O)O)C(O)C(OC7OC(CO)C(O)C(O)C7O)C6OC6OCC(O)C(O)C6O)C(C)(C)C5CCC43C)C2C1,sweet
COC(OC)C(O)C1OCC(O)C1O,sweet
CC1(C(=O)OC2OC(CO)C(O)C(O)C2O)CCC2(C)CCC3(C)C(=CC(=O)C4C5(C)CCC(OC6OC(C(=O)O)C(O)C(O)C6OC6OC(C(=O)O)C(O)C(O)C6O)C(C)(C)C5CCC43C)C2C1,sweet
CC1(C(=O)O)CCC2(C)CCC3(C)C(=CCC4C5(C)CC(OC6OC(C(=O)O)C(O)C(O)C6OC6OC(C(=O)O)C(O)C(O)C6O)CC(C)(C)C5CCC43C)C2C1,sweet
CC1(C(=O)O)CCC2(C)CCC3(C)C(=CCC4C5(C)CCC(OC6OC(C(=O)O)C(O)C(O)C6OC6OC(C(=O)O)C(O)C(O)C6O)C(C)(CO)C5CCC43C)C2C1,sweet
CC1(C)CC(O)C2(C)CCC3(C)C(=CCC4C5(C)CCC(OC6OC(C(=O)O)C(O)C(O)C6OC6OC(CO)C(O)C(O)C6OC6OC(CO)C(O)C(O)C6O)C(C)(CO)C5CCC43C)C2C1,sweet
CC1(C)CCC2(C(=O)O)CCC3(C)C(=CCC4C5(C)CCC(OC6OC(C(=O)O)C(OC7OC(CO)C(O)C7O)C(OC7OC(CO)C(O)C(O)C7O)C6O)C(C)(C)C5CCC43C)C2C1,sweet
CCOC(=O)C1OC(OC2CCC3(C)C(CCC4(C)C3CC=C3C5CC(C)(C)CCC5(C(=O)OC5OC(CO)C(O)C(O)C5O)CCC34C)C2(C)C)C(O)C(O)C1OC1OCC(O)C(O)C1O,sweet
CCOC(=O)C1OC(OC2CCC3(C)C(CCC4(C)C3CC=C3C5CC(C)(C)CCC5(C(=O)OC5OC(CO)C(O)C(O)C5O)CCC34C)C2(C)C)C(O)C(OC2OC(CO)C(O)C(O)C2O)C1OC1OCC(O)C(O)C1O,sweet
CCCCOC(=O)C1OC(OC2CCC3(C)C(CCC4(C)C3CC=C3C5CC(C)(C)CCC5(C(=O)OC5OC(CO)C(O)C(O)C5O)CCC34C)C2(C)C)C(O)C(O)C1O,sweet
CCCCCCCCCCOC(=O)C1OC(OC2CCC3(C)C(CCC4(C)C3CC=C3C5CC(C)(C)CCC5(C(=O)OC5OC(CO)C(O)C(O)C5O)CCC34C)C2(C)C)C(O)C(O)C1O,sweet
CCC[CH2][Sn]([CH2]CCC)[CH2]CCC.CCC[CH2][Sn]([CH2]CCC)[CH2]CCC.CCC[CH2][Sn]([CH2]CCC)[CH2]CCC.OCC1OC(O)C(O)C(O)C1O,sweet
NC1CCCCC1.O=S(=O)([O-])NC1CCCCC1.[Tl],sweet
O=CC(O)C(O)C(O)C(O)CO.[Sb],sweet
Nc1ncnc2c1ncn2C1OC2CO[P+](O)(S)OC2C1O,sweet
CC(CS)C(=O)N1CCCC1(C(=O)O)C(=O)C(C)NC(=O)C1CCCCC1.CC(CS)C(=O)N1CCCC1(C(=O)O)C(=O)C(C)NC(=O)C1CCCCC1,bitter
O=C1NS(=O)(=O)c2ccccc21.O=C1NS(=O)(=O)c2ccccc21,sweet
Nc1nc([Se])c2ncn(C3OC(COP(=O)(O)O)C(O)C3O)c2n1,sweet
Nc1ncnc2c1ncn2C1OC(COP(=O)(O)OP(=O)(O)C[As](O)(O)O)C(O)C1O,sweet
Nc1ncnc2c1ncn2C1OC(CO[P+](=O)O)C(O)C1O,sweet
CC1OC(OCC2OC(Oc3c(-c4cccc(O)c4O)oc4cc(O)cc(O)c4c3=O)C(O)C(O)C2O)C(O)C(O)C1O,sweet
O=C([O-])C=CC(=O)[O-],undefined
CCCCCCCCC=COC,undefined
CC=CCCC=CC=O,undefined
CC=CC(C)C(=O)OCCCCCC,sweet
CC(C)O.CC(C)O.CC(C)[O-].CC(C)[O-].CC(C)[O-].CC(C)[O-].CC1(C(=O)O)CCC2(C)CCC3(C)C(=CC(=O)C4C5(C)CC(OC6OC(C(=O)[O-])C(OC7OC(C(=O)[O-])C(O)C(O)C7O)C(O)C6O)CC(C)(C)C5CCC43C)C2C1.[Al+3].[Al+3].[Al],sweet
CC1=CCC(=C(C)C)CCC(C)=CCC1,undefined
CCCCCC(=Cc1ccccc1)C(OC)OC,undefined
N=[N+]=Nc1nc2c(N)ncnc2n1C1OC2COP(=O)(O)OC2C1O,sweet
CC=C(C)C(=O)OCCC(C)CCC=C(C)C,undefined
CC=CC=CCOC(=O)CC,sweet
Nc1ncnc2c1ncn2C1CC(O)C(CO)O1.O=[P+](O)O,sweet
Nc1ncnc2c1ncn2C1CC(O)C(CO[P+](=O)O)O1,sweet
C=CCCCC(=O)OCC,undefined
CC(=O)OCCC(C)(C)S,sweet
CC(C)(C)OC(=O)CC(NC(=O)OC(C)(C)C)C(=O)NC(Cc1ccccc1)C(=O)OC(C)(C)C,sweet
COC1OC(CO)C(OC)C(O)C1OC,sweet
COC1OC(C)C(OC)C(O)C1OC,sweet
COCC1OC(O)C(OC)C(O)C1O,sweet
COC1OC(C)C(OC)C(OC)C1O,sweet
COC1C(O)OC(CO)C(OC)C1OC,sweet
COC1OC(C)C(O)C(OC)C1OC,sweet
Nc1ncnc2c1ncn2C1OC(CO)C2OP([O-])(=S)OC21,sweet
Nc1ncnc2c1ncn2C1OC(CO)C2OP(O)(=S)OC21,sweet
Nc1ncnc2c1ncn2C1OC2COP([O-])(=S)OC2C1O,sweet
Nc1ncnc2c1ncn2C1OC2COP(O)(=S)OC2C1O,sweet
CC1=CC2OC(=O)C(C)C2CC1,sweet
CC1=CCC(C(C)(C)S)CC1,undefined
CC(=O)OCC=C(C)CCCC(C)CCCC(C)CCCC(C)C,undefined
CCCCCC(O)C(C)=O,undefined
CCCCC=CC=CC=O,undefined
CC(=O)C(O)Cc1ccccc1,sweet
CSC(C)CC(C)=O,undefined
CC(C)=CCCC1(C)C2CC=C(C)C1C2,undefined
CCC(=O)C1=NCCS1,undefined
CC1(C)C2CC=C(COC=O)C1C2,undefined
C=Cc1ncc(C)nc1C,undefined
CCCCCC=CCC=CC=CC=O,undefined
CC(O)CC(C)(C)S,undefined
CC=C(C=O)c1ccccc1,sweet
COC(=O)CC(C(=O)N(C)C(Cc1ccccc1)C(=O)OC)N(C)C(=O)C(F)(F)F,sweet
CSCC(C)=O,undefined
CCCC(CCC(C)OC)C(C)C,undefined
CC1=C2CC(C(C)(C)O)CCC2(C)CCC1,sweet
CC(=O)OCCC(C)S,undefined
CCCCC(S)CCOC(C)=O,undefined
CCC(S)C(C)CO,undefined
CC1=CCC23CC1C(C)(C)C2CCC3C,sweet
C=Cc1ncc(C)nc1CC,undefined
CC=CCCCCCCCC=O,undefined
CC=C(C)C(=O)OC(C)C,sweet
CC=C(C)C(=O)OCCc1ccccc1,sweet
C=CC(C)=CCC(C)(C)C(=NO)C(C)C,undefined
CC(C)=CCC=C(C)CCOC(=O)CC(C)C,undefined
CCCCC=C1OC(=O)C(C)=C1C,undefined
CC=C(C)CO,undefined
CCCC=CCCC(=O)O,undefined
C=CC=C(C)CC(C)(O)C=C,sweet
CCC=CCC=CCCO,sweet
CC=CC(=O)OCC(C)C,undefined
CCC(C=O)=Cc1ccco1,undefined
C=CCOC(=O)C=CC=CC,undefined
CCCCCC(=Cc1ccccc1)COC=O,sweet
CCCCCC(=Cc1ccccc1)COC(=O)CC(C)C,undefined
CC1=CCC(C(C)(C)OC(=O)C=Cc2ccccc2)CC1,sweet
CCCCCCCOC(=O)C=Cc1ccccc1,undefined
CCC=CCC1=C(C)C(=O)CC1,undefined
CCCC=CC(=O)OCCCCCC,undefined
CC=CC(C)C(=O)O,undefined
CC(C)=CCCC(C)=CCS,undefined
O=CC(=Cc1ccco1)c1ccccc1,undefined
CCC=CCCOC(=O)CC=CCC,undefined
CCCCCCCCC=CCCCCCCCC(=O)OC(COC(=O)CCCCCCCCCCCCCCC)COP(=O)([O-])OCC[N+](C)(C)C,undefined
CCC=C(C)C(=O)OCC,undefined
CCCCCC=CC=CC(=O)OC,undefined
CCC=C(C)C(=O)O,sour
CC(C)=CCCC(C)=CCOC(=O)Cc1ccccc1,undefined
CCCCC(=O)OCC=C(C)CCC=C(C)C,undefined
CCC=CCCC1(C)CCC(=O)O1,undefined
CCCC=CC(OC)OC,undefined
CCCC=CC=CCO,undefined
CCC=CC=CC=CC=O,undefined
CC=C(C)C1CCC(C)(C)O1,sweet
CCC=CCC1CCCC1=O,undefined
CC(=O)OC(C)C(C)=CC1C(C)=CCCC1(C)C,undefined
CCC(C)C(=O)OCC=C(C)CCC=C(C)C,undefined
CC(C)=CCCC(C)CCOC(=O)C=Cc1ccccc1,sweet
CCC=CCC1CCCC(=O)O1,undefined
CC(=O)OC1CC(C)=C2C(C=C(C)C(=O)O)CCC(C)C21,undefined
O=C(C=Cc1ccc(O)c(O)c1)OC(C(=O)O)C(O)C(=O)O,undefined
CCC=CCC=CC=CC=O,undefined
CC(=O)OCC(C)=CCCC1(C)C2CC3C(C2)C31C,undefined
C=C1C=CCC(C)(C)C12CCC(C)O2,undefined
O=CC(O)C(O)C(O)C(O)C(=O)[O-].O=CC(O)C(O)C(O)C(O)C(=O)[O-],sweet
Nc1ncnc2c1ncn2C1OC(COP(=O)(O)OP(=O)(O)OP(=O)(O)CP(=O)(O)O)C(O)C1O,sweet
OC1C(OC2OC(CCl)C(Cl)C(O)C2O)OC(CCl)C(Cl)C1O,sweet
Nc1ncnc2c1ncn2C1OC(COP(=O)(O)OP(=O)(O)OP(=O)(O)O)C(OP(=O)(O)OP(=O)(O)O)C1O,sweet
CCOc1cc(COC)ccc1O,sweet
Nc1ncnc2c1ncn2C1OC(COP(=O)(O)OP(=O)(O)OP(N)(=O)O)C(O)C1O,sweet
OCC1OC(OC2(C(O)Cl)OC(CO)C(O)C2O)C(O)C(O)C1O,sweet
C=CCOc1ccc(NC(=O)N(C)C)cc1,sweet
Nc1ncnc2c1ncn2C1OC(COP(=O)(O)OP(=O)(O)OP(=O)(O)O)C([O-])C1[O-].[Zn+2],sweet
COc1cc(-c2oc3cc(OC4OC(CO)C(O)C(O)C4O)cc(O)c3c(=O)c2O)ccc1O,sweet
CC(=O)OCC1OC(Oc2ccc(C(=O)C=Cc3ccc(O)c(O)c3)c(O)c2O)C(O)C(OC(C)=O)C1OC(C)=O,sweet
CC(=O)OCC1OC(Oc2ccc(C(=O)C=Cc3ccc(O)c(O)c3)c(O)c2O)C(O)C(OC(C)=O)C1O,sweet
CC(=O)OCC1OC(Oc2ccc(C(=O)C=Cc3ccc(O)c(O)c3)c(O)c2O)C(O)C(O)C1O,sweet
CC1=CCCC(C)=CCC(C)(C)C=CC1,undefined
CC(C)=CCC=C(C)CCO,undefined
CC(=O)C=C(C)CCC=C(C)C,undefined
CC=CC=CCOC(=O)CCC,undefined
OC1CCOC(O)C1O,sweet
Nc1ncnc2c1ncn2C1OC(COP(=O)(O)OO[P+](=O)OO[P+](=O)O)C(O)C1O,sweet
Nc1ncnc2c1ncn2C1OC(COP(=O)(O)CP(=O)(O)OP(=O)([O-])[O-])C(O)C1O,sweet
C=CC(=O)N1C(=O)c2ccccc2S1(=O)=O,sweet
COC(=O)C(Cc1ccccc1)NC(=O)CC(N)CC(=O)O,sweet
COCC1OC(OC)C(OC)C(OC)C1OC1OC(CO)C(OC)C(O)C1O,sweet
OCC1OC(OC2(CO)OC(CO)C(O)C2O)C(O)C(O)C1O.[Fe+3].[Fe+3],sweet
C=C1C2CCC(C2)C1(C)CCC=C(C)CO,undefined
OCC1OC(OC2C(CO)OC(OC3C(O)C(O)OC(CO)C3O)C(O)C2O)C(O)C(O)C1O,sweet
C=CCC(=NOS(=O)(=O)O)SC1OC(CO)C(O)C(O)C1O,bitter
Nc1ncnc2c1ncn2C1CC(O)C(COP(=O)(O)OP(=O)(O)OP(O)(O)=S)O1,sweet
CCC=CCCCC(=O)OC,undefined
C=CC1(C)CCC(C(=C)C)CC1C(=C)C,undefined
COc1c(O)cc(-c2oc3cc(O)cc(O)c3c(=O)c2OC2OC(C)C(O)C(O)C2O)cc1O,sweet
CC1(C)CCC2(C(=O)O)CCC3(C)C(=CCC4C5(C)CCC(OC6OC(C(=O)O)C7OC(O)(C(=O)O)C(OCC(=O)O)OC7C6O)C(C)(C)C5CCC43C)C2C1,sweet
CC1OC(OCC2OC(Oc3cc(O)cc4oc(-c5ccc(O)c(O)c5)cc(=O)c34)C(O)C(O)C2O)C(O)C(O)C1O,sweet
COC(=O)C(Cc1ccccc1)NC(=O)C([NH3+])CC(=O)[O-],sweet
CC(C)CC([NH3+])C(=O)NC(Cc1ccccc1)C(=O)[O-],sweet
CC([NH3+])C(=O)NC(Cc1ccccc1)C(=O)[O-],sweet
CC(NC(=O)C[NH3+])C(=O)NC(Cc1ccccc1)C(=O)[O-],sweet
[NH3+]C(Cc1ccccc1)C(=O)NC(CC(=O)[O-])C(=O)[O-],sweet
CC(C)C([NH3+])C(=O)NC(Cc1ccccc1)C(=O)[O-],sweet
[NH3+]CC(=O)NCC(=O)NC(Cc1ccccc1)C(=O)[O-],sweet
CC(C)CC([NH3+])C(=O)NCC(=O)NC(Cc1ccccc1)C(=O)[O-],sweet
CCCCCC(C)CCC(=O)[O-],undefined
CCCCC(CC)CCC(=O)[O-],undefined
CCCC=CC(=O)[O-],sweet
CCC(C)C([NH3+])C(=O)NC(Cc1ccccc1)C(=O)[O-],sweet
[NH3+]C(CO)C(=O)NC(Cc1ccccc1)C(=O)[O-],sweet
NC(CO)C(=O)NC(Cc1ccccc1)C(=O)O,sweet
COC(=O)C(CC(C)C)NC(=O)C([NH3+])Cc1ccccc1,sweet
CC(C)C([NH3+])C(=O)NC(C(=O)NC(Cc1ccccc1)C(=O)[O-])C(C)C,sweet
CC(C)C(N)C(=O)NC(C(=O)NC(Cc1ccccc1)C(=O)O)C(C)C,sweet
NC(=O)C(Cc1ccccc1)NC(=O)C([NH3+])CC(=O)[O-],sweet
NC(=O)C(Cc1ccccc1)NC(=O)C(N)CC(=O)O,sweet
CC(C)CC(NC(=O)C[NH3+])C(=O)NC(Cc1ccccc1)C(=O)[O-],sweet
[NH3+]CCCCC([NH3+])C(=O)NC(Cc1ccccc1)C(=O)[O-],sweet
COC(=O)C(Cc1ccccc1)NC(=O)CC([NH3+])C(=O)[O-],sweet
COC(=O)C(Cc1ccccc1)NC(=O)C(C)NC(=O)C(C)NC(C)=O,sweet
CC(C)C(NC(=O)C[NH3+])C(=O)NC(Cc1ccccc1)C(=O)[O-],sweet
CC(C)C(NC(=O)CN)C(=O)NC(Cc1ccccc1)C(=O)O,sweet
COC(=O)C(Cc1ccccc1)NC(=O)CCC(=O)[O-],sweet
COC(=O)C(Cc1ccccc1)NC(=O)CCC(=O)O,sweet
[NH3+]C(CC(=O)NC(Cc1ccccc1)C(=O)[O-])C(=O)[O-],sweet
NC(CC(=O)NC(Cc1ccccc1)C(=O)O)C(=O)O,sweet
COC(=O)CC([NH3+])C(=O)NC(Cc1ccccc1)C(=O)OC,sweet
C[NH2+]CC(=O)NC(Cc1ccccc1)C(=O)[O-],sweet
CC(=O)NC(Cc1ccccc1)C(=O)NC(CCCC[NH3+])C(=O)[O-],sweet
CC(NC(=O)C([NH3+])Cc1ccccc1)C(=O)NC(CC(N)=O)C(=O)[O-],sweet
CC(NC(=O)C(N)Cc1ccccc1)C(=O)NC(CC(N)=O)C(=O)O,sweet
O=C([O-])CCC(=O)NC(Cc1ccccc1)C(=O)[O-],sweet
[NH3+]C(CC(=O)[O-])C(=O)NC(Cc1ccccc1)C(=O)[O-],sweet
Nc1ncnc2c1ncn2C1OC(COP(=O)([O-])OP(=O)([O-])[O-])C(O)C1O,sweet
COC(=O)C(Cc1ccccc1)NC(=O)C(Cc1ccccc1)NC(=O)C([NH3+])CC(N)=O,sweet
Nc1ncnc2c1ncn2C1OC(CO)C(O)C1OP(=O)([O-])[O-],sweet
CCCCCCC(C)NC(=O)CCC(=O)NC(Cc1ccccc1)C(=O)OC,sweet
COC(=O)C(Cc1ccccc1)NC(=O)CCC(=O)NCCC1=CCCCC1,sweet
C=CCNC(=O)CCC(=O)NC(Cc1ccccc1)C(=O)OC,sweet
COC(=O)C(Cc1ccccc1)NC(=O)CCC(=O)NC(C)(C)C,sweet
CCCNC(=O)CCC(=O)NC(Cc1ccccc1)C(=O)OC,sweet
CCCCNC(=O)CCC(=O)NC(Cc1ccccc1)C(=O)OC,sweet
COC(=O)C(Cc1ccccc1)NC(=O)CCC(=O)NC(C)CCc1ccccc1,sweet
COC(=O)C(Cc1ccccc1)NC(=O)CCC(=O)NCCC(C)C,sweet
CCC([NH3+])C(=O)NC(Cc1ccccc1)C(=O)[O-],sweet
CCC(N)C(=O)NC(Cc1ccccc1)C(=O)O,sweet
CC1CCCC(=O)C1=O,undefined
O=C1c2ccccc2S(=O)(=O)N1I,sweet
COC(=O)C(Cc1ccccc1)NC(=O)C[NH+](C)CC(=O)NC(C)(C)C,sweet
COC(=O)C(Cc1ccccc1)NC(=O)CN(C)CC(=O)NC(C)(C)C,sweet
COC(=O)C(Cc1ccccc1)NC(=O)C[NH+](C)CC(=O)NC1CC1,sweet
COC(=O)C(Cc1ccccc1)NC(=O)CN(C)CC(=O)NC1CC1,sweet
COC(=O)C(Cc1ccccc1)NC(=O)C[NH+](C)CC(=O)NC(C)C,sweet
COC(=O)C(Cc1ccccc1)NC(=O)CN(C)CC(=O)NC(C)C,sweet
COC(=O)C(Cc1ccccc1)NC(=O)C[NH+]1CCN(C(C)=O)CC1,sweet
COC(=O)C(Cc1ccccc1)NC(=O)CN1CCN(C(C)=O)CC1,sweet
COC(=O)C(Cc1ccccc1)NC(=O)C[NH+]1CCC(C(N)=O)CC1,sweet
COC(=O)C(Cc1ccccc1)NC(=O)CN1CCC(C(N)=O)CC1,sweet
Nc1ncnc2c1ncn2C1OC(COP2(=O)OOP(=O)(O)NP(=O)(O)O2)C(O)C1O,sweet
CC(C)COP(=O)(O)OP(=O)(O)OCC1OC(n2cnc3c(N)ncnc32)C(O)C1OP(=O)(O)O,sweet
CCC1OC(O)C(O)C(O)C1O,sweet
CCCCCCCCOC1OCC(O)C(O)C1O,sweet
CC1CCC2(O1)OC(CCO)CC(O)C2O,sweet
[B-]P(=O)(OCC1OC(n2cnc3c(N)ncnc32)CC1O)OP(=O)(O)OP(=O)(O)O,sweet
CCC(C)=NOC1=NS(=O)(=O)c2ccccc21,sweet
Cc1ccc2c(c1)OC(=O)C2C,undefined
CC1OC(OC2C(O)C(C)OC(O)C2O)C(O)C(O)C1O,sweet
CC(=O)NC(CC(=O)O)C(=O)NC(Cc1ccccc1)C(=O)O,sweet
COC(=O)C(Cc1ccccc1)NC(=O)C(C)NC(=O)CC1CCCCC1,sweet
CCC(C)(C)CNC(CC(=O)O)C(=O)NC(Cc1ccccc1)C(=O)OC,sweet
OCC1OC(OC2(CO)OC(CO)C(O)C2O)C(O)C(O)C1O.[Fe+2],sweet
CCCCCC=CCCC(=O)NC(C)C(=O)NC(Cc1ccccc1)C(=O)OC,sweet
NC(N)=NCCCCCCCC(=O)NC(CC(=O)O)C(=O)NC(Cc1ccccc1)C(=O)O,sweet
NCCCCCCC(=O)NCC(=O)NC(CC(=O)O)C(=O)NC(Cc1ccccc1)C(=O)O,sweet
OCC1OC(OCC(O)COCC(O)COC2OC(CO)C(O)C(O)C2O)C(O)C(O)C1O,sweet
COC(=O)CC(NC(C)=O)C(=O)NC(C)C(=O)NC(C(=O)NC(CC(=O)O)C(=O)CCCc1ccccc1)C(C)C,sweet
C=C1CC23CCC4C(CCCC4(C)CC(=O)OC4OC(CO)C(O)C(O)C4O)C2CCC1(OC1OC(CO)C(O)C(O)C1O)C3,sweet
COC(=O)C(Cc1ccccc1)NC(=O)C(CC(=O)[O-])NCCC(C)(C)C.COC(=O)C(Cc1ccccc1)NC(=O)C(CC(=O)[O-])NCCC(C)(C)C,sweet
CC1OC(OC2C(OC3C(OC4CCC5(C)C(C4)C(C)(CO)CC4(C)C5CC=C5C6CC(C)(C)C(O)CC6(C)CCC54C)OC(C(=O)O)C(O)C3O)OCC(O)C2O)C(O)C(O)C1O,sweet
CC1OC(OC2C(OC3C(OC4CCC5(C)C(CCC6(C)C5CC=C5C7CC(C)(C)CC(O)C7(C)CCC56C)C4(C)CO)OC(C(=O)O)C(O)C3O)OC(C(=O)O)C(O)C2O)C(O)C(O)C1O,sweet
OB(O)CCOCC1OC(O)C(O)C(O)C1O,sweet
CCOCC1OC(OC)C(O)C(O)C1O,sweet
COC(=O)CNC(=O)C(C)NC(=O)Cc1ccccc1,sweet
OCC(O)C(O)C(CO)OC1OCC(O)C(O)C1O,sweet
COC(=O)CNC(=O)C(Cc1ccccc1)NC(=O)C(C)N,sweet
O=C(O)CCCNC(=O)C(Cc1ccccc1)NCC(=O)O,sweet
OCC1OC(O)C(O)C(OC2OC(O)C(O)C(O)C2O)C1O,sweet
CCCCCCCOCC1OC(OC(C)C)C(OC)C(OCCC)C1O,sweet
OCC1OC(OC2(CCl)OC(O)(CCl)C(O)C2O)C(O)C(Cl)C1O,sweet
CC1OC(Oc2cc3oc(-c4ccc(O)cc4)cc(=O)c3c(O)c2O)C(O)C(O)C1O,sweet
O=c1c(-c2ccc(O)c(O)c2)coc2c(OC3OC(CO)C(O)C(O)C3O)c(O)ccc12,sweet
CCCCCCCCCCCCOCC1(OC2OC(CO)C(O)C(O)C2O)OC(CO)C(O)C1O,sweet
COC(=O)C1OC(OC2CCC3(C)C(CCC4(C)C3CC=C3C5CC(C)(C)CC(=O)C5(C)CCC34C)C2(C)CO)C(OC2OC(CO)C(O)C(O)C2OC2OC(C)C(O)C(O)C2O)C(O)C1O,sweet
CC(O)CCC(O)CO,sweet
CCOC(=O)CC(C)S,sweet
OC1OC(C(F)(F)F)C(O)C(O)C1O,sweet
OCC1(OCC2(O)OCC(O)C(O)C2O)OCC(O)C(O)C1O,sweet
CCC(C)C(NC(=O)C(C)N)C(=O)NC(Cc1ccccc1)C(=O)O,sweet
CC(C)CC(NC(=O)C(C)N)C(=O)NC(Cc1ccccc1)C(=O)O,sweet
COC(=O)C(Cc1ccccc1)NC(=O)C(C)NC(=O)CC1CCCC1,sweet
CC(=O)NC(C)C(=O)NC(CC(C)C)C(=O)NC(Cc1ccccc1)C(=O)O,sweet
CC(C)CC(N)C(=O)NC(CC(N)=O)C(=O)NC(Cc1ccccc1)C(=O)O,sweet
O=c1c(OC2OC(CO)C(O)C(O)C2O)c(-c2ccc(OCCO)c(OCCO)c2)oc2cc(OCCO)cc(O)c12,sweet
CCC(C)C(N)C(=O)NC(CC(N)=O)C(=O)NC(CC(C)C)C(=O)NC(C)C(=O)NCC(=O)NC(Cc1ccccc1)C(=O)O,sweet
COc1ccc(C2CC(=O)c3c(O)cc(OC4OC(COC5OC(C)C(O)C(O)C5O)C(O)C(O)C4O)cc3O2)cc1OC1OC(CO)C(O)C(O)C1O,sweet
CC1(C)CCC2(CO)C(O)CC3(C)C(=CCC4C5(C)CCC(OC6OC(C(=O)O)C(O)C(O)C6OC6OC(CO)C(O)C(O)C6O)C(C)(C)C5CCC43C)C2C1,sweet
CCCCC=C1OC(=O)C(C)C1C,undefined
OCC1OC(OC2COC(O)C(O)C2O)C(O)C(O)C1O,sweet
OCC(O)COCC(O)COC1OC(CO)C(O)C(O)C1O,sweet
NCC(=O)NC(CC(N)=O)C(=O)NC(Cc1ccccc1)C(=O)O,sweet
NC(=O)C(Cc1ccccc1)NC(=O)C(N)CC(=O)[O-],sweet
CNc1nc2c(N)ncnc2n1C1OC2COP(=O)(O)OC2C1O,sweet
COCCCNC(=O)C(Cc1ccccc1)NC(=O)C1NC1C(=O)O,sweet
CCC(C)C(N)C(=O)NC(C(=O)NC(Cc1ccccc1)C(=O)O)C(C)C,sweet
COc1cc(-c2oc3cc(O)cc(O)c3c(=O)c2OC2OC(C)C(O)C(O)C2O)ccc1O,sweet
CCCCCCCCCCCCCCCCC(CC(=O)O)C(=O)NC(Cc1ccccc1)C(=O)NC,sweet
OCC(O)C(O)C(O)C(CO)OC1OC(CO)C(O)C(OC2OC(CO)C(O)C(O)C2O)C1O,sweet
COc1cc(-c2oc3cc(O)cc(O)c3c(=O)c2OC2OC(COC3OC(C)C(C)C(O)C3O)C(O)C(O)C2O)ccc1O,sweet
OCC(O)C(O)C(O)C(O)COC1OC(CO)C(O)C(O)C1O.OCC(O)C(O)C(O)C(O)COC1OC(CO)C(O)C(O)C1O,sweet
CC1=C(O)C(=O)CC(OC2CC(C)(C)CC3C4=CCC5C6(C)CCC(OC7OC(C(=O)O)C(O)C(O)C7OC7OC(CO)C(O)C(O)C7OC7OC(CO)C(O)C(O)C7O)C(C)(CO)C6CCC5(C)C4(C)CCC23C)O1,sweet
C=CCCC(=O)NC(C)C(=O)NC(Cc1ccccc1)C(=O)OC,sweet
CCOC(=O)C(Cc1ccccc1)NC(=O)CC(=O)O,sweet
OC1CC(OCC2OC(O)C(O)C(O)C2O)OC(O)C1O,sweet
Nc1ncnc2c1ncn2C1OC(COP(=O)(O)O)CC1O,sweet
Nc1ncnc2c1ncn2C1OC(COP(=O)(O)OP(=O)(O)F)C(O)C1O,sweet
OCCCCCCCCCCCCOC1OC(CO)C(OC2OC(CO)C(O)C(O)C2O)C(O)C1O,sweet
CCCCCCCCCCCCCCCCCCOCC1(OC2OC(CO)C(O)C(O)C2O)OC(CO)C(O)C1O,sweet
O=c1c(COC2OC(CO)C(O)C(O)C2O)c(-c2ccc(OCCO)c(OCCO)c2)oc2cc(OCCO)cc(O)c12,sweet
COc1cc(C2Oc3cc(O)cc(O)c3C(=O)C2OC2OC(COC3OC(C)C(O)C(O)C3O)C(O)C(O)C2O)ccc1O,sweet
CC1OC(OCC2OC(Oc3c(-c4ccc(OCCO)c(O)c4)oc4cc(OCCO)cc(O)c4c3=O)C(O)C(O)C2O)C(O)C(O)C1O,sweet
COC(=O)CC(C)S,undefined
CC(NC(=O)C(CC(=O)O)NC1C(C)(C)SC1(C)C)C(N)=O,sweet
CC(C)(C)OC1OC(CO)C(OC2OC(CO)C(O)C(O)C2O)C(O)C1O,sweet
O=C1c2c(O)cc(O)cc2OC(c2cc(O)c(O)c(OC3OC(CO)C(O)C(O)C3O)c2)C1O,sweet
OCC1OC(OC2(CO)OC(COC3(CO)OC(CO)C(O)C3O)C(O)C2O)C(O)C(O)C1O,sweet
CC(N)C(=O)NCC(=O)NC(C(=O)NC(C(=O)NC(CC(=O)O)C(=O)NC(Cc1ccccc1)C(=O)O)C(C)O)C(C)O,sweet
CC1(C)CCC2(C(=O)O)CCC3(C)C(=CCC4C5(C)CCC(OC6OC(C(=O)O)C(O)C(OC7OC(CO)C(O)C(O)C7OC7OCC(O)C(O)C7O)C6O)C(C)(C)C5CCC43C)C2C1,sweet
OC1C2CCOC(O2)C1O,sweet
OCC(O)C1OC(O)C(O)C1O,sweet
NC(=O)C(CC(=O)O)NC(=O)CCCc1ccccc1,sweet
COC(=O)C(CC(C)C)NC(=O)C(C)NC(=O)Cc1ccccc1,sweet
CC1OC(O)C(OC2OCC(O)C(O)C2O)C(O)C1O,sweet
O=C(O)CNC(Cc1ccccc1)C(=O)NC(CC(=O)O)C(=O)O,sweet
O=c1c(-c2ccc(O)cc2)coc2cc(OC3OC(CO)C(O)C(O)C3O)c(O)cc12,sweet
CC(C)CC(NC(=O)C(CC(=O)O)NC(=O)C(Cc1ccccc1)NC(=O)CN)C(=O)O,sweet
Nc1ncnc2c1nc(I)n2C1OC2COP(=O)(O)OC2C1O,sweet
CCCCN(CCCC)c1ncnc2c1ncn2C1OC2COP(=O)(O)OC2C1O,sweet
OCC1OC2(COCC(O)C(O)C(O)C(O)COCC3OC(O2)C(O)C(O)C3O)C(O)C1O,sweet
NOC1C(O)C(COP(=O)(O)OP(=O)(O)OP(=O)(O)O)OC1n1cnc2c(N)ncnc21,sweet
OCC(O)C(O)C(O)C(O)COCC1OC(OC2(CO)OC(COCC(O)C(O)C(O)C(O)CO)C(O)C2O)C(O)C(O)C1O,sweet
COc1ccc(C2CC(=O)c3c(O)cc(OC4OC(COC5OC(C)C(O)C(O)C5O)C(OC5OC(CO)C(O)C(O)C5O)C(O)C4O)cc3O2)cc1O,sweet
C=C1CC23CCC4C(C)(C(=O)OC5OC(CO)C(O)C(O)C5O)CCCC4(C)C2CCC1(OC1OC(CO)C(O)C(OC2CC(O)C(O)C(CO)O2)C1OC1OC(CO)C(O)C(O)C1O)C3,sweet
OCC1CC(O)CC(O)O1,sweet
COC1C(O)OC2COC1C2OC1OC(CO)C(O)C(O)C1O,sweet
Nc1nc(Cl)nc2c1ncn2C1OC(COP(=O)(O)O)C(O)C1O,sweet
OCC1OC(OC2OC(CO)C(O)C(O)C2O)C(O)C(O)C1O.[O]=[Zn],sweet
O=c1c(-c2ccc(O)cc2)coc2c(O)c(OC3OC(CO)C(O)C(O)C3O)ccc12,sweet
CCCN(CCC)c1ncnc2c1ncn2C1OC2COP(=O)(O)OC2C1O,sweet
OCC1OC(OCC2OC(OC3C(O)C(O)OC(CO)C3O)C(O)C(O)C2O)C(O)C(O)C1O,sweet
COC1C(O)C(COP(=O)(O)OP(=O)(O)OP(=O)(O)O)OC1n1cnc2c(N)nc(N)nc21,sweet
CC1(C(=O)O)CCC2(C)CCC3(C)C(=CCC4C5(C)CCC(OC6OC(CO)C(O)C(O)C6OC6OC(C(=O)O)C(O)C(O)C6O)C(C)(C)C5CCC43C)C2C1,sweet
CCCCCCOC(=O)CC(C)S,undefined
COCC1OCCC(OC2OC(CO)C(O)C(O)C2O)C1O,sweet
CC1OC(OC2OC(CO)C(O)C(O)C2O)C(O)C(O)C1O,sweet
COc1cc(C2Cc3cccc(O)c3C(=O)O2)cc(OC)c1OC,sweet
CCCCCCOCC(CO)OC1OC(CO)C(O)C(O)C1O,sweet
OCC1OC(OC2C(O)C(F)OC(CO)C2O)C(O)C(O)C1O,sweet
Nc1ncnc2c1ncn2C1OC(COP(=O)(O)O)C(F)C1O,sweet
OCC1OC(OC2C(CO)OC(O[Si])C(O)C2O)C(O)C(O)C1O,sweet
[B]C1[B]C1([B])COC1OC(CO)C(OC2OC(CO)C(O)C(O)C2O)C(O)C1O,sweet
COc1cc(C2CC(=O)c3c(cc(O)cc3OC3OC(CO)C(O)C(O)C3O)O2)cc(OC)c1O,sweet
CCCCCCOCC1OC(OC2C(CO)OC(OC)C(O)C2O)C(O)C(O)C1OCCCCCC,sweet
Nc1ncnc2c1nc(Cl)n2C1OC(COP(=O)(O)OP(=O)(O)OP(=O)(O)O)C(O)C1O,sweet
CCCCCCOc1nc2c(N)ncnc2n1C1OC(COP(=O)(O)OP(=O)(O)OP(=O)(O)O)C(O)C1O,sweet
O=c1cc(-c2ccc(O)c(O)c2)oc2cc(O)c(C3OC(CO)C(O)C(O)C3OC3OC(CO)C(O)C(O)C3O)c(O)c12,sweet
CC1(C(=O)O)CCC2(C)CCC3(C)C(=CC(=O)C4C5(C)CCC(OC6OC(CO)C(O)C(O)C6OC6OC(C(=O)O)C(O)C(O)C6O)C(C)(C)C5CCC43C)C2C1,sweet
CC1(C)CCC2(C(=O)O)CCC3(C)C(=CCC4C5(C)CCC(OC6OC(CO)C(O)C(O)C6OC6OC(C(=O)OO)C(O)C(O)C6O)C(C)(C)C5CCC43C)C2C1,sweet
CC1(C)CCC2(C(=O)O)CCC3(C)C(=CCC4C5(C)CCC(OC6OC(C(=O)O)C(O)C(OC7OCC(O)C(O)C7O)C6OC6OC(CO)C(O)C(O)C6O)C(C)(C)C5CCC43C)C2C1,sweet
COC(=O)COC(OC1C(O)C(OC2CCC3(C)C(CCC4(C)C3CC=C3C5CC(C)(C)CCC5(C(=O)OC5OC(CO)C(O)C(O)C5O)CCC34C)C2(C)C)OC(C(=O)OC)C1O)C(O)C(=O)OC,sweet
CC1OC(OC2C(OC3C(OC4CCC5(C)C(CCC6(C)C5CC=C5C7CC(C)(COC8OC(CO)C(O)C(O)C8O)CC(=O)C7(C)CCC56C)C4(C)CO)OC(C(=O)O)C(O)C3O)OCC(O)C2O)C(O)C(O)C1O,sweet
CC1(C)CCC2(C(=O)OC3OC(CO)C(O)C(O)C3O)CCC3(C)C(=CCC4C5(C)CCC(OC6OC(C(=O)O)C(O)C(OC7OC(CO)C(O)C(O)C7O)C6OC6OC(CO)C(O)C(O)C6O)C(C)(C)C5CCC43C)C2C1,sweet
COC(=O)COC(OC1C(OC2OC(COC(C)=O)C(OC(C)=O)C(OC(C)=O)C2OC(C)=O)C(OC2CCC3(C)C(CCC4(C)C3CC=C3C5CC(C)(C)CCC5(C(=O)O)CCC34C)C2(C)C)OC(C(=O)OC)C1OC(C)=O)C(OC(C)=O)C(=O)OC,sweet
CCCCCC(CC)OC(C)=O,undefined
CCOC1C(O)COC(O)C1O,sweet
CCO.COC1OC(CO)C(O)C(O)C1O,sweet
CC1(C)OCC(C(CO)OC2CCCCO2)O1,sweet
OC1COC(OC2OCC(O)C(O)C2O)C(O)C1O,sweet
OCC1OC(O)C(O)C(O)C1O.OCC1OC(O)C(O)C1O,sweet
COC1OC(CO)C(F)C(O)C1OC1OC(C)C(O)C(O)C1O,sweet
CNC(=O)C(Cc1ccccc1)NC(=O)C(CCCCO)CC(=O)O,sweet
OCC1OC(CCl)(OC2OC(CCl)C(Cl)C(O)C2O)C(O)C1O,sweet
CCCCCCCCCCOCC1OC(COC2OC(CO)C(O)C(O)C2O)C(O)C1O,sweet
OCC1OC(OC2C(CO)OC(OCC3OC(O)(CO)C(O)C3O)C(O)C2O)C(O)C(O)C1O,sweet
[N-]=[N+]=NP(=O)(O)OP(=O)(O)OP(=O)(O)OCC1OC(n2cnc3c(N)ncnc32)C(O)C1O,sweet
CCCCNc1nc2c(N)ncnc2n1C1OC(COP(=O)(O)OP(=O)(O)OP(=O)(O)O)C(O)C1O,sweet
CC1(C(=O)O)CCC2(C(=O)O)CCC3(C)C(=CCC4C5(C)CCC(OC6OC(C(=O)O)C(O)C(O)C6O)C(C)(C)C5CCC43C)C2C1,sweet
OCC1OC(OCC(O)C(O)C(O)C(O)COC2(CO)OC(COC3OC(CO)C(O)C(O)C3O)C(O)C2O)C(O)C(O)C1O,sweet
COC(=O)C1OC(OC2C(OC3CCC4(C)C(CCC5(C)C4CC=C4C6CC(C)(C(=O)O)CCC6(C)CCC45C)C3(C)C)OC(CO)C(O)C2O)C(O)C(O)C1O,sweet
COC(=O)C1OC(OC2C(OC3CCC4(C)C(CCC5(C)C4CC=C4C6CC(C)(CO)CCC6(C)CCC45C)C3(C)C)OC(C(=O)OC)C(O)C2O)C(O)C(O)C1O,sweet
COC(=O)C1OC(OC2CCC3(C)C(CCC4(C)C3CC=C3C5CC(C)(C)CC(O)C5(C)CCC34C)C2(C)C)C(OC2OC(CO)C(O)C(O)C2OC2OC(C)C(O)C(O)C2O)C(O)C1O,sweet
COC(=O)C1OC(OC2CCC3(C)C(CCC4(C)C3C(=O)C=C3C5CC(C)(C)CC(O)C5(C)CCC34C)C2(C)CO)C(OC2OC(CO)C(O)C(O)C2OC2OC(C)C(O)C(O)C2O)C(O)C1O,sweet
COC(=O)C1OC(OC2CCC3(C)C(CCC4(C)C3CC=C3C5CC(C)(C(=O)OC)CC(O)C5(C)CCC34C)C2(C)C)C(OC2OC(CO)C(O)C(O)C2OC2OC(C)C(O)C(O)C2O)C(O)C1O,sweet
CC1(C)CCC2(C(=O)OC3OC(CO)C(O)C(O)C3O)CCC3(C)C(=CCC4C5(C)CCC(OC6OC(C(=O)O)C(O)C(OC(OCC(=O)O)C(O)(CO)C(=O)O)C6O)C(C)(C)C5CCC43C)C2C1,sweet
CC1OC(OC2C(O)COC(OC(=O)C34CCC(C)(C)CC3C3=CCC5C6(C)CCC(OC7OC(C(=O)O)C(O)C(O)C7O)C(C)(C)C6CCC5(C)C3(C)CC4O)C2OC2OC(C)C(O)C(O)C2O)C(O)C(O)C1O,sweet
COC1(CCO)CC(O)C(CO)O1,sweet
CCOC1CC(O)C(O)C(CO)O1,sweet
COC1C(O)C(O)COC12COC(C)(C)O2,sweet
OCC(O)C(O)C(O)C(O)CO.[Fe+3],sweet
CCCCCCOC1C(O)C(O)OC(CO)C1O,sweet
COC1C(CO)OCCC1OC1OC(CO)C(O)C(O)C1O,sweet
Nc1nc(OCCO)nc2c1ncn2C1OC(CO)C(O)C1O,sweet
Nc1ncnc2c1nc(F)n2C1OC(COP(=O)(O)O)C(O)C1O,sweet
CCCNC(=O)CCCC(CC(=O)O)C(=O)NC(Cc1ccccc1)C(=O)NC,sweet
OCC1OC(O)C(O)C1OC1OCC(OC2OCC(O)C(O)C2O)C(O)C1O,sweet
O=c1c(-c2ccc(O)c(O)c2)coc2cc(O)c(OC3OC(CO)C(O)C(O)C3O)c(O)c12,sweet
COc1ccc(-c2coc3cc(OC4OC(CO)C(O)C(O)C4O)c(OC)c(O)c3c2=O)cc1,sweet
CC(C)CC(NC(=O)C(Cc1ccccc1)NC(=O)CNC(=O)CNC(=O)C(N)CC(=O)O)C(=O)O,sweet
Nc1ncnc2c1ncn2C1OC(COP(=O)(O)OP(=O)(O)OOP(=O)(O)O)C(O)C1O,sweet
COc1ccc(-c2coc3cc(OC4OC(COC5OC(C)C(O)C(O)C5O)C(O)C(O)C4O)c(OC)c(O)c3c2=O)cc1,sweet
OCC(O)C(OC1(CO)OC(COC2OC(CO)C(O)C(O)C2O)C(O)C1O)C(O)C(O)COC1OC(CO)C(O)C(O)C1O,sweet
COC(=O)C1OC(OC2C(O)CC3(C)C(CCC4(C)C3CC=C3C5CC(C)(C)CCC5(C(=O)OC)CCC34C)C2(C)CO)C(O)C(O)C1OC1OC(CO)C(O)C(O)C1O,sweet
COC(=O)C1OC(OC2CCC3(C)C(CCC4(C)C3C(=O)C=C3C5CC(C)(C)CC(O)C5(C)CCC34C)C2(C)CO)C(OC2OCC(O)C(O)C2OC2OC(C)C(O)C(O)C2O)C(O)C1O,sweet
CC1(C)CCC2(C(=O)OC3OC(CO)C(O)C(O)C3O)CCC3(C)C(=CCC4C5(C)CCC(OC6OC(C(=O)O)C7OC(O)(C(=O)O)C(OCC(=O)O)OC7C6O)C(C)(C)C5CCC43C)C2C1,sweet
CC1(C)CCC2(C(=O)OC3OC(CO)C(O)C(O)C3O)C(O)CC3(C)C(=CCC4C5(C)CCC(OC6OC(C(=O)O)C(O)C(OC7OC(CO)C(O)C(O)C7O)C6O)C(C)(C)C5CCC43C)C2C1,sweet
OCC1OC(OCCF)C(O)C(O)C1O,sweet
COc1ccc(C2Cc3cc(O)cc(O)c3C(=O)O2)cc1O,sweet
OCC1OC(OC2OC(CO)C(O)C(O)C2O)C(O)C1O,sweet
Cc1nc2c(N)ncnc2n1C1OC(COP(=O)(O)O)C(O)C1O,sweet
CC(C)C(NC(=O)C(N)CC(=O)O)C(=O)NC(Cc1ccccc1)C(=O)O,sweet
Nc1ncnc2c1nc(Cl)n2C1OC(COP(=O)(O)O)C(O)C1O,sweet
Nc1ncnc2c1ncn2C1OC(COP(O)(O)=S)C(OP(=O)(O)O)C1O,sweet
O=C(O)CC1NC(=O)CCCCCCCNC(=O)OCOC(=O)C(Cc2ccccc2)NC1=O,sweet
Cc1nc2c(N)ncnc2n1C1OC(COP(=O)(O)OP(=O)(O)OP(=O)(O)O)C(O)C1O,sweet
CCCCOc1nc(N)c2ncn(C3OC(COP(=O)(O)OP(=O)(O)OP(=O)(O)O)C(O)C3O)c2n1,sweet
COc1ccc(-c2coc3c(O)c(OC4OC(COC5OC(C)C(O)C(O)C5O)C(O)C(O)C4O)ccc3c2=O)cc1,sweet
COC(=O)C1OC(OC2C(OC3CCC4(C)C(CCC5(C)C4CC=C4C6CC(C)(C(=O)O)CCC6(C)CCC45C)C3(C)C)OC(C(=O)OC)C(O)C2O)C(O)C(O)C1O,sweet
CC1OC(OC2C(OC3C(OC4CCC5(C)C(CCC6(C)C5CC=C5C7CC(C)(CO)CC(O)C7(C)CCC56C)C4(C)CO)OC(C(=O)O)C(O)C3O)OC(CO)C(O)C2O)C(O)C(O)C1O,sweet
CC1(COC2OC(CO)C(O)C(O)C2O)CC(=O)C2(C)CCC3(C)C(=CCC4C5(C)CCC(OC6OC(C(=O)O)C(O)C(O)C6OC6OC(CO)C(O)C(O)C6O)C(C)(CO)C5CCC43C)C2C1,sweet
COC1COC(O)CC1O,sweet
CC(=O)ON1C(=O)c2ccccc2S1(=O)=O,sweet
CC1OCCC(OC2OC(CO)C(O)C(O)C2O)C1O,sweet
CC1OC(OC2OCC(O)C(O)C2O)C(O)C(O)C1O,sweet
COC1OC(C)C(O)C(O)C1OC1CC(O)C(O)C(C)O1,sweet
COC(=O)C(Cc1ccccc1)NC(=O)C(CC(=O)O)[N+](=O)[O-],sweet
CC1OC(O)C(O)C(O)C1OC1OC(CO)C(O)C(O)C1O,sweet
CCCCCCOCC1OC(OC(CO)CO)C(O)C(O)C1O,sweet
OCC1OC(OC2C(O)C(CO)OC(OC3C(CO)OC(O)C(O)C3O)C2O)C(O)C(O)C1O,sweet
COc1cc(-c2cc(=O)c3c(O)cc(O)cc3o2)ccc1OC1OC(COC(C)=O)C(O)C(O)C1O,sweet
Nc1ncnc2c1ncn2C1OC(COP(=O)(O)NP(=O)(O)OP(=O)(O)O)C(O)C1O,sweet
OCC(O)C(O)C(O)C(O)COC1OC(CO)C(OC2OC(CO)C(O)C(O)C2O)C(O)C1O,sweet
[B]P(=O)(OCC1OC(n2cnc3c(N)nc(Cl)nc32)C(O)C1O)OP(=O)(O)OP(=O)(O)O,sweet
CC1OC(Cc2c(-c3ccc(OC4OC(CO)C(O)C(O)C4O)c(O)c3)oc3cc(O)cc(O)c3c2=O)C(O)C1O,sweet
O=c1cc(-c2ccccc2)oc2cc(OC3OC(COC4OC(CO)C(O)C(O)C4O)C(O)C(O)C3O)c(O)c(O)c12,sweet
CC1OC(OCC2OC(Oc3c(-c4ccc(OCCO)c(O)c4)oc4cc(OCCO)cc(OCCO)c4c3=O)C(O)C(O)C2O)C(O)C(O)C1O,sweet
COC(=O)C1OC(OC2CCC3(C)C(CCC4(C)C3CC=C3C5CC(C)(C)CCC5(C(=O)OC)CCC34C)C2(C)C)C(O)C(OC(C)=O)C1OC(C)=O,sweet
CC1(C)CCC2(C(=O)OC3OC(CO)C(O)C(O)C3O)CCC3(C)C(=CCC4C5(C)CCC(OC6OC(C(=O)O)C(O)C(O)C6O)C(C)(CO)C5CCC43C)C2C1,sweet
COC(=O)C1OC(OC2CCC3(C)C(CCC4(C)C3C(=O)C=C3C5CC(C)(C(=O)OC)CCC5(C)CCC34C)C2(C)C)C(OC2OC(CO)C(O)C(O)C2O)C(O)C1O,sweet
CC1(C)CCC2(C(=O)O)CCC3(C)C(=CCC4C5(C)CCC(OC6OC(C(=O)O)C(OC7OCC(O)C(O)C7O)C(O)C6OC6OC(CO)C(O)C(O)C6O)C(C)(C)C5CCC43C)C2C1,sweet
CC1(C)CCC2(C(=O)OC3OC(CO)C(O)C(O)C3O)CCC3(C)C(=CCC4C5(C)CCC(OC6OC(C(=O)O)C(OC7OCC(O)C(O)C7O)C(O)C6O)C(C)(C)C5CCC43C)C2C1,sweet
CC1(C)CCC2(C(=O)O)CCC3(C)C(=CCC4C5(C)CCC(OC6OC(C(=O)O)C(O)C(OC(OCC(=O)O)C(O)C(=O)O)C6OC6OC(CO)C(O)C(O)C6O)C(C)(C)C5CCC43C)C2C1,sweet
O=C(CO)C(O)C(O)CCO,sweet
COC1CCC(O)C(C2OC(C)(C)OC2CO)O1,sweet
CCCCCCCCOC1OC(C)C(O)C(O)C1O,sweet
CCCCCCCCOC1OC(COC)C(O)C(O)C1O,sweet
CNC(=O)C(Cc1ccccc1)NC(=O)C(CCCCCO)CC(=O)O,sweet
COC1OC(C)C(OC2OC(C)C(O)C(OC)C2O)C(OC)C1OC,sweet
COc1ccc(-c2cc(=O)c3c(O)cc(OC4OC(CO)C(O)C4O)cc3o2)cc1O,sweet
CC(=O)OCC1OC(OC2(CCl)OC(CCl)C(O)C2O)C(O)C(O)C1Cl,sweet
CCOc1ccc(-c2coc3c(OC4OC(CO)C(O)C(O)C4O)c(OCC)ccc3c2=O)cc1,sweet
OCC(O)C(O)C(O)C(O)COC1OC(COC2OC(CO)C(O)C(O)C2O)C(O)C(O)C1O,sweet
[N-]=[N+]=Nc1nc2c(N)ncnc2n1C1OC(COP(=O)(O)OP(=O)(O)OP(=O)(O)O)CC1O,sweet
COc1cc(O)c2c(=O)c(OC3OC(COC4OC(C)C(O)C(O)C4O)C(O)C(O)C3O)c(-c3ccc(OC)c(O)c3)oc2c1,sweet
COC(=O)C1OC(OC2CCC3(C)C(CCC4(C)C3CC=C3C5CC(C)(C(=O)OC)CCC5(C)CCC34C)C2(C)C)C(O)C(OC(C)=O)C1OC(C)=O,sweet
CC1(C)CCC2(C(=O)OC3OC(CO)C(O)C(O)C3O)CCC3(C)C(=CCC4C5(C)CCC(OC6OC(C(=O)O)C(O)C7OC(C(=O)O)C(OCC(=O)O)OC67)C(C)(C)C5CCC43C)C2C1,sweet
CC1OC(OC2C(OC3C(OC4CCC5(C)C(CCC6(C)C5CC=C5C7CC(C)(C(=O)O)CC(O)C7(C)CCC56C)C4(C)C)OC(C(=O)O)C(O)C3O)OC(CO)C(O)C2O)C(O)C(O)C1O,sweet
COC(=O)C1OC(OC2CCC3(C)C(CCC4(C)C3CC=C3C5CC(C)(CO)CC(O)C5(C)CCC34C)C2(C)CO)C(OC2OC(CO)C(O)C(O)C2OC2OC(C)C(O)C(O)C2O)C(O)C1O,sweet
CC1OC(OC2C(OC(=O)C34CCC(C)(C)CC3C3=CCC5C6(C)CC(O)C(OC7OC(C(=O)O)C(O)C(O)C7O)C(C)(C(=O)O)C6CCC5(C)C3(C)CC4O)OC(C)C(O)C2O)C(O)C(O)C1O,sweet
CC1OC(OC2C(OC3C(OC4CCC5(C)C(CCC6(C)C5CC=C5C7CC(C)(C(=O)O)CC(OC8OC(C)C(O)C(O)C8O)C7(C)CCC56C)C4(C)CO)OC(C(=O)O)C(O)C3O)OC(CO)C(O)C2O)C(O)C(O)C1O,sweet
CCCOC1C(O)COC(O)C1O,sweet
C=CCCOc1ccc([N+](=O)[O-])cc1[N+](=O)[O-],sweet
CC(=O)OC(CC(=O)O)C[N+](C)(C)C.COC(=O)C(Cc1ccccc1)NC(=O)C(N)CC(=O)O,sweet
CCC(C)C(NC(=O)C(CC(C)C)NC(=O)C(CC(C)C)NC(=O)C(N)Cc1ccccc1)C(=O)NC(CC(=O)O)C(=O)NC(C)C(=O)O,sweet
CC(NC(=O)C(Cc1ccccc1)NC(=O)C(CC(=O)O)NC(=O)CNC(=O)C(CC(N)=O)NC(=O)CNC(=O)C(N)CC(=O)O)C(=O)O,sweet
CC(NC(=O)C(Cc1ccccc1)NC(=O)C(CC(=O)O)NC(=O)CNC(=O)C(CC(=O)O)NC(=O)CNC(=O)C(N)CC(N)=O)C(=O)O,sweet
CCC(C)C(NC(=O)C(Cc1ccccc1)NC(=O)C(CC(=O)O)NC(=O)CNC(=O)C(CC(C)C)NC(=O)CNC(=O)C(CC(C)C)NC(=O)C(N)CCCCN)C(=O)O,sweet
NC(CO)C(=O)NC(CC(=O)O)C(=O)NC(Cc1ccccc1)C(=O)O,sweet
NCCCCC(NC(=O)C(CC(N)=O)NC(=O)C(Cc1ccccc1)NC(=O)C(N)CC(=O)O)C(=O)O,sweet
CC1(C)CCC2(CO)C(=O)CC3(C)C(=CCC4C5(C)CCC(OC6OC(C(=O)O)C(O)C(OC7OC(CO)C(O)C(O)C7OC7OC(CO)C(O)C(O)C7O)C6OC6OC(CO)C(O)C(O)C6O)C(C)(C)C5CCC43C)C2C1,sweet
O=CC(O)C(O)C(O)C(=O)CO,sweet
CNC(=O)C(Cc1ccccc1)NC(=O)C(CC(=O)O)CC(C)C,sweet
OCC1OC(OCC2(O)OCC(O)C(O)C2O)C(O)C(O)C1O,sweet
OCC1OC(F)C(O)C(O)C1OC1OC(CO)C(OC2CCCCO2)C(O)C1O,sweet
O=c1c(-c2ccc(O)cc2O)coc2c(OC3OC(CO)C(O)C(O)C3O)c(O)cc(O)c12,sweet
OCC1OC(OCC2(OCC3(O)OC(CO)C(O)C3O)OC(CO)C(O)C2O)C(O)C(O)C1O,sweet
CC(C)CC(NC(=O)C(N)CC(=O)O)C(=O)NC(Cc1ccccc1)C(=O)NC(CC(C)C)C(=O)NCC(=O)O,sweet
CC(C)CC(NC(=O)C(Cc1ccccc1)NC(=O)C(CC(=O)O)NC(=O)C(N)CC(=O)O)C(=O)NCC(=O)O,sweet
CC(C)CC(NC(=O)C(N)CCC(N)=O)C(=O)NC(CC(=O)O)C(=O)NC(CC(C)C)C(=O)NC(Cc1ccccc1)C(=O)O,sweet
CC1(C)CC2C3=CCC4C5(C)CCC(OC6OC(C(=O)O)C(O)C(O)C6OC6OC(CO)C(O)C(O)C6O)C(C)(C)C5CCC4(C)C3(C)CCC2(C)CC1O,sweet
CC1(C)CC2C3=CCC4C5(C)CCC(OC6OC(C(=O)O)C(O)C(O)C6OC6OC(CO)C(O)C(O)C6O)C(C)(CO)C5CCC4(C)C3(C)CCC2(C)CC1O,sweet
CC1OC(OC2C(O)C(CO)OC(OC3C(OC4CCC5(C)C(CCC6(C)C5CC=C5C7CC(C)(C)C(O)CC7(C)CCC56C)C4(C)CO)OC(C(=O)O)C(O)C3O)C2O)C(O)C(O)C1O,sweet
COC(=O)C1OC(OC2CCC3(C)C(CCC4(C)C3CC=C3C5CC(C)(C)CC(O)C5(C)CCC34C)C2(C)CO)C(OC2OC(CO)C(O)C(O)C2OC2OC(C)C(O)C(O)C2O)C(O)C1O,sweet
CC(C)CC(NC(=O)C(C)N)C(=O)NC(CC(=O)O)C(=O)NC(CC(C)C)C(=O)NC(CCC(N)=O)C(=O)NCC(=O)NC(C(=O)NC(C(=O)NC(Cc1ccccc1)C(=O)O)C(C)C)C(C)C,sweet
OCC(O)C1OC(O)CC1O,sweet
OCC1OC(OC2(CO)OCC(O)C(O)C2O)C(O)C(O)C1O,sweet
COC(=O)C(Cc1ccccc1)NC(=O)C(CC(=O)O)NCC(C)(C)CCO,sweet
CCCCC(NC(=O)CCN)C(=O)NCC(=O)NC(Cc1ccccc1)C(=O)O,sweet
NC(=O)CCC(NC(=O)C(CC(=O)O)NC(=O)C(N)Cc1ccccc1)C(=O)O,sweet
Nc1ncnc2c1ncn2C1OC(COS(=O)(=O)OP(=O)(O)O)C(O)C1OP(=O)(O)O,sweet
CC(C)CC(NC(=O)C(Cc1ccccc1)NC(=O)C(CCC(N)=O)NC(=O)C(N)CC(=O)O)C(=O)O,sweet
CCC(C)C(NC(=O)C(N)CC(=O)O)C(=O)NC(Cc1ccccc1)C(=O)NC(CC(C)C)C(=O)NCC(=O)O,sweet
CC(N)C(=O)NC(Cc1ccccc1)C(=O)NC(CC(=O)O)C(=O)NC(CC(=O)O)C(=O)NC(CC(=O)O)C(=O)O,sweet
CC(NC(=O)C(Cc1ccccc1)NC(=O)C(CC(=O)O)NC(=O)CNC(=O)C(CC(=O)O)NC(=O)CNC(=O)C(N)CC(=O)O)C(=O)O,sweet
CCC(C)C(NC(=O)C(CC(=O)O)NC(=O)C(N)CC(C)C)C(=O)NC(CC(C)C)C(=O)NC(Cc1ccccc1)C(=O)NC(CC(C)C)C(=O)O,sweet
CC1(C)CCC2(C)CCC3(C)C(=CCC4C5(C)CCC(OC6OC(C(=O)O)C(O)C(OC7OCC(O)C(O)C7O)C6OC6OC(CO)C(O)C(O)C6O)C(C)(C)C5CCC43C)C2C1,sweet
CC(C)CC(NC(=O)C(CC(C)C)NC(=O)C(CCCCN)NC(=O)C(CCC(N)=O)NC(=O)C(NC(=O)C(N)CCCCN)C(C)C)C(=O)NC(CCC(N)=O)C(=O)NC(CC(=O)O)C(=O)NC(Cc1ccccc1)C(=O)O,sweet
CC1OC(OCC2OC(Oc3cc(O)c4c(=O)cc(-c5ccc(O)c(O)c5)oc4c3)C(O)C(O)C2O)C(O)C(O)C1C,sweet
CCC1OC(O)C(O)C(O)C1OC,sweet
COC(=O)C(Cc1ccccc1)NC(=O)C(C)NC(=O)CC1=CCCCC1,sweet
NC(CC(=O)O)C(=O)NC(CCC(=O)O)C(=O)NC(Cc1ccccc1)C(=O)O,sweet
CSCCC(NC(=O)C(N)CC(=O)O)C(=O)NC(Cc1ccccc1)C(=O)O,sweet
CCCCC(NC(=O)CCN)C(=O)NC(C)C(=O)NC(Cc1ccccc1)C(=O)O,sweet
COC(=O)C(Cc1ccccc1)NC(=O)C(CC(=O)O)NCCC(C)(C)CCCO,sweet
CCC(=O)OC(CC(=O)O)C[N+](C)(C)C.COC(=O)C(Cc1ccccc1)NC(=O)C(N)CC(=O)O,sweet
COP(=S)(OP(=O)(O)O)OP(=O)(O)OCC1OC(n2cnc3c(N)ncnc32)C(O)C1O,sweet
CC(NC(=O)C(Cc1ccccc1)NC(=O)C(CC(=O)O)NC(=O)CNC(=O)C(CC(N)=O)NC(=O)CNC(=O)C(N)CC(N)=O)C(=O)O,sweet
COc1ccc(-c2cc(=O)c3c(O)cc(OC4OC(COC5OC(C)C(O)C(O)C5O)C(OC5OC(CO)C(O)C(O)C5O)C(O)C4O)cc3o2)cc1O,sweet
CCOc1nc(N)c2ncn(C3OC(COP(=O)(O)O)C(O)C3O)c2n1,sweet
O=c1cc(-c2ccc(O)c(O)c2)oc2c(OC3OC(CO)C(O)C(O)C3O)c(O)ccc12,sweet
CC(C)CC(NC(=O)C(N)CC(=O)O)C(=O)NC(Cc1ccccc1)C(=O)O,sweet
COC(=O)C(Cc1ccccc1)NC(=O)C(CC(=O)O)NCCC(C)(C)CO,sweet
CCC(C)C(NC(=O)CCN)C(=O)NCC(=O)NC(Cc1ccccc1)C(=O)O,sweet
CCC(C)C(NC(=O)C(CC(=O)O)NC(=O)C(CC(C)C)NC(=O)C(N)Cc1ccccc1)C(=O)O,sweet
CC(NC(=O)C(Cc1ccccc1)NC(=O)CNC(=O)C(CC(=O)O)NC(=O)CNC(=O)C(N)CC(=O)O)C(=O)O,sweet
CC(C)CC(NC(=O)C(N)CC(=O)O)C(=O)NC(Cc1ccccc1)C(=O)NC(C)C(=O)NC(Cc1ccccc1)C(=O)O,sweet
CC1CCC(C(C)C)C(OCCO)C1,undefined
CC(O)CC(=O)OC1CC(C)CCC1C(C)C,undefined
CC(C)(C)OC(=O)CC(N)C(=O)NC(Cc1ccccc1)C(=O)OC(C)(C)C,sweet
CCCCCC#Cc1nc(N)c2ncn(C3OC(COP(=O)(O)O)C(O)C3O)c2n1,sweet
CC(C)CC(=O)OC(CC(=O)O)C[N+](C)(C)C.COC(=O)C(Cc1ccccc1)NC(=O)C(N)CC(=O)O,sweet
CC(NC(=O)C(Cc1ccccc1)NC(=O)CNC(=O)C(CC(N)=O)NC(=O)CNC(=O)C(N)CC(=O)O)C(=O)O,sweet
CC(C)CC(NC(=O)C(N)Cc1ccccc1)C(=O)NC(C(=O)NC(C(=O)NC(CC(N)=O)C(=O)O)C(C)C)C(C)C,sweet
COc1ccc(CCC(=O)c2c(O)cc(OC3OC(COC4OC(C)C(O)C(O)C4O)C(O)C(O)C3O)cc2O)cc1O,sweet
CC(C)CC(N)C(=O)NC(CC(=O)O)C(=O)NC(CC(C)C)C(=O)NC(CC(C)C)C(=O)NC(Cc1ccccc1)C(=O)NC(CC(C)C)C(=O)O,sweet
NC(=O)CC(NC(=O)C(Cc1ccccc1)NC(=O)C(N)CC(=O)O)C(=O)O,sweet
COC1CC(OC(C)(C)C)OC(C)C1O,sweet
COC1OC(CO)C(O)C(F)C1OC1OC(C)C(O)C(O)C1O,sweet
COC1OC(CF)C(O)C(O)C1OC1OC(C)C(O)C(O)C1O,sweet
CCOP(=O)(Nc1ncnc2c1ncn2C1OC(CO)C(O)C1O)OCC,sweet
COC1C(CO)OC(OC2OC(CO)C(OC)C(OC)C2OC)C(OC)C1OC,sweet
CC1OC(OC2C(O)C(CO)OC(Oc3cc(O)c4c(=O)c(O)c(-c5ccc(O)c(O)c5)oc4c3)C2O)C(O)C(O)C1O,sweet
COc1cc2oc(-c3ccc(O)cc3)cc(=O)c2c(O)c1OC1OC(CO)C(O)C(O)C1OC1OC(CO)C(O)C(O)C1O,sweet
COC(=O)C1OC(OC2CCC3(C)C(CCC4(C)C3C(=O)C=C3C5CC(C)(C(=O)OC)CCC5(C)CCC34C)C2(C)C)C(O)C(OC(C)=O)C1OC(C)=O,sweet
COC(=O)C1(C)CCC2(C(=O)OC3OC(CO)C(O)C(O)C3O)CCC3(C)C(=CCC4C5(C)CCC(OC6OC(C(=O)O)C(O)C(O)C6O)C(C)(C)C5CCC43C)C2C1,sweet
COC(=O)C1OC(OC2CCC3(C)C(CCC4(C)C3CC=C3C5CC(C)(C(=O)OC)CC(OC6OCC(O)C(O)C6O)C5(C)CCC34C)C2(C)CO)C(OC2OC(CO)C(O)C(O)C2O)C(O)C1O,sweet
CC1OC(OC2C(C(=O)O)OC(OC3CCC4(C)C(CCC5(C)C4CC=C4C6CC(C)(C)CCC6(C(=O)OC6OC(CO)C(O)C(O)C6O)CCC45C)C3(C)C)C(OC3OCC(O)C(O)C3O)C2O)C(O)C(O)C1O,sweet
COC(=O)COC(OC1C(O)C(C(=O)OC)OC(OC2CCC3(C)C(CCC4(C)C3CC=C3C5CC(C)(C)CCC5(C(=O)OC5OC(CO)C(O)C(O)C5O)CCC34C)C2(C)C)C1OC1OC(CO)C(O)C(O)C1O)C(O)C(=O)OC,sweet
CCC(O)C1OC(OC)C(O)C(O)C1O,sweet
CC(C)CC(NC(=O)CCN)C(=O)NCC(=O)NC(Cc1ccccc1)C(=O)O,sweet
COC(=O)C(Cc1ccccc1)NC(=O)C(CC(=O)O)NCCC(C)(C)CCO,sweet
CC(C)CC(NC(=O)CN)C(=O)NC(Cc1ccccc1)C(=O)NC(CC(=O)O)C(=O)NC(CC(=O)O)C(=O)O,sweet
CC(C)CC(NC(=O)C(CO)NC(=O)C(N)CC(N)=O)C(=O)NC(CC(=O)O)C(=O)NC(Cc1ccccc1)C(=O)O,sweet
CC1OC(OC2C(OC3CCC4(C)C(CCC5(C)C4CC=C4C6CC(C)(C)CC(O)C6(C)CCC45C)C3(C)CO)OC(C(=O)O)C(O)C2O)C(OC2OCC(O)C(O)C2O)C(O)C1O,sweet
CC(N)C(=O)NC(CC(=O)O)C(=O)NC(Cc1ccccc1)C(=O)O,sweet
COC(=O)C(Cc1ccccc1)NC(=O)C(N)CC(=O)O.C[N+](C)(C)CC(O)CC(=O)O,sweet
CC1OC(OC2C(Oc3c(O)cc(O)c4c(=O)cc(-c5ccc(O)c(O)c5)oc34)OC(CO)C(O)C2O)C(O)C(O)C1O,sweet
OCC(O)C(F)C(O)CO,sweet
CCC(C)C(NC(=O)C(N)CC(N)=O)C(=O)NCC(=O)NC(Cc1ccccc1)C(=O)O,sweet
CCCCCCCCOCC1(OC2OC(CO)C(O)C(O)C2O)OC(CO)C(O)C1O,sweet
CC(NC(=O)C(N)CC(=O)O)C(=O)NC(CC(N)=O)C(=O)NC(CCCCN)C(=O)NC(Cc1ccccc1)C(=O)O,sweet
CC(C)OC1OC(COC2OCC(O)(CO)C2O)C(O)C(O)C1O,sweet
COP(=O)(OC)C1C(CO)OC(n2cnc3c(N)ncnc32)C1O,sweet
COc1c(O)c(OC2OC(CO)C(O)C(O)C2O)cc2oc(-c3ccccc3)cc(=O)c12,sweet
COc1c(O)c(OC2OC(CO)C(O)C(O)C2O)cc2c1C(=O)CC(c1ccccc1)O2,sweet
OCC(O)C(O)C(O)C(O)COC1OC(CO)C(O)C(OC2OC(CO)C(O)C(O)C2O)C1O,sweet
Nc1ncnc2c1nc(F)n2C1OC(COP(=O)(O)OP(=O)(O)OP(=O)(O)O)C(O)C1O,sweet
CCCCCCOC1C(CO)OC(OC2C(CO)OC(OC)C(O)C2O)C(O)C1OCCCCCC,sweet
Nc1ncnc2c1ncn2C1OC(COP(O)(=S)OCP(=O)(O)COP(O)(O)=S)C(O)C1O,sweet
COc1cc(O)c2c(=O)c(OC3OC(COC4OC(C)C(O)C(O)C4O)C(O)C(O)C3O)c(-c3ccc(O)c(O)c3)oc2c1,sweet
OCC(O)C(O)C(OC1(CO)OC(COC2OC(CO)C(O)C(O)C2O)C(O)C1O)C(O)COC1OC(CO)C(O)C(O)C1O,sweet
CC1(C)CCC2(C(=O)O)CCC3(C)C(=CCC4C5(C)CCC(OC6OC(C(=O)O)C(OC7OCC(O)C(O)C7O)C(O)C6O)C(C)(C)C5CCC43C)C2C1,sweet
CC1(C)CCC2(CO)CCC3(C)C(=CCC4C5(C)CCC(OC6OC(C(=O)O)C(O)C(O)C6OC6OC(CO)C(O)C(O)C6O)C(C)(C)C5CCC43C)C2C1,sweet
COC(=O)C1OC(OC2C(OC3CCC4(C)C(CCC5(C)C4CC=C4C6CC(C)(CO)CCC6(C)CCC45C)C3(C)C)OC(CO)C(O)C2O)C(O)C(O)C1O,sweet
CC1(C)CCC2(C(=O)OC3OC(CO)C(O)C(O)C3O)CCC3(C)C(=CCC4C5(C)CCC(OC6OC(C(=O)O)C(O)C(O)C6O)C(C)(CO)C5CCC43C)C2C1O,sweet
COC(=O)C1OC(OC2CCC3(C)C(CCC4(C)C3CC=C3C5CC(C)(C)CCC5(C(=O)OC5OC(CO)C(O)C(O)C5O)CCC34C)C2(C)C)C(OC2OC(CO)C(O)C(O)C2O)C(O)C1O,sweet
COC(=O)C1OC(OC2CCC3(C)C(CCC4(C)C3CC=C3C5CC(C)(C(=O)OC)CC(O)C5(C)CCC34C)C2(C)CO)C(OC2OC(CO)C(O)C(O)C2OC2OC(C)C(O)C(O)C2O)C(O)C1O,sweet
COC(=O)C1OC(OC2C(OC3CCC4(C)C(CCC5(C)C4C(=O)C=C4C6CC(C)(C(=O)OC)CCC6(C)CCC45C)C3(C)C)OC(COC(C)=O)C(OC(C)=O)C2OC(C)=O)C(OC(C)=O)C(OC(C)=O)C1OC(C)=O,sweet
CC1(C)CCC2(C(=O)OC3OC(CO)C(O)C(O)C3O)CCC3(C)C(=CCC4C5(C)CCC(OC6OC(C(=O)O)C(O)C(OC(OCC(=O)O)C(O)C(=O)O)C6OC6OC(CO)C(O)C(O)C6O)C(C)(C)C5CCC43C)C2C1,sweet
COC(=O)C1OC(OC2CCC3(C)C(CCC4(C)C3CC=C3C5CC(C)(C(=O)OC)CC(OC6OC(C)C(O)C(O)C6O)C5(C)CCC34C)C2(C)CO)C(OC2OC(CO)C(O)C(O)C2OC2OC(C)C(O)C(O)C2O)C(O)C1O,sweet
CCCCOC1CC(O)C(O)C(C)O1,sweet
COC(=O)OCC1OC(O)C(O)C(O)C1O,sweet
OCC(O)COC1CC(O)C(O)C(CO)O1,sweet
CCCCCCCCOC1OC(CO)CC(O)C1O,sweet
CC1OC(OC2OC(C)C(O)C(O)C2O)C(O)C(O)C1O,sweet
Nc1ncnc2c1ncn2C1OCC(OP(=O)(O)O)C(O)C1O,sweet
Nc1ncnc2c1nc(F)n2C1OC(COP(=O)(O)OP(=O)(O)O)C(O)C1O,sweet
COc1ccc(-c2cc(=O)c3c(O)cc(OC4OC(CO)C(O)C(O)C4O)c(O)c3o2)cc1,sweet
O=c1c(-c2ccc(O)c(O)c2)coc2c(OC3OC(CO)C(O)C(O)C3O)c(O)cc(O)c12,sweet
COc1ccc(-c2coc3cc(OC4OC(CO)C(O)C(O)C4O)c(OC)cc3c2=O)cc1O,sweet
COc1cc2oc(-c3ccc(O)cc3)cc(=O)c2c(OC2OC(CO)C(O)C(O)C2O)c1OC,sweet
COc1cc(O)c2c(=O)c(OC3OC(CO)C(O)C(O)C3O)c(-c3ccc(O)c(O)c3)oc2c1,sweet
OCC1OC(OCC2OC(OCC3OC(O)(CO)C(O)C3O)C(O)C(O)C2O)C(O)C(O)C1O,sweet
O=C(O)CC(NC(=O)CNC(=O)CCC(=O)N1CCNCC1)C(=O)NC(Cc1ccccc1)C(=O)O,sweet
CCCCNc1nc(N)c2ncn(C3OC(COP(=O)(O)OP(=O)(O)OP(=O)(O)O)C(O)C3O)c2n1,sweet
COc1ccc(-c2coc3c(OC4OC(COC5OC(C)C(O)C(O)C5O)C(O)C(O)C4O)c(OC)ccc3c2=O)cc1,sweet
COC(=O)C1OC(OC2C(OC3CCC4(C)C(CCC5(C)C4C(=O)C=C4C6CC(C)(C(=O)OC)CCC6(C)CCC45C)C3(C)C)OC(CO)C(O)C2O)C(O)C(O)C1O,sweet
CC1(C)CCC2(C(=O)OC3OC(CO)C(O)C(O)C3O)CCC3(C)C(=CCC4C5(C)CCC(OC6OC(C(=O)O)C(O)C(OC(OCC(=O)O)C(=O)O)C6O)C(C)(C)C5CCC43C)C2C1,sweet
CC1OC(OC2C(OC3C(OC4CCC5(C)C(CCC6(C)C5CC=C5C7CC(C)(C)CC(O)C7(C)C(O)CC56C)C4(C)CO)OC(C(=O)O)C(O)C3O)OC(CO)C(O)C2O)C(O)C(O)C1O,sweet
COC(=O)C1OC(OC2C(COC(C)=O)OC(OC3CCC4(C)C(CCC5(C)C4C(=O)C=C4C6CC(C)(C(=O)OC)CCC6(C)CCC45C)C3(C)C)C(OC(C)=O)C2OC(C)=O)C(OC(C)=O)C(OC(C)=O)C1OC(C)=O,sweet
O=C(F)C(O)C(O)C(O)C(O)CO,sweet
OCC(O)C(O)C(O)C(O)CO[Si],sweet
CCCCCCCCOC1OC(CO)C(OC)C(O)C1O,sweet
OCC1OC(OCC2OC(OCCF)C(O)C(O)C2O)C(O)C(O)C1O,sweet
COc1ccc(-c2coc3c(OC4OC(CO)C(O)C(O)C4O)c(O)ccc3c2=O)cc1,sweet
COc1ccc(-c2coc3c(OC4OC(CO)C(O)C(O)C4O)c(OC)ccc3c2=O)cc1,sweet
CCOc1nc2c(N)ncnc2n1C1OC(COP(=O)(O)OP(=O)(O)OP(=O)(O)O)C(O)C1O,sweet
CCCCOc1nc2c(N)ncnc2n1C1OC(COP(=O)(O)OP(=O)(O)OP(=O)(O)O)C(O)C1O,sweet
COc1ccc(C2CC(=O)c3c(OC)cc(OC4OC(COC5OCC(O)C(O)C5O)C(O)C(O)C4O)cc3O2)cc1OC,sweet
COc1ccc(C=CC(=O)c2c(OC)cc(OC3OC(COC4OC(C)C(O)C(O)C4O)C(O)C(O)C3O)cc2OC)cc1OC,sweet
COc1ccc(-c2cc(=O)c3c(O)cc(OC4OC(COC(C)=O)C(O)C(OC5OC(CO)C(O)C(O)C5O)C4O)cc3o2)cc1O,sweet
COc1ccc(-c2cc(=O)c3c(OCCO)cc(OC4OC(COC5OC(O)C(O)C(O)C5O)C(O)C(O)C4O)cc3o2)cc1OCCO,sweet
CC1(C)CC(=O)C2(C)CCC3(C)C(=CCC4C5(C)CCC(OC6OC(C(=O)O)C(O)C(O)C6OC6OC(CO)C(O)C(O)C6O)C(C)(CO)C5CCC43C)C2C1,sweet
CC1(C)CCC2(C(=O)O)C(O)CC3(C)C(=CCC4C5(C)CCC(OC6OC(C(=O)O)C(O)C(OC7OC(CO)C(O)C(O)C7O)C6O)C(C)(C)C5CCC43C)C2C1,sweet
CC1(C)CCC2(C(=O)O)CCC3(C)C(=CCC4C5(C)CC(O)C(OC6OC(C(=O)O)C(OC7OC(CO)C(O)C(O)C7O)C(O)C6O)C(C)(CO)C5CCC43C)C2C1,sweet
CC1OC(OC2C(OC3C(OC4CCC5(C)C(CCC6(C)C5C(=O)C=C5C7CC(C)(C)CC(O)C7(C)CCC56C)C4(C)CO)OC(C(=O)O)C(O)C3O)OCC(O)C2O)C(O)C(O)C1O,sweet
CC1(C)CCC2(C(=O)OC3OC(CO)C(O)C(O)C3O)CCC3(C)C(=CCC4C5(C)CCC(OC6OC(C(=O)O)C(O)C(O)C6OC6OC(CO)C(O)C(O)C6O)C(C)(C)C5CCC43C)C2C1O,sweet
COC(=O)COC(OC1C(O)C(C(=O)OC)OC(OC2CCC3(C)C(CCC4(C)C3CC=C3C5CC(C)(C)CCC5(C(=O)O)CCC34C)C2(C)C)C1OC1OC(CO)C(O)C(O)C1O)C(O)C(=O)OC,sweet
CC1(C)CCC2(C(=O)OC3OC(CO)C(O)C(O)C3O)C(O)CC3(C)C(=CCC4C5(C)CCC(OC6OC(C(=O)O)C(O)C(OC7OC(CO)C(O)C(O)C7O)C6OC6OC(CO)C(O)C(O)C6O)C(C)(C)C5CCC43C)C2C1,sweet
OCCC(CO)OC1CCCCO1,sweet
CCCCCOC1C(O)C(O)OC(CO)C1O,sweet
COC(=O)CC(N)C(=O)NC(Cc1ccccc1)C(=O)O,sweet
OCC1OCCC(OC2OC(CO)C(O)C(O)C2O)C1O,sweet
Nc1ncnc2c1ncn2C1OC(CO)C(P(=O)(O)O)C1O,sweet
OCC1OC(O)C(O)C(OCCI)C1O,sweet
Nc1ncnc2c1ncn2C1CC(OP(=O)(O)CI)C(CO)O1,sweet
COC1OCC(O)C(O)C1OC1OC(CO)C(O)C(O)C1OC1OC(C)C(O)C(O)C1O,sweet
CCN(CC)c1nc(N(CC)CC)c2ncn(C3OC(COP(=O)(O)O)C(O)C3O)c2n1,sweet
COC1OC(CO)C(OC2OC(CO)C(O)C(O)C2OC2OCC(O)C(O)C2O)C(O)C1O,sweet
NC(N)=NCCCC(N)COP(=O)(O)OCC1OC(n2cnc3c(N)ncnc32)C(O)C1O,sweet
COc1cc(OC2OC(CO)C(O)C(O)C2O)c2c(=O)cc(-c3ccc(OC)c(OC)c3)oc2c1,sweet
COc1cc(OC2OC(CO)C(O)C(O)C2O)c2c(=O)cc(-c3cc(O)c(OC)c(OC)c3)oc2c1,sweet
COC(=O)C(Cc1ccccc1)NC(=O)C(CC(C)C)NC(=O)C(Cc1ccccc1)NC(=O)CCCN,sweet
Nc1ncnc2c1ncn2C1OC(COP(=S)(S)OP(=O)(O)OP(=O)(O)O)C(O)C1O,sweet
COc1cc(OC2OC(COC3OCC(O)C(O)C3O)C(O)C(O)C2O)c2c(=O)cc(-c3ccc(OC)c(OC)c3)oc2c1,sweet
COC(=O)C1OC(OC2CCC3(C)C(CCC4(C)C3CC=C3C5CC(C)(C)CCC5(C(=O)O)CCC34C)C2(C)C)C(O)C(O)C1O,sweet
CC1(C)CCC2(C(=O)O)CCC3(C)C(=CCC4C5(C)CCC(OC6OC(C(=O)O)C(O)C(O)C6OC6OC(CO)C(O)C(O)C6O)C(C)(C)C5CCC43C)C2C1,sweet
OCC1(O)OCC(O)C(O)C1O.OCC1OC(O)C(O)C(O)C1O,sweet
COc1cc2c(c(O)c1OC)C(=O)CC(c1ccc(OC3OC(CO)C(O)C(O)C3O)cc1)O2,sweet
C=C1C2CCC3C4(C)CC(OC5OC(CO)C(O)C(O)C5O)CC(C(=O)O)C4CCC3(C2)C1O,sweet
OCC1OC(OC2C(O)C(CO)OC(OCC3OC(O)(CO)C(O)C3O)C2O)C(O)C(O)C1O,sweet
COc1cc(O)c2c(=O)c(-c3cc(OC)c(OC)c(OC4OC(CO)C(O)C(O)C4O)c3)coc2c1,sweet
O=c1cc(-c2ccc(O)c(O)c2)oc2cc(O)c(C3OC(OC4OC(CO)C(O)C(O)C4O)C(O)C(O)C3O)c(O)c12,sweet
CC1OC(OCC2OC(Oc3cc(O)c4c(c3)OC(c3ccc(O)c(O)c3)C(O)C4=O)C(O)C(O)C2O)C(O)C(O)C1O,sweet
CC(=O)OCC1OC(OC2C(O)C(C)OC(Oc3cc(-c4oc5cc(O)cc(O)c5c(=O)c4O)ccc3O)C2O)C(O)C(O)C1O,sweet
COC(=O)C1OC(OC2CCC3(C)C(CCC4(C)C3CC=C3C5CC(C)(C)CCC5(C(=O)O)CCC34C)C2(C)C)C(OC2OC(C(=O)OO)C(O)C(O)C2O)C(O)C1O,sweet
CC1OC(OC2C(OC3C(OC4CCC5(C)C6CC=C7C8CC(C)(CO)CC(=O)C8(C)CCC7(C)C6(C)CCC5(C)C4(C)CO)OC(C(=O)O)C(O)C3O)OCC(O)C2O)C(O)C(O)C1O,sweet
CC1OC(OC2C(OC3C(OC4CCC5(C)C6CC=C7C8CC(C)(CO)CC(O)C8(C)CCC7(C)C6(C)CCC5(C)C4(C)CO)OC(C(=O)O)C(O)C3O)OCC(O)C2O)C(O)C(O)C1O,sweet
CC1OC(OC2C(OC3C(OC4CCC5(C)C(CCC6(C)C5CC=C5C7CC(C)(C(=O)O)CC(O)C7(C)CCC56C)C4(C)CO)OC(C(=O)O)C(O)C3O)OC(CO)C(O)C2O)C(O)C(O)C1O,sweet
COC(=O)C1OC(OC2CCC3(C)C(CCC4(C)C3C(=O)C=C3C5CC(C)(C(=O)OC)CCC5(C)CCC34C)C2(C)C)C(OC2OC(COC(C)=O)C(OC(C)=O)C(OC(C)=O)C2OC(C)=O)C(OC(C)=O)C1OC(C)=O,sweet
CC1(C)CC2C3=CCC4C5(C)CCC(OC6OC(C(=O)O)C(O)C(OC7OC(CO)C(O)C(O)C7O)C6OC6OC(CO)C(O)C(O)C6O)C(C)(C)C5CCC4(C)C3(C)CCC2(C(=O)OC2OC(CO)C(O)C(O)C2O)CC1O,sweet
CON1C(=O)c2ccccc2S1(=O)=O,sweet
CC1(C)OCC(CCC2OCCCC2O)O1,sweet
OCC1OC(OC2CCCCC2Cl)C(O)C1O,sweet
OCC(O)C(OC1OC(C(O)CO)C(O)C1O)C(O)CO,sweet
Nc1nc(Cl)nc2c1ncn2C1CC(O)C(COP(=O)(O)O)O1,sweet
CCCC(=O)NCCCCC(CC(=O)O)C(=O)NC(Cc1ccccc1)C(=O)NC,sweet
CCCCCCOC1OC(CO)C(OC2OC(CO)C(O)C(O)C2O)C(O)C1O,sweet
CCCCCCCCCCCCCC(=O)NCC(=O)NC(Cc1ccccc1)C(=O)O,sweet
Cc1nc2c(N)ncnc2n1C1OC(COP(=O)(O)OP(=O)(O)O)C(O)C1O,sweet
OCC1OC(OC2(CO)OC(CO)C(O)C2O)C(O)C(O)C1O.[Fe+3],sweet
CC1(O)CC(O)C(O)C(OC2C(=O)c3c(O)cc(O)cc3OC2c2cc(O)c(O)c(O)c2)O1,sweet
O=C(CCc1ccc2c(c1)OCCO2)c1c(O)cc(O)cc1OC1OC(CO)C(O)C(O)C1O,sweet
COC1OC(C)C(OC2OC(C)C(O)C(OC)C2OC2OC(C)C(O)C(OC)C2OC)C(OC)C1OC,sweet
CCNc1nc2c(N)ncnc2n1C1OC(COP(=O)(O)OP(=O)(O)OP(=O)(O)O)C(O)C1O,sweet
C=C1C2CCC3C4(C)CC(OC5OC(CO)C(O)C(O)C5OC(=O)CC(C)C)CC(C(=O)O)C4CCC3(C2)C1O,sweet
CC1OC(Oc2c(-c3ccc(O)c(O)c3)oc3cc(O)cc(O)c3c2=O)C(OC2OCC(O)C(O)C2O)C(O)C1O,sweet
COc1ccc(-c2cc(=O)c3c(O)c(OC4OC(CO)C(O)C(O)C4OC4OC(C)C(O)C(O)C4O)c(OC)cc3o2)cc1,sweet
COc1cc(OC2OC(COC3OCC(O)C(O)C3O)C(O)C(O)C2O)c2c(=O)cc(-c3cc(OC)c(OC)c(OC)c3)oc2c1,sweet
CC1(CO)CC(O)C2(C)CCC3(C)C(=CCC4C5(C)CCC(OC6OC(C(=O)O)C(O)C(O)C6OC6OC(CO)C(O)C(O)C6O)C(C)(CO)C5CCC43C)C2C1,sweet
COC(=O)COC(OC1C(O)C(OC2CCC3(C)C(CCC4(C)C3CC=C3C5CC(C)(C)CCC5(C(=O)O)CCC34C)C2(C)C)OC(C(=O)OC)C1O)C(O)C(=O)OC,sweet
CC1(C)CCC2(C(=O)OC3OC(CO)C(O)C(O)C3O)CCC3C(=CCC4C3(C)CCC3C(C)(C)C(OC5OC(C(=O)O)C(O)C(OC6OC(CO)C(O)C(O)C6O)C5O)CCC34C)C2C1,sweet
CC1OC(OC2C(OC3C(OC4CCC5(C)C(CCC6(C)C5C(=O)C=C5C7CC(C)(C)CC(O)C7(C)CCC56C)C4(C)CO)OC(C(=O)O)C(O)C3O)OC(CO)C(O)C2O)C(O)C(O)C1O,sweet
CC1(C)CCC2(C(=O)OC3OC(CO)C(O)C(O)C3O)CCC3(C)C(=CCC4C5(C)CCC(OC6OC(C(=O)O)C(OC7OCC(O)C(OC8OC(CO)C(O)C(O)C8O)C7O)C(O)C6O)C(C)(C)C5CCC43C)C2C1,sweet
COC(=O)C1OC(OC2CCC3(C)C(CCC4(C)C3CC=C3C5CC(C)(C(=O)OC)CC(OC6OCC(O)C(O)C6O)C5(C)CCC34C)C2(C)CO)C(OC2OC(CO)C(O)C(O)C2OC2OC(C)C(O)C(O)C2O)C(O)C1O,sweet
COC(=O)C1OC(OC2CCC3(C)C(CCC4(C)C3CC=C3C5CC(C)(C)CCC5(C(=O)OC5OCC(O)C(OC6OC(C)C(OC)C(OC)C6OC)C5OC5OC(C)C(OC)C(OC)C5OC)C(O)CC34C)C2(C)C)C(OC)C(OC)C1OC,sweet
COC1C(O)C(O)C(O)OC1(C)C,sweet
COC(C)(C)OC1OC(CO)C(O)C(O)C1O,sweet
Nc1ncnc2c1ncn2C1CC(O)C(COP(O)(=S)S)O1,sweet
Nc1ncnc2c1ncn2C1CC(OP(O)(=S)S)C(CO)O1,sweet
Nc1ncnc2c1ncn2C1OC(COP(=O)(O)CP(=O)(O)CP(=O)(O)O)C(O)C1O,sweet
OCC1OC(OCCCOCCCCOCCCOCC2OC(O)C(O)C(O)C2O)C(O)C(O)C1O,sweet
CC1OC(OCC2OC(Oc3cc(O)c4c(=O)cc(-c5ccc(O)c(O)c5)oc4c3)C(O)C(O)C2O)C(O)C(O)C1O,sweet
CC1(C)CCC2(C(=O)O)C(O)CC3(C)C(=CCC4C5(C)CCC(OC6OC(C(=O)O)C(O)C(O)C6O)C(C)(CO)C5CCC43C)C2C1,sweet
CC1(C)CC(C(=O)OC2OC(CO)C(O)C(O)C2O)C2CCC3(C)C(=CCC4C5(C)CCC(OC6OC(C(=O)O)C(O)C(O)C6OC6OCC(O)C(O)C6O)C(C)(C)C5CCC43C)C2C1,sweet
CC1(C)CCC2(C(=O)OC3OC(CO)C(O)C(O)C3O)CCC3(C)C(=CCC4C5(C)CCC(OC6OC(C(=O)O)C(O)C(O)C6OC6OC(CO)C(O)C(O)C6O)C(C)(CO)C5CCC43C)C2C1,sweet
CC1(C)CCC2(C(=O)OC3OC(CO)C(O)C(O)C3O)CCC3(C)C(=CCC4C5(C)CCC(OC6OC(C(=O)O)C(OC7OCC(O)C(O)C7O)C(O)C6OC6OC(CO)C(O)C(O)C6O)C(C)(C)C5CCC43C)C2C1,sweet
O=C1c2ccccc2S(=O)(=O)N1O,sweet
C#CC(OCC)OC1OC(CO)C(O)C(O)C1O,sweet
NC(=O)CC(NC(=O)C(N)Cc1ccccc1)C(=O)O,sweet
OCC1CC(OC2OC(CO)C(O)C(O)C2O)CCO1,sweet
OCC1OC(OCCI)C(O)C(O)C1O,sweet
Nc1ncnc2c1nc(N1CCCCC1)n2C1OC2COP(=O)(O)OC2C1O,sweet
COc1c(OC2OC(C)C(O)C(O)C2O)cc2oc(-c3ccc(O)cc3)cc(=O)c2c1O,sweet
COc1cc(O)c2c(=O)cc(-c3ccc(O)c(OC4OC(CO)C(O)C(O)C4O)c3)oc2c1,sweet
COc1cc(OC2OC(CO)C(O)C(O)C2O)c2c(=O)cc(-c3cc(OC)c(O)c(OC)c3)oc2c1,sweet
CC(C)(C)COc1nc2c(N)ncnc2n1C1OC(COP(=O)(O)OP(=O)(O)OP(=O)(O)O)C(O)C1O,sweet
C=C1CCC2(C(=O)O)CCC3(C)C(=CCC4C5(C)CCC(OC6OC(C(=O)O)C(O)C(O)C6O)C(C)(C)C5CCC43C)C2C1,sweet
O=C1c2ccccc2S(=O)(=O)[N]1[Hg].O=C1c2ccccc2S(=O)(=O)[N]1[Hg],sweet
CC1(C)CC(O)C2(C)CCC3(C)C(=CCC4C5(C)CCC(OC6OC(C(=O)O)C(O)C(O)C6OC6OCC(O)C(O)C6O)C(C)(CO)C5CCC43C)C2C1,sweet
COC(=O)C1OC(OC2C(OC3CCC4(C)C(CCC5(C)C4C(=O)C=C4C6CC(C)(C(=O)OC)CCC6(C)CCC45C)C3(C)C)OC(C(=O)OC)C(O)C2O)C(O)C(O)C1O,sweet
CC1OC(OC2C(OC3C(OC4CCC5(C)C(CCC6(C)C5CC=C5C7CC(C)(C)CC(O)C7(C)CCC56C)C4(C)C)OC(C(=O)O)C(O)C3O)OCC(O)C2O)C(O)C(O)C1O,sweet
COC1(C(=O)O)OC2C(C(=O)O)OC(OC3CCC4(C)C(CCC5(C)C4CC=C4C6CC(C)(C)CCC6(C(=O)OC6OC(CO)C(O)C(O)C6O)CCC45C)C3(C)C)C(O)C2OC1OCC(=O)O,sweet
COC(=O)C1OC(OC2CCC3(C)C(CCC4(C)C3CC=C3C5CC(C)(C)CCC5(C(=O)OC5OCC(O)C(OC6OC(C)C(O)C(O)C6O)C5OC5OC(C)C(O)C(O)C5O)C(O)CC34C)C2(C)C)C(O)C(O)C1O,sweet
COC(=O)C1OC(OC2CCC3(C)C(CCC4(C)C3CC=C3C5CC(C)(C)CCC5(C(=O)OC5OC(CO)C(O)C(O)C5O)CCC34C)C2(C)C)C(OC2OCC(O)C(O)C2O)C(OC2OC(CO)C(O)C(O)C2O)C1O,sweet
CC1OC(OC2C(OC3C(OC4CCC5(C)C(CCC6(C)C5CC=C5C7CC(C)(C(=O)O)CC(OC8OCC(O)C(O)C8O)C7(C)CCC56C)C4(C)CO)OC(C(=O)O)C(O)C3O)OC(CO)C(O)C2O)C(O)C(O)C1O,sweet
C=CCCCOc1ccc([N+](=O)[O-])cc1[N+](=O)[O-],sweet
COC(=O)C(Cc1ccccc1)NC(=O)C(C)N=C=O,sweet
C=CCNCC(=O)NC(Cc1ccccc1)C(=O)OC,sweet
CC(C)(C)OC(=O)C(Cc1ccccc1)NC(=O)CCC(=O)O,sweet
OCC(O)C1OC(CCC2OC(O)C(O)C(O)C2O)C(O)C1O,sweet
COC1OC(C)C(O)C(OC2OC(CO)C(O)C(O)C2O)C1O,sweet
COC(=O)C1Cc2cccc(c2)CC(NC(C)=O)C(=O)NCC(=O)N1,sweet
COC(=O)C1Cc2cccc(c2)CC(NC(C)=O)C(=O)NCCCCCC(=O)N1,sweet
CC(C)(C)OC(=O)CC1NCCN(C(Cc2ccccc2)C(=O)OC(C)(C)C)C1=O,sweet
COc1cc2oc(-c3ccccc3)cc(=O)c2c(O)c1OC1OC(CO)C(O)C(O)C1O,sweet
COc1ccc(CCC(=O)c2c(O)cccc2OC2OC(CO)C(O)C(O)C2O)cc1OC,sweet
COC(=O)C1OC(OC2CCC3(C)C(CCC4(C)C3CC=C3C5CC(C)(C)CCC5(C(=O)OC)CCC34C)C2(C)C)C(O)C(OC2OCC(O)C(O)C2O)C1O,sweet
COC(=O)C1OC(OC2CCC3(C)C(CCC4(C)C3CC=C3C5CC(C)(C)CCC5(C(=O)O)CCC34C)C2(C)C)C(O)C(OC2OC(C)C(O)C(O)C2O)C1O,sweet
CC1(C)CCC2(C(=O)O)CCC3(C)C(=CCC4C5(C)CCC(OC6OC(C(=O)O)C(O)C(O)C6OC6OC(CO)C(O)C(O)C6O)C(C)(CO)C5CCC43C)C2C1,sweet
COC(=O)C1(C)CCC2(C)CCC3(C)C(=CC(=O)C4C5(C)CCC(OC6OC(CO)C(OC7OC(C(=O)O)C(O)C(O)C7O)C(O)C6O)C(C)(C)C5CCC43C)C2C1,sweet
CC1(C)CCC2(C(=O)OC3OC(CO)C(O)C(O)C3O)CCC3(C)C(=CCC4C5(C)CC(O)C(OC6OC(C(=O)O)C(O)C(O)C6O)C(C)(CO)C5CCC43C)C2C1,sweet
CC(CCC(=O)C(C)C1C(O)CC2C3CCC4CC(OC5OC(CO)C(OC6OC(C)C(O)C(O)C6O)C(O)C5O)CCC4(C)C3CCC21C)COC1OC(CO)C(O)C(O)C1O,sweet
CCCCCCCCCCCOC(=O)C1OC(OC2C(OC3CCC4(C)C(CCC5(C)C4C(=O)C=C4C6CC(C)(C(=O)OCCCCCCCCCCC)CCC6(C)CCC45C)C3(C)C)OC(C(=O)OCCCCCCCCCCC)C(O)C2O)C(O)C(O)C1O,sweet
CC1(C)OC2C(O)OC(CO)C(O)C2O1,sweet
COC1CC2OC(C)(OC)C(C)(OC)OC2C(CO)O1,sweet
CCC1OC(OC2C(CO)OC(OC)C(O)C2O)C(O)C(O)C1O,sweet
OCC1OC(OC2C(CO)OC(CO)C(O)C2O)C(O)C(O)C1O,sweet
COC(=O)C1Cc2cccc(c2)CC(NC(C)=O)C(=O)NCCCC(=O)N1,sweet
COC(=O)C(Cc1ccccc1)NC(=O)C(CC(C)C)NC(=O)C(CO)NC=O,sweet
Nc1ncnc2c1ncn2C1CC(O)C(COP(=O)=O)O1,sweet
O=c1c2ccc(O)c(O)c2oc2cc(OC3C(O)C(O)OC(CO)C3O)cc(O)c12,sweet
COc1cc(-c2coc3cc(OC4OC(CO)C(O)C(O)C4O)ccc3c2=O)ccc1O,sweet
C=CCCCN(CC(=O)N(CCCC=C)CC(=O)NC(Cc1ccccc1)C(=O)OC)C(C)=O,sweet
COC(=O)C(Cc1ccccc1)NC(=O)C(Cc1ccccc1)NC(=O)C1CCCN1C(=O)CCC(=O)O,sweet
O=C1CC(c2ccc(O)c(O)c2)Oc2cc(OC3OC(COC4OCC(O)C(O)C4O)C(O)C(O)C3O)cc(O)c21,sweet
CC1(C)CCC2(C(=O)OC3OC(CO)C(O)C(O)C3O)CCC3(C)C(=CCC4C5(C)CCC(OC6OC(C(=O)O)C(O)C(OC(OCC(=O)O)C(O)C(=O)O)C6OC6OCC(O)C(O)C6O)C(C)(C)C5CCC43C)C2C1,sweet
COC(=O)C1OC(OCC2OC(OC3CCC4(C)C(CCC5(C)C4C(=O)C=C4C6CC(C)(C(=O)OC)CCC6(C)CCC45C)C3(C)C)C(OC(C)=O)C(OC(C)=O)C2OC(C)=O)C(OC(C)=O)C(OC(C)=O)C1OC(C)=O,sweet
CC(O)COC1OC(CO)C(O)C(O)C1O,sweet
CC(CO)OC1OC(CO)C(O)C(O)C1O,sweet
COC(=O)CC(=O)NC(Cc1ccccc1)C(=O)OC,sweet
OCC1OC(O)C(O)C(O)C1I,sweet
OCCCCCCCOC1OC(CO)C(O)C(O)C1O,sweet
COC(=O)C(N)CCC(=O)NC(Cc1ccccc1)C(=O)O,sweet
CNC(CC(=O)O)C(=O)NC(Cc1ccccc1)C(=O)OC,sweet
OCC1OC2OCC3(OC(CO)C(O)C3O)OC2C(O)C1O,sweet
OCC1OC(CCC2OC(O)C(O)C(O)C2O)C(O)C(O)C1O,sweet
COC1OC2COC3(OC(CO)C(O)C(O)C3O)OC2C(O)C1O,sweet
COc1cc(O)c2c(=O)c3c(O)c(OC4OC(CO)C(O)C(O)C4O)ccc3oc2c1OC,sweet
[N-]=[N+]=Nc1nc2c(N)ncnc2n1C1OC(COP(=O)(O)O)C(OP(=O)(O)O)C1O,sweet
COc1c(-c2ccc(O)c(O)c2)oc2cc(OC3OC(COC4OC(CO)C(O)C(O)C4O)C(O)C(O)C3O)cc(O)c2c1=O,sweet
COC(=O)C1(C)CCC2(C)CCC3(C)C(=CC(=O)C4C5(C)CCC(OC6OC(CO)C(O)C(OC7OC(C(=O)O)C(O)C(O)C7O)C6O)C(C)(C)C5CCC43C)C2C1,sweet
COCOC1C(OC2C(OCOC)C(OC3CCC4(C)C(CCC5(C)C4CC=C4C6CC(C)(C)CCC6(C(=O)OC)CCC45C)C3(C)C)OC(C(=O)OC)C2OCOC)OCC(O)C1O,sweet
COC(=O)COC(OC1C(OC(C)=O)C(OC2CCC3(C)C(CCC4(C)C3CC=C3C5CC(C)(C)CCC5(C(=O)OC)CCC34C)C2(C)C)OC(C(=O)OC)C1OC(C)=O)C(O)C(=O)OC,sweet
CC1(C)CCC2(C(=O)O)CCC3(C)C(=CCC4C5(C)CCC(OC6OC(C(=O)O)C(O)C(O)C6OC6OC(CO)C(O)C(O)C6OC6OC(CO)C(O)C(O)C6O)C(C)(C)C5CCC43C)C2C1,sweet
CC1OC(OC2C(OC3C(OC4CCC5(C)C(CCC6(C)C5CC=C5C7CC(C)(C(=O)O)CC(=O)C7(C)CCC56C)C4(C)CO)OC(C(=O)O)C(O)C3O)OC(CO)C(O)C2O)C(O)C(O)C1O,sweet
Nc1ncnc2c1ncn2C1CC(O)C(COP(=O)(O)C(P(=O)(O)O)P(=O)(O)O)O1,sweet
NOC1OC(CO)C(O)C(O)C1O,sweet
OC1COC2(COCCO2)C(O)C1O,sweet
CC(O)CCOC1OC(CO)C(O)C(O)C1O,sweet
OCC1OC2OCC3(OCC(O)C(O)C3O)OC2C(O)C1O,sweet
OCC(O)C1OC(OCC(O)C2OC(O)C(O)C2O)C(O)C1O,sweet
COC1OC(CO)C(OC2OC(CO)C(O)C(O)C2O)C(OC)C1OC,sweet
COC(=O)C1Cc2cccc(c2)CC(NC(C)=O)C(=O)NCCCCC(=O)N1,sweet
CC(O)CNc1nc2c(N)ncnc2n1C1OC2COP(=O)(O)OC2C1O,sweet
C=CCN(CC(=O)N(CC=C)CC(=O)NC(Cc1ccccc1)C(=O)OC)C(C)=O,sweet
COC(=O)C(Cc1ccccc1)NC(=O)C(CC(C)C)NC(=O)C(CCC(N)=O)NC=O,sweet
COc1cc(O)c2c(c1)OC(c1ccc(OC3OC(CO)C(O)C(O)C3OC3OCC(O)(CO)C3O)c(OC)c1)CC2=O,sweet
CC1(CO)CC2C3=CCC4C5(C)CCC(OC6OC(C(=O)O)C(O)C(O)C6OC6OC(CO)C(O)C(O)C6O)C(C)(CO)C5CCC4(C)C3(C)CCC2(C)C(O)C1O,sweet
COC(=O)C1OC(OC2CCC3(C)C(CCC4(C)C3CC=C3C5CC(C)(C)CCC5(C(=O)OC)CCC34C)C2(C)C)C(OC(C)=O)C(OC2OCC(O)C(O)C2OC(C)=O)C1OC(C)=O,sweet
C=C(C)C1CCC2(C(=O)OC3OC(COC4OC(CO)C(OC5OC(C)C(O)C(O)C5O)C(O)C4O)C(O)C(O)C3O)CCC3(C)C(CC4OC(=O)CCC5(C)C(C(=C)C)CCC3(C)C45)C12,sweet
CC1(C)CCC2(C(=O)OC3OC(CO)C(O)C(O)C3O)CCC3(C)C(=CCC4C5(C)CCC(OC6OC(CO)C(O)C(O)C6OC6OC(C(=O)O)C(O)C(O)C6O)C(C)(C)C5CCC43C)C2C1,sweet
COC(=O)C1OC(OC2C(OC(C)=O)C(COC(C)=O)OC(OC3CCC4(C)C(CCC5(C)C4C(=O)C=C4C6CC(C)(C(=O)OC)CCC6(C)CCC45C)C3(C)C)C2OC(C)=O)C(OC(C)=O)C(OC(C)=O)C1OC(C)=O,sweet
CC1(C)CCC2(C(=O)OC3OC(CO)C(O)C(O)C3O)CCC3(C)C(=CCC4C5(C)CCC(OC6OC(C(=O)O)C(OC7OC(CO)C(O)C(O)C7O)C(O)C6OC6OCC(O)C(O)C6O)C(C)(CO)C5CCC43C)C2C1,sweet
CCC(C)OC1OC(CO)C(O)C(O)C1O,sweet
OCCCCOC1OC(CO)C(O)C(O)C1O,sweet
O=c1c2ccccc2[se]n1S(=O)(=O)c1ccccc1,sweet
COC1OC(CO)C(OC2OC(C(C)O)C(O)C(O)C2O)C(O)C1O,sweet
OCC(O)C(O)C(OC1OC(CO)(CO)C(O)C(O)C1O)C(O)CO,sweet
COc1cc(-c2oc3cc(OC4OC(CO)C(O)C(O)C4O)ccc3c(=O)c2O)cc(OC)c1O,sweet
CNC(=O)C(N)CCCCNC(=O)CC(NC(CCc1ccccc1)C(=O)O)C(=O)OC(C)(C)C,sweet
CCCCCCCCCCCCCCCCOCC(COC1OC(CO)C(O)C(O)C1O)OC,sweet
COC(=O)C(CC(C)C)NC(=O)C(CC(C)(C)O)NC(=O)C(Cc1ccccc1)NC(=O)OC(C)(C)C,sweet
CC(=O)NCC(=O)N(C)C(CC(=O)O)C(=O)NC(Cc1ccccc1)C(=O)N(C)C(CCCCN)C(N)=O,sweet
CC(=O)OCC1OC(Oc2ccc3c(c2O)OC(c2ccc(O)c(O)c2)CC3=O)C(OC(C)=O)C(O)C1OC(C)=O,sweet
COc1cc2oc(-c3ccccc3)cc(=O)c2c(O)c1OC1OC(C)C(O)C(O)C1OC1OC(C)C(O)C(O)C1O,sweet
COc1cc(-c2cc(=O)c3c(O)c(C4OC(C)C(O)C(O)C4OC4OC(C)C(O)C(O)C4O)c(O)cc3o2)ccc1O,sweet
CC(C)CC(NC(=O)C(Cc1ccccc1)NC(=O)CNC(=O)CNC(=O)C(N)CC(=O)O)C(=O)NC(CCCCN)C(=O)O,sweet
CCCCCCCCCCCOC(=O)C1(C)CCC2(C)CCC3(C)C(=CC(=O)C4C5(C)CCC(OC6OC(C(=O)O)C(O)C(O)C6OC6OC(C(=O)O)C(O)C(O)C6O)C(C)(C)C5CCC43C)C2C1,sweet
CC1(C(=O)O)CCC2(C)CCC3(C)C(=CC(=O)C4C5(C)CCC(OC6OC(C(=O)O)C(O)C(O)C6OC6OC(C(=O)O)C(OC7OC(CO)C(O)C(O)C7O)C(O)C6O)C(C)(C)C5CCC43C)C2C1,sweet
CC1(C)CCC2(C(=O)OC3OC(CO)C(O)C(O)C3O)CCC3(C)C(=CCC4C5(C)CCC(OC6OC(C(=O)O)C(O)C(O)C6OC6OC(CO)C(O)C(O)C6OC6OC(CO)C(O)C(O)C6O)C(C)(C)C5CCC43C)C2C1,sweet
CC1(C(=O)O)CCC2(C(=O)OC3OC(CO)C(O)C(O)C3O)CCC3(C)C(=CCC4C5(C)CCC(OC6OC(C(=O)O)C7OC(O)(C(=O)O)C(OCC(=O)O)OC7C6O)C(C)(C)C5CCC43C)C2C1,sweet
CCCCC1(CCCC)CCC(=O)O1,undefined
CC(O)C(O)C(O)CC1OCCCO1,sweet
CC(CCO)OC1OC(CO)C(O)C(O)C1O,sweet
C=CCCC(=O)NC(Cc1ccccc1)C(=O)OC,sweet
CC(CCCO)OC1OC(CO)C(O)C(O)C1O,sweet
COC1OC(C)C2OC(C)(OC)C(C)(OC)OC2C1O,sweet
CNC(CCC(=O)O)C(=O)NC(Cc1ccccc1)C(=O)OC,sweet
CNC(CCCC(=O)O)C(=O)NC(Cc1ccccc1)C(=O)OC,sweet
Nc1ncnc2c1nc(N)n2C1OC(COP(=O)(O)O)C(O)C1O,sweet
COC(=O)C(CC(=O)NC(Cc1ccccc1)C(=O)O)NC(=O)OC(C)(C)C,sweet
CCOP(=O)(COCC1OC(n2cnc3c(N)ncnc32)CC1O)OCC,sweet
Nc1ncnc2c1ncn2C1CC(O)C(COP(=O)(O)OCC(O)CO)O1,sweet
O=C(c1ccc(O)c(OC2OCC(O)C(O)C2O)c1O)C(O)Cc1ccc(O)c(O)c1,sweet
CC(C)CC(NC(=O)Cc1ccccc1)C(=O)NC(CC(=O)O)C(=O)NC(C(=O)O)C(C)C,sweet
COc1cc(CCC(=O)c2c(O)cccc2OC2OC(CO)C(O)C(O)C2O)cc(OC)c1OC,sweet
COC1OC(CO)C(OC2OC(CO)C(O)C(O)C2O)C(O)C1OCCOS(=O)(=O)O,sweet
COC1OC2COCCCCCCOCC3OC(OC1C(OC1OC(C)C(O)CC1O)C2O)C(O)C(O)C3O,sweet
CC1(C)CCC2(COC3OC(CO)C(O)C(O)C3O)C(O)CC3(C)C(=CCC4C5(C)CCC(OC6OC(C(=O)O)C(O)C(O)C6O)C(C)(C)C5CCC43C)C2C1,sweet
CC1(C)CCC2(C(=O)O)CCC3(C)C(=CCC4C5(C)CCC(OC6OC(C(=O)O)C(O)C(OC(OCC(=O)O)C(O)C(=O)O)C6O)C(C)(CO)C5CCC43C)C2C1,sweet
CC1(C)CCC2(C(=O)OC3OC(CO)C(O)C(O)C3O)CCC3(C)C(=CCC4C5(C)CCC(OC6OC(C(=O)O)C(O)C7OC(O)(C(=O)O)C(OCC(=O)O)OC67)C(C)(C)C5CCC43C)C2C1,sweet
CC(=O)OC1C(OC2OCC(O)C(O)C2O)C(OC2CCC3(C)C(CCC4(C)C3CC=C3C5CC(C)(C)CCC5(C(=O)O)CCC34C)C2(C)C)OC(C(=O)O)C1OC1OC(CO)C(O)C(O)C1O,sweet
OCC(O)CC(O)CO,sweet
COC(=O)C(C)(NC(=O)C(N)CC(=O)O)c1ccccc1,sweet
OCC1OC(CCC2OC(O)C(O)C(O)C2O)C(O)C1O,sweet
COC(=O)C(C)(CCc1ccccc1)NC(=O)C(N)CC(=O)O,sweet
C#CC1OC(OCC2OC(OC)C(O)C(O)C2O)C(O)C(O)C1O,sweet
CCCCOc1nc(N)c2ncn(C3OC(COP(=O)(O)O)C(O)C3O)c2n1,sweet
Nc1ncnc2c1ncn2C1CC(O)C(CO[P+](=O)[S-])O1,sweet
COC1OC(CO)C(O)C(OC2OC(COS(=O)(=O)O)C(O)C(O)C2O)C1O,sweet
CCCCCCCCCCCCCC(=O)NCC(=O)NC(CC(=O)O)C(=O)NC(Cc1ccccc1)C(=O)O,sweet
CCCCCCCCCCCCCC(=O)NCC(=O)NC(CC(=O)NC(Cc1ccccc1)C(=O)O)C(=O)O,sweet
CC1OC(OC2C(c3c(O)cc4oc(-c5ccc(O)c(O)c5)cc(=O)c4c3O)OC(C)C(O)C2O)C(O)C(O)C1O,sweet
COCC1OC(OC(CO)C(OC)C(CO)OC2OC(COC)C(OC)C(OC)C2OC)C(OC)C(OC)C1OC,sweet
CC1(C)CCC2(C(=O)O)CCC3(C)C(=CCC4C5(C)CCC(OC6OC(CO)C(O)C(O)C6OC6OC(C(=O)O)C(O)C(O)C6O)C(C)(CO)C5CCC43C)C2C1,sweet
COC(=O)C1OC(OC2C(O)CC3(C)C(CCC4(C)C3CC=C3C5CC(C)(C)CCC5(C(=O)OC5OC(CO)C(O)C(O)C5O)CCC34C)C2(C)CO)C(O)C(O)C1O,sweet
CC(CO)CCC(=O)C(C)C1C(O)CC2C3CCC4CC(OC5OC(CO)C(OC6OC(C)C(O)C(O)C6OC6OCC(O)C(O)C6O)C(O)C5O)CCC4(C)C3CCC21C,sweet
COCOC(C(=O)O)C(OCC(=O)O)OC1C(OCOC)C(OC2CCC3(C)C(CCC4(C)C3CC=C3C5CC(C)(C)CCC5(C(=O)OC)CCC34C)C2(C)C)OC(C(=O)OC)C1OCOC,sweet
CC1(C)CCC2(C(=O)OC3OC(CO)C(O)C(O)C3O)CCC3(C)C(=CCC4C5(C)CCC(OC6OC(C(=O)O)C7OC(O)(C(=O)O)C(OCC(=O)O)OC7C6O)C(C)(C(=O)O)C5CCC43C)C2C1,sweet
CC(=O)OC1CC(C)(C)CC2C3=CCC4C5(C)CCC(OC6OC(C(=O)O)C(O)C(O)C6OC6OC(CO)C(O)C(O)C6OC6OC(C)C(O)C(O)C6O)C(C)(CO)C5CCC4(C)C3(C)CCC12C,sweet
CC1OC(OCC(O)CO)C(O)C(O)C1O,sweet
COC(=O)CC(N)C(=O)NCCc1ccccc1,sweet
CNC(=O)C(Cc1ccccc1)NC(=O)C(CC(=O)OC)CC(C)C,sweet
COC(=O)C(Cc1ccccc1)NC(=O)C(C)NC(=O)C(N)C(C)C,sweet
COC1OC(CO)C(OC2OC(CO)C(O)C(O)C2O)C(OC)C1O,sweet
COC(=O)C(Cc1cccc(CC(NC(C)=O)C(=O)O)c1)NC(=O)CCCCCN,sweet
CCCCCCCCOC1OC(COC2OC(CO)C(O)C2O)C(O)C(O)C1O,sweet
C=CCCN(CC(=O)N(CC=C)CC(=O)NC(Cc1ccccc1)C(=O)OC)C(C)=O,sweet
CC(=O)NCC(=O)N(C)C(Cc1ccccc1)C(=O)NC(CCCCN)C(=O)NC(CC(=O)O)C(N)=O,sweet
COC(=O)C(CC(C)C)NC(=O)C(Cc1ccccc1)NC(=O)C(CC(C)(C)O)NC(=O)OC(C)(C)C,sweet
COc1ccc(-c2cc(=O)c3c(OC)cc(OC4OC(COC5OCC(O)C(O)C5O)C(O)C(O)C4O)cc3o2)cc1OC,sweet
CCN(CC(=O)NC(CC(=O)O)C(=O)NC(Cc1ccccc1)C(=O)O)C(=O)CCCC1CCNCC1,sweet
CC1(C)C=C2C3CCC4C5(C)CCC(OC6OC(C(=O)O)C(O)C(OC7OCC(O)C(O)C7O)C6O)C(C)(C)C5CCC4(C)C3(C)CCC2(C(=O)O)CC1,sweet
OCCCOCC1OC(OC2OC(COCCCO)C(OCCCO)C(OCCCO)C2OCCCO)C(OCCCO)C(OCCCO)C1OCCCO,sweet
COC(=O)C1OC(OC2C(O)COC(OC3CCC4(C)C(CCC5(C)C4CC=C4C6CC(C)(C(=O)OC)CCC6(C(=O)OC)CCC45C)C3(C)CO)C2O)C(O)C(O)C1O,sweet
CCCCCCOC(=O)C1(C)CCC2(C)CCC3(C)C(=CC(=O)C4C5(C)CCC(OC6OC(C(=O)O)C(O)C(O)C6OC6OC(C(=O)O)C(O)C(O)C6O)C(C)(C)C5CCC43C)C2C1,sweet
C=C1CCC2(C(=O)OC3OC(CO)C(O)C(O)C3O)CCC3(C)C(=CCC4C5(C)CCC(OC6OC(C(=O)O)C(O)C(OC(OCC(=O)O)C(O)C(=O)O)C6O)C(C)(C)C5CCC43C)C2C1,sweet
CC1(C(=O)O)CCC2(C(=O)O)C(O)CC3(C)C(=CCC4C5(C)CCC(OC6OC(C(=O)O)C(O)C(OC7OCC(O)C(O)C7O)C6OC6OCC(O)C(O)C6O)C(C)(C)C5CCC43C)C2C1,sweet
CC1(CO)CCC2(C(=O)OC3OC(CO)C(O)C(O)C3O)CCC3(C)C(=CCC4C5(C)CCC(OC6OC(C(=O)O)C(O)C(OC7OC(CO)C(O)C(O)C7O)C6O)C(C)(C)C5CCC43C)C2C1,sweet
CCCCCCOC(=O)C1OC(OC2C(OC3CCC4(C)C(CCC5(C)C4C(=O)C=C4C6CC(C)(C(=O)OCCCCCC)CCC6(C)CCC45C)C3(C)C)OC(C(=O)OCCCCCC)C(O)C2O)C(O)C(O)C1O,sweet
COC1OC(C)C(O)C2OC(C)(OC)C(C)(OC)OC12,sweet
CC(C)(C)OC(=O)C(Cc1ccccc1)NC(=O)C(N)C(C)(C)CO,sweet
NC(=O)C(Cc1ccccc1)NC(=O)C(N)CC(=O)OC1CCCCC1,sweet
COC1OC(COC2OC(C(C)O)C(O)C(O)C2O)C(O)C(O)C1O,sweet
COC1OC(CO)C(OC2OC(COS(=O)(=O)O)C(O)C(O)C2O)C(O)C1O,sweet
COC1OCC(O)C(O)C1OC1OC(C)C(O)C(OC2OC(CO)C(O)C(O)C2O)C1O,sweet
CCCCCCCCCCCCCC(=O)NCC(=O)NCC(=O)NC(Cc1ccccc1)C(=O)O,sweet
COc1c(OC2OC(CO)C(O)C(O)C2O)cc2c(c1O)C(=O)C(O)C(c1ccc(O)c(O)c1)O2,sweet
COC1OC(COC2OC(CO)C(O)C(O)C2O)C(O)C(OC2OC(CO)CC(O)C2O)C1O,sweet
[B-]P(=O)(OCC1OC(n2cnc3c(N)ncnc32)C(O)C1O)OP(=O)(O)OP(=O)(O)O,sweet
CC1OC(OC2C(O)OC(CO)C(O)C2Oc2cc(O)c3c(=O)c4ccc(O)c(O)c4oc3c2)C(O)C(O)C1O,sweet
CC1OC(OC2C(Oc3c(-c4ccc(O)c(O)c4)oc4cc(O)cc(O)c4c3=O)OC(C)C(O)C2O)C(O)C(O)C1O,sweet
COc1cc(-c2cc(=O)c3c(O)cc(OC4OC(COC5OC(C)C(O)C(O)C5O)C(O)C(O)C4O)cc3o2)ccc1O,sweet
COc1cc(OC2OC(COC3OC(CO)C(O)C(O)C3O)C(O)C(O)C2O)c(OC)c(O)c1C(=O)CCc1ccccc1,sweet
COc1cc(C2Oc3cc(C4Oc5cc(O)cc(O)c5C(=O)C4O)ccc3OC2COC2OC(CO)C(O)C(O)C2O)ccc1O,sweet
CC1(C(=O)O)CCC2(C)CCC3(C)C(=CC(=O)C4C5(C)CCC(OC6OC(COC7OC(C(=O)O)C(O)C(O)C7O)C(O)C(O)C6O)C(C)(C)C5CCC43C)C2C1,sweet
CC(=O)OC1CC(C)(C)CC2C3=CCC4C5(C)CCC(OC6OC(C(=O)O)C(O)C(O)C6OC6OC(CO)C(O)C(O)C6OC6OC(C)C(O)C(O)C6O)C(C)(C)C5CCC4(C)C3(C)CCC12C,sweet
COC(=O)C1OC(OC2C(O)CC3(C)C(CCC4(C)C3CC=C3C5CC(C)(C)CCC5(C(=O)OC5OC(CO)C(O)C(O)C5O)CCC34C)C2(C)CO)C(O)C(O)C1OC1OCC(O)C(O)C1O,sweet
CC1OC(OC2C(OC3C(OC4CCC5(C)C(CCC6(C)C5CC=C5C7CC(C)(C)CC(=O)C7(C)CCC56C)C4(C)C)OC(C(=O)O)C(O)C3O)OC(CO)C(O)C2OC2OC(CO)C(O)C(O)C2O)C(O)C(O)C1O,sweet
COC(=O)C(CN)NC(=O)CCc1ccccc1,sweet
COCOC(CO)C(OCOC)C(O)C1COC(C)(C)O1,sweet
OCC(O)C(O)C(CO)OC1OC(CO)C(O)C(O)C1O,sweet
NOC1OC(CO)C(OC2OC(CO)C(O)C(O)C2O)C(O)C1O,sweet
COC(=O)C1Cc2cccc(c2)CC(NC(C)=O)C(=O)NCCC(=O)N1,sweet
COC(=O)C(Cc1ccccc1)NC(=O)CN1CC=CCCN(C(C)=O)CC1=O,sweet
CNC(CC(=O)NC(C)c1ccccc1)C(=O)NC(Cc1ccccc1)C(=O)OC,sweet
CCCCOc1nc2c(N)ncnc2n1C1OC(COP(=O)(O)O)C(O)C1O,sweet
Nc1ncnc2c1ncn2C1OC(COP(=O)(O)OCC(O)CO)C(O)C1O,sweet
CCCCCCCCCCCCCCCCOCC(COC1OC(CO)C(O)C(O)C1OC)OC,sweet
CC1(C)C=C2C3CCC4C5(C)CCC(OC6OC(C(=O)O)C(O)C(OC7OCC(O)C(O)C7O)C6OC6OC(CO)C(O)C(O)C6O)C(C)(C)C5CCC4(C)C3(C)CCC2(C(=O)O)C(O)C1,sweet
COC(=O)C1OC(OC2CCC3(C)C(CCC4(C)C3CC=C3C5CC(C)(C)CC(O)C5(C)CCC34C)C2(C)CO)C(OC2OC(CO)C(O)C(O)C2OC2OC(CO)C(O)C(O)C2O)C(O)C1O,sweet
COC(=O)C1OC(OC2C(O)COC(OC3CCC4(C)C(CCC5(C)C4CC=C4C6CC(C)(C(=O)OC)CCC6(C(=O)OC6OC(CO)C(O)C(O)C6O)CCC45C)C3(C)C)C2O)C(O)C(O)C1O,sweet
COC(=O)C1OC(OC2CCC3(C)C(CCC4(C)C3CC=C3C5CC(C)(C)CCC5(C(=O)OC5OC(CO)C(O)C(O)C5O)CCC34C)C2(C)CO)C(O)C(O)C1OC1OC(CO)C(O)C(O)C1O,sweet
CC1OC(OC2C(OC3C(OC4CCC5(C)C(CCC6(C)C5CC=C5C7CC(C)(C)CCC7(C(=O)OC7OC(CO)C(O)C(O)C7O)CCC56C)C4(C)C)OC(C(=O)O)C(O)C3O)OC(CO)C(O)C2O)C(O)C(O)C1O,sweet
OC1COC2(COC3(CCCCC3)O2)C(O)C1O,sweet
CCOc1ccc(NC(=O)N=Nc2ccccc2)cc1,sweet
CCCCCCCC(C)OC1OC(CO)C(O)C(O)C1O,sweet
COC1OC(CO)C(O)C2OC(C)(OC)C(C)(OC)OC12,sweet
CCCCOC(=O)C(Cc1ccccc1)NC(=O)C(N)C(C)C,sweet
Nc1ncnc2c1ncn2C1CC(O)(P(=O)(O)O)C(CO)O1,sweet
COC(=O)C(Cc1ccccc1)NC(=O)CCCCCNC(C)=O,sweet
COC1OC2COC3(OC(C)C(O)C(O)C3O)OC2C(O)C1O,sweet
C#CC1OC(OC2C(CO)OC(OC)C(O)C2O)C(O)C(O)C1O,sweet
COC(=O)C(Cc1cccc(CC(NC(C)=O)C(=O)O)c1)NC(=O)CN,sweet
COC1OC(CO)C(O)C2OCOC3C(O)C(CO)OC(OC)C3OCOC12,sweet
O=C(CCc1ccc(O)c(O)c1)c1c(O)cccc1OC1OC(CO)C(O)C(O)C1O,sweet
COC1CC(OC2C(O)CC(OC3C(C)OC(O)CC3OC)OC2C)OC(C)C1O,sweet
COC1OC(CO)C(O)C(OC2OC(CO)C(O)C(O)C2O)C1OC1OC(CO)C(O)C(O)C1O,sweet
COC(=O)C(Cc1ccccc1)NC(=O)C(CC(C)(C)O)NC(=O)C(Cc1ccccc1)NC(=O)OC(C)(C)C,sweet
O=c1cc(-c2ccc(O)cc2)oc2c(O)c(OC3OCC(O)C(O)C3OC3OC(CO)C(O)C(O)C3O)cc(O)c12,sweet
COc1cc(-c2oc3cc(O)cc(O)c3c(=O)c2OC2OC(COC3OCC(O)C(O)C3O)C(O)C(O)C2O)ccc1O,sweet
CC1(C)CCC2(C(=O)OC3OC(CO)C(O)C(O)C3O)CCC3(C)C(=CCC4C5(C)CCC(OC6OC(C(=O)O)C(OC7OC(CO)C(O)C(O)C7O)C(O)C6O)C(C)(C)C5CCC43C)C2C1,sweet
CC1(C)CCC2(C(=O)OC3OC(CO)C(O)C(O)C3O)CCC3(C)C(=CCC4C5(C)CCC(OC6OC(C(=O)O)C(OC7OC(CO)C(O)C(O)C7O)C(O)C6O)C(C)(CO)C5CCC43C)C2C1,sweet
CC1OC(OC2C(OC3C(OC4CCC5(C)C(CCC6(C)C5CC=C5C7CC(C)(C)CCC7(C(=O)OC7OC(CO)C(O)C(O)C7O)CCC56C)C4(C)CO)OC(C(=O)O)C(O)C3O)OC(CO)C(O)C2O)C(O)C(O)C1O,sweet
CC1OC(OC2C(OC3C(O)C(CO)OC(OC4C(OC5CCC6(C)C(CCC7(C)C6CC=C6C8CC(C)(C)C(=O)CC8(CO)C(O)CC67C)C5(C)C)OC(C(=O)O)C(O)C4O)C3O)OC(CO)C(O)C2O)C(O)C(O)C1O,sweet
CC(O)CCCOC1OC(CO)C(O)C(O)C1O,sweet
OCC(O)COC1OC(CO)(CO)C(O)C(O)C1O,sweet
COC1OC(CO)C2OC(C)(OC)C(C)(OC)OC2C1O,sweet
[N-]=[N+]=Nc1nc2c(N)ncnc2n1C1OC(CO)C(OP(=O)(O)O)C1O,sweet
CCCCNc1nc2c(N)ncnc2n1C1OC(COP(=O)(O)O)C(O)C1O,sweet
CNC(=O)C1CCCCNC(=O)CC(C(=O)O)NC(CCc2ccccc2)C(=O)N1,sweet
COC1CC(OC2C(C)OC(OC3C(C)OC(O)CC3OC)CC2OC)OC(C)C1O,sweet
COC1OC(COC2OC(CO)C(O)C(O)C2O)C(O)C(OC2OC(CO)C(O)CC2O)C1O,sweet
CCCCCCCCCCCCCC(=O)NCC(=O)NC(=O)CCC(=O)NC(Cc1ccccc1)C(=O)O,sweet
COC(=O)COC1OC2C(O)C(OC3CCC4(C)C(CCC5(C)C4CC=C4C6CC(C)(C)CCC6(C(=O)OC)CCC45C)C3(C)C)OC(C(=O)OC)C2OC1(OC)C(=O)OC,sweet
CC1(C)CCC2(C(=O)OC3OC(CO)C(O)C(O)C3O)CCC3(C)C(=CCC4C5(C)CCC(OC6OC(C(=O)O)C7OC(O)(C(=O)O)C(OCC(=O)O)OC7C6O)C(C)(CO)C5CCC43C)C2C1,sweet
COC(=O)C1OC(OC2C(O)CC3(C)C(CCC4(C)C3CC=C3C5CC(C)(C)CCC5(C(=O)OC5OC(CO)C(O)C(O)C5O)CCC34C)C2(C)CO)C(O)C(O)C1OC1OC(CO)C(O)C(O)C1O,sweet
CCCCCCCCCCCCCCCCCCOC(=O)C1(C)CCC2(C)CCC3(C)C(=CC(=O)C4C5(C)CCC(OC6OC(C(=O)O)C(O)C(O)C6OC6OC(C(=O)O)C(O)C(O)C6O)C(C)(C)C5CCC43C)C2C1,sweet
CC1(C(=O)O)CCC2(C)CCC3(C)C(=CC(=O)C4C5(C)CCC(OC6OC(C(=O)O)C(O)C(O)C6OC6OC(C(=O)O)C(OC7OC(CO)C(OC8OC(CO)C(O)C(O)C8O)C(O)C7O)C(O)C6O)C(C)(C)C5CCC43C)C2C1,sweet
O=CC(O)C(O)C(O)CCO,sweet
CCCOC1OC(C)C(O)C(O)C1O,sweet
CC(C)COC1OC(CO)C(O)C(O)C1O,sweet
COC1OC(CCCCO)C(OC)C(OC)C1OC,sweet
CC1(C)OCC(COC2OC(CO)C(O)C(O)C2O)O1,sweet
COC1CC(OC2OC(CO)C(O)C(O)C2O)C(O)C(CO)O1,sweet
CCOC(OCC)C1OC(C)(C)OC1CC1OC(CO)C(O)C(O)C1O,sweet
CC(O)C(C)OC1OC(COC2OCC(O)(CO)C2O)C(O)C(O)C1O,sweet
Nc1ncnc2c1ncn2C1CC(O)C(COP(=O)(O)CP(=O)(O)O)O1,sweet
Nc1ncnc2c1ncn2C1OC(COP(=O)(O)OP(=O)(O)OP(=O)(O)O)C(F)C1O,sweet
CCCCCCCCCCCCCC(=O)NCC(=O)NC(CC(N)=O)C(=O)NC(Cc1ccccc1)C(=O)O,sweet
COc1ccc(-c2coc3c(CCC(C)(C)O)c(OC4OC(CO)C(O)C(O)C4O)cc(O)c3c2=O)cc1OC,sweet
O=c1c(-c2ccc(OC3OC(CO)C(O)C(O)C3O)c(O)c2)coc2c(OC3OC(CO)C(O)C(O)C3O)c(O)ccc12,sweet
COc1cc(-c2cc(=O)c3c(O)cc(OC4OC(CO)C(O)C(OC5OC(COC(C)=O)C(O)C(O)C5O)C4O)cc3o2)ccc1O,sweet
COc1cc(-c2cc(=O)c3c(O)cc(OC4OC(COC5OC(C)C(O)C(O)C5O)C(O)C(O)C4OC4OC(C)C(O)C(O)C4O)cc3o2)ccc1O,sweet
CC1(C(=O)O)CCC2(C)CCC3(C)C(=CC(=O)C4C5(C)CCC(OC6OC(CO)C(O)C(OC7OC(C(=O)O)C(O)C(O)C7O)C6O)C(C)(C)C5CCC43C)C2C1,sweet
CC1(C)CC(O)C2(CO)C(O)CC3(C)C(=CCC4C5(C)CCC(OC6OC(C(=O)O)C(O)C(OC7OC(CO)C(O)C(O)C7O)C6O)C(C)(CO)C5CCC43C)C2C1,sweet
CC1(C)CCC2(C(=O)O)CCC3(C)C(=CCC4C5(C)CCC(OC6OC(C(=O)O)C(OC7OC(CO)C(O)C(O)C7O)C(O)C6OC6OCC(O)C(O)C6O)C(C)(C)C5CCC43C)C2C1,sweet
CC1OC(OC2C(OC3C(OC4CCC5(C)C(CCC6(C)C5CC=C5C7CC(C)(CO)CC(O)C7(C)CCC56C)C4(C)C)OC(C(=O)O)C(O)C3O)OC(CO)C(O)C2O)C(O)C(O)C1O,sweet
C=C(C)C1CCC2(C(=O)OC3OC(COC4OC(CO)C(OC5OC(C)C(O)C(O)C5O)C(O)C4O)C(O)C(O)C3O)CCC3(C)C(CC(O)C4C(C)(CCC(=O)OC)C(C(=C)C)CCC43C)C12,sweet
CC1(C)CCC2(C(=O)OC3OC(CO)C(O)C(O)C3O)CCC3(C)C(=CCC4C5(C)CC(O)C(OC6OC(C(=O)O)C(OC7OC(CO)C(O)C(O)C7O)C(O)C6O)C(C)(CO)C5CCC43C)C2C1,sweet
CC(CCC(=O)C(C)C1C(O)CC2C3CCC4CC(OC5OC(CO)C(OC6OC(C)C(O)C(O)C6OC6OCC(O)C(O)C6O)C(O)C5O)CCC4(C)C3CCC21C)COC1OC(CO)C(O)C(O)C1O,sweet
CC1(C)CCC2(C(=O)OC3OC(CO)C(O)C(O)C3O)CCC3(C)C(=CCC4C5(C)CCC(OC6OC(C(=O)O)C(OC7OC(CO)C(O)C(O)C7O)C(O)C6OC6OCC(O)C(O)C6O)C(C)(C)C5CCC43C)C2C1,sweet
CCOC1OC(C)C(O)C(O)C1O,sweet
COC1OC2C(OC)OC(CO)C(O)C2O1,sweet
COCCOC1OC(CO)C(O)C(O)C1O,sweet
CCCCCC(CC)OC1OC(CO)C(O)C(O)C1O,sweet
COC1CC(O)C(O)C(COC2OC(CO)C(O)C(O)C2O)O1,sweet
COC(=O)C(Cc1ccccc1)NC(=O)C(N)CCc1ccccc1,sweet
COC1OC(CCC2OC(CO)C(O)C(O)C2O)C(O)C(O)C1O,sweet
COC(=O)C(Cc1cccc(CC(NC(C)=O)C(=O)O)c1)NC(=O)CCN,sweet
CC(C)COC1OC(CO)C(OC2OC(CO)C(O)C(O)C2O)C(O)C1O,sweet
CCCCNc1nc(N)c2ncn(C3OC(COP(=O)(O)O)C(O)C3O)c2n1,sweet
COC1OCC(O)C(OC2OC(C)C(O)C(OC3OC(CO)C(O)C(O)C3O)C2O)C1O,sweet
COC(=O)C(Cc1ccccc1)NC(=O)C(CC(C)(C)O)NC(=O)C(CC(C)C)NC(=O)OC(C)(C)C,sweet
CC1(CO)CCC2(CO)C(O)CC3(C)C(=CCC4C5(C)CCC(OC6OC(C(=O)O)C(O)C(OC7OC(CO)C(O)C(O)C7O)C6O)C(C)(C)C5CCC43C)C2C1,sweet
COC(=O)C1OC(OC2CCC3(C)C(CCC4(C)C3CC=C3C5CC(C)(C)CCC5(C(=O)OC5OC(CO)C(O)C(O)C5O)CCC34C)C2(C)C)C(O)C(OC2OC(C)C(O)C(O)C2O)C1O,sweet
CC1(C)OC(CO)C(O)C(C(O)CO)O1,sweet
CCCC(C)OC1OC(CO)C(O)C(O)C1O,sweet
CCCCOCC1OC(OC)C(O)C(O)C1OCCCC,sweet
CNC(=O)C(NC(=O)C(CCCc1ccccc1)CC(=O)O)C(C)C,sweet
CCC1OC(OCC2OC(OC)C(O)C(O)C2O)C(O)C(O)C1O,sweet
COC1OC(CO)C(OC2OC(CF)C(O)C(O)C2O)C(O)C1O,sweet
COC(=O)C(Cc1cccc(CC(NC(C)=O)C(=O)O)c1)NC(=O)CCCN,sweet
Nc1ncnc2c1nc(N)n2C1OC(COP(=O)(O)O)C(OP(=O)(O)O)C1O,sweet
COC(=O)C(Cc1ccccc1)NC(=O)CN1CCCC=CCCCN(C(C)=O)CC1=O,sweet
COC1OC(COC2OC(CO)C(O)C(O)C2O)C(O)C(OC2OC(C)C(O)C(O)C2O)C1O,sweet
CC(=O)OCC1OC(Oc2ccc(C(=O)C=Cc3ccc(O)c(O)c3)c(O)c2O)C(O)C(O)C1OC(C)=O,sweet
CC1OC(Oc2cc(O)c3c(c2)OC(c2ccc(O)c(O)c2)C(OC2OC(C)C(O)C(O)C2O)C3=O)C(O)C(O)C1O,sweet
CC1(C)CC(O)C2(C(=O)O)CCC3(C)C(=CCC4C5(C)CCC(OC6OC(C(=O)O)C(O)C(O)C6O)C(C)(C)C5CCC43C)C2C1,sweet
CC1(C)CCC2(C(=O)OC3OCC(O)C(O)C3O)CCC3(C)C(=CCC4C5(C)CC(=O)C(OC6OC(CO)C(O)C(O)C6O)C(C)(CO)C5C(O)CC43C)C2C1,sweet
C=C1CCC2(C(=O)OC3OC(CO)C(O)C(O)C3O)CCC3(C)C(=CCC4C5(C)CCC(OC6OC(C(=O)O)C(O)C(OC7OCC(O)C(O)C7O)C6O)C(C)(C)C5CCC43C)C2C1,sweet
CC1OC(OC2C(OC3C(OC4CCC5(C)C(CCC6(C)C5CC=C5C7CC(C)(C(=O)O)C(O)C(O)C7(C)CCC56C)C4(C)CO)OC(C(=O)O)C(O)C3O)OC(CO)C(O)C2O)C(O)C(O)C1O,sweet
CC(C)(O)CC(=O)OC1CC2(C)C(=CCC3C4(C)CCC(OC5OC(C(=O)O)C(O)C(OC6OCC(O)C(O)C6O)C5OC5OCC(O)C(O)C5O)C(C)(C)C4CCC32C)C2CC(C)(C(=O)O)CCC12C(=O)O,sweet
CC(C)CCOC1OC(CO)C(O)C(O)C1O,sweet
OCC(O)C(CO)OC1OC(CO)C(O)C(O)C1O,sweet
COC1OC(CO)C(OC(C)(C)C)C(O)C1OC(C)(C)C,sweet
COC1CC(O)C(OC)C(C)O1,sweet
COC1CC(OC)C(O)C(C)O1,sweet
C=C(C)C1CCC2(C)CCC=C(C)C2C1,undefined
COC1OC(CO)C(O)C(OC(C)=O)C1OC(C)=O,sweet
OCC1OC(CC2(O)OC(CO)C(O)C2O)C(O)C(O)C1O,sweet
CC1OC(OC2C(OC3CCC4(C)C(CCC5(C)C4CC=C4C6CC(C)(C)CCC6(C(=O)O)CCC45C)C3(C)C)OCC(O)C2OC2OC(C(=O)O)C(O)C(O)C2O)C(O)C(O)C1O,sweet
C=C1CC23CCC4C(C)(C(=O)OC5OC(CO)C(O)C(O)C5O)CCCC4(C)C2CCC1(OC1OC(CO)C(O)C(O)C1OC1OC(CO)C(OC2OC(CO)C(O)C(O)C2O)C(O)C1O)C3,sweet
COC1OC(C)CC(O)C1OC,sweet
COC1OC(C)C(O)C2OC(C)(C)OC12,sweet
CCCCOCC1OC(OC)C(O)C(O)C1O,sweet
COC1OC(COC2OC(CO)C(O)C(O)C2O)C(O)C1O,sweet
COC1OC(CO)C(OC2OC(C)C(O)C(O)C2O)C(O)C1O,sweet
COC(=O)C(Cc1ccccc1)NC(=O)C(NC(=O)OC(C)(C)C)C(C)(C)O,sweet
OC1CC(O)C(O)C(C(F)(F)F)O1,sweet
COCC1OC(OC)C(OC)C(O)C1O,sweet
OCC1OC(OC2C3COC2C(O)CO3)C(O)C1O,sweet
OCC1OC(OC2(CO)OC(CO)C(O)C2O)CC(O)C1O,sweet
COC1(C)OCC2OC(OC3(CO)OC(CO)C(O)C3O)C(O)C(O)C2O1,sweet
CSCC=O,undefined
OC1OCCC1OC1CCCCO1,sweet
CCCCOC1C(O)C(C)OC(OC)C1O,sweet
CNc1ncnc2c1ncn2C1CC(OP(=O)(O)O)C(CO)O1,sweet
OC1OC(COCCOCCOCC2OC(O)C(O)C(O)C2O)C(O)C(O)C1O,sweet
CC1(C(=O)OC2OC(CO)C(O)C(O)C2O)CCC2(C)CCC3(C)C(=CCC4C5(C)CCC(OC6OC(C(=O)O)C(O)C(O)C6O)C(C)(CO)C5CCC43C)C2C1,sweet
COC1OC(CO)C(OC)C(OC)C1O,sweet
OCC1OC(OC2COC3COC2C3O)C(O)C1O,sweet
OCC1OC(CO)(OC2OC(CO)C(I)C(O)C2O)C(O)C1O,sweet
COC1OC(C)C2OC(C)(C)OC2C1O,sweet
CCCCOC1CC(OC)C(O)C(C)O1,sweet
COC(CO)C1OC(O)C(OC)C1OC,sweet
COC1OC(CO)(OC)C(O)C(O)C1O,sweet
OC1COC2(COC3(CO2)OCC(O)C(O)C3O)C(O)C1O,sweet
COC(=O)CN1C(=O)C(=O)NC(CC(=O)OC)(Cc2ccccc2)C1=O,sweet
COC(=O)NC(Cc1ccccc1)C(=O)NC(Cc1ccccc1)C(=O)O,sweet
CC1OC(OC2C(OC3C(OC4CCC5(C)C(CCC6(C)C5CC=C5C7CC(C)(C(=O)O)CCC7(C)CCC56C)C4(C)CO)OC(C(=O)O)C(O)C3O)OC(C(=O)O)C(O)C2O)C(O)C(O)C1O,sweet
CC(C)CC(=O)C(C)O,sweet
OCCC1OC(O)C(O)C(O)C1O,sweet
CCCCOC1(CO)OCC(O)C(O)C1O,sweet
CCC(C)(N)C(=O)NC(Cc1ccccc1)C(=O)OC,sweet
COC1OCC(O)C(OC2OC(C)C(O)C(O)C2O)C1O,sweet
Nc1ncnc2c1ncn2C1CC(OP(=O)(O)OCC(O)CO)C(CO)O1,sweet
O=C(O)CC1NC(=O)CCCNC(=O)OCOC(=O)C(Cc2ccccc2)NC1=O,sweet
COC1OC(COC(C)=O)C(OC(C)=O)C(OC(C)=O)C1O,sweet
COC1C(CO)OC(OC2(CO)OC(CO)C(OC)C2OC)C(OC)C1OC,sweet
CC1OC(OCC2OC(OC3C(CO)OC(O)C(O)C3O)C(O)C(O)C2O)C(O)C(O)C1O,sweet
C=C1CC23CCC4C(C)(C(=O)OC5OC(CO)C(O)C(O)C5O)CCCC4(C)C2CC(OC2OC(CO)C(O)C(O)C2O)C1C3,sweet
CC(=O)OC1CC(C)(C(=O)O)CC2C3=CCC4C5(C)CCC(OC6OC(C(=O)O)C(O)C(O)C6OC6OC(CO)C(O)C(O)C6OC6OC(C)C(O)C(O)C6O)C(C)(CO)C5CCC4(C)C3(C)CCC12C,sweet
CCC(O)C(O)C1CCOC(C)(C)O1,sweet
COC1OCC(O)C(O)C1OC1OC(C)C(O)C(O)C1O,sweet
OCC1OC(OCC2OC(O)C(O)C2O)C(O)C(O)C1O,sweet
COC1OC(CO)C(O)C(OC2OC(CO)C(O)C(O)C2O)C1OC(C)=O,sweet
O=c1c(O)c(-c2ccc(O)c(OC3OCC(O)C(O)C3O)c2)oc2cc(O)cc(O)c12,sweet
O=C(O)CC1NC(=O)CCCCCNC(=O)OCOC(=O)C(Cc2ccccc2)NC1=O,sweet
COC(=O)C1OC(OC2C(O)COC(OC3CCC4(C)C(CCC5(C)C4CC=C4C6CC(C)(C)CCC6(C(=O)O)CCC45C)C3(C)CO)C2O)C(O)C(O)C1O,sweet
CC(C)(C)OC(=O)C(Cc1ccccc1)NC(=O)CNC(=O)CN,sweet
Nc1ncnc2c1ncn2C1OC2COP(=S)(S)OC2C1O,sweet
OCC1OC(OC2C(OC3C(O)OC(CO)C(O)C3O)OC(CO)C(O)C2O)C(O)C(O)C1O,sweet
CCCCCCCCCCC1OC(C(CCC(OCOC)C2CCC(CO)O2)OCOC)CCC1OCOC,sweet
COc1ccc(-c2cc(=O)c3c(O)cc(OC4OC(COCC5OC(C)C(O)C(O)C5O)C(O)C(O)C4O)cc3o2)cc1O,sweet
O=CC(O)(CO)C(O)C(O)C(O)CO,sweet
CC1=CC(=O)[NH2+]S(=O)(=O)O1.COC(=O)C(Cc1ccccc1)NC(=O)C(N)CC(=O)[O-],sweet
COc1cc(O)c2c(=O)c(OC3OC(C)C(O)C(O)C3O)c(-c3cc(O)c(OC)c(O)c3)oc2c1,sweet
COc1cc(O)c2c(=O)c(OC3OC(C)C(O)C(O)C3O)c(-c3cc(O)c(OC)c(OC)c3)oc2c1,sweet
CCCCCCCCC=CCCC=O,undefined
CC1OC(O)C2OC(C)(C)OC2C1O,sweet
CCCCCCCCOC1OC(CO)C2OC12,sweet
OCC1OC(OC2C(CO)OC(O)C2O)C(O)C(O)C1O,sweet
CC(O)C1OC(OC2C(O)C(O)OC(CO)C2O)C(O)C1O,sweet
CCCCCNC(=O)CC(NC(=O)Cc1ccccc1)C(=O)OCC,sweet
COC(=O)C(CC(C)C)NC(=O)C(Cc1ccccc1)NC(=O)CN,sweet
CCCOC1OC(CO)C(O)C(O)C1OC1OC(CO)C(O)C(O)C1O,sweet
COCC1(OC2OC(CO)C(OC)C(OC)C2OC)OC(CO)C(OC)C1OC,sweet
COc1ccc(C=CC(=O)c2c(O)cc(OC3OC(CO)C(O)C(O)C3O)cc2O)cc1O,sweet
CC(=O)OCC1OC(OC2(CCl)OC(CCl)C(O)C2OC(C)=O)C(O)C(O)C1Cl,sweet
CC(=O)OC1C(O)C2(COC(=O)CC(C)C)C(O)CC3(C)C(=CCC4C5(C)CCC(OC6OC(C(=O)O)C(O)C(O)C6OC6OC(CO)C(O)C(O)C6O)C(C)(C)C5CCC43C)C2CC1(C)C,sweet
CC(=O)OC1C(OC(=O)CC(C)C)C2(CO)C(OC(C)=O)CC3(C)C(=CCC4C5(C)CCC(OC6OC(C(=O)O)C(O)C(O)C6OC6OC(CO)C(O)C(O)C6O)C(C)(C)C5CCC43C)C2CC1(C)C,sweet
C=CCC=CCCC(=O)OC,undefined
COC1OC(C(O)C(O)CO)C(O)C1O,sweet
COC(=O)CC(NC(=O)CCc1ccccc1)C(=O)O,sweet
COC1OC(C)C(O)C(O)C1OC1OC(C)C(O)C(O)C1OC1OC(C)C(O)C(O)C1O,sweet
OCC1OC(OC2C(O)OCC(O)C2O)C(O)C(O)C1O,sweet
O=C(O)CC1NC(=O)CNC(=O)OCOC(=O)C(Cc2ccccc2)NC1=O,sweet
CCCCCCCCCCOCC(O)COC1OC(CO)C(O)C(O)C1O,sweet
OCC1OC(OC2CCCCC2)C(O)C1O,sweet
CCCC1COC2OC(CO)C(O)C(O)C2O1,sweet
COC(=O)CC(NC(=O)CCCc1ccccc1)C(=O)O,sweet
COC1OCC(OC2OC(CO)C(O)C(O)C2O)C(O)C1O,sweet
CC1OC(O)C(O)C(O)C1O.CCC[CH2][Sn][CH2]CCC,sweet
CC1(C(=O)OC2OC(CO)C(O)C(O)C2O)CCC2(C)CCC3(C)C(=CCC4C5(C)CCC(OC6OC(C(=O)O)C(O)C(O)C6OC6OCC(O)C(O)C6O)C(C)(CO)C5CCC43C)C2C1,sweet
COC1OC(C)C(OC)C(O)C1O,sweet
CC(=O)OCC(CO)OC1OC(CO)C(O)C(O)C1O,sweet
OCC(O)C1OC(OC2C(O)C(O)OC(CO)C2O)C(O)C1O,sweet
CC1CC(O)C2(CCCCO2)O1,sweet
CCOC1CC(O)C(O)C(C)O1,sweet
COC1OC(CO)(OC)C2OC(C)(C)OC2C1O,sweet
CCCCCNC(=O)C(CC(=O)OCC)NC(=O)Cc1ccccc1,sweet
COc1c(O)cc(-c2coc3c(O)c(OC)c(OC4OC(CO)C(O)C(O)C4O)cc3c2=O)cc1O,sweet
COc1ccc(-c2cc(=O)c3c(O)c(C4CC(O)C(O)C(C)O4)c(OC4OC(CO)C(O)C(O)C4O)cc3o2)cc1O,sweet
CCC=CCCCCOC(=O)CC,undefined
OC1COC(O)(C(O)O)C(O)C1O,sweet
CC1(C)OCC(C2OC(O)C(O)C3OC(C)(C)OC23)O1,sweet
COC1OC(COC(C)=O)C(O)C(OC(C)=O)C1OC(C)=O,sweet
COCOCC1OC(O)C(OCOC)C(OCOC)C1OCOC,sweet
CCC(C)OC1OC(CO)C(OC2OC(COC3OC(C)C(O)C(O)C3O)C(O)C(O)C2O)C(O)C1O,sweet
COc1c(OC2OC(CO)C(O)C(O)C2OC2OC(C)C(O)C(O)C2O)cc2oc(-c3ccc(O)c(O)c3)cc(=O)c2c1O,sweet
Nc1ncnc2c1ncn2C1OC(COP(=O)(O)N2CCOCC2)C(O)C1O,sweet
CC1(O)CC2CCC1(C)C2(C)C,undefined
OCC(O)CC(O)CC(O)CO,sweet
COc1ccc(C2Cc3cc(OC)c(OC)c(O)c3C(=O)O2)cc1,sweet
COc1cc2oc(CO)c(-c3cccc(OC4OC(CO)C(O)C(O)C4O)c3O)c(=O)c2c(O)c1C,sweet
CCCC[N+](CCCC)(CCCC)CCCC.Nc1ncnc2c1ncn2C1OC(COP(=O)([O-])O)C(O)C1O,sweet
COc1cc(-c2oc3cc(O)ccc3c(=O)c2OC2OC(COC3OC(C)C(O)C(O)C3O)C(O)C(O)C2O)ccc1O,sweet
C=C1CCC2(C(=O)O)CCC3(C)C(=CCC4C5(C)CCC(OC6OCC(O)C(OC7OC(C(=O)O)C(O)C(O)C7O)C6OC6OCC(O)C(O)C6O)C(C)(CO)C5CCC43C)C2C1,sweet
CC1OC(Oc2ccc3c(=O)c(-c4ccc(O)cc4)coc3c2O)C(O)C(O)C1O,sweet
COC(=O)C(Cc1ccccc1)NC(=O)C(CO)NC(=O)C(CCCCN)NC=O,sweet
OCC1OC(OCC#CC#CCOC2OC(CO)C(O)C(O)C2O)C(O)C(O)C1O,sweet
CCCCCC1OC(C)C(C)O1,sweet
CCCOC1OC(C)C(O)C(OC)C1OC,sweet
OCC1OC(OC2CCC(O)CC2)C(O)C(O)C1O,sweet
CC(=O)OC1OC(CO)C(O)C(OC(C)=O)C1OC(C)=O,sweet
COc1cc(C2Oc3cc(C4Oc5cc(OC6OC(CO)C(O)C(O)C6O)cc(O)c5C(=O)C4O)ccc3OC2CO)ccc1O,sweet
CC(=O)OC1C(O)C2(COC(=O)CC(C)C)C(OC(C)=O)CC3(C)C(=CCC4C5(C)CCC(OC6OC(C(=O)O)C(O)C(O)C6OC6OC(CO)C(O)C(O)C6O)C(C)(C)C5CCC43C)C2CC1(C)C,sweet
CC=CCCC=O,undefined
COCC1CC(O)CC(O)O1,sweet
COC1OC2COC(C)(OC)OC2C(O)C1O,sweet
COC(=O)C(NC(C)=O)C(C(=O)OC)c1ccccc1,sweet
CC(=O)OCC1OC(OC(C)=O)C(OC(C)=O)C(OC(C)=O)C1O,sweet
CCCCCCCCCCCCOCC(CO)OC1OC(CO)C(O)C(O)C1O,sweet
Nc1ncnc2c1ncn2C1CC(OP(=O)(O)OP(=O)(O)OP(=O)(O)O)C(CO)O1,sweet
C=Cc1nc2c(N)ncnc2n1C1OC(COP(=O)(O)OP(=O)(O)O)C(O)C1O,sweet
CC1(C(=O)O)CCC2(C)CCC3(C)C(=CCC4C5(C)CCC(OC6OC(C(=O)O)C(O)C(O)C6O)C(C)(CO)C5CCC43C)C2C1,sweet
CCCCCC1CCOC(C)O1,undefined
COC(=O)C(Cc1ccccc1)NC(=O)C(N)CO,sweet
CC(O)C1OC(C)(C)OC(C2COC(C)(C)O2)C1O,sweet
COC(=O)C(Cc1ccccc1)NC(=O)C(CO)NC(=O)C(N)C(C)O,sweet
CCCOC1OC(C)C(OC2OC(COC)C(O)C(OC)C2O)C(OC)C1OC,sweet
COc1ccc(-c2cc(=O)c3cc(OC4OC(CO)C(OC5OC(C)C(O)C(O)C5O)C(O)C4O)c(OC)c(O)c3o2)cc1,sweet
COc1cc(O)c2c(=O)c(-c3cc(OC)c(OC)c(OC4OC(COC5OC(CO)C(O)C5O)C(O)C(O)C4O)c3)coc2c1,sweet
OCC1OC(O)(CO)CC(O)C1O,sweet
CC1OC(C(O)C2OC(O)C(O)C(O)C2O)C(O)C(O)C1O,sweet
O=P(O)(O)Nc1ncnc2c1ncn2C1OC(CO)C(O)C1O,sweet
CCCCCCNc1ncnc2c1ncn2C1OC(COP(=O)(O)O)C(O)C1O,sweet
CC(=O)NC(CC(=O)O)C(=O)NC(Cc1ccccc1)C(=O)NC(CCCCN)C(=O)O,sweet
CCCC[N+](CCCC)(CCCC)CCCC.Nc1ncnc2c1ncn2C1OC2COP(=O)([O-])OC2C1O,sweet
COC1OC(CO)CCC1O,sweet
CCOC1OC(CO)C2OC(C)(C)OC2C1O,sweet
COC(=O)C(Cc1ccccc1)NC(=O)C(N)C(C)C,sweet
COC1OC(COC(C)(C)OC)C2OC(C)(C)OC2C1O,sweet
COC1OC(COC(C)=O)C(OC(C)=O)C(O)C1OC(C)=O,sweet
COC(=O)C(Cc1ccccc1)NC(=O)C(CC(=O)O)NC(C)=O,sweet
COc1ccc(C2Cc3cc(OC)c(OC)c(O)c3C(=O)O2)cc1OC,sweet
CCCCCCCCCCCCOCC(O)COC1OC(CO)C(O)C(O)C1O,sweet
COc1ccc2c(=O)c(OC3OCC(OC4OC(CO)C(O)C(O)C4O)C(O)C3O)c(-c3cc(OC)c(O)c(OC)c3)oc2c1,sweet
COC(=O)C(Cc1ccccc1)NC(=O)C(C)NC(C)=O,sweet
OCC1OC(OC2C(O)COC(O)C2O)C(O)C(O)C1O,sweet
CC(C)(C)OC(=O)CC(N)C(=O)NC(C(=O)OC(C)(C)C)c1ccccc1,sweet
CC1(C)CCC2C(O)C(=O)C3(C)C(=CCC4C5(C)CC(O)C(OC6OC(C(=O)O)C(O)C(O)C6O)C(C)(C(=O)O)C5CCC43C)C2C1,sweet
CC12CCC(C(=O)O)CC1C1=CC(=O)C3C4(C)CCC(OC5OC(C(=O)O)C(O)C(O)C5OC5OC(C(=O)O)C(O)C(O)C5O)C(C)(C)C4CCC3(C)C1(C)CC2,sweet
CCC(C)C(NC(=O)C(CC(C)C)NCC(Cc1ccccc1)NC(=O)CNC(=O)C(CCCCN)NC(=O)C(N)CC(=O)O)C(=O)NC(C(=O)NC(CCCCN)C(=O)O)C(C)C,sweet
COc1ccc2c(c1O)c(=O)oc1ccccc12,sweet
COC1OC(COC(OCC2OC(OC)C(O)C(O)C2O)C(O)C(O)C(O)CO)C(O)C(O)C1O,sweet
NCCOP(=O)(O)OP(=O)(O)OP(=O)(O)OCC1OC(n2cnc3c(N)ncnc32)C(O)C1O,sweet
CC(=O)OC1C(OC2OC(CO)C(O)C(O)C2O)C(OC2CCC3(C)C(CCC4(C)C3CC=C3C5CC(C)(C)CCC5(C(=O)OC5OC(CO)C(O)C(O)C5O)CCC34C)C2(C)C)OC(C(=O)O)C1OC1OCC(O)C(O)C1O,sweet
CSc1cccc2c1C(=O)NS2(=O)=O,sweet
OCC(O)C(O)C(O)C1COC2(CCCCC2)O1,sweet
CNC(Cc1ccccc1)C(=O)NC(C)C(=O)OC,sweet
COC1OC2COC(C(O)C(O)C(O)C(O)CO)OC2C(O)C1O,sweet
COC1(C)OCC(C(O)C(O)C2COC(C)(OC)C(C)(OC)O2)OC1(C)OC,sweet
NCCOCCNc1ncnc2c1ncn2C1OC(COP(=O)(O)O)C(O)C1O,sweet
CCCCC#Cc1nc(N)c2ncn(C3OC(COP(=O)(O)O)C(O)C3O)c2n1,sweet
Nc1ncnc2c1ncn2C1OC(COP(=O)(O)C(Br)P(=O)(O)O)C(O)C1O,sweet
Nc1ncnc2c1ncn2C1OC(COP(=O)(O)OP(=O)(O)C(Br)P(=O)(O)O)C(O)C1O,sweet
COc1cc(-c2cc(=O)c3c(O)c(OC)c(OC4OC(CO)C(O)C(O)C4O)cc3o2)ccc1O,sweet
Nc1ncnc2c1ncn2C1OC2COP(O)(=S)OC1C2O,sweet
COC(=O)C(Cc1ccccc1I)NC(=O)C(N)CC(=O)O,sweet
NCCOCCOCCNc1ncnc2c1ncn2C1OC(COP(=O)(O)O)C(O)C1O,sweet
CC(=O)OC1C(O)C(OC2CCC3(C)C(CCC4(C)C3CC=C3C5CC(C)(C)CCC5(C(=O)OC5OC(CO)C(O)C(O)C5O)CCC34C)C2(C)C)OC(C(=O)O)C1OC1OCC(O)C(O)C1O,sweet
COC(=O)C(Cc1ccccc1)NC(=O)CC(NCCC(C)(C)C)C(=O)O,sweet
Nc1ncnc2c1ncn2C1OC(COP(=O)(O)OP(=O)(O)C#CP(=O)(O)O)C(O)C1O,sweet
COc1cc(C)ccc1CNC(=O)C(=O)NCCc1ccc(C)cn1,undefined
OCC1OC(OCC2OCC(O)(O)C(O)C2O)C(O)C(O)C1O,sweet
COC1C(OC2C(CO)OC(O)C(O)C2O)OC(CO)C(O)C1O,sweet
COC1CC(OC2C(C)OC(OC3CCC(O)OC3C)CC2OC)OC(C)C1O,sweet
CCCCCCCCCCC(O)COC1C(O)C(CO)OC(OC2(CO)OC(CO)C(O)C2O)C1O,sweet
COc1cc(C)ccc1CNC(=O)C(=O)NCCc1ccccn1,undefined
CC1CCC(C(C)C2CC3C4CC(=O)C5CC(OC6OC(CO)C(O)C(O)C6OC6OC(C)C(O)C(O)C6O)CCC5(C)C4CCC3(C)C2)OC1OC1OC(C)C(O)C(O)C1O,sweet
C=C(O)C(=O)OCC,sweet
CC(=O)C(=O)C(O)C(O)CO,sweet
COC1OC(C(O)O)CC(O)C1O,sweet
COC1CCC(OC2CCC(O)C(C)O2)C(C)O1,sweet
OC1CC(O)C(O)C(CI)O1,sweet
CC(N)C(=O)NCC(=O)NC(Cc1ccccc1)C(=O)O,sweet
CCOC1OC(C2OC3OC(C)(C)OC3C2OC)CC(O)C1O,sweet
Nc1ncnc2c1ncn2C1OC(COP([O-])([O-])=S)C(O)C1O,sweet
Nc1ncnc2c1ncn2C1OC(COP(=O)(O)OP(=O)(O)O)CC1O,sweet
CC1OC(O)C(O)C(OC2OC(C)C(O)C(OC3OC(CO)C(O)C3O)C2O)C1O,sweet
O=c1c(O)c(-c2ccc(O)c(O)c2)oc2cc(O)cc(OC3OC(CO)C(O)C(O)C3O)c12,sweet
CCCC(C)(S)CO,undefined
CC1OC2OC(C)C(O)C(O)C2O1,sweet
O=C1OCC(COC2OC(CO)C(O)C(O)C2O)O1,sweet
COC(=O)C(Cc1ccccc1)N1C(=O)C(CC(=O)O)NC1CC(C)(C)C,sweet
CC(=O)OC1C(OC2OCC(O)C(O)C2O)C(OC2CCC3(C)C(CCC4(C)C3CC=C3C5CC(C)(C)CCC5(C(=O)OC5OC(CO)C(O)C(O)C5O)CCC34C)C2(C)C)OC(C(=O)O)C1OC1OCC(O)C(O)C1O,sweet
CC(C)=CCCC(C)=CCOC(=O)c1ccccc1,sweet
CCCCCCCCOC1OC(C(C)O)C(O)C1O,sweet
CC(N)C(=O)NC(CC(N)=O)C(=O)NC(Cc1ccccc1)C(=O)O,sweet
O=C1c2ccccc2S(=O)(=O)N1C(=O)N1C(=O)c2ccccc2S1(=O)=O,sweet
NCCCCNc1ncnc2c1ncn2C1OC(COP(=O)(O)O)C(O)C1O,sweet
Nc1ncnc2c1ncn2C1OC(COP(=O)(O)C=CP(=O)(O)O)C(O)C1O,sweet
Nc1ncnc2c1ncn2C1OC(COP(=O)(O)OP(=O)(O)C(Br)(Br)P(=O)(O)O)C(O)C1O,sweet
COC(=O)COC(OC1C(O)C(OC2CCC3(C)C(CCC4(C)C3CC=C3C5CC(C)(C)CCC5(C(=O)OC5OC(CO)C(O)C(O)C5O)CCC34C)C2(C)C)OC(C(=O)OC)C1O)C(OC)C(=O)OC,sweet
CC(C)C(=O)OC1CC2CCC1(C)C2(C)C,undefined
CC1CCC(C(C)C)C2(C1)OC(=O)C(C)O2,undefined
COC(=O)C(Cc1ccccc1)NC(=O)C(C)(C)N,sweet
NC(CC(=O)O)C(=O)NC(C(=O)O)c1ccccc1,sweet
CC1(C)OCCC(C2OC(O)C3OC(C)(C)OC32)O1,sweet
OCC(O)CC(OC1OC(CO)C(O)C(O)C1O)C(O)CO,sweet
COc1ccc(C2Cc3cccc(O)c3C(=O)O2)cc1OS(=O)(=O)O,sweet
COCC1OC(OC2C(CO)OC(OC)C(OC)C2OC)C(OC)C(OC)C1OC,sweet
OCC1OC(OCC2OC(OCC3OCC(O)(O)C(O)C3O)C(O)C(O)C2O)C(O)C(O)C1O,sweet
COC(=O)C(Cc1ccccc1)NC(=O)C(C)(N)C(C)C,sweet
CCOC(=O)CCNC(=O)C(Cc1ccccc1)NCC(=O)OCC,sweet
COC(=O)C(Cc1ccccc1)NC(=O)C(C)(C)NC(=O)C(N)CC(C)C,sweet
[B]P(=O)(OCC1OC(n2cnc3c(N)ncnc32)C(O)C1O)OP(=O)(O)O,sweet
O=c1c(CO)c(-c2ccc(OC3C(CO)OC(O)C(O)C3O)c(O)c2)oc2cc(O)cc(O)c12,sweet
COC1OC(COC(OCC2OC(OC)C(O)C(O)C2O)C(O)C(O)C(O)C(O)CO)C(O)C(O)C1O,sweet
CCC(C)C(N)C(=O)NC(Cc1ccccc1)C(=O)NC(C(=O)NC(C(=O)NC(CC(=O)O)C(=O)NC(CC(=O)O)C(=O)NC(CCCCN)C(=O)O)C(C)CC)C(C)C,sweet
CC1(C)OCC2OC(O)C(O)C(O)C2O1,sweet
CCOC1CC2(CCCO2)OC(CO)C1O,sweet
Nc1ncnc2c1ncn2C1OC(CP(=O)(O)O)C(O)C1O,sweet
O=S(=O)(O)OC1C(O)C(O)OC(CO)C1OC1OC(CO)C(O)C(O)C1O,sweet
COc1cc(-c2cc(=O)c3c(O)cc(OC4OC(CO)C(O)C(O)C4O)cc3o2)ccc1O,sweet
COc1cc(-c2coc3cc(O)c(OC)c(O)c3c2=O)ccc1OC1OC(CO)C(O)C(O)C1O,sweet
CCC(C)C(NC(=O)C(NC(=O)C(N)Cc1ccccc1)C(C)C)C(=O)NC(CC(=O)O)C(=O)NC(CC(=O)O)C(=O)NC(CCCCN)C(=O)O,sweet
OCC1OC(COC2OC(CO)C(O)C(O)C2O)C(O)C(O)C1O,sweet
CCC=CCCC=CC(=O)NCC,undefined
Nc1ncnc2c1ncn2C1OC(COP(=O)(O)C(P(=O)(O)O)P(=O)(O)O)C(O)C1O,sweet
NCCNP(=O)(O)OCC1OC(n2cnc3c(N)ncnc32)C(O)C1O,sweet
COc1cc(O)c2c(=O)c3c(OC4OCC(O)C(O)C4OC4OC(C)C(O)C(O)C4O)ccc(O)c3oc2c1,sweet
Nc1ncnc2c1ncn2C1OC(COP(O)(=S)S)C(O)C1O,sweet
O=C1CCCCCCCC=CCCCCCCC1,sweet
CCCCCCCCOC1CC(O)C(O)C(C)O1,sweet
COC1OC(CO)C(O)C(OC2OC(C(O)CO)C(O)C2O)C1O,sweet
NCCCCCCNP(=O)(O)OCC1OC(n2cnc3c(N)ncnc32)C(O)C1O,sweet
COc1cc(O)c(C(=O)CCc2ccc(O)c(O)c2)c(OC2OC(CO)C(O)C(O)C2O)c1,sweet
Nc1ncnc2c1ncn2C1OC(COP(=O)(O)OP(=O)(O)C(Cl)P(=O)(O)O)C(O)C1O,sweet
Nc1ncnc2c1ncn2C1OC(COP(=O)(O)OP(=O)(O)C(F)(P(=O)(O)O)P(=O)(O)O)C(O)C1O,sweet
CCC(C)C(NC(=O)C(CC(C)C)NC(=O)C(CC(=O)O)NC(=O)C(C)NC(=O)C(Cc1ccccc1)NC(=O)C(C)NC(=O)C(C)N)C(=O)O,sweet
COc1cc(O)c2c(=O)c(O)c(-c3ccc(O)c(OC4OC(CO)C(OC5OCC(O)C(OC6OCC(O)C(O)C6O)C5O)C(O)C4O)c3)oc2c1,sweet
OCC1OC(OC2CCCC2)C(O)C(O)C1O,sweet
COC(=O)C(C)NC(=O)C(N)Cc1ccccc1,sweet
CC(=O)OCC1OC(OC2C(CO)OC(O)C(O)C2O)C(O)C(O)C1O,sweet
NCCCCNP(=O)(O)OCC1OC(n2cnc3c(N)ncnc32)C(O)C1O,sweet
Nc1ncnc2c1ncn2C1OC(COP(=O)(O)C(Br)(Br)P(=O)(O)O)C(O)C1O,sweet
Nc1ncnc2c1ncn2C1OC(COP(=O)(O)C(Br)(Br)P(=O)(O)OP(=O)(O)O)C(O)C1O,sweet
CC(=O)C1OC(OC2C(OC3CCC4(C)C(CCC5(C)C4C(=O)C=C4C6CC(C)(C(=O)O)CCC6(C)CCC45C)C3(C)C)OC(C=O)C(O)C2O)C(O)C(O)C1O,sweet
NCCOCCNP(=O)(O)OCC1OC(n2cnc3c(N)ncnc32)C(O)C1O,sweet
NCCOCCOCCNP(=O)(O)OCC1OC(n2cnc3c(N)ncnc32)C(O)C1O,sweet
COCC1OC(OC)C(O)C(O)C1O,sweet
OCC1OC2(COC3(CO2)OCC(O)C(O)C3O)C(O)C1O,sweet
Nc1ncnc2c1ncn2C1OC(COP(=O)(O)OP(=O)(O)SP(=O)(O)O)C(O)C1O,sweet
COc1ccc(-c2coc3c(OC4OC(CO)C(O)C(O)C4O)c(OC4OC(CO)C(O)C(O)C4O)ccc3c2=O)cc1,sweet
COc1cc(-c2cc(=O)c3c(O)cc(OC4OC(CO)C(O)C(O)C4OC4OC(COC(C)=O)C(O)C(O)C4O)cc3o2)ccc1O,sweet
COc1cc(-c2coc3cc(OC4OC(COC5OC(CO)C(O)C(O)C5O)C(O)C(O)C4O)c(OC)c(O)c3c2=O)cc(O)c1OC,sweet
CCC(C)C(NC(=O)C(CC(C)C)NC(=O)C(CCCCN)NC(=O)C(CC(C)C)NC(=O)C(N)CCCCN)C(=O)NC(CC(=O)O)C(=O)NC(Cc1ccccc1)C(=O)NCC(=O)NC(CC(C)C)C(=O)O,sweet
OCC1OC(OC2CCCCC2O)C(O)C(O)C1O,sweet
CC1(C)OCC2OC(OC3C(CO)OC(O)C(O)C3O)C(O)C(O)C2O1,sweet
CCCCCCOC1OC(COC2OCC(O)C(O)C2O)C(O)C(O)C1O,sweet
CCCCCOC1OC(C)C(O)C(O)C1O,sweet
COC(=O)C(Cc1ccccc1-c1ccccc1)NC(=O)C(N)CC(=O)O,sweet
Nc1ncnc2c1ncn2C1OC(COP(=O)(O)C#CP(=O)(O)O)C(O)C1O,sweet
COC(=O)C(Cc1ccccc1)NC(=O)C(C)(C)NC(=O)C(C)NC(C)=O,sweet
COCOC1C(OC)OC(CI)C(O)C1OCOC,sweet
COC1(C)OC2OC(CO)C(OC3OC(CO)C(O)C(O)C3O)C(O)C2O1,sweet
Nc1ncnc2c1ncn2C1OC(COP(=O)(O)CCP(=O)(O)O)C(O)C1O,sweet
Nc1ncnc2c1ncn2C1OC(COP(=O)(O)OP(=O)(O)CP(=O)(O)CP(=O)(O)O)C(O)C1O,sweet
Nc1ncnc2c1ncn2C1OC(COP(=O)(O)OP(=O)(O)C(Cl)(P(=O)(O)O)P(=O)(O)O)C(O)C1O,sweet
COC(=O)C(Cc1ccccc1)NC(=O)CC(C)=O,sweet
CC1OC(OCCCCOC2CC(O)C(O)C(C)O2)CC(O)C1O,sweet
O=C1[N-]S(=O)(=O)c2ccccc21.O=C1[N-]S(=O)(=O)c2ccccc21.[Cu+2],sweet
COC1OC(C)C(OC2OC(C)C(O)C(OC3OC(C)C(O)C(O)C3O)C2O)C(O)C1O,sweet
Cc1ccc(C=CC=O)o1,sweet
OCC(O)C(O)C(F)C(O)CO,sweet
COC1OC(C)C(O)C(OC2OC(CO)C(O)C(O)C2O)C1OC1OC(CO)C(O)C(O)C1O,sweet
Nc1ncnc2c1ncn2C1OC(COP(=O)(O)OP(=O)(O)CCP(=O)(O)O)C(O)C1O,sweet
COC1C(O)OC(CO)C(O)C1O,sweet
OCCCCCCCCOC1OC(CO)C(O)C(O)C1O,sweet
Nc1ncnc2c1ncn2C1OC(COP(=O)(O)C(F)(F)P(=O)(O)O)C(O)C1O,sweet
COC(=O)C(Cc1ccccc1)NC(=O)C(C)(C)NC(=O)C(CC(C)C)NC(=O)C(C)(C)N,sweet
CC1(C)CCC2(C(=O)O)C(O)CC3(C)C(=CCC4C5(C)CCC(OC6OC(C(=O)O)C(O)C(OC7OCC(O)C(O)C7O)C6O)C(C)(C)C5CCC43C)C2C1,sweet
COCCOCOCCCC(O)C1OC(C)(C)OC1CO,sweet
CC(C)(C)OCC(NC(=O)CN)C(=O)NC(Cc1ccccc1)C(=O)O,sweet
CCCCCNP(=O)(O)OCC1OC(n2cnc3c(N)ncnc32)C(O)C1O,sweet
O=c1c2c(oc3cc(OC4OC(CO)C(O)C(O)C4O)cc(O)c13)-c1ccc(O)c(O)c1OC2,sweet
COC1OC(C)C(O)C(OC2OC(C)C(O)C(OC3OC(CO)C(O)C(O)C3O)C2O)C1O,sweet
OCC(O)C1OC(OC2C(O)C(O)OC(CO)C2O)C(O)C1OC1OC(CO)C(O)C(O)C1O,sweet
NC(=O)CC(N)C(=O)NC(Cc1ccccc1)C(=O)O,sweet
CC(N)C(=O)NC(C)(C)C(=O)NC(Cc1ccccc1)C(=O)O,sweet
COC1OC2COC(C(O)C(O)C(O)CO)OC2C(O)C1O,sweet
COC(=O)C1(NC(CC(=O)O)C(=O)NCc2ccccc2)CCCCC1,sweet
NCCNc1ncnc2c1ncn2C1OC(COP(=O)(O)O)C(O)C1O,sweet
COc1ccc(OC2C=CC(c3ccccc3)OC2CON=C2C3CCn4c(=O)n(-c5ccccc5)c(=O)n4C3C(O)C3OC23)cc1,undefined
COC1C(O)OC(CO)C(O)C1OC,sweet
COC1CC(OC2CCC(O)OC2C)OC(C)C1O,sweet
NCCCOCCOCCOCCCNP(=O)(O)OCC1OC(n2cnc3c(N)ncnc32)C(O)C1O,sweet
Nc1ncnc2c1ncn2C1OC(COP([O-])(=S)OP(=O)([O-])OP(=O)([O-])O)C(O)C1O,sweet
CC(=O)OC1C(OC2CCC3(C)C(CCC4(C)C3CC=C3C5CC(C)(C)CCC5(C(=O)OC5OC(CO)C(O)C(O)C5O)CCC34C)C2(C)C)OC(C(=O)O)C(OC2OCC(O)C(O)C2O)C1O,sweet
CC(=O)OCC1OC(Oc2c(O)ccc3c(=O)c(-c4ccc(O)cc4)coc23)C(OC(C)=O)C(OC(C)=O)C1OC(C)=O,sweet
[B-]P(=O)(OCC1OC(n2cnc3c(N)ncnc32)C(O)C1O)OP(=O)(O)O,sweet
COC(=O)C1OC(OC2C(O)C(CO)OC(OC3CCC4(C)C(CCC5(C)C4CC=C4C6CC(C)(C)CCC6(C(=O)OC6OC(CO)C(O)C(O)C6O)CCC45C)C3(C)CO)C2O)C(O)C(O)C1O,sweet
CCCCCCCCOC1OC(CO)C(O)C1OC1OC(CO)C(O)C(O)C1OC1OC(CO)C(O)C(O)C1O,sweet
CCCCCOC1OC(CO)C(OC2OC(CO)C(O)C(O)C2O)C(O)C1OCCC,sweet
CC1(C)CCC2(C(=O)O)CCC3(C)C(=CCC4C5(C)CCC(OC6OC(CO)C(O)C(OC7OC(C(=O)O)C(O)C(O)C7O)C6O)C(C)(CO)C5CCC43C)C2C1,sweet
CC1(C)CCC2(C(=O)O)CCC3(C)C(=CCC4C5(C)CCC(OC6OC(CO)C(O)C(OC7OC(CO)C(O)C(OC8OC(C(=O)O)C(O)C(O)C8O)C7O)C6O)C(C)(CO)C5CCC43C)C2C1,sweet
CC1(C)CCC2(C(=O)OC3OC(CO)C(O)C(O)C3O)CCC3(C)C(=CCC4C5(C)CC(O)C(OC6OC(CO)C(O)C(OC7OC(C(=O)O)C(O)C(O)C7O)C6O)C(C)(CO)C5CCC43C)C2C1,sweet
CCOC1(OCC)COC(CO)C(O)C1O,sweet
CCOC(=O)CNC(=O)C1CC(C)CCC1C(C)C,undefined
CC1(C)CCC2(C(=O)O)CCC3(C)C(=CCC4C5(C)CC(O)C(OC6OC(CO)C(O)C(OC7OC(C(=O)O)C(O)C(O)C7O)C6O)C(C)(C)C5CCC43C)C2C1,sweet
CCC(C)C(NC(=O)C(N)C(C)C)C(=O)NC(Cc1ccccc1)C(=O)O,sweet
Nc1ncnc2c1ncn2C1OC(COP(=O)(O)OP(=O)(O)OP(=O)(O)O)C(O)C1O.[Zn+2],sweet
COC1OC2COC(C)OC2C(O)C1O,sweet
OCC1OC(OC2OC(O)C(O)C(O)C2O)C(O)C(O)C1O,sweet
O=C1CC(c2ccc(O)c(O)c2)Oc2cc(OC3OC(CO)C(O)C(O)C3OC3OC(CO)C(O)C(O)C3O)cc(O)c21,sweet
COC(=O)C1OC(OC2C(O)C(CO)OC(OC3C(O)CC4(C)C(CCC5(C)C4CC=C4C6CC(C)(C)CCC6(C(=O)O)CCC45C)C3(C)C)C2O)C(O)C(O)C1O,sweet
CC1OC(OCCOCCOCCO)C(O)C(O)C1O,sweet
CCOC(=O)C(Cc1ccccc1)NC(=O)CNC(=O)C(C)N,sweet
O=c1cc(-c2ccc(O)cc2)oc2cc(O)c(OC3OC(CO)C(O)C(O)C3O)c(O)c12,sweet
COC(=O)CC1OC(Oc2cc(O)c3c(=O)cc(-c4ccc(O)c(O)c4)oc3c2)C(O)C(O)C1O,sweet
CCC(C)C1NC(=O)C(NC(=O)C(C)NC(=O)C(N)CC(C)C)CCCCNC(=O)CC(C(=O)NC(Cc2ccccc2)C(=O)O)NC(=O)C(CC(=O)O)NC(=O)C(C)NC1=O,sweet
CC(O)C(=O)NCCOP(=O)(O)O,undefined
COCC1OC(OC2OC(CO)C(O)C(O)C2OC)C(O)C(OC)C1OC,sweet
CC1(C)CCC2(C(=O)O)CCC3(C)C(=CCC4C5(C)CC(O)C(OC6OC(CO)C(O)C(OC7OC(C(=O)O)C(O)C(O)C7O)C6O)C(C)(CO)C5CCC43C)C2C1,sweet
CCCCOC(=O)C1OC(OC2CCC3(C)C(CCC4(C)C3CC=C3C5CC(C)(C)CCC5(C(=O)OC5OC(CO)C(O)C(O)C5O)CCC34C)C2(C)C)C(O)C(OC(OCC(=O)OC)C(=O)O)C1O,sweet
COC1C(CO)OC(O)C(O)C1OC,sweet
CC1(C)CCC2(C(=O)OC3OC(CO)C(O)C(O)C3O)CCC3(C)C(=CCC4C5(C)CCC(OC6OC(CO)C(O)C(OC7OC(C(=O)O)C(O)C(O)C7O)C6O)C(C)(CO)C5CCC43C)C2C1,sweet
CC1(C)CCC2(C(=O)O)CCC3(C)C(=CCC4C5(C)CC(O)C(OC6OC(CO)C(O)C(OC7OC(CO)C(O)C(OC8OC(C(=O)O)C(O)C(O)C8O)C7O)C6O)C(C)(C)C5CCC43C)C2C1,sweet
CC1OC(Oc2cc(-c3coc4cc(O)ccc4c3=O)ccc2O)C(O)C(O)C1O,sweet
COc1cc(O)c2c(=O)c(-c3ccc(OC4OC(COC5OCC(O)(CO)C5O)C(O)C(O)C4O)c(OC)c3)coc2c1,sweet
COC(=O)COC(OC1C(O)C(OC2CCC3(C)C(CCC4(C)C3CC=C3C5CC(C)(C)CCC5(C(=O)OC5OC(CO)C(O)C(O)C5O)CCC34C)C2(C)C)OC(C(=O)O)C1O)C(=O)OC,sweet
COCC1OC(O)C(O)C(OC)C1O,sweet
COC(=O)CC1NC(=O)C(Cc2ccccc2)NC1=O,sweet
O=S1(=O)N=C([O-])c2ccccc21.O=S1(=O)N=C([O-])c2ccccc21.[C-]#[O+].[C-]#[O+].[C-]#[O+].[C-]#[O+].[C-]#[O+].[C-]#[O+].[Ru+].[Ru+],sweet
OC1COC(OC2COC(F)C(O)C2O)C(O)C1O,sweet
CCCOC1OC(CO)C(O)C(OC2CCCCC2)C1O,sweet
CC(NC(=O)C(N)CCC(=O)O)C(=O)NC(CC(=O)O)C(=O)NC(Cc1ccccc1)C(=O)O,sweet
CC(=O)NC(CC(=O)O)C(=O)NC(C)C(=O)NC(CCC(=O)O)C(=O)NC(Cc1ccccc1)C(=O)O,sweet
COC1(C)CC(O)C(O)C(CO)O1,sweet
OCC1(O)OCC(O)C(O)C1O.[Fe+2],sweet
CC1OC(Oc2cc(-c3coc4cc(O)cc(O)c4c3=O)ccc2O)C(O)C(O)C1O,sweet
OCC1OC(OC2C(O)C(CO)OC(OCC3OC(O)C(O)C(O)C3O)C2O)C(O)C(O)C1O,sweet
O=C1CC(c2ccc(OC3OC(CO)C(O)C(O)C3O)c(O)c2)Oc2cc(OC3OC(CO)C(O)C(O)C3O)cc(O)c21,sweet
COc1cc2c(=O)c3c(O)cccc3oc2c(OC2OC(CO)C(O)C(O)C2O)c1O,sweet
CC(NC(=O)C(N)CC(=O)O)C(=O)NC(CCC(=O)O)C(=O)NC(Cc1ccccc1)C(=O)O,sweet
CCCCCCCCCCOCC1(OC2OC(CO)C(O)C(O)C2O)OC(CO)C(O)C1O,sweet
COC(=O)C1OC(OC2C(O)CC3(C)C(CCC4(C)C3CC=C3C5CC(C)(C)CCC5(C(=O)OC5OC(CO)C(O)C(O)C5O)CCC34C)C2(C)C)C(O)C(OC2OC(CO)C(O)C(O)C2O)C1O,sweet
CCCCOc1ccc(NC(=O)NO)cc1,sweet
COc1cc(C2OCC(COC3CC(C)CCC3C(C)C)O2)ccc1O,undefined
COc1cc(-c2cc(=O)c3c(O)cc(OC4OC(COC5CC(C)C(O)C(O)C5O)C(O)C(O)C4O)cc3o2)ccc1O,sweet
CC(C)CC(N)C(=O)NC(C)C(=O)NC(Cc1ccccc1)C(=O)O,sweet
CCCCCCCOC1OC(CO)C(OC2OC(CO)C(O)C(O)C2O)C(O)C1O,sweet
CC(O)COC(=O)OC1CC(C)CCC1C(C)C.CC1CCC(C(C)C)C(OC(=O)OC(C)CO)C1,undefined
COc1cc(C2CC(=O)c3c(O)cc(OC4OC(CO)C(O)C(O)C4O)cc3O2)ccc1OC1OC(CO)C(O)C(O)C1O,sweet
COc1ccc(-c2oc3cc(OC4OC(COC5OC(C)C(O)C(O)C5O)C(OC5OC(CO)C(O)C(O)C5O)C(O)C4O)cc(O)c3c(=O)c2O)cc1O,sweet
CC12CCC(C)(C(=O)O)C(C3OC(CO)C(O)C(O)C3O)C1C1=CC(=O)C3C4(C)CCC(OC5OC(C(=O)O)C(O)C(O)C5OC5OC(C(=O)O)C(O)C(O)C5O)C(C)(C)C4CCC3(C)C1(C)CC2,sweet
O=c1cc(-c2ccc(O)c(O)c2)oc2cc(OC3OC(CO)C(O)C(O)C3O)c(C3OC(CO)C(O)C(O)C3O)c(O)c12,sweet
CCCCCCCCCCCOC1C(O)C(O)OC(CO)C1O,sweet
COc1c(OC2OC(CO)C(O)C(O)C2O)cc(O)c2c(=O)cc(-c3ccccc3O)oc12,sweet
COC1OC(C)C(O)C(OC)C1O,sweet
OCC1OC(OC2C(CO)OC(O)(CO)C2O)C(O)C(O)C1O.[O]=[Mg],sweet
COc1c(O)cc(O)c2c(=O)cc(-c3ccccc3OC3OC(CO)C(O)C(O)C3O)oc12,sweet
Nc1nc(Cl)nc2c1ncn2C1CC(O)C(COP(=O)([O-])[O-])O1,sweet
CCC(C)C(NC(=O)C(CC(=O)O)NC(=O)C(N)CCCCN)C(=O)NC(Cc1ccccc1)C(=O)NC(C(=O)O)C(C)C,sweet
CCCCC(NC(=O)C(N)Cc1ccccc1)C(=O)OC,sweet
CCCCCCCOC(=O)OCC1OC(OC)C(O)C(O)C1O,sweet
COc1c(OC2OC(C)C(O)C(O)C2O)cc2occ(-c3ccc(OC4OC(CO)C(O)C(O)C4O)cc3)c(=O)c2c1O,sweet
OCC1OC(O)C(O)C(O)C1O.OCC1OC(OC2(CO)OC(CO)C(O)C2O)C(O)C(O)C1O,sweet
COc1ccccc1-c1cc(=O)c2c(O)cc(OC3OC(CO)C(O)C(O)C3O)c(OC)c2o1,sweet
COC(=O)CC1OC(Oc2cc(O)c3c(=O)cc(-c4ccc(O)c(OC)c4)oc3c2)C(O)C(O)C1O,sweet
CC(C)CC(NC(=O)C(N)C(C)C)C(=O)NC(CCC(N)=O)C(=O)NC(CC(=O)O)C(=O)NC(C(=O)NC(Cc1ccccc1)C(=O)O)C(C)C,sweet
OCC1OC(O)C(I)C(O)C1O,sweet
CCCCCCCCOC1OC(CO)C(O)C1OC1OC(CO)C(O)C(O)C1O,sweet
COc1cc(OC2OC(COC3OCC(O)C(O)C3O)C(O)C(O)C2O)c2c(=O)c3ccc(O)c(OC)c3oc2c1,sweet
CC1(C)CCC2(C(=O)OC3OC(CO)C(O)C(O)C3O)CCC3(C)C(=CCC4C5(C)CC(O)C(OC6OC(CO)C(O)C(OC7OC(C(=O)O)C(O)C(O)C7O)C6O)C(C)(C)C5CCC43C)C2C1,sweet
CC(N)C(=O)NC(C)C(=O)NC(Cc1ccccc1)C(=O)O,sweet
OC1OC(COCC2OC(O)C(O)C(O)C2O)C(O)C(O)C1O,sweet
Nc1ncnc2c1ncn2C1OC(CO)C(O)C1OP(O)(O)=S,sweet
COC1OC(COC2OC(C)C(O)C(O)C2O)C(O)C(O)C1O,sweet
COC(=O)C(Cc1ccccc1)NC(=O)C(C)NC(=O)C(C)NC(=O)OC(C)(C)C,sweet
OCCCCCCOC1OC(CO)C(O)C(O)C1O,sweet
COC(=O)CC(NC1(C(=O)O)CCCCC1)C(=O)NCc1ccccc1,sweet
COC1CC(C)OC(OC)C1O,sweet
CC=CCCCCCCCC(=O)OC,undefined
COC(C)C1OC(OC)C(OC)C1O,sweet
COC(=O)C(CC(C)C)NC(=O)C(Cc1ccccc1)NC(=O)CNC(=O)CN,sweet
NCCCOCCOCCOCCCNc1ncnc2c1ncn2C1OC(COP(=O)(O)O)C(O)C1O,sweet
[B-]P(=O)(OCC1OC(n2cnc3c(N)nc(Cl)nc32)C(O)C1O)OP(=O)(O)OP(=O)(O)O,sweet
COC(=O)C(Cc1ccccc1)NC(=O)C(C)(C)NC(=O)C(CC(C)C)NC(=O)C(C)(C)NC(=O)C(N)CC(C)C,sweet
Nc1ncnc2c1ncn2C1OC(COP(=O)(O)CP(=O)(O)CP(=O)(O)OP(=O)(O)O)C(O)C1O,sweet
COC(=O)C(Cc1ccccc1)NC(=O)C(CC(=O)O)NC(N)=O,sweet
CC(N)C(=O)NCC(=O)NC(Cc1ccccc1)C(=O)OC(C)(C)C,sweet
COC(O)C1OC(OC(C)=O)C(OC(C)=O)C(OC(C)=O)C1OC(C)=O,sweet
COC1OC(COC2OC(CO)C(O)C(OC3OC(CO)C(O)C3O)C2O)C(O)C(O)C1O,sweet
CC1(C(=O)O)CCC2(C)CCC3(C)C(=CC(=O)C4C3(C)CCC3(C)C(C)(C)C(OC5OC(C(=O)O)C(O)C(O)C5O)CCC43C)C2C1,sweet
CC1OC(OC2C(OC3C(OC4CCC5(C)C(CCC6(C)C5CC=C5C7CC(C)(C)CCC7(C(=O)O)CCC56C)C4(C)C)OC(C(=O)O)C(O)C3O)OC(CO)C(O)C2O)C(O)C(O)C1O,sweet
COc1ccc(C2CC(=O)c3c(O)cc(OC4OC(COCC5OC(C)C(O)C(O)C5O)C(O)C(O)C4O)cc3O2)cc1O,sweet
CCCCC(O)C1OC(O)C(O)C(O)C1O,sweet
COC(=O)C(NC(=O)C(N)Cc1ccccc1)C(C)C,sweet
OCC1OC(OC2C(CO)OC(OC3CCCCC3)C(O)C2O)C(O)C(O)C1O,sweet
CC1OCC(O)C(OC2OCC(O)C(O)C2O)C1O,sweet
OCC(O)C(O)C(OC1OC(C(O)CO)C(O)C1O)C(O)CO,sweet
CCOC1OC(C(CO)OC2OC(C(O)CO)C(O)C2O)C(O)C1O,sweet
Nc1ncnc2c1ncn2C1OC(COP(=O)([O-])OP(=O)([O-])OP(=O)([O-])[O-])C(O)C1O.[Cu+2].[Cu+2],sweet
OCC1(O)OCC(F)C(O)C1O,sweet
COCC(NC(=O)C(NC(=O)C(N)CC(=O)O)C(C)C)c1ccccc1,sweet
CCOP(=O)(O)Nc1ncnc2c1ncn2C1OC(CO)C(O)C1O,sweet
COC(=O)C(Cc1ccccc1)NC(=O)C(CC(C)C)NC(=O)C(CC(N)=O)NC=O,sweet
COc1ccc2oc3cc(OC4OC(CO)C(O)C(O)C4O)c(OC)c(O)c3c(=O)c2c1,sweet
COC1OC(COS(=O)(=O)O)C(OC2OC(CO)C(O)C(O)C2O)C(O)C1O,sweet
CCCCCCCCCCCCCC(=O)NCC(=O)NC(C)C(=O)NC(Cc1ccccc1)C(=O)O,sweet
CC1OC(OCC2OC(Oc3cc(O)cc4c3C(=O)CC(c3ccc(O)c(O)c3)O4)C(O)C(O)C2O)C(O)C(O)C1O,sweet
COc1ccc(-c2cc(=O)c3c(OC)cc(OC4OC(COC5OC(C)C(O)C(O)C5O)C(O)C(O)C4O)cc3o2)cc1OC,sweet
COC(=O)C1(C)CCC2(C)CCC3(C)C(=CC(=O)C4C5(C)CCC(OC6OC(COC7OC(C(=O)O)C(O)C(O)C7O)C(O)C(O)C6O)C(C)(C)C5CCC43C)C2C1,sweet
CC1(C)CCC2(CO)C(O)CC3(C)C(=CCC4C5(C)CCC(OC6OC(C(=O)O)C(O)C(OC7OC(CO)C(O)C(O)C7O)C6O)C(C)(C)C5CCC43C)C2C1,sweet
CC1(C)CCC2(C(=O)OC3OC(CO)C(O)C(O)C3O)CCC3(C)C(=CCC4C5(C)CCC(OC6OC(C(=O)O)C(O)C(OC(OCC(=O)O)C(O)C(=O)O)C6O)C(C)(CO)C5CCC43C)C2C1,sweet
COC(=O)C1OC(OC2C(O)COC(OC3CCC4(C)C(CCC5(C)C4CC=C4C6CC(C)(C(=O)OC)CCC6(C(=O)OC6OC(CO)C(O)C(O)C6O)CCC45C)C3(C)CO)C2O)C(O)C(O)C1O,sweet
CCCCCCCCCCCCCCCCCCOC(=O)C1OC(OC2C(OC3CCC4(C)C(CCC5(C)C4C(=O)C=C4C6CC(C)(C(=O)OCCCCCCCCCCCCCCCCCC)CCC6(C)CCC45C)C3(C)C)OC(C(=O)OCCCCCCCCCCCCCCCCCC)C(O)C2O)C(O)C(O)C1O,sweet
OCC1OC(OC2C(CO)OC(OC3C(CO)OC(F)C(O)C3O)C(O)C2O)C(O)C(O)C1O,sweet
C=C1CCC2(C(=O)O)CCC3(C)C(=CCC4C5(C)CCC(OC6OCC(O)C(OC7OC(C(=O)OC)C(O)C(O)C7O)C6O)C(C)(CO)C5CCC43C)C2C1,sweet
CC(=O)C(O)CC(C)C,sour
CC1OC(C)(OC2OC(CO)C(O)C(O)C2O)C(O)C1O,sweet
COC1OC(COC(C)(C)OC)(OC)C2OC(C)(C)OC2C1O,sweet
OC1C(CCl)OC2(COC3(CO2)OC(CCl)C(O)C3O)C1O,sweet
CC(C)OC(=O)C=Cc1ccccc1,undefined
CC(C)C(=O)OC(C)(C)c1ccccc1,sweet
COC1OC(CO)CC2OC(C)(C)OC21,sweet
CCCCCCOCC1OC(OC)C(O)C(O)C1O,sweet
CC1OC(O)C(OC2C(O)OC(CO)C(O)C2O)C(O)C1O,sweet
CC1OC(CO)(OC2OC(CO)C(O)C(O)C2O)C(O)C1O,sweet
COc1c(-c2ccc(O)c(O)c2)oc2cc(O)cc(OC3OC(CO)C(O)C(O)C3O)c2c1=O,sweet
Nc1ncnc2c1ncn2C1OC(COP(=O)(OP(=O)(O)O)OP(=O)(O)O)C(O)C1O,sweet
Nc1nc(Cl)nc2c1nc(N)n2C1OC2COP(=O)(O)OC2C1O,sweet
CCCCCNc1ncnc2c1ncn2C1OC2COP(=O)(O)OC2C1O,sweet
NCCCCCNc1ncnc2c1ncn2C1OC2COP(=O)(O)OC2C1O,sweet
CC[Se]c1nc2c(N)ncnc2n1C1OC2COP(=O)(O)OC2C1O,sweet
Nc1nc(C(F)(F)F)nc2c1ncn2C1OC2COP(=O)(O)OC2C1O,sweet
Nc1nc(Cl)nc2c1ncn2C1OC2COP(=O)(O)OC2C1O,sweet
[N-]=[N+]=Nc1nc2c(N)ncnc2n1C1OC2COP(=O)([O-])OC2C1O,sweet
C=CC1C[NH+]2CCC1CC2C(O)c1ccnc2ccc(OC)cc12,bitter
OCC(O)C(O)C(O)COC1OC(CO)C(O)C(O)C1O,sweet
NCC(N)C(=O)NC(Cc1ccccc1)C(=O)O,sweet
OCC(O)C(O)C(O)CO.OCC(O)CO,sweet
COc1cc(-c2cc(=O)c3c(O)cc(OC4OCC(O)C(O)C4O)cc3o2)ccc1O,sweet
O=C(CCc1ccc(O)cc1)c1c(O)cc(O)c(OC2OC(O)C(O)C(O)C2O)c1O,sweet
CC(=CC=O)CCC1CC1(C)C,undefined
CC(=O)OC1C(OC(=O)CC(C)C)C2(CO)C(O)CC3(C)C(=CCC4C5(C)CCC(OC6OC(C(=O)O)C(O)C(O)C6OC6OC(CO)C(O)C(O)C6O)C(C)(C)C5CCC43C)C2CC1(C)C,sweet
CCCCOC(=O)C1OC(OC2CCC3(C)C(CCC4(C)C3C(=O)C=C3C5CC(C)(C(=O)O)CCC5(C)CCC34C)C2(C)C)C(OC2OC(C(=O)OCC)C(O)C(O)C2O)C(O)C1O,sweet
CC1(C(=O)O)CCC2(C)CCC3(C)C(=CC(=O)C4C5(C)CCC(OC6=[O+]C(C(=O)O)C(OC7OC(C(=O)O)C(O)C(O)C7O)C(O)C6O)C(C)(C)C5CCC43C)C2C1,sweet
COc1cc(O)c2c(=O)cc(-c3cccc(OC4OC(CO)C(O)C(O)C4O)c3O)oc2c1OC,sweet
COc1cc(-c2coc3cc(OC4OC(COC5OC(CO)C(O)C(O)C5O)C(O)C(O)C4O)c(OC)c(O)c3c2=O)ccc1O,sweet
COc1ccc(-c2coc3cc(OC4OC(CO)C(O)C(O)C4O)c(OC)c(O)c3c2=O)cc1O,sweet
CC1(C(=O)O)CCC2(C)CCC3(C)C(=CC(=O)C4C5(C)CCC(OC6OC(C(=O)O)C(O)C(O)C6OC6OC(C(=O)O)C(O)C(O)C6O)C(C)(CO)C5CCC43C)C2C1,sweet
O=c1c(O)c(-c2ccc(OC3OC(CO)C(O)C(O)C3O)c(O)c2)oc2cc(OC3OC(CO)C(O)C(O)C3O)cc(O)c12,sweet
CC1(C)CCC2(C(=O)O)CCC3(C)C(=CCC4C5(C)CCC(OC6OC(C(=O)O)C(O)C(OC7OC(CO)C(O)C(O)C7O)C6O)C(C)(CO)C5CCC43C)C2C1,sweet
CCCCOC(=O)C1OC(OC2CCC3(C)C(CCC4(C)C3CC=C3C5CC(C)(C)CCC5(C(=O)OC5OC(CO)C(O)C(O)C5O)CCC34C)C2(C)C)C(OC2OCC(O)C(O)C2O)C(OC2OC(CO)C(O)C(O)C2O)C1O,sweet
COc1cc(-c2cc(=O)c3c(O)c(OC)c(OC)cc3o2)ccc1OC1OC(CO)C(O)C(O)C1O,sweet
COc1cc2oc(-c3ccc(OC4OC(CO)C(O)C(O)C4O)c(O)c3)cc(=O)c2c(O)c1OC,sweet
COc1ccc(-c2cc(=O)c3cc(OC4OC(COC5OC(C)C(O)C(O)C5O)C(O)C(O)C4O)c(OC)c(O)c3o2)cc1,sweet
COc1ccc(-c2cc(=O)c3c(O)c(OC)c(OC4OC(CO)C(O)C(O)C4O)cc3o2)cc1,sweet
COc1cc(OC2OC(COC3OC(CO)C(O)C(O)C3O)C(O)C(O)C2O)c2c(=O)c3c(O)c(OC)ccc3oc2c1,sweet
COc1ccc(-c2cc(=O)c3c(O)c(OC)c(OC)c(OC4OC(CO)C(O)C(O)C4O)c3o2)cc1,sweet
CC1OC(Oc2cc(O)c3c(=O)c(OC4OC(C)C(O)C(O)C4O)c(-c4ccc(O)c(O)c4)oc3c2)C(O)C(O)C1O,sweet
COc1c(O)cc2occ(-c3ccc(OC4OC(COC5OC(CO)C(O)C(O)C5O)C(O)C(O)C4O)cc3)c(=O)c2c1O,sweet
COC(=O)C(Cc1ccccc1)NC(=O)CN=[N+]=[N-],sweet
CC(C)=CCCC(C)=CCCC(C)=CCCC=C(C)CCC=C(C)CCC=C(C)C,undefined
COC(=O)C(Cc1ccccc1)NC(=O)CCC(C)=O,sweet
C=C1C(=CC=C2CCCC3(C)C2CCC3C(C)CCC=CC(O)(CC)CC)CC(O)CC1O,undefined
O=CC(O)C(O)C(=O)C(O)CO,sweet
C=C1CCC2(C(=O)O)CCC3(C)C(=CCC4C5(C)CCC(OC6OC(C(=O)O)C(O)C(OC7OCC(O)C(O)C7O)C6O)C(C)(C)C5CCC43C)C2C1,sweet
C=C1CCC2(C(=O)O)CCC3(C)C(=CCC4C5(C)CCC(OC6OC(C(=O)O)C(O)C(O)C6O)C(C)(CO)C5CCC43C)C2C1,sweet
O=C1c2ccccc2S(=O)(=O)N1[Se]c1ccccc1,sweet
CC(O)CCCCOC1OC(CO)C(O)C(O)C1O,sweet
COc1cc(-c2oc3cc(O)cc(O)c3c(=O)c2OC2OCC(O)C(O)C2O)ccc1O,sweet
COC(=O)C(Cc1ccccc1)N(CCC(C)(C)C)C(=O)C(N)CC(=O)O,sweet
O=C1NS(=O)(=O)c2ccc(F)cc21,sweet
COC(=O)CC(NCCC(C)(C)C)C(=O)NC(Cc1ccccc1)C(=O)OC,sweet
CC(C)C=CC(=O)O,undefined
OCCCC(O)(O)CO,sweet
O=c1cc(-c2ccc(O)c(O)c2)oc2cc(OC3OC(COC4OCC(O)C(O)C4O)C(O)C(O)C3O)cc(O)c12,sweet
COC1CC(C)OC(O)C1O,sweet
O=C(C=Cc1ccc(O)c(O)c1)c1ccc(OC2OC(CO)C(O)C(O)C2O)cc1O,sweet
COC1C(C)OC(O)C(O)C1O,sweet
CC1=CC2C(CC1)C(C)=CCC2C(C)C,undefined
O=c1cc(-c2ccc(O)c(OC3OC(CO)C(O)C(O)C3O)c2)oc2cc(O)cc(O)c12,sweet
OCC1OC(OC2C(O)OC(CO)C(O)C2O)C(O)C1O,sweet
OCC(O)C(O)C(OC1OC(COC2OC(CO)C(O)C(O)C2O)C(O)C(O)C1O)C(O)CO,sweet
COC1CC(O)OC(C)C1OC1OC(CO)C(O)C(O)C1O,sweet
NS(=O)(=O)NC1CCCCC1,sweet
CCC=C(C)C=O,undefined
COC(=O)C(Cc1ccccc1)NC(=O)C1CCC(=O)N1,sweet
CC=CC(=O)CCCC,undefined
COc1ccc(-c2oc3cc(O)cc(O)c3c(=O)c2OC2OC(CO)C(O)C(O)C2O)cc1O,sweet
CC(=O)C=CC=C(C)C,sweet
CCCCCC(=O)OCC=C(C)CCC=C(C)C,undefined
CCCCC(=O)NC(Cc1ccccc1)C(=O)OC,sweet
Cc1ccc2c(c1)C(=O)NS2(=O)=O,sweet
CCCCCCC(=O)CCOC(C)=O,undefined
O=C1c2ccccc2S(=O)(=O)N1[N+](=O)[O-],sweet
CCCCCCCCCCc1ccco1,undefined
O=S(=O)(NC1CCCCC1)NC1CCCCC1,sweet
C[Si](C)(C)N1C(=O)c2ccccc2S1(=O)=O,sweet
CCCCCC=CCOC(C)=O,undefined
CC(=O)CCC1C(C)=CCCC1(C)C,undefined
CC=CCOc1ccc(NC(=O)N(C)C)cc1,sweet
CC1OC([O-])C(O)C(O)C1O,sweet
COC1CC(O)OC(CO)C1O,sweet
O=S(=O)(Cl)NC1CCCCC1,sweet
[O-]C1OC(CO)C(O)C(O)C1O,sweet
[O-]C1OCC(O)C(O)C1O,sweet
COc1ccc(C2OC(=O)c3c(O)cccc3C2C(=O)O)cc1O,sweet
COC(=O)C1c2cccc(O)c2C(=O)OC1c1ccc(OC)c(O)c1,sweet
CC(C)(C)OC(=O)C(Cc1ccccc1)NC(=O)C(N)CC(=O)O,sweet
CC(C)(C)CCNC(CC(=O)O)C(=O)NC(Cc1ccccc1)C(=O)O,sweet
CC(=O)C(C)Sc1ccoc1C,undefined
CCC=CCC=CCC1CCC(=O)O1,undefined
COC(=O)C(Cc1ccccc1)NC(=O)C(C)N,sweet
CC(O)CC(O)CO,sweet
CCOC(=O)C(O)C(C)CC,undefined
COC(=O)C(Cc1ccccc1)NC(=O)C(Cc1ccccc1)NC(C)=O,sweet
CCCCCCOC1OC(C(O)CO)C(O)C1O,sweet
CC(C)OC1OC(C)C(O)C(O)C1O,sweet
CCCCOC1OC(C)C(O)C(O)C1O,sweet
CCCCCCOC1OC(C)C(O)C(O)C1O,sweet
Nc1ncnc2c1ncn2C1OC(COP(=O)(O)O)C(OP(=O)(O)OP(=O)(O)O)C1O,sweet
CCCCN(CCCC)CCCC.Nc1ncnc2c1ncn2C1OC2COP(=O)(O)OC2C1O,sweet
CNP1(=O)OCC2OC(n3cnc4c(N)ncnc43)C(O)C2O1,sweet
CCNP1(=O)OCC2OC(n3cnc4c(N)ncnc43)C(O)C2O1,sweet
CCCNP1(=O)OCC2OC(n3cnc4c(N)ncnc43)C(O)C2O1,sweet
CCCCOc1ccc(NC(=O)Nc2ccc(OCCCC)cc2)cc1,sweet
Nc1ncnc2c1ncn2C1OC(COP(=O)(O)OP(=O)([O-])[O-])C(O)C1O,sweet
CCOc1ccc(NC(=O)NC(N)=O)cc1,sweet
CCOP(=O)(O)OC1C(CO)OC(n2cnc3c(N)ncnc32)C1O,sweet
COC(=O)CC(NC=O)C(=O)NC(Cc1ccccc1)C(=O)OC,sweet
CC(C)COc1cnccn1,undefined
O=S(O)NC1CCCCC1,sweet
CCOC(=O)CCC(O)C(=O)OCC,undefined
COC(=O)C(Cc1ccccc1)N1CC(N)C1=O,sweet
COC(=O)C(Cc1ccccc1)NC(=O)C(CC(=O)O)NC(=O)CC(C)=O,sweet
COC(=O)C(Cc1ccccc1)NC(=O)C(NC(=O)C(CC(C)C)NC(=O)C(N)CC(C)C)C(C)C,sweet
O=c1cc(-c2ccc(O)c(O)c2)oc2cc(O)c(C3OC(CO)C(O)C(O)C3OC3OCC(O)C(O)C3O)c(O)c12,sweet
COC(=O)C(Cc1ccccc1)NC(=O)CC(NC=O)C(=O)O,sweet
COc1cc(-c2oc3cc(OC4OC(CO)C(O)C(O)C4O)cc(O)c3c(=O)c2OC)ccc1O,sweet
CCCCCCCCOC1C(O)C(O)OC(CO)C1O,sweet
CCCCCCCCCCOC1C(O)C(O)OC(CO)C1O,sweet
CCCCCCCCCCCCOC1C(O)C(O)OC(CO)C1O,sweet
CCCCCCCCCCCCCCCCCCOC1C(O)C(O)OC(CO)C1O,sweet
CC(C)(C)OC(=O)C(Cc1ccccc1)NC(=O)CN,sweet
CC1OC(OCC2OC(Oc3c(-c4ccc(O)c(O)c4)oc4cc(O)cc(OCCO)c4c3=O)C(O)C(O)C2O)C(O)C(O)C1O,sweet
CC1OC(OCC2OC(Oc3c(-c4ccc(O)c(O)c4)oc4cc(OCCO)cc(OCCO)c4c3=O)C(O)C(O)C2O)C(O)C(O)C1O,sweet
CC1OC(OCC2OC(Oc3c(-c4ccc(O)c(OCCO)c4)oc4cc(OCCO)cc(OCCO)c4c3=O)C(O)C(O)C2O)C(O)C(O)C1O,sweet
CC1(C(=O)O)CCC2(C)CCC3(C)C(=CCC4C5(C)CCC(OC6OC(C(=O)O)C(O)C(O)C6OC6OC(C(=O)O)C(O)C(O)C6O)C(C)(C)C5CCC43C)C2C1,sweet
O=C(CO)C(O)CC(O)CO,sweet
CC(C)CC(NC(=O)C(Cc1ccccc1)NC(=O)C1CCCCC1C(=O)O)C(=O)O,sweet
CC(C)CC(NC(=O)C(Cc1ccccc1)NC(=O)CCC(=O)O)C(=O)O,sweet
CCCCNc1ncnc2c1ncn2C1OC2COP(=O)(O)OC2C1O,sweet
CC(C)OC1CCC(O)C(CO)O1,sweet
COP(=O)(O)OC1C(CO)OC(n2cnc3c(N)ncnc32)C1O,sweet
COc1ccc(-c2oc3cc(O)cc(O)c3c(=O)c2OC2OC(COC3OC(C)C(O)C(O)C3O)C(O)C(O)C2O)cc1OC,sweet
COC1OC(CO)C(O)C(O)[CH]1[Hg+],sweet
Nc1nc(Br)nc2c1ncn2C1OC(COP(=O)(O)O)C(O)C1O,sweet
Nc1nc(Br)nc2c1ncn2C1OC2COP(=O)(O)OC2C1O,sweet
OCC1OC(OCC2(O)OC(CO)C(O)C2O)C(O)C(O)C1O,sweet
Nc1ncnc2c1ncn2C1OC(COP(=O)(O)O)CC1OP(=O)(O)O,sweet
Nc1ncnc2c1ncn2C1OC(COP(=O)(O)O[P+](=O)O)C(O)C1O,sweet
Nc1ncnc2c1ncn2C1OC(COP(=O)(O)NP(=O)(O)O)C(O)C1O,sweet
CC1(C)OCC(O)C(C2OC(C)(C)OC2CO)O1,sweet
CC(O)CC(O)C(O)CO,sweet
COc1cc(O)c(C(=O)C=Cc2ccc(OC3OC(CO)C(O)C(O)C3O)c(OC)c2)c(OC)c1,sweet
Nc1ncnc2c1ncn2C1OC(COCP(=O)(O)OP(=O)(O)OP(=O)(O)O)C(O)C1O,sweet
CCOP(=O)(O)c1nc2c(N)ncnc2n1C1OC(CO)C(O)C1O,sweet
Nc1ncnc2c1nc(P(=O)(O)O)n2C1OC(CO)C(O)C1O,sweet
CC=CC(=O)OCC1OC(Oc2cc(O)c3c(=O)cc(-c4ccc(O)c(OC)c4)oc3c2)C(O)C(O)C1O,sweet
CCN(CC)CC.Nc1ncnc2c1ncn2C1OC2COP(=O)(O)OC2C1O,sweet
CN(C)P1(=O)OCC2OC(n3cnc4c(N)ncnc43)C(O)C2O1,sweet
COC(=O)C(Cc1ccccc1)NC(=O)C(N)CCC(N)=O,sweet
O=CNC(CC(=O)NC(Cc1ccccc1)C(=O)O)C(=O)O,sweet
CCC(C)C(N)C(=O)NC(Cc1ccccc1)C(=O)OC,sweet
COC(=O)C(Cc1ccccc1)NC(=O)C(CC(=O)O)NC(=O)Cc1ccccc1,sweet
COC1OC(CO)C(O)C(OC2OC(C)C(O)C(O)C2O)C1O,sweet
COc1cc(C2Cc3cccc(O)c3C(=O)O2)cc(OC)c1O,sweet
CC(=O)OCC1OC(Oc2ccc(C=O)cc2O)C(OC(C)=O)C(OC(C)=O)C1OC(C)=O,undefined
CC1(C)CCC2(C(=O)OC3OC(CO)C(O)C(O)C3O)CCC3(C)C(=CCC4C5(C)CCC(OC6OC(C(=O)O)C(O)C(OC7OC(CO)C(O)C(O)C7O)C6O)C(C)(C)C5CCC43C)C2C1,sweet
COc1cc(-c2cc(=O)c3c(OC4OC(CO)C(O)C(O)C4O)cc(O)cc3o2)cc(OC)c1O,sweet
COC(=O)C(N)CC(=O)NC(Cc1ccccc1)C(=O)OC,sweet
COC1OC(C)C(O)C(O)C1OC1OC(C)C(O)C(O)C1O,sweet
CC1OC(O)C(O)C(OC2OC(CO)C(O)C(O)C2O)C1O,sweet
COCC1OC(OC2OCC(O)C(O)C2OC)C(OC)C(O)C1O,sweet
COC(=O)C1OC(OC2CCC3(C)C(CCC4(C)C3CC=C3C5CC(C)(C)CCC5(C(=O)OC)CCC34C)C2(C)CO)C(O)C(O)C1O,sweet
OCC1OC(O)C(O)C(O)C1OC1OCC(O)C(O)C1O,sweet
O=c1cc(-c2ccc(O)c(O)c2)oc2cc(OC3OC(COC4OC(CO)C(O)C(O)C4O)C(O)C(O)C3O)cc(O)c12,sweet
CCOP(=O)(OCC)c1nc2c(N)ncnc2n1C1OC(CO)C(O)C1O,sweet
COC1OC(CO)C(OC2OC(CO)C(OC)C(O)C2O)C(O)C1O,sweet
CC(N)C(=O)NC(CC(=O)O)C(=O)NC(Cc1ccccc1)C(N)=O,sweet
OCC1OC(CO)(OC2OC(CF)C(O)C(O)C2O)C(O)C1O,sweet
COCC1OC(OC)C(O)C(OC)C1O,sweet
CC(C)COC1CC(O)C(O)C(C)O1,sweet
Nc1nc(Cl)nc2c1ncn2C1OC2COP(O)(=S)OC2C1O,sweet
CCNc1ncnc2c1ncn2C1OC2COP(=O)(O)OC2C1O,sweet
CCCCOCC1(O)OCC(O)C(O)C1O,sweet
COC(=O)CC(NC(=O)O)C(=O)NC(Cc1ccccc1)C(=O)O,sweet
OCC1OC(OC2CC(O)C(O)C(CO)O2)CC(O)C1O,sweet
OCC1OC(OC2OC(CO)C(O)CC2O)C(O)CC1O,sweet
CC1OC(OCC(O)C(O)C(O)C(O)CO)C(O)C(O)C1O,sweet
CCCCCC(C)OC1OC(CO)C(O)C(O)C1O,sweet
COC(=O)C(Cc1ccccc1)NC(=O)C(CC(=O)O)NC(=O)C(N)CO,sweet
CCC(N)C(=O)NC(CC(=O)O)C(=O)NC(Cc1ccccc1)C(=O)OC,sweet
COC(=O)C(Cc1ccccc1)NC(=O)C(CC(=O)O)NC(=O)CN,sweet
CCCC(N)C(=O)NC(CC(=O)O)C(=O)NC(Cc1ccccc1)C(=O)OC,sweet
COC(=O)C(Cc1ccccc1)NC(=O)C(CC(=O)O)NC(=O)C(N)C(C)O,sweet
COC(=O)C(Cc1ccccc1)NC(=O)C(CC(=O)O)NC(=O)C1CCCN1,sweet
COC(=O)C(Cc1ccccc1)NC(=O)C(CC(=O)O)NC(=O)C1CCCCN1,sweet
COC(=O)C(Cc1ccccc1)NC(=O)C(CC(=O)O)NC(=O)C(C)(C)N,sweet
O=CC(O)C(O)C(O)C(O)C=O,sweet
COC(=O)C1OC(OC2CCC3(C)C(CCC4(C)C3CC=C3C5CC(C)(C)CCC5(C(=O)O)CCC34C)C2(C)C)C(O)C(OC2OCC(O)C(O)C2O)C1O,sweet
COc1ccc(C=CC(=O)c2ccc(O)c(OC3OC(CO)C(O)C(O)C3O)c2O)cc1O,sweet
COc1cccc(OC2OC(CO)C(O)C(O)C2O)c1-c1cc(=O)c2c(O)cc(OC)c(OC)c2o1,sweet
COC(=O)C1OC(OC2C(OC3CCC4(C)C(CCC5(C)C4C(=O)C=C4C6CC(C)(C(=O)O)CCC6(C)CCC45C)C3(C)C)OC(C(=O)OC)C(O)C2O)C(O)C(O)C1O,sweet
CC12CC(OC1=O)C1(C)CCC3(C)C(=CC(=O)C4C5(C)CCC(OC6OC(C(=O)O)C(O)C(O)C6OC6OC(C(=O)O)C(O)C(O)C6O)C(C)(C)C5CCC43C)C1C2,sweet
COC(C(O)C=O)C(OC)C(O)CO,sweet
OCC1OCCCC1OC1CCCCO1,sweet
CC(C)OC1CC(O)C(O)C(CO)O1,sweet
O=C(C=Cc1ccc(O)c(O)c1)c1ccc(O)c(OC2OC(CO)C(O)C(O)C2O)c1O,sweet
O=C(C=Cc1ccc(O)c(O)c1)c1ccc(OC2OC(COC3OC(CO)C(O)C(O)C3O)C(O)C(O)C2O)c(O)c1O,sweet
O=C(C=Cc1ccc(O)c(O)c1)c1ccc(OC2OC(CO)C(O)C(O)C2O)c(OC2OC(CO)C(O)C(O)C2O)c1O,sweet
OCC(O)C1OC(OC2C(O)C(O)OC(C(O)CO)C2O)C(O)C(O)C1O,sweet
Nc1ncnc2c1ncn2C1OC(COP(O)(=S)OP(=O)(O)OP(=O)(O)O)C(O)C1O,sweet
O=C1NS(=O)(=O)c2cccc(F)c21,sweet
CCCCN(CCCC)CCCC.Nc1ncnc2c1ncn2C1OC(COP(=O)(O)OP(=O)(O)OP(=O)(O)O)C(O)C1O,sweet
Nc1ncnc2c1ncn2C1OC(COP(=O)(Cl)Cl)C(O)C1O,sweet
COC1OC(CO)C(OC2OC(CO)C(O)C(OC)C2O)C(O)C1O,sweet
COC1OC(CO)C(OC2OC(CO)CC(O)C2O)C(O)C1O,sweet
O=C1c2c(O)cc(O)cc2OC(c2ccc(O)c(OC3OC(CO)C(O)C(O)C3O)c2)C1O,sweet
CC1OC(O)C(OC2OC(CO)C(O)C(O)C2O)C(O)C1O,sweet
COC(=O)C(CCc1ccccc1)NC(=O)C(N)CC(=O)O,sweet
CC1(C)OCC(C(O)C2OC(C)(C)OCC2O)O1,sweet
COc1ccc(-c2cc(=O)c3c(O)cc(OC4OC(CO)C(O)C(O)C4OC4OC(C)C(O)C(O)C4O)cc3o2)cc1O,sweet
COc1cc(-c2oc3cc(OC4OC(C)C(O)C(O)C4O)cc(O)c3c(=O)c2O)ccc1O,sweet
CC1CCC2C(C1)OC(=O)C2C,undefined
CC(O)C(O)CCCO,sweet
COc1cc(-c2oc3cc(OC4OC(CO)C(O)C(O)C4OC4OC(CO)C(O)C(O)C4O)cc(O)c3c(=O)c2O)ccc1O,sweet
COC1OCC(O)C(O)C1OC1OC(C)C(OC2OCC(O)C(O)C2O)C(O)C1O,sweet
OCC1OC(OCC2OC(F)C(O)C(O)C2O)C(O)C(O)C1O,sweet
CCCCN(CCCC)CCCC.CCCCN(CCCC)CCCC.Nc1ncnc2c1ncn2C1OC(COP(=O)(O)O)C(O)C1O,sweet
COc1cc(O)c2c(=O)cc(-c3ccc(OC4OC(CO)C(O)C(O)C4O)c(OC)c3)oc2c1,sweet
COc1cc(O)c2c(=O)c(OC3OC(CO)C(O)C(O)C3O)c(-c3ccc(OC4OC(CO)C(O)C(O)C4O)c(OC)c3)oc2c1,sweet
COc1cc(O)c2c(=O)cc(-c3ccc(OC4OC(CO)C(O)C(O)C4OC4OCC(O)(CO)C4O)c(OC)c3)oc2c1,sweet
Nc1ncnc2c1ncn2C1OC(COP(=O)(O)OP(=O)(O)O[P+](=O)O)C(O)C1O,sweet
CC(C)CC(NC(=O)C(Cc1ccccc1)NC(=O)C(N)CC(N)=O)C(=O)NC(CCCCN)C(=O)O,sweet
COc1cc(-c2cc(=O)c3c(O)cc(O)cc3o2)ccc1OC1OC(CO)C(O)C(O)C1O,sweet
CCCCOC1C(CO)OC(OC)C(OCCCC)C1OCCCC,sweet
Nc1ncnc2c1ncn2C1OC2COP(N)(=O)OC2C1O,sweet
C[Si](C)(C)OC1OC(CO)C(O)C(O)C1O,sweet
CC(OP(=O)(O)O)C1OC(n2cnc3c(N)ncnc32)C(O)C1O,sweet
NCCCCC(NC(=O)C(N)CC(=O)O)C(=O)NC(Cc1ccccc1)C(=O)O,sweet
COCC1OC(OC2C(CO)OC(F)C(O)C2O)C(O)C(O)C1O,sweet
COCC1OC(OC2C(CO)OC(O)C(O)C2O)C(O)C(O)C1O,sweet
OC1COC2OC(C(O)COC3OC1C(O)C3O)C(O)C2O,sweet
OCC1OC1CCCOC1CCCCO1,sweet
CC1OC(O)C(O)C2OC(C)(C)OC12,sweet
CC(=O)N1C(=O)c2ccccc2S1(=O)=O,sweet
CCC(=O)N1C(=O)c2ccccc2S1(=O)=O,sweet
CCCCC(=O)N1C(=O)c2ccccc2S1(=O)=O,sweet
CCCCCC(=O)N1C(=O)c2ccccc2S1(=O)=O,sweet
CC(C)C(N)C(=O)NCC(=O)NC(Cc1ccccc1)C(=O)O,sweet
CC(=O)NC(C)C(=O)NC(Cc1ccccc1)C(=O)O,sweet
COc1cc(O)c2c(=O)c3c(OC4OC(COC5OCC(O)C(O)C5O)C(O)C(O)C4O)ccc(O)c3oc2c1,sweet
NCCCCC(NC(=O)C(CC(N)=O)NC(=O)C(N)Cc1ccccc1)C(=O)O,sweet
CCCCC(N)C(=O)NC(CC(=O)O)C(=O)NC(Cc1ccccc1)C(N)=O,sweet
CC1(C)CCC2(C(=O)OC3OC(CO)C(O)C(O)C3O)CCC3(C)C(=CCC4C5(C)CCC(OC6OC(C(=O)O)C(O)C(OC7OCC(O)C(O)C7O)C6O)C(C)(CO)C5CCC43C)C2C1,sweet
COC1COC(O)C(OC)C1O,sweet
COC1OC(COC2OCC(O)C(O)C2O)C(O)C(O)C1O,sweet
CC1OC(OC2C(O)OC(C)C(O)C2O)C(O)C(O)C1O,sweet
OCC1OC(OC2OC(CO)C(O)C(OC3OC(CO)C(O)C(O)C3O)C2O)C(O)C(O)C1O,sweet
OCC1OC(OCC2OC(OC3OC(CO)C(O)C(O)C3O)C(O)C(O)C2O)C(O)C(O)C1O,sweet
CC(C)=CCCC(C)CC(C)(C)O,undefined
CC(C)(C)N1C(=O)c2ccccc2S1(=O)=O,sweet
COC(=O)C(Cc1ccccc1)NC(=O)C(N)CCC(=O)O,sweet
CC1(C(=O)O)CCC2(C)CCC3(C)C(=CC(=O)C4C5(C)CCC(OC6OC(C(=O)O)C(O)C(O)C6OC6OCC(O)C(O)C6O)C(C)(CO)C5CCC43C)C2C1,sweet
COC(=O)C1OC(OC2CCC3(C)C(CCC4(C)C3C(=O)C=C3C5CC(C)(C(=O)OC)CCC5(C)CCC34C)C2(C)CO)C(OC2OCC(O)C(O)C2O)C(O)C1O,sweet
COC(=O)C1OC(OC2CCC3(C)C(CCC4(C)C3CC=C3C5CC(C)(C)CCC5(C(=O)OC5OCC(O)C(O)C5O)C(O)CC34C)C2(C)C)C(O)C(O)C1O,sweet
CCCCCCOC1OC(COC2OC(CO)C(O)C(O)C2O)C(O)C(O)C1O,sweet
CCCCCCOC1OC(CO)C(O)C(O)C1OC1OC(CO)C(O)C(O)C1O,sweet
CCOC(=O)C(Cc1ccccc1)NC(=O)CN,sweet
O=c1cc(-c2ccc(O)c(O)c2)oc2cc(OC3OC(CO)C(O)C(O)C3O)ccc12,sweet
CCC(O)C(O)C(O)CO,sweet
OCC1OC(OCC2OC(O)C(O)C(O)C2O)C(O)C1O,sweet
CCCCCC=CCC(=O)OC,undefined
CC(N)C(=O)NCC(=O)NC(CC(=O)O)C(=O)NC(Cc1ccccc1)C(=O)O,sweet
CCOC1(C)OC2C(C)OC(OC)C(O)C2O1,sweet
Nc1ncnc2c1ncn2C1OC(COP(O)(=S)OP(=O)(O)CP(=O)(O)O)C(O)C1O,sweet
Nc1ncnc2c1ncn2C1OC(COP(=O)(O)C(Cl)(Cl)P(=O)(O)O)C(O)C1O,sweet
O=c1cc(-c2ccc(OC3OC(CO)C(O)C(O)C3O)c(O)c2)oc2cc(OC3OC(CO)C(O)C(O)C3O)cc(O)c12,sweet
COc1ccc(-c2cc(=O)c3c(O)c(O)c(OC4OC(CO)C(O)C(O)C4OC4OC(CO)C(O)C(O)C4O)cc3o2)cc1,sweet
CN(C)c1ncnc2c1ncn2C1OC2COP(=O)(O)OC2C1O,sweet
CCCCN(C)c1ncnc2c1ncn2C1OC2COP(=O)(O)OC2C1O,sweet
CCCCCN(C)c1ncnc2c1ncn2C1OC2COP(=O)(O)OC2C1O,sweet
CCN(CC)c1ncnc2c1ncn2C1OC2COP(=O)(O)OC2C1O,sweet
CCCN(CC)c1ncnc2c1ncn2C1OC2COP(=O)(O)OC2C1O,sweet
CCCCN(CC)c1ncnc2c1ncn2C1OC2COP(=O)(O)OC2C1O,sweet
CCCCCN(CC)c1ncnc2c1ncn2C1OC2COP(=O)(O)OC2C1O,sweet
CCCCN(CCC)c1ncnc2c1ncn2C1OC2COP(=O)(O)OC2C1O,sweet
CCCCCN(CCC)c1ncnc2c1ncn2C1OC2COP(=O)(O)OC2C1O,sweet
CCCCCN(CCCC)c1ncnc2c1ncn2C1OC2COP(=O)(O)OC2C1O,sweet
CNc1ncnc2c1ncn2C1OC2COP(=O)(O)OC2C1O,sweet
COc1nc2c(N)ncnc2n1C1OC2COP(=O)(O)OC2C1O,sweet
COc1cc(-c2cc(=O)c3c(O)cc(OC4OC(CO)C(O)C(O)C4O)c(OC)c3o2)ccc1O,sweet
COc1cc(O)c2c(=O)c3c(OC)c(OC4OC(CO)C(O)C(O)C4O)ccc3oc2c1,sweet
COc1cc(OC2OC(CO)C(O)C(O)C2O)c2c(=O)c3c(OC)c(O)ccc3oc2c1,sweet
CC(=O)c1sc(C)cc1O,undefined
COc1ccc(C=CC(=O)c2ccc(O)c(OC3OC(COC(C)=O)C(O)C(O)C3O)c2O)cc1O,sweet
COC1C2OCC(O2)C(O)C1OC,sweet
COC(=O)C(Cc1ccccc1)N1C(=O)CC(N)C1=O,sweet
CC(C)OP(=O)(O)OC1C(CO)OC(n2cnc3c(N)ncnc32)C1O,sweet
COP(=O)(O)OC1C(O)C(CO)OC1n1cnc2c(N)ncnc21,sweet
CC(C)OP(=O)(O)OC1C(O)C(CO)OC1n1cnc2c(N)ncnc21,sweet
COc1ccc2c(c1O)C(=O)OC(C)C2,sweet
COc1ccc(-c2cc(=O)c3c(O)c(O)c(OC4OC(CO)C(O)C(O)C4O)cc3o2)cc1,sweet
O=C1c2ccccc2S(=O)(=O)N1F,sweet
CP1(=S)OCC2OC(n3cnc4c(N)ncnc43)C(O)C2O1,sweet
C=CCC(CC=C)(NC(C)=O)C(=O)NC(Cc1ccccc1)C(=O)OCC,sweet
OCC(O)COC1OC(CO)C(OC2OC(CO)C(O)C2O)C(O)C1O,sweet
CCCCCNP1(=O)OCC2OC(n3cnc4c(N)ncnc43)C(O)C2O1,sweet
CC(C)CC(N)C(=O)NC(CC(=O)O)C(=O)NC(Cc1ccccc1)C(N)=O,sweet
COC(=O)C(Cc1ccccc1)NC(=O)C(CC(=O)O)N(C)C,sweet
CN(C)C(CC(=O)O)C(=O)NC(Cc1ccccc1)C(=O)O,sweet
O=C1NS(O)(O)c2ccccc21,sweet
O=C1c2ccccc2S(=O)(=O)N1CBr,sweet
C=CCC(CC)C(=O)CC,undefined
[B][P+]([O-])(OCC1OC(n2cnc3c(N)ncnc32)CC1O)OP(=O)(O)OP(=O)(O)O,sweet
Nc1ncnc2c1ncn2C1CC(OP(O)(O)=S)C(CO)O1,sweet
COC1CC(OC2CCCCO2)C(O)C(C)O1,sweet
CC=C(C)C(=O)OCCC=CCC,undefined
COc1c(O)cc(-c2oc3cc(O)cc(O)c3c(=O)c2OC2OC(CO)C(O)C(O)C2O)cc1O,sweet
NOC1C(O)C(CO)OC1n1cnc2c(N)ncnc21,sweet
CCOC(=O)SCc1ccco1,undefined
CCOC(=O)C(Cc1ccccc1)NC(=O)C(C)N,sweet
CCSC(=O)CNC(C)=O,undefined
O=C(C=Cc1ccccc1)OCc1ccccc1,sweet
C=C(C)C1C=C2C(C)CCC2C(C)CC1,undefined
COC(=O)C(Cc1ccccc1)NC(=O)C(N)CC(N)=O,sweet
COC(=O)C(Cc1ccccc1)NC(=O)C(CC(C)C)NC(C)=O,sweet
CC(C)CC(NC(=O)C(Cc1ccccc1)NCCC(=O)O)C(=O)O,sweet
CC(NC(=O)C(N)CC(N)=O)C(=O)NC(Cc1ccccc1)C(=O)O,sweet
CC(NC(=O)C(N)CC(N)=O)C(=O)NCC(=O)NC(Cc1ccccc1)C(=O)O,sweet
COc1c(-c2ccc(O)c(O)c2)oc2cc(OC3OC(CO)C(O)C(O)C3O)cc(O)c2c1=O,sweet
COc1cc2oc(-c3ccc(O)cc3)cc(=O)c2c(O)c1OC1OC(C)C(OC2OC(CO)C(O)C(O)C2O)C(O)C1O,sweet
O=c1cc(-c2ccc(O)c(O)c2)oc2c(C3OC(CO)C(O)C(O)C3OC3OCC(O)C(O)C3O)c(O)cc(O)c12,sweet
Cc1ccc(N=NC(=NNc2ccc(C)cc2)c2ccc(C)cc2)cc1,sweet
CC1OC(O)C(O)C(OC2OC(C)C(OS(=O)(=O)O)C(O)C2O)C1O,sweet
COC1OC(COC2OC(C(O)CO)C(O)C2O)C(O)C(O)C1O,sweet
CCCCOc1ccc([N+](=O)[O-])cc1[N+](=O)[O-],sweet
O=C1c2ccccc2S(=O)(=O)N1CF,sweet
Nc1ncnc2c1ncn2C1CC(O)C(COP(=O)(O)CP(=O)(O)OP(=O)(O)O)O1,sweet
CC1(C)OC2OC(C(O)CC(O)CO)C3OC(C)(C)OC3C2O1,sweet
COc1cc(OC2OC(CO)C(O)C(O)C2O)c2c(=O)c3cccc(O)c3oc2c1,sweet
COc1cc(OC2OC(COC3OCC(O)C(O)C3O)C(O)C(O)C2O)c2c(=O)c3cccc(O)c3oc2c1,sweet
COc1cc(O)c2c(=O)c3cccc(OC4OC(COC5OCC(O)C(O)C5O)C(O)C(O)C4O)c3oc2c1,sweet
NCCNc1nc2c(N)ncnc2n1C1OC2COP(=O)(O)OC2C1O,sweet
CCCSSCc1ccco1,undefined
COc1ccc(-c2cc(=O)c3c(O)cc(O)cc3o2)cc1OC1OC(CO)C(O)C(O)C1O,sweet
COc1ccc(-c2cc(=O)c3c(O)c(C4CC(O)C(O)C(C)O4)c(O)cc3o2)cc1OC1OC(CO)C(O)C(O)C1O,sweet
[N-]=[N+]=Nc1nc2c(N)ncnc2n1C1CC(O)C(COP(=O)(O)O)O1,sweet
COc1ccc(C=CC(=O)c2ccc(OC3OC(COC(C)=O)C(O)C(O)C3O)c(O)c2O)cc1O,sweet
OCCC(O)COC1CCCCO1,sweet
COC(=O)C(Cc1ccccc1)N1CCNC(CC(=O)O)C1=O,sweet
Nc1ncnc2c1ncn2C1OC(COP(=O)(O)O)C(OP(=O)(O)O)C1OP(=O)(O)O,sweet
CCC=CCCC(=O)OCC,undefined
CCC1CC(C)C(=O)C1=O,undefined
CC1(C)CCC2(C(=O)O)CCC3(C)C(=CCC4C5(C)CCC(OC6OC(C(=O)O)C(O)C(OC(OCC(=O)O)C(=O)O)C6O)C(C)(C)C5CCC43C)C2C1,sweet
COC(=O)C(C)(Cc1ccccc1)NC(=O)C(N)CC(=O)O,sweet
COC1OC(C)C(O)C(O)C1OC1OC(C(O)CO)C(O)C1O,sweet
COC1OC(CO)C(O)C(O)C1OC1OC(C(O)CO)C(O)C1O,sweet
CCC(C)C(NC(C)=O)C(=O)NC(CCC(C)C)CC(O)C(Cc1ccccc1)NC(=O)CCC(=O)OC,sweet
CCOC1OC(CO)C(O)C(F)C1O,sweet
CCOC1OC(CO)C(F)C(O)C1O,sweet
CCOC1OC(CF)C(O)C(O)C1O,sweet
OCC1OC(OCI)C(O)C(O)C1O,sweet
OCC1OC(O)C(O)C(I)C1O,sweet
Nc1nc(N)c2c(ncn2C2OC(CO)C(O)C2O)n1,sweet
O=S1(=O)N=C([O-])c2ccccc21.O=S1(=O)N=C([O-])c2ccccc21.[Cu+2],sweet
CC1OC(OC2C(O)C(CO)OC(OC3C(O)C(OC4CCC5(C)C(CCC6(C)C5CC=C5C7CC(C)(C)CCC7(C(=O)O)CCC56C)C4(C)CO)OC(C(=O)O)C3O)C2O)C(O)C(O)C1O,sweet
COC(OC)C1(O)CC(O)C(CO)O1,sweet
COc1cc(-c2cc(=O)c3c(O)cc(OC4OCC(O)C(O)C4OC4OC(CO)C(O)C4O)cc3o2)ccc1O,sweet
COC(=O)C(CCCCN)NC(=O)C(Cc1ccccc1)NC(C)=O,sweet
OCC1OC(OC2C(O)C(O)OC(COC3(CO)OCC(O)C(O)C3O)C2O)C(O)C(O)C1O,sweet
OCC1(OCC2OC(O)C(O)C(O)C2O)OCC(O)C(O)C1O,sweet
OCC1OC(O)C(O)C(OC2OC(COC3(CO)OCC(O)C(O)C3O)C(O)C(O)C2O)C1O,sweet
COC(OC)C1OC(CO)C(O)C(O)C1O,sweet
COC1C(O)C(COP(O)(O)=S)OC1n1cnc2c(N)ncnc21,sweet
COC1C(O)C(COP(=O)(O)OP(=O)(O)O)OC1n1cnc2c(N)ncnc21,sweet
COC1C(O)C(COP(=O)(O)NP(=O)(O)O)OC1n1cnc2c(N)ncnc21,sweet
COC1C(O)C(COP(O)(=S)OP(=O)(O)O)OC1n1cnc2c(N)ncnc21,sweet
COC1C(O)C(COP(=O)(O)OP(O)(O)=S)OC1n1cnc2c(N)ncnc21,sweet
COC1C(O)C(COP(=O)(O)CP(=O)(O)O)OC1n1cnc2c(N)ncnc21,sweet
COc1cc(C2Oc3cc(O)cc(O)c3C(=O)C2OC2OC(C)C(O)C(O)C2O)ccc1O,sweet
COC1OC(COC(C)=O)C(O)C(OC(C)=O)C1O,sweet
COc1ccc(C2CC(=O)c3c(O)cc(OC4OC(CO)C(OC5OC(CO)C(O)C(O)C5O)C(O)C4O)cc3O2)cc1O,sweet
O=S1(=O)N=C([O-])c2ccccc21.O=S1(=O)N=C([O-])c2ccccc21.[Zn+2],sweet
Nc1ncnc2c1ncn2C1OC(COP(=O)([O-])OP(N)(=O)[O-])C(O)C1O,sweet
CC(NC(=O)C(N)CCCCN)C(=O)NC(Cc1ccccc1)C(=O)O,sweet
OCCC1CC(O)C(O)C2(CCCO2)O1,sweet
CCOP(=O)(CC(O)C1OC(n2cnc3c(N)ncnc32)C(O)C1O)OCC,sweet
Nc1ncnc2c1ncn2C1OC(C(O)CP(=O)(O)O)C(O)C1O,sweet
CCC(C)C(NC(=O)C(N)C(C)C)C(=O)NC(Cc1ccccc1)C(=O)NC(CC(C)C)C(=O)NC(C)C(=O)NC(CC(=O)O)C(=O)NC(C(=O)NC(CCCCN)C(=O)O)C(C)C,sweet
CC1OC(Oc2c(O)ccc3c(=O)c(O)c(-c4ccc(O)c(O)c4)oc23)C(O)C(O)C1O,sweet
COC(=O)CC(C(=O)NC(Cc1ccccc1)C(=O)OC)N1CC(Cl)=C(Cl)C1=O,sweet
COc1cc(C2CC(=O)c3c(O)cc(O)cc3O2)ccc1OC1OC(COC(=O)CC(C)(O)CC(=O)O)C(O)C(O)C1O,sweet
CCCCCCCCOCC1OC(CO)(OC2OC(CO)C(O)C(O)C2O)C(O)C1O,sweet
CCCCCCCCOCC1OC(O)C(O)C(O)C1O,sweet
OCCCOCC1OC(OCC2OC(OCCCO)C(OCCCO)C(OCCCO)C2OCCCO)C(OCCCO)C(OCCCO)C1OCCCO,sweet
OCCCOCCOCC1OC(OCCOCCCO)C(OCCOCCCO)C(OCCOCCCO)C1OCCOCCCO,sweet
CCCCCCCCOC1OC(COC2OC(C(O)CO)C(O)C2O)C(O)C(O)C1O,sweet
Cc1cc(=O)c2c(O)cc(OC3OC(COC(=O)C=Cc4ccc(OC5OC(CO)C(O)C(O)C5O)c(O)c4)C(O)C(O)C3O)cc2o1,sweet
CC1(C(=O)O)CCC2(C)CCC3(C)C(=CC(=O)C4C5(C)CCC(OC6OC(C(=O)O)C(O)C(OC7OCC(O)C(O)C7O)C6OC6OC(CO)C(O)C(O)C6O)C(C)(C)C5CCC43C)C2C1,sweet
COC(=O)C1(C)CCC2(C)CCC3(C)C(=CC(=O)C4C5(C)CCC(OC6OC(C(=O)O)C(O)C(OC7OCC(O)C(O)C7O)C6OC6OC(CO)C(O)C(O)C6O)C(C)(C)C5CCC43C)C2C1,sweet
COC(=O)C1(C)CCC2(C)CCC3(C)C(=CC(=O)C4C5(C)CCC(OC6OC(C(=O)O)C(O)C(OC7OCC(OC(C)=O)C(OC(C)=O)C7OC(C)=O)C6OC6OC(COC(C)=O)C(OC(C)=O)C(OC(C)=O)C6OC(C)=O)C(C)(C)C5CCC43C)C2C1,sweet
CCCCOC(=O)C1OC(OC2CCC3(C)C(CCC4(C)C3CC=C3C5CC(C)(C)CCC5(C(=O)OC5OC(CO)C(O)C(O)C5O)CCC34C)C2(C)C)C(OC2OC(CO)C(O)C(O)C2O)C(OC2OC(CO)C(O)C(O)C2O)C1O,sweet
CCCCOC(=O)C1OC(OC2CCC3(C)C(CCC4(C)C3CC=C3C5CC(C)(C)CCC5(C(=O)O)CCC34C)C2(C)C)C(OC2OC(CO)C(O)C(O)C2O)C(OC2OC(CO)C(O)C(O)C2O)C1O,sweet
COC(=O)C1OC(OC2CCC3(C)C(CCC4(C)C3CC=C3C5CC(C)(C)CCC5(C(=O)OC5OC(CO)C(O)C(O)C5O)CCC34C)C2(C)C)C(OC2OC(CO)C(O)C(O)C2O)C(OC2OC(CO)C(O)C(O)C2O)C1O,sweet
CCCCOC(=O)C1OC(OC2CCC3(C)C(CCC4(C)C3CC=C3C5CC(C)(C)CCC5(C(=O)OC5OC(CO)C(O)C(O)C5O)CCC34C)C2(C)C)C(O)C(OC2OC(CO)C(O)C(O)C2O)C1O,sweet
CCCCC(C(=O)OC)N(C)C(=O)C(N)Cc1ccccc1,sweet
CCOC(=O)CC(NC(=O)C(N)Cc1ccccc1)C(=O)OCC,sweet
CC(NC(=O)C(CCCCN)NC(=O)C(Cc1ccccc1)NC(=O)C(N)CC(=O)O)C(=O)NCC(=O)O,sweet
CC(NC(=O)C(CCCCN)NC(=O)C(NC(=O)C(N)CC(=O)O)C(C)C)C(=O)NC(Cc1ccccc1)C(=O)O,sweet
CC1OC(OC2C(OC3CCC4(C)C(CCC5(C)C4CC=C4C6CC(C)(C)CCC6(O)C(=O)CC45C)C3(C)C)OC(C(=O)O)C(O)C2O)C(O)C(O)C1O,sweet
COC(=O)CNC(=O)C1(NC(Cc2ccccc2)C(=O)O)CCCCC1,sweet
COC(=O)CNC(=O)C(Cc1ccccc1)NC1(C(=O)O)CCCCC1,sweet
COC(=O)CNC(=O)C1(NC(Cc2ccccc2)C(=O)OC)CCCCC1,sweet
CCOC(=O)CNC(=O)C1(NC(Cc2ccccc2)C(=O)O)CCCCC1,sweet
COC(=O)CNC(=O)C(Cc1ccccc1)NC1(C(=O)OC)CCCCC1,sweet
COC(=O)C1(C)C(OC2OC(C(=O)O)C(O)C(OC3OCC(O)C(O)C3OC3OCC(O)C(O)C3O)C2OC2OC(CO)C(O)C(O)C2O)CCC2(C)C1CCC1(C)C2CC=C2C3CC(C)(C)CC(O)C3(CO)C(O)CC21C,sweet
CC1(C)CCC2(C(=O)OC3OC(COC4OC(CO)C(O)C(O)C4O)C(O)C(O)C3O)CCC3(C)C(=CCC4C5(C)CCC(OC6OC(C(=O)O)C(O)C(O)C6OC6OC(CO)C(O)C(O)C6O)C(C)(CO)C5CCC43C)C2C1,sweet
CC1(C)CCC2(C(=O)OC3OC(COC4OC(CO)C(O)C(O)C4O)C(O)C(O)C3O)CCC3(C)C(=CCC4C5(C)CCC(OC6OC(C(=O)O)C(O)C(O)C6OC6OC(CO)C(O)C(O)C6O)C(C)(C)C5CCC43C)C2C1,sweet
CC1OC(OC2C(OC3CCC4(C)C(CCC5(C)C4CC=C4C6CC(C)(C)CCC6(C(=O)OC6OC(COC7OC(CO)C(O)C(O)C7O)C(O)C(O)C6O)CCC45C)C3(C)CO)OC(C(=O)O)C(O)C2O)C(O)C(O)C1O,sweet
CC1(C)CCC2(C(=O)O)C(O)CC3(C)C(=CCC4C5(C)CCC(OC6OC(C(=O)O)C(OC7OCC(O)C(O)C7O)C(O)C6O)C(C)(CO)C5CCC43C)C2C1,sweet
COC(=O)C1OC(OC2CCC3(C)C(CCC4(C)C3CC=C3C5CC(C)(C)CCC5(C(=O)O)C(O)CC34C)C2(C)CO)C(O)C(O)C1O,sweet
CC1(C)CCC2C(=O)CC3(C)C(=CCC4C5(C)CCC(OC6OC(C(=O)O)C(OC7OCC(O)C(O)C7O)C(O)C6O)C(C)(CO)C5CCC43C)C2C1,sweet
COc1cc(-c2oc3cc(O)cc(O)c3c(=O)c2OC2OC(COC3OC(CO)C(O)C(O)C3O)C(O)C(O)C2O)cc(OC)c1O,sweet
COC(=O)C(Cc1ccccc1)NC(=O)C(CC(C)C)NC(=O)C(N)C(C)C,sweet
COC(=O)C(Cc1ccccc1)NC(=O)C(NC(=O)C(N)C(C)C)C(C)C,sweet
COC(=O)C(Cc1ccccc1)NC(=O)C(Cc1ccccc1)NC(=O)C(N)C(C)C,sweet
CCC(N)C(=O)NC(CC(C)C)C(=O)NC(Cc1ccccc1)C(=O)OC,sweet
CCC(N)C(=O)NC(C(=O)NC(Cc1ccccc1)C(=O)OC)C(C)C,sweet
CNC(C(=O)NC(CC(C)C)C(=O)NC(Cc1ccccc1)C(=O)OC)C(C)C,sweet
OC1OC2(COC3(CO2)OC(O)C(O)C3O)C(O)C1O,sweet
CC1OC(OC2C(O)CC(OC3C(O)CC(O)OC3C)OC2C)CC(O)C1O,sweet
COC1OC(C(O)O)C(O)C(O)C1O,sweet
CC1OC(OC2C(O)CC(O)OC2C)CC(O)C1O,sweet
COc1c(OC2OC(CO)C(O)C(O)C2O)cc2occ(-c3ccc(OC4OC(CO)C(O)C(O)C4O)cc3)c(=O)c2c1O,sweet
CC1OC(OC2C(c3c(O)cc4oc(-c5ccc(O)c(O)c5)cc(=O)c4c3O)OC(CO)C(O)C2O)C(O)C(O)C1O,sweet
C.CC1OC(Oc2cc(O)c3c(=O)c(O)c(-c4ccc(O)c(O)c4)oc3c2)C(O)C(O)C1O,sweet
OCC1OC(OCC2(O)C(O)COC2O)C(O)C(O)C1O,sweet
OCC1OC(OCC2(O)OCC(O)C2O)C(O)C(O)C1O,sweet
Nc1ncnc2c1ncn2C1OC(COP(=O)(O)OP(=O)=O)C(O)C1O,sweet
Nc1ncnc2c1ncn2C1OC(COP(=O)=O)C(O)C1O,sweet
Nc1ncnc2c1ncn2C1OC(COP(=O)(O)OP(=O)=O)C(O)C1OP(=O)(O)O,sweet
O=P(=O)[O-],undefined
COc1ccc(-c2coc3cc(OC4OC(CO)C(O)C(O)C4O)cc(O)c3c2=O)cc1O,sweet
CSCC(C=O)=Cc1ccccc1,undefined
c1cnc(CC2CCCCC2)cn1,undefined
CC=CC(=O)OC(C)(C)Cc1ccccc1,undefined
CC1=C(O)C(=O)CC1.CC1CCC(=O)C1=O,sweet
Nc1ncnc2c1ncn2C1CC(O)C(COP(=O)(O)OP(=O)([O-])OP(=O)([O-])O)O1,sweet
OCC1OC(O)C(O)C(O)C1O.OCCOCC1OC(OCCO)C(OCCO)C(OCCO)C1OCCO,sweet
O=C1NS(=O)(=O)c2c1cccc2-c1ccccc1,sweet
O=C1NS(=O)(=O)c2c(I)cccc21,sweet
COc1cc(-c2cc(=O)c3cc(OC4OC(C)C(O)C(O)C4O)c(O)cc3o2)ccc1O,sweet
C[S+](C)CCC(N)C(=O)O,undefined
OCC1OC(O)(CO)C(O)C1O.OCC1OC(OC2(CO)OC(CO)C(O)C2O)C(O)C(O)C1O,sweet
CCc1nc(C)cnc1C.CCc1ncc(C)nc1C,undefined
CC=CC(=O)OCCC=CCC,undefined
COC(=O)C1OC(OC2CCC3(C)C(CCC4(C)C3CC=C3C5CC(C)(C)CCC5(C(=O)O)CCC34C)C2(C)C)C(O)C(OC2OC(CO)C(O)C(O)C2O)C1O,sweet
CCC(C)C(N)C(=O)NC(CC(N)=O)C(=O)NC(Cc1ccccc1)C(=O)O,sweet
COC(=O)C(Cc1ccccc1)NC(=O)CNC(=O)Cc1ccccc1,sweet
CCCC[NH+](CCCC)CCCC.Nc1ncnc2c1ncn2C1OC(COP(=O)([O-])O)C(O)C1O,sweet
CC[NH+](CC)CC.Nc1ncnc2c1ncn2C1OC(COP(=O)([O-])O)C(O)C1O,sweet
CC1OC(Oc2cc(O)c3c(=O)c(O)c(-c4ccc(OC5C(CO)OC(OC6C(C)OC(O)C(O)C6O)C(O)C5O)c(O)c4)oc3c2)C(O)C(O)C1O,sweet
CCCCCCCCCCCCCCC(O)C(O)C(O)COC1OC(C)C(O)C(O)C1O,sweet
CCC[CH2][Sn]([CH2]CCC)([CH2]CCC)[O]CC1OC([O][Sn]([CH2]CCC)([CH2]CCC)[CH2]CCC)C(O)C(O)C1[O][Sn]([CH2]CCC)([CH2]CCC)[CH2]CCC,sweet
CCC[CH2][Sn]1([CH2]CCC)[O]C2C(O)OC(CO)C(O)C2[O]1,sweet
OCC(O)C1[O][Sb][O]C1C(O)CO,sweet
C[CH2][Sn]1([CH2]C)[O]C2C(O)OC(CO)C(O)C2[O]1,sweet
O=CC(O)C(O)C1[O][Sb][O]C1CO,sweet
OCC(O)C(O)C1[O][Sb][O]C1CO,sweet
[CH3][Sn]1([CH3])[O]C2C(O)OC(CO)C(O)C2[O]1,sweet
OCC(O)C(O)C(O)C1C[O][Sb][O]1,sweet
CC(C)[O-].CC(C)[O-].CC(C)[O-].CC(C)[O-].CC(C)[O][Al]([O]C(=O)C1(C)CCC2(C)CCC3(C)C(=CC(=O)C4C5(C)CC(OC6OC(C(=O)[O-])C(OC7OC(C(=O)[O-])C(O)C(O)C7O)C(O)C6O)CC(C)(C)C5CCC43C)C2C1)[O]C(C)C.[Al+3].[Al+3],sweet
CC(C)[O][Al]([O]C(=O)C1(C)CCC2(C)CCC3(C)C(=CC(=O)C4C5(C)CC(OC6OC(C(=O)O)C(OC7OC(C(=O)O)C(O)C(O)C7O)C(O)C6O)CC(C)(C)C5CCC43C)C2C1)[O]C(C)C,sweet
O=C1c2ccccc2S(=O)(=O)[N]1[Hg],sweet
CCC[CH2][Sn]1([CH2]CCC)[O]C2OC(C)C(O)C(O)C2[O]1,sweet
CCC[CH2][Sn]1([CH2]CCC)[O]CC2OC(OC)C(O)C(O)C2[O]1,sweet
CCC[CH2][Sn]1([CH2]CCC)[O]C2C(CO)OC(OC)C(O)C2[O]1,sweet
O=c1c(O)c(-c2ccc(OC3OC(CO)C(OC4OC(CO)C(O)C(O)C4O)C(O)C3O)c(O)c2)oc2cc(O)cc(O)c12,sweet
CC1OC(OC2C(Oc3ccc4c(=O)cc(-c5ccc(O)c(O)c5)oc4c3)OC(CO)C(O)C2O)C(O)C(O)C1O,sweet
O=c1cc(-c2ccc(O)c(O)c2)oc2cc(OC3OCC(O)C(O)C3O)c(C3OC(CO)C(O)C(O)C3O)c(O)c12,sweet
COC(OC)C1OC(C)(C)OC1C(Cl)C(O)CO,sweet
OCC1OC(OC2(CCl)OC(CCl)C(O)C2O)C(Cl)C(O)C1Cl,sweet
Nc1ncnc2c1ncn2C1OC(CO)C(OCP(=O)(O)O)C1O,sweet
CC1CCC(C(C)C)C(OCC(C)(O)CO)C1,undefined
CC1OC(OC2C(OC3C(OC4CCC5(C)C(CCC6(C)C5CC=C5C7CC(C)(C)CC(O)C7(C)C(O)CC56C)C4(C)C)OC(C(=O)O)C(O)C3O)OC(CO)C(O)C2O)C(O)C(O)C1O,sweet
CC1OC(OC2C(OC3C(OC4CCC5(C)C(CCC6(C)C5CC=C5C7CC(C)(C)CC(O)C7(C)C(=O)CC56C)C4(C)C)OC(C(=O)O)C(O)C3O)OC(CO)C(O)C2O)C(O)C(O)C1O,sweet
CC1OC(OC2C(OC3C(OC4CCC5(C)C(CCC6(C)C5CC=C5C7CC(C)(C)CC(O)C7(C)C(=O)CC56CO)C4(C)C)OC(C(=O)O)C(O)C3O)OC(CO)C(O)C2O)C(O)C(O)C1O,sweet
CC1OC(OC2C(OC3C(OC4CCC5(C)C(CCC6(C)C5CC=C5C7CC(C)(C)CC(O)C7(C)C(=O)CC56C)C4(C)C)OC(C(=O)O)C(O)C3O)OCC(O)C2O)C(O)C(O)C1O,sweet
COCCC1OCC2OCC(O)C(O)C2O1,sweet
CP(=O)(O)OP(=O)(O)OCC1OC(n2cnc3c(N)ncnc32)C(O)C1O,sweet
COP(=O)(O)OP(=O)(O)OCC1OC(n2cnc3c(N)ncnc32)C(O)C1OP(=O)(O)O,sweet
COC(=O)C1OC(OC2CCC3(C)C(CCC4(C)C3CC=C3C5CC(C)(C)CC(=O)C5(C)CCC34C)C2(C)CO)C(OC2OC(CO)C(O)C(O)C2OC2OC(CO)C(O)C(O)C2O)C(O)C1O,sweet
CC(=O)OCC1OC(OC2(CO)OC(CO)C(O)C2O)C(O)C(O)C1Cl,sweet
CC(=O)OCC1OC(OC2(CO)OC(CCl)C(O)C2O)C(O)C(O)C1O,sweet
CC(=O)OCC1OC(OC2(CCl)OC(CO)C(O)C2O)C(O)C(O)C1O,sweet
CC(=O)OCC1OC(OC2(CO)OC(CCl)C(O)C2O)C(O)C(O)C1Cl,sweet
CC(=O)OCC1OC(OC2(CCl)OC(CCl)C(O)C2O)C(O)C(O)C1O,sweet
OCC1OC(OC2(CCl)OC(O)(CCl)C(O)C2Cl)C(O)C(Cl)C1O,sweet
C#CCOC1OC(CO)C(O)C(O)C1O,sweet
COc1cc(-c2oc3cc(O)cc(O)c3c(=O)c2OCC2OC(OC3OC(C)C(O)C(O)C3O)C(O)C(O)C2O)ccc1O,sweet
CC[N+](CC)(CC)SP1(=O)OCC2OC(n3cnc4c(N)ncnc43)C(O)C2O1,sweet
Nc1ncnc2c1nc(Cl)n2C1OC2COP(=O)([S-])OC2C1O,sweet
Nc1ncnc2c1nc(Cl)n2C1OC2COP(O)(=S)OC2C1O,sweet
OCC1OC(OC2(CO)OC(O)(CO)C(O)C2O)C(O)C(O)C1O,sweet
NC(=O)c1ccccc1S(=O)(=O)Cl,sweet
CCOc1c([N+](=O)[O-])cc(N)cc1[N+](=O)[O-],sweet
CCCCCCCCCCCCOC(=O)CC1C(=O)NCCN1C(=O)CCc1ccccc1,sweet
CCCCCCCCCCCCOC(=O)CC1C(=O)NCCN1C(=O)Cc1ccccc1,sweet
CCCCCCCCCCOC(=O)CC1C(=O)NCCN1C(=O)CCc1ccccc1,sweet
CCCCCCCCCCOC(=O)CC1C(=O)NCCN1C(=O)Cc1ccccc1,sweet
CCCOc1ccc(NC(=O)Nc2ccc(OCCC)cc2)cc1,sweet
NC(Cc1ccccc1)C(=O)NC(CC(=O)O)C(=O)NC(CC(=O)O)C(=O)O,sweet
OC1COCC(OC2OCC(O)C(O)C2O)C1O,sweet
CC1(O)OCC(O)C(O)C1O,sweet
COc1ccc(CCC(=O)c2c(O)cc(OC3C(OC4C(O)OC(CO)C(O)C4O)OC(C)C(O)C3O)cc2O)cc1O,sweet
CC1(C)CCC2(C(=O)OC3OC(CO)C(O)C(O)C3O)C(O)CC3(C)C(=CCC4C5(C)CCC(OC6OC(C(=O)O)C(O)C(O)C6O)C(C)(C)C5CCC43C)C2C1,sweet
CC1(OC2OC(CO)C(O)C(O)C2O)OC(CO)C(O)C(O)C1O,sweet
CC1(OC2(C)OC(CO)C(O)C(O)C2O)OC(CO)C(O)C(O)C1O,sweet
Nc1ncnc2c1ncn2C1OCC(OP(=O)(O)O)C1O,sweet
CNc1nc2c(N)ncnc2n1C1OC2COP(=O)([O-])OC2C1O,sweet
Nc1ncnc2c1nc(N1CCCCC1)n2C1OC2COP(=O)([O-])OC2C1O,sweet
O=CC(O)C(O)C(O)C(O)CO.O=CO,sweet
CCC(=O)O.O=CC(O)C(O)C(O)C(O)CO,sweet
CC(NC(=O)C(CC(=O)O)NC(=O)C(N)CO)C(=O)NC(C(=O)NC(Cc1ccccc1)C(=O)O)C(C)C,sweet
CO.O=CC(O)C(O)C(O)C(O)CO.OCC(O)CO,sweet
[O-]B([O-])OC(C(O)CO)C(OC1OC(CO)C(O)C(O)C1O)C(O)CO,sweet
OCC(O)C(OB(O)O)C(OC1OC(CO)C(O)C(O)C1O)C(O)CO,sweet
CC(N)C(=O)NC(Cc1ccccc1)C(=O)NC(CC(=O)O)C(=O)NC(C(=O)NC(C(=O)NCC(=O)O)C(C)C)C(C)C,sweet
CC(C)(C)OC(=O)NC(CC(=O)OC1CCCCC1)C(=O)NC(Cc1ccccc1)C(=O)O,sweet
COC(=O)C(Cc1ccccc1)NC(=O)C(Cc1ccccc1)NC(=O)C(N)CC(=O)O,sweet
O=CC(OF)C(O)CC(O)CO,sweet
O=CC(CC(O)C(O)CO)OF,sweet
COC(=O)C(CC(C)C)NC(=O)C(Cc1ccccc1)NC(=O)C(C)(C)N,sweet
OCCCC(O)C(O)CO.OCCCCO,sweet
O=S([O-])NC1CCCCC1,sweet
CCC(C)C(NC(=O)C(Cc1ccccc1)NC(=O)C(CC(=O)O)NC(C)=O)C(=O)NCC(=O)OC,sweet
CCC(C)C(NC(=O)C(Cc1ccccc1)NC(=O)C(CC(=O)O)NC(C)=O)C(=O)NCC(=O)O,sweet
C=C1CC23CCC4C(C)(C(=O)OC5OC(CO)C(O)C(O)C5OS(=O)(=O)[O-])CCCC4(C)C2CCC1(OC1OC(CO)C(O)C(O)C1OC1OC(CO)C(O)C(O)C1O)C3,sweet
C=C1CC23CCC4C(C)(C(=O)OC5OC(CO)C(O)C(O)C5OS(=O)(=O)O)CCCC4(C)C2CCC1(OC1OC(CO)C(O)C(O)C1OC1OC(CO)C(O)C(O)C1O)C3,sweet
OCC1OC(OC2(CO)OC(O)C(O)C(O)C2O)C(O)C(O)C1O,sweet
OCC(O)C(O)C(OC1OC(CO)C(O)C(O)C1O)C(O)CO.OCC(O)CO,sweet
Nc1ncnc2c1ncn2C1(P(=O)(O)O)OC(CO)C(O)C1O,sweet
OCC(O)C(O)C(O)C(O)C1OC(O)C(O)C(O)C1O,sweet
COC(=O)CCN(C(=O)C(N)CC(C)C)C(Cc1ccccc1)C(=O)O,sweet
COC(=O)C(C)CN(C(=O)C(N)CC(C)C)C(Cc1ccccc1)C(=O)O,sweet
COC(=O)CC(N)C(=O)N(C=O)C(Cc1ccccc1)C(=O)O,sweet
CCOC1C(O)C(O)C(O)OC1(C)C,sweet
C=O.CC(C)CC(N)C(=O)NC(Cc1ccccc1)C(=O)O,sweet
COC(=O)C(Cc1ccccc1)N(CCNC(C)=O)C(=O)C1CCCC1,sweet
NC(=O)Nc1ccc(Oc2ccc(N)cc2)cc1,sweet
C=COCCOC1OC(CO)C(O)C(O)C1O,sweet
COC(=O)OC1OC(CO)C(O)C(O)C1O,sweet
CC(C)OC(=O)OC1OC(CO)C(O)C(O)C1O,sweet
COCCOC(=O)OC1OC(CO)C(O)C(O)C1O,sweet
CCOC(OCC)OC1C([O-])OC(CO)C(O)C1O,sweet
CCOC(OCC)OC1C(O)OC(CO)C(O)C1O,sweet
COC(=O)C(Cc1ccccc1)N(Cl)C(=O)C(N)CC(=O)O,sweet
OCC1OC(O)C(O)(F)C(O)C1O,sweet
CC(N)C(=O)NC(CC(N)=O)C(=O)NC(Cc1ccccc1)C(=O)NC(C)C(=O)NC(CCCCN)C(=O)O,sweet
NC(CC(=O)O)C(=O)NC(Cc1ccccc1)C(=O)[O-],sweet
[O-]B([O-])OCC(O)C(O)C(O)C(O)CO,sweet
OCC(O)C(O)C(O)C(O)COB(O)O,sweet
N#Cc1cccc2c1S(=O)(=O)NC2=O,sweet
O=CC(OOOF)C(O)C(O)C(O)CO,sweet
OCC1OC(O[S-])C(O)C(O)C1O.[Au+],sweet
OCC1OC(OS)C(O)C(O)C1O,sweet
CCCCOCC1OC([O-])C(OC)C(O)C1O,sweet
CCCCOCC1OC(O)C(OC)C(O)C1O,sweet
CC(O)OCC(OC(C)O)C(O)C(O)C(O)CO,sweet
O=CCC(O)C(O)C(O)C(=O)O,sweet
OCCOC(CO)C(O)C1(OC2OC(CO)C(O)C(O)C2O)OC(CO)C(O)C1O,sweet
CCC(S)SC(S)CC,undefined
O=CC(O)C(O)C(O)C(O)CO.OCC(O)C(O)C(O)C(O)CO,sweet
NC(=O)CCC(N)C(=O)NC(Cc1ccccc1)C(=O)O,sweet
CC(N)C(=O)NC(CCC(N)=O)C(=O)NC(Cc1ccccc1)C(=O)O,sweet
CC(N)C(=O)NC(CCCCN)C(=O)NC(Cc1ccccc1)C(=O)O,sweet
CC(N)C(=O)NC(Cc1ccccc1)C(=O)NC(CC(N)=O)C(=O)O,sweet
CC(N)C(=O)NC(Cc1ccccc1)C(=O)NC(CC(=O)O)C(=O)O,sweet
CC(N)C(=O)NC(CO)C(=O)NC(Cc1ccccc1)C(=O)O,sweet
CC(N)C(=O)NC(C(=O)NC(Cc1ccccc1)C(=O)O)C(C)C,sweet
NC(N)=NCCCC(N)C(=O)NC(CC(=O)O)C(=O)NC(Cc1ccccc1)C(=O)O,sweet
NC(=O)CC(N)C(=O)NC(CC(N)=O)C(=O)NC(Cc1ccccc1)C(=O)O,sweet
NC(=O)CC(N)C(=O)NC(CC(=O)O)C(=O)NC(Cc1ccccc1)C(=O)O,sweet
NC(=O)CCC(NC(=O)C(N)CC(N)=O)C(=O)NC(Cc1ccccc1)C(=O)O,sweet
NC(=O)CC(N)C(=O)NCC(=O)NC(Cc1ccccc1)C(=O)O,sweet
CCC(C)C(NC(=O)C(N)CC(N)=O)C(=O)NC(Cc1ccccc1)C(=O)O,sweet
CC(C)CC(NC(=O)C(N)CC(N)=O)C(=O)NC(Cc1ccccc1)C(=O)O,sweet
NCCCCC(NC(=O)C(N)CC(N)=O)C(=O)NC(Cc1ccccc1)C(=O)O,sweet
NC(=O)CC(N)C(=O)NC(Cc1ccccc1)C(=O)NC(CC(N)=O)C(=O)O,sweet
NC(=O)CC(N)C(=O)NC(Cc1ccccc1)C(=O)NC(CC(=O)O)C(=O)O,sweet
CCC(C)C(NC(=O)C(Cc1ccccc1)NC(=O)C(N)CC(N)=O)C(=O)O,sweet
CC(C)CC(NC(=O)C(Cc1ccccc1)NC(=O)C(N)CC(N)=O)C(=O)O,sweet
NCCCCC(NC(=O)C(Cc1ccccc1)NC(=O)C(N)CC(N)=O)C(=O)O,sweet
NC(=O)CC(N)C(=O)NC(CO)C(=O)NC(Cc1ccccc1)C(=O)O,sweet
CC(C)C(NC(=O)C(N)CC(N)=O)C(=O)NC(Cc1ccccc1)C(=O)O,sweet
CC(NC(=O)C(N)CC(=O)O)C(=O)NC(Cc1ccccc1)C(=O)O,sweet
NC(N)=NCCCC(NC(=O)C(N)CC(=O)O)C(=O)NC(Cc1ccccc1)C(=O)O,sweet
NC(=O)CC(NC(=O)C(N)CC(=O)O)C(=O)NC(Cc1ccccc1)C(=O)O,sweet
NC(CC(=O)O)C(=O)NC(CS)C(=O)NC(Cc1ccccc1)C(=O)O,sweet
NC(=O)CCC(NC(=O)C(N)CC(=O)O)C(=O)NC(Cc1ccccc1)C(=O)O,sweet
NC(CC(=O)O)C(=O)NCC(=O)NC(Cc1ccccc1)C(=O)O,sweet
CCC(C)C(NC(=O)C(N)CC(=O)O)C(=O)NC(Cc1ccccc1)C(=O)O,sweet
CC(NC(=O)C(Cc1ccccc1)NC(=O)C(N)CC(=O)O)C(=O)O,sweet
NC(CC(=O)O)C(=O)NC(Cc1ccccc1)C(=O)NC(CC(=O)O)C(=O)O,sweet
NC(CC(=O)O)C(=O)NC(Cc1ccccc1)C(=O)NC(CCC(=O)O)C(=O)O,sweet
NC(=O)CCC(NC(=O)C(Cc1ccccc1)NC(=O)C(N)CC(=O)O)C(=O)O,sweet
NC(CC(=O)O)C(=O)NC(Cc1ccccc1)C(=O)NCC(=O)O,sweet
CCC(C)C(NC(=O)C(Cc1ccccc1)NC(=O)C(N)CC(=O)O)C(=O)O,sweet
CC(C)CC(NC(=O)C(Cc1ccccc1)NC(=O)C(N)CC(=O)O)C(=O)O,sweet
NCCCCC(NC(=O)C(Cc1ccccc1)NC(=O)C(N)CC(=O)O)C(=O)O,sweet
NC(CC(=O)O)C(=O)NC(Cc1ccccc1)C(=O)NC(Cc1ccccc1)C(=O)O,sweet
NC(CC(=O)O)C(=O)NC(Cc1ccccc1)C(=O)NC(CO)C(=O)O,sweet
CC(C)C(NC(=O)C(Cc1ccccc1)NC(=O)C(N)CC(=O)O)C(=O)O,sweet
NC(CC(=O)O)C(=O)N1CCCC1C(=O)NC(Cc1ccccc1)C(=O)O,sweet
NC(CC(=O)O)C(=O)NC(CO)C(=O)NC(Cc1ccccc1)C(=O)O,sweet
CC(O)C(NC(=O)C(N)CC(=O)O)C(=O)NC(Cc1ccccc1)C(=O)O,sweet
NC(CS)C(=O)NC(CC(=O)O)C(=O)NC(Cc1ccccc1)C(=O)O,sweet
CC(NC(=O)C(N)CCC(N)=O)C(=O)NC(Cc1ccccc1)C(=O)O,sweet
NC(=O)CCC(N)C(=O)NC(CC(N)=O)C(=O)NC(Cc1ccccc1)C(=O)O,sweet
NC(=O)CCC(N)C(=O)NC(CC(=O)O)C(=O)NC(Cc1ccccc1)C(=O)O,sweet
NCC(=O)NC(CC(=O)O)C(=O)NC(Cc1ccccc1)C(=O)O,sweet
CCC(C)C(NC(=O)CN)C(=O)NC(Cc1ccccc1)C(=O)O,sweet
NCC(=O)NC(Cc1ccccc1)C(=O)NC(CC(N)=O)C(=O)O,sweet
NCC(=O)NC(Cc1ccccc1)C(=O)NC(CC(=O)O)C(=O)O,sweet
CCC(C)C(N)C(=O)NC(CC(=O)O)C(=O)NC(Cc1ccccc1)C(=O)O,sweet
CCC(C)C(N)C(=O)NCC(=O)NC(Cc1ccccc1)C(=O)O,sweet
CCC(C)C(N)C(=O)NC(Cc1ccccc1)C(=O)NC(CC(N)=O)C(=O)O,sweet
CCC(C)C(N)C(=O)NC(Cc1ccccc1)C(=O)NC(CC(=O)O)C(=O)O,sweet
CC(C)CC(N)C(=O)NC(CC(=O)O)C(=O)NC(Cc1ccccc1)C(=O)O,sweet
CC(C)CC(N)C(=O)NC(Cc1ccccc1)C(=O)NC(CC(N)=O)C(=O)O,sweet
CC(C)CC(N)C(=O)NC(Cc1ccccc1)C(=O)NC(CC(=O)O)C(=O)O,sweet
NCCCCC(N)C(=O)NC(CC(N)=O)C(=O)NC(Cc1ccccc1)C(=O)O,sweet
NCCCCC(N)C(=O)NC(CC(=O)O)C(=O)NC(Cc1ccccc1)C(=O)O,sweet
NCCCCC(N)C(=O)NC(Cc1ccccc1)C(=O)NC(CC(N)=O)C(=O)O,sweet
CSCCC(N)C(=O)NC(CC(=O)O)C(=O)NC(Cc1ccccc1)C(=O)O,sweet
CC(NC(=O)C(N)Cc1ccccc1)C(=O)NC(CC(=O)O)C(=O)O,sweet
NC(=O)CC(NC(=O)C(CC(N)=O)NC(=O)C(N)Cc1ccccc1)C(=O)O,sweet
NC(=O)CC(NC(=O)C(N)Cc1ccccc1)C(=O)NC(CC(=O)O)C(=O)O,sweet
CCC(C)C(NC(=O)C(CC(N)=O)NC(=O)C(N)Cc1ccccc1)C(=O)O,sweet
CC(C)CC(NC(=O)C(CC(N)=O)NC(=O)C(N)Cc1ccccc1)C(=O)O,sweet
CC(NC(=O)C(CC(=O)O)NC(=O)C(N)Cc1ccccc1)C(=O)O,sweet
NC(=O)CC(NC(=O)C(CC(=O)O)NC(=O)C(N)Cc1ccccc1)C(=O)O,sweet
NC(Cc1ccccc1)C(=O)NC(CC(=O)O)C(=O)NC(CCC(=O)O)C(=O)O,sweet
NC(Cc1ccccc1)C(=O)NC(CC(=O)O)C(=O)NCC(=O)O,sweet
CCC(C)C(NC(=O)C(CC(=O)O)NC(=O)C(N)Cc1ccccc1)C(=O)O,sweet
CC(C)CC(NC(=O)C(CC(=O)O)NC(=O)C(N)Cc1ccccc1)C(=O)O,sweet
NCCCCC(NC(=O)C(CC(=O)O)NC(=O)C(N)Cc1ccccc1)C(=O)O,sweet
NC(Cc1ccccc1)C(=O)NC(CC(=O)O)C(=O)NC(Cc1ccccc1)C(=O)O,sweet
NC(Cc1ccccc1)C(=O)NC(CC(=O)O)C(=O)NC(CO)C(=O)O,sweet
CC(C)C(NC(=O)C(CC(=O)O)NC(=O)C(N)Cc1ccccc1)C(=O)O,sweet
NC(=O)CC(NC(=O)CNC(=O)C(N)Cc1ccccc1)C(=O)O,sweet
NC(Cc1ccccc1)C(=O)NCC(=O)NC(CC(=O)O)C(=O)O,sweet
CCC(C)C(NC(=O)C(N)Cc1ccccc1)C(=O)NC(CC(N)=O)C(=O)O,sweet
CCC(C)C(NC(=O)C(N)Cc1ccccc1)C(=O)NC(CC(=O)O)C(=O)O,sweet
CC(C)CC(NC(=O)C(N)Cc1ccccc1)C(=O)NC(CC(N)=O)C(=O)O,sweet
CC(C)CC(NC(=O)C(N)Cc1ccccc1)C(=O)NC(CC(=O)O)C(=O)O,sweet
NCCCCC(NC(=O)C(N)Cc1ccccc1)C(=O)NC(CC(N)=O)C(=O)O,sweet
CC(C)C(NC(=O)C(N)Cc1ccccc1)C(=O)NC(CC(N)=O)C(=O)O,sweet
CC(C)C(NC(=O)C(N)Cc1ccccc1)C(=O)NC(CC(=O)O)C(=O)O,sweet
O=C(O)CC(NC(=O)C1CCCN1)C(=O)NC(Cc1ccccc1)C(=O)O,sweet
CC(NC(=O)C(N)CO)C(=O)NC(Cc1ccccc1)C(=O)O,sweet
NC(=O)CC(NC(=O)C(N)CO)C(=O)NC(Cc1ccccc1)C(=O)O,sweet
NC(CO)C(=O)NCC(=O)NC(Cc1ccccc1)C(=O)O,sweet
NC(CO)C(=O)NC(CO)C(=O)NC(Cc1ccccc1)C(=O)O,sweet
CC(NC(=O)C(N)C(C)C)C(=O)NC(Cc1ccccc1)C(=O)O,sweet
CC(C)C(N)C(=O)NC(CC(N)=O)C(=O)NC(Cc1ccccc1)C(=O)O,sweet
CC(C)C(N)C(=O)NC(CC(=O)O)C(=O)NC(Cc1ccccc1)C(=O)O,sweet
CC(C)CC(NC(=O)C(N)C(C)C)C(=O)NC(Cc1ccccc1)C(=O)O,sweet
CC(C)C(N)C(=O)NC(Cc1ccccc1)C(=O)NC(CC(N)=O)C(=O)O,sweet
CC(C)C(N)C(=O)NC(Cc1ccccc1)C(=O)NC(CC(=O)O)C(=O)O,sweet
CC(N)C(=O)NC(C)C(=O)NC(CC(N)=O)C(=O)NC(Cc1ccccc1)C(=O)O,sweet
CC(N)C(=O)NC(C)C(=O)NC(CC(=O)O)C(=O)NC(Cc1ccccc1)C(=O)O,sweet
CC(N)C(=O)NC(C)C(=O)NC(CCC(N)=O)C(=O)NC(Cc1ccccc1)C(=O)O,sweet
CC(N)C(=O)NC(C)C(=O)NCC(=O)NC(Cc1ccccc1)C(=O)O,sweet
CC(N)C(=O)NC(C)C(=O)NC(Cc1ccccc1)C(=O)NC(CC(N)=O)C(=O)O,sweet
CC(N)C(=O)NC(C)C(=O)NC(Cc1ccccc1)C(=O)NC(CC(=O)O)C(=O)O,sweet
CC(N)C(=O)NC(CCCN=C(N)N)C(=O)NC(CC(=O)O)C(=O)NC(Cc1ccccc1)C(=O)O,sweet
CC(N)C(=O)NC(CC(N)=O)C(=O)NC(C)C(=O)NC(Cc1ccccc1)C(=O)O,sweet
CC(N)C(=O)NC(CC(N)=O)C(=O)NC(CC(N)=O)C(=O)NC(Cc1ccccc1)C(=O)O,sweet
CC(N)C(=O)NC(CC(N)=O)C(=O)NC(CC(=O)O)C(=O)NC(Cc1ccccc1)C(=O)O,sweet
CC(N)C(=O)NC(CC(N)=O)C(=O)NC(CCC(N)=O)C(=O)NC(Cc1ccccc1)C(=O)O,sweet
CC(N)C(=O)NC(CC(N)=O)C(=O)NCC(=O)NC(Cc1ccccc1)C(=O)O,sweet
CCC(C)C(NC(=O)C(CC(N)=O)NC(=O)C(C)N)C(=O)NC(Cc1ccccc1)C(=O)O,sweet
CC(C)CC(NC(=O)C(CC(N)=O)NC(=O)C(C)N)C(=O)NC(Cc1ccccc1)C(=O)O,sweet
CC(N)C(=O)NC(CC(N)=O)C(=O)NC(CCCCN)C(=O)NC(Cc1ccccc1)C(=O)O,sweet
CC(N)C(=O)NC(CC(N)=O)C(=O)NC(Cc1ccccc1)C(=O)NC(CC(N)=O)C(=O)O,sweet
CC(N)C(=O)NC(CC(N)=O)C(=O)NC(Cc1ccccc1)C(=O)NC(CC(=O)O)C(=O)O,sweet
CC(N)C(=O)NC(CC(N)=O)C(=O)NC(Cc1ccccc1)C(=O)NC(Cc1ccccc1)C(=O)O,sweet
CC(N)C(=O)NC(CC(N)=O)C(=O)NC(CO)C(=O)NC(Cc1ccccc1)C(=O)O,sweet
CC(N)C(=O)NC(CC(N)=O)C(=O)NC(C(=O)NC(Cc1ccccc1)C(=O)O)C(C)C,sweet
CC(N)C(=O)NC(CC(=O)O)C(=O)NC(C)C(=O)NC(Cc1ccccc1)C(=O)O,sweet
CC(N)C(=O)NC(CC(=O)O)C(=O)NC(CCCN=C(N)N)C(=O)NC(Cc1ccccc1)C(=O)O,sweet
CC(N)C(=O)NC(CC(=O)O)C(=O)NC(CC(N)=O)C(=O)NC(Cc1ccccc1)C(=O)O,sweet
CC(N)C(=O)NC(CC(=O)O)C(=O)NC(CC(=O)O)C(=O)NC(Cc1ccccc1)C(=O)O,sweet
CC(N)C(=O)NC(CC(=O)O)C(=O)NC(CS)C(=O)NC(Cc1ccccc1)C(=O)O,sweet
CC(N)C(=O)NC(CC(=O)O)C(=O)NC(CCC(=O)O)C(=O)NC(Cc1ccccc1)C(=O)O,sweet
CC(N)C(=O)NC(CC(=O)O)C(=O)NC(CCC(N)=O)C(=O)NC(Cc1ccccc1)C(=O)O,sweet
CC(N)C(=O)NC(CC(=O)O)C(=O)NCC(=O)NC(Cc1ccccc1)C(=O)O,sweet
CCC(C)C(NC(=O)C(CC(=O)O)NC(=O)C(C)N)C(=O)NC(Cc1ccccc1)C(=O)O,sweet
CC(C)CC(NC(=O)C(CC(=O)O)NC(=O)C(C)N)C(=O)NC(Cc1ccccc1)C(=O)O,sweet
CC(N)C(=O)NC(CC(=O)O)C(=O)NC(CCCCN)C(=O)NC(Cc1ccccc1)C(=O)O,sweet
CC(N)C(=O)NC(CC(=O)O)C(=O)NC(Cc1ccccc1)C(=O)NC(C)C(=O)O,sweet
CC(N)C(=O)NC(CC(=O)O)C(=O)NC(Cc1ccccc1)C(=O)NC(CC(N)=O)C(=O)O,sweet
CC(N)C(=O)NC(CC(=O)O)C(=O)NC(Cc1ccccc1)C(=O)NC(CC(=O)O)C(=O)O,sweet
CC(N)C(=O)NC(CC(=O)O)C(=O)NC(Cc1ccccc1)C(=O)NC(CCC(=O)O)C(=O)O,sweet
CC(N)C(=O)NC(CC(=O)O)C(=O)NC(Cc1ccccc1)C(=O)NC(CCC(N)=O)C(=O)O,sweet
CC(N)C(=O)NC(CC(=O)O)C(=O)NC(Cc1ccccc1)C(=O)NCC(=O)O,sweet
CCC(C)C(NC(=O)C(Cc1ccccc1)NC(=O)C(CC(=O)O)NC(=O)C(C)N)C(=O)O,sweet
CC(C)CC(NC(=O)C(Cc1ccccc1)NC(=O)C(CC(=O)O)NC(=O)C(C)N)C(=O)O,sweet
CC(N)C(=O)NC(CC(=O)O)C(=O)NC(Cc1ccccc1)C(=O)NC(CCCCN)C(=O)O,sweet
CC(N)C(=O)NC(CC(=O)O)C(=O)NC(Cc1ccccc1)C(=O)NC(Cc1ccccc1)C(=O)O,sweet
CC(N)C(=O)NC(CC(=O)O)C(=O)NC(Cc1ccccc1)C(=O)NC(C(=O)O)C(C)C,sweet
CC(N)C(=O)NC(CC(=O)O)C(=O)N1CCCC1C(=O)NC(Cc1ccccc1)C(=O)O,sweet
CC(N)C(=O)NC(CC(=O)O)C(=O)NC(CO)C(=O)NC(Cc1ccccc1)C(=O)O,sweet
CC(N)C(=O)NC(CC(=O)O)C(=O)NC(C(=O)NC(Cc1ccccc1)C(=O)O)C(C)O,sweet
CC(N)C(=O)NC(CC(=O)O)C(=O)NC(C(=O)NC(Cc1ccccc1)C(=O)O)C(C)C,sweet
CC(N)C(=O)NC(CS)C(=O)NC(CC(=O)O)C(=O)NC(Cc1ccccc1)C(=O)O,sweet
CC(N)C(=O)NC(CCC(=O)O)C(=O)NC(CC(=O)O)C(=O)NC(Cc1ccccc1)C(=O)O,sweet
CC(N)C(=O)NC(CCC(N)=O)C(=O)NC(C)C(=O)NC(Cc1ccccc1)C(=O)O,sweet
CC(N)C(=O)NC(CCC(N)=O)C(=O)NC(CC(N)=O)C(=O)NC(Cc1ccccc1)C(=O)O,sweet
CC(N)C(=O)NC(CCC(N)=O)C(=O)NC(CC(=O)O)C(=O)NC(Cc1ccccc1)C(=O)O,sweet
CC(N)C(=O)NC(CCC(N)=O)C(=O)NCC(=O)NC(Cc1ccccc1)C(=O)O,sweet
CC(N)C(=O)NC(CCC(N)=O)C(=O)NC(Cc1ccccc1)C(=O)NC(CC(N)=O)C(=O)O,sweet
CC(N)C(=O)NCC(=O)NC(C)C(=O)NC(Cc1ccccc1)C(=O)O,sweet
CC(N)C(=O)NCC(=O)NC(CC(N)=O)C(=O)NC(Cc1ccccc1)C(=O)O,sweet
CC(N)C(=O)NCC(=O)NC(CCC(N)=O)C(=O)NC(Cc1ccccc1)C(=O)O,sweet
CC(N)C(=O)NCC(=O)NCC(=O)NC(Cc1ccccc1)C(=O)O,sweet
CC(N)C(=O)NCC(=O)NC(CCCCN)C(=O)NC(Cc1ccccc1)C(=O)O,sweet
CC(N)C(=O)NCC(=O)NC(Cc1ccccc1)C(=O)NC(CC(N)=O)C(=O)O,sweet
CC(N)C(=O)NCC(=O)NC(Cc1ccccc1)C(=O)NC(CC(=O)O)C(=O)O,sweet
CCC(C)C(NC(=O)C(C)N)C(=O)NC(CC(N)=O)C(=O)NC(Cc1ccccc1)C(=O)O,sweet
CCC(C)C(NC(=O)C(C)N)C(=O)NC(CC(=O)O)C(=O)NC(Cc1ccccc1)C(=O)O,sweet
CCC(C)C(NC(=O)C(C)N)C(=O)NC(Cc1ccccc1)C(=O)NC(CC(N)=O)C(=O)O,sweet
CC(C)CC(NC(=O)C(C)N)C(=O)NC(CC(N)=O)C(=O)NC(Cc1ccccc1)C(=O)O,sweet
CC(C)CC(NC(=O)C(C)N)C(=O)NC(CC(=O)O)C(=O)NC(Cc1ccccc1)C(=O)O,sweet
CC(C)CC(NC(=O)C(C)N)C(=O)NC(Cc1ccccc1)C(=O)NC(CC(N)=O)C(=O)O,sweet
CC(N)C(=O)NC(CCCCN)C(=O)NC(CC(=O)O)C(=O)NC(Cc1ccccc1)C(=O)O,sweet
CC(N)C(=O)NC(CCCCN)C(=O)NCC(=O)NC(Cc1ccccc1)C(=O)O,sweet
CC(N)C(=O)NC(CCCCN)C(=O)NC(Cc1ccccc1)C(=O)NC(CC(N)=O)C(=O)O,sweet
CC(N)C(=O)NC(CCCCN)C(=O)NC(Cc1ccccc1)C(=O)NC(CC(=O)O)C(=O)O,sweet
CC(N)C(=O)NC(Cc1ccccc1)C(=O)NC(C)C(=O)NC(CC(N)=O)C(=O)O,sweet
CC(N)C(=O)NC(Cc1ccccc1)C(=O)NC(C)C(=O)NC(CC(=O)O)C(=O)O,sweet
CC(N)C(=O)NC(Cc1ccccc1)C(=O)NC(CC(N)=O)C(=O)NC(CC(N)=O)C(=O)O,sweet
CC(N)C(=O)NC(Cc1ccccc1)C(=O)NC(CC(N)=O)C(=O)NC(CC(=O)O)C(=O)O,sweet
CC(N)C(=O)NC(Cc1ccccc1)C(=O)NC(CC(N)=O)C(=O)NC(CCCCN)C(=O)O,sweet
CC(N)C(=O)NC(Cc1ccccc1)C(=O)NC(CC(N)=O)C(=O)NC(Cc1ccccc1)C(=O)O,sweet
CC(N)C(=O)NC(Cc1ccccc1)C(=O)NC(CC(=O)O)C(=O)NC(C)C(=O)O,sweet
CC(N)C(=O)NC(Cc1ccccc1)C(=O)NC(CC(=O)O)C(=O)NC(CC(N)=O)C(=O)O,sweet
CC(N)C(=O)NC(Cc1ccccc1)C(=O)NC(CC(=O)O)C(=O)NC(CC(=O)O)C(=O)O,sweet
CC(N)C(=O)NC(Cc1ccccc1)C(=O)NC(CC(=O)O)C(=O)NC(CCC(=O)O)C(=O)O,sweet
CC(N)C(=O)NC(Cc1ccccc1)C(=O)NC(CC(=O)O)C(=O)NC(CCC(N)=O)C(=O)O,sweet
CC(N)C(=O)NC(Cc1ccccc1)C(=O)NC(CC(=O)O)C(=O)NCC(=O)O,sweet
CCC(C)C(NC(=O)C(CC(=O)O)NC(=O)C(Cc1ccccc1)NC(=O)C(C)N)C(=O)O,sweet
CC(C)CC(NC(=O)C(CC(=O)O)NC(=O)C(Cc1ccccc1)NC(=O)C(C)N)C(=O)O,sweet
CC(N)C(=O)NC(Cc1ccccc1)C(=O)NC(CC(=O)O)C(=O)NC(CCCCN)C(=O)O,sweet
CC(N)C(=O)NC(Cc1ccccc1)C(=O)NC(CC(=O)O)C(=O)NC(Cc1ccccc1)C(=O)O,sweet
CC(N)C(=O)NC(Cc1ccccc1)C(=O)NC(CC(=O)O)C(=O)NC(C(=O)O)C(C)C,sweet
CC(N)C(=O)NC(Cc1ccccc1)C(=O)NC(CCC(N)=O)C(=O)NC(CC(N)=O)C(=O)O,sweet
CC(N)C(=O)NC(Cc1ccccc1)C(=O)NCC(=O)NC(CC(N)=O)C(=O)O,sweet
CC(N)C(=O)NC(Cc1ccccc1)C(=O)NCC(=O)NC(CC(=O)O)C(=O)O,sweet
CCC(C)C(NC(=O)C(Cc1ccccc1)NC(=O)C(C)N)C(=O)NC(CC(N)=O)C(=O)O,sweet
CC(C)CC(NC(=O)C(Cc1ccccc1)NC(=O)C(C)N)C(=O)NC(CC(N)=O)C(=O)O,sweet
CC(N)C(=O)NC(Cc1ccccc1)C(=O)NC(CCCCN)C(=O)NC(CC(N)=O)C(=O)O,sweet
CC(N)C(=O)NC(Cc1ccccc1)C(=O)NC(CCCCN)C(=O)NC(CC(=O)O)C(=O)O,sweet
CC(N)C(=O)NC(Cc1ccccc1)C(=O)NC(CO)C(=O)NC(CC(N)=O)C(=O)O,sweet
CC(N)C(=O)NC(Cc1ccccc1)C(=O)NC(C(=O)NC(CC(N)=O)C(=O)O)C(C)C,sweet
CC(N)C(=O)NC(Cc1ccccc1)C(=O)NC(C(=O)NC(CC(=O)O)C(=O)O)C(C)C,sweet
CC(N)C(=O)N1CCCC1C(=O)NC(CC(=O)O)C(=O)NC(Cc1ccccc1)C(=O)O,sweet
CC(N)C(=O)NC(CO)C(=O)NC(CC(N)=O)C(=O)NC(Cc1ccccc1)C(=O)O,sweet
CC(N)C(=O)NC(CO)C(=O)NC(CC(=O)O)C(=O)NC(Cc1ccccc1)C(=O)O,sweet
CC(N)C(=O)NC(CO)C(=O)NC(Cc1ccccc1)C(=O)NC(CC(N)=O)C(=O)O,sweet
CC(N)C(=O)NC(C(=O)NC(CC(=O)O)C(=O)NC(Cc1ccccc1)C(=O)O)C(C)O,sweet
CC(N)C(=O)NC(C(=O)NC(CC(N)=O)C(=O)NC(Cc1ccccc1)C(=O)O)C(C)C,sweet
CC(N)C(=O)NC(C(=O)NC(CC(=O)O)C(=O)NC(Cc1ccccc1)C(=O)O)C(C)C,sweet
CC(N)C(=O)NC(C(=O)NC(Cc1ccccc1)C(=O)NC(CC(N)=O)C(=O)O)C(C)C,sweet
CC(N)C(=O)NC(C(=O)NC(Cc1ccccc1)C(=O)NC(CC(=O)O)C(=O)O)C(C)C,sweet
CC(NC(=O)C(N)CCCN=C(N)N)C(=O)NC(CC(=O)O)C(=O)NC(Cc1ccccc1)C(=O)O,sweet
CC(NC(=O)C(CC(=O)O)NC(=O)C(N)CCCN=C(N)N)C(=O)NC(Cc1ccccc1)C(=O)O,sweet
NC(N)=NCCCC(N)C(=O)NC(CC(=O)O)C(=O)NCC(=O)NC(Cc1ccccc1)C(=O)O,sweet
CC(C)C(NC(=O)C(N)CC(N)=O)C(=O)NC(C(=O)NC(Cc1ccccc1)C(=O)O)C(C)C,sweet
CC(NC(=O)C(N)CC(=O)O)C(=O)NC(C)C(=O)NC(Cc1ccccc1)C(=O)O,sweet
CC(NC(=O)C(N)CC(=O)O)C(=O)NC(CCCN=C(N)N)C(=O)NC(Cc1ccccc1)C(=O)O,sweet
CC(NC(=O)C(N)CC(=O)O)C(=O)NC(CC(N)=O)C(=O)NC(Cc1ccccc1)C(=O)O,sweet
CC(NC(=O)C(N)CC(=O)O)C(=O)NC(CC(=O)O)C(=O)NC(Cc1ccccc1)C(=O)O,sweet
CC(NC(=O)C(N)CC(=O)O)C(=O)NC(CS)C(=O)NC(Cc1ccccc1)C(=O)O,sweet
CC(NC(=O)C(N)CC(=O)O)C(=O)NC(CCC(N)=O)C(=O)NC(Cc1ccccc1)C(=O)O,sweet
CC(NC(=O)C(N)CC(=O)O)C(=O)NCC(=O)NC(Cc1ccccc1)C(=O)O,sweet
CCC(C)C(NC(=O)C(C)NC(=O)C(N)CC(=O)O)C(=O)NC(Cc1ccccc1)C(=O)O,sweet
CC(C)CC(NC(=O)C(C)NC(=O)C(N)CC(=O)O)C(=O)NC(Cc1ccccc1)C(=O)O,sweet
CC(NC(=O)C(N)CC(=O)O)C(=O)NC(CCCCN)C(=O)NC(Cc1ccccc1)C(=O)O,sweet
CC(NC(=O)C(Cc1ccccc1)NC(=O)C(C)NC(=O)C(N)CC(=O)O)C(=O)O,sweet
CC(NC(=O)C(N)CC(=O)O)C(=O)NC(Cc1ccccc1)C(=O)NC(CC(N)=O)C(=O)O,sweet
CC(NC(=O)C(N)CC(=O)O)C(=O)NC(Cc1ccccc1)C(=O)NC(CC(=O)O)C(=O)O,sweet
CC(NC(=O)C(N)CC(=O)O)C(=O)NC(Cc1ccccc1)C(=O)NC(CCC(=O)O)C(=O)O,sweet
CC(NC(=O)C(N)CC(=O)O)C(=O)NC(Cc1ccccc1)C(=O)NC(CCC(N)=O)C(=O)O,sweet
CC(NC(=O)C(N)CC(=O)O)C(=O)NC(Cc1ccccc1)C(=O)NCC(=O)O,sweet
CCC(C)C(NC(=O)C(Cc1ccccc1)NC(=O)C(C)NC(=O)C(N)CC(=O)O)C(=O)O,sweet
CC(C)CC(NC(=O)C(Cc1ccccc1)NC(=O)C(C)NC(=O)C(N)CC(=O)O)C(=O)O,sweet
CC(NC(=O)C(N)CC(=O)O)C(=O)NC(Cc1ccccc1)C(=O)NC(CCCCN)C(=O)O,sweet
CC(NC(=O)C(N)CC(=O)O)C(=O)NC(Cc1ccccc1)C(=O)NC(Cc1ccccc1)C(=O)O,sweet
CC(NC(=O)C(N)CC(=O)O)C(=O)NC(Cc1ccccc1)C(=O)NC(C(=O)O)C(C)C,sweet
CC(NC(=O)C(N)CC(=O)O)C(=O)N1CCCC1C(=O)NC(Cc1ccccc1)C(=O)O,sweet
CC(NC(=O)C(N)CC(=O)O)C(=O)NC(CO)C(=O)NC(Cc1ccccc1)C(=O)O,sweet
CC(NC(=O)C(N)CC(=O)O)C(=O)NC(C(=O)NC(Cc1ccccc1)C(=O)O)C(C)O,sweet
CC(NC(=O)C(N)CC(=O)O)C(=O)NC(C(=O)NC(Cc1ccccc1)C(=O)O)C(C)C,sweet
CC(NC(=O)C(CCCN=C(N)N)NC(=O)C(N)CC(=O)O)C(=O)NC(Cc1ccccc1)C(=O)O,sweet
NC(N)=NCCCC(NC(=O)C(N)CC(=O)O)C(=O)NCC(=O)NC(Cc1ccccc1)C(=O)O,sweet
CC(NC(=O)C(CC(N)=O)NC(=O)C(N)CC(=O)O)C(=O)NC(Cc1ccccc1)C(=O)O,sweet
NC(=O)CC(NC(=O)C(N)CC(=O)O)C(=O)NC(CC(N)=O)C(=O)NC(Cc1ccccc1)C(=O)O,sweet
NC(=O)CC(NC(=O)C(N)CC(=O)O)C(=O)NC(CC(=O)O)C(=O)NC(Cc1ccccc1)C(=O)O,sweet
NC(=O)CCC(NC(=O)C(CC(N)=O)NC(=O)C(N)CC(=O)O)C(=O)NC(Cc1ccccc1)C(=O)O,sweet
NC(=O)CC(NC(=O)C(N)CC(=O)O)C(=O)NCC(=O)NC(Cc1ccccc1)C(=O)O,sweet
CCC(C)C(NC(=O)C(CC(N)=O)NC(=O)C(N)CC(=O)O)C(=O)NC(Cc1ccccc1)C(=O)O,sweet
CC(C)CC(NC(=O)C(CC(N)=O)NC(=O)C(N)CC(=O)O)C(=O)NC(Cc1ccccc1)C(=O)O,sweet
NCCCCC(NC(=O)C(CC(N)=O)NC(=O)C(N)CC(=O)O)C(=O)NC(Cc1ccccc1)C(=O)O,sweet
CC(NC(=O)C(Cc1ccccc1)NC(=O)C(CC(N)=O)NC(=O)C(N)CC(=O)O)C(=O)O,sweet
NC(=O)CC(NC(=O)C(Cc1ccccc1)NC(=O)C(CC(N)=O)NC(=O)C(N)CC(=O)O)C(=O)O,sweet
NC(=O)CC(NC(=O)C(N)CC(=O)O)C(=O)NC(Cc1ccccc1)C(=O)NC(CC(=O)O)C(=O)O,sweet
NC(=O)CC(NC(=O)C(N)CC(=O)O)C(=O)NC(Cc1ccccc1)C(=O)NCC(=O)O,sweet
CCC(C)C(NC(=O)C(Cc1ccccc1)NC(=O)C(CC(N)=O)NC(=O)C(N)CC(=O)O)C(=O)O,sweet
CC(C)CC(NC(=O)C(Cc1ccccc1)NC(=O)C(CC(N)=O)NC(=O)C(N)CC(=O)O)C(=O)O,sweet
NCCCCC(NC(=O)C(Cc1ccccc1)NC(=O)C(CC(N)=O)NC(=O)C(N)CC(=O)O)C(=O)O,sweet
NC(=O)CC(NC(=O)C(N)CC(=O)O)C(=O)NC(Cc1ccccc1)C(=O)NC(Cc1ccccc1)C(=O)O,sweet
CC(C)C(NC(=O)C(Cc1ccccc1)NC(=O)C(CC(N)=O)NC(=O)C(N)CC(=O)O)C(=O)O,sweet
NC(=O)CC(NC(=O)C(N)CC(=O)O)C(=O)NC(CO)C(=O)NC(Cc1ccccc1)C(=O)O,sweet
CC(O)C(NC(=O)C(CC(N)=O)NC(=O)C(N)CC(=O)O)C(=O)NC(Cc1ccccc1)C(=O)O,sweet
CC(C)C(NC(=O)C(CC(N)=O)NC(=O)C(N)CC(=O)O)C(=O)NC(Cc1ccccc1)C(=O)O,sweet
CC(NC(=O)C(CC(=O)O)NC(=O)C(N)CC(=O)O)C(=O)NC(Cc1ccccc1)C(=O)O,sweet
NC(=O)CC(NC(=O)C(CC(=O)O)NC(=O)C(N)CC(=O)O)C(=O)NC(Cc1ccccc1)C(=O)O,sweet
NC(CC(=O)O)C(=O)NC(CC(=O)O)C(=O)NC(CC(=O)O)C(=O)NC(Cc1ccccc1)C(=O)O,sweet
NC(CC(=O)O)C(=O)NC(CC(=O)O)C(=O)NC(CCC(=O)O)C(=O)NC(Cc1ccccc1)C(=O)O,sweet
NC(=O)CCC(NC(=O)C(CC(=O)O)NC(=O)C(N)CC(=O)O)C(=O)NC(Cc1ccccc1)C(=O)O,sweet
NC(CC(=O)O)C(=O)NC(CC(=O)O)C(=O)NCC(=O)NC(Cc1ccccc1)C(=O)O,sweet
CCC(C)C(NC(=O)C(CC(=O)O)NC(=O)C(N)CC(=O)O)C(=O)NC(Cc1ccccc1)C(=O)O,sweet
CC(C)CC(NC(=O)C(CC(=O)O)NC(=O)C(N)CC(=O)O)C(=O)NC(Cc1ccccc1)C(=O)O,sweet
NCCCCC(NC(=O)C(CC(=O)O)NC(=O)C(N)CC(=O)O)C(=O)NC(Cc1ccccc1)C(=O)O,sweet
CC(NC(=O)C(Cc1ccccc1)NC(=O)C(CC(=O)O)NC(=O)C(N)CC(=O)O)C(=O)O,sweet
NC(=O)CC(NC(=O)C(Cc1ccccc1)NC(=O)C(CC(=O)O)NC(=O)C(N)CC(=O)O)C(=O)O,sweet
NC(CC(=O)O)C(=O)NC(CC(=O)O)C(=O)NC(Cc1ccccc1)C(=O)NC(CC(=O)O)C(=O)O,sweet
NC(CC(=O)O)C(=O)NC(CC(=O)O)C(=O)NC(Cc1ccccc1)C(=O)NCC(=O)O,sweet
CCC(C)C(NC(=O)C(Cc1ccccc1)NC(=O)C(CC(=O)O)NC(=O)C(N)CC(=O)O)C(=O)O,sweet
CC(C)CC(NC(=O)C(Cc1ccccc1)NC(=O)C(CC(=O)O)NC(=O)C(N)CC(=O)O)C(=O)O,sweet
NCCCCC(NC(=O)C(Cc1ccccc1)NC(=O)C(CC(=O)O)NC(=O)C(N)CC(=O)O)C(=O)O,sweet
NC(CC(=O)O)C(=O)NC(CC(=O)O)C(=O)NC(Cc1ccccc1)C(=O)NC(Cc1ccccc1)C(=O)O,sweet
CC(C)C(NC(=O)C(Cc1ccccc1)NC(=O)C(CC(=O)O)NC(=O)C(N)CC(=O)O)C(=O)O,sweet
NC(CC(=O)O)C(=O)NC(CC(=O)O)C(=O)N1CCCC1C(=O)NC(Cc1ccccc1)C(=O)O,sweet
NC(CC(=O)O)C(=O)NC(CC(=O)O)C(=O)NC(CO)C(=O)NC(Cc1ccccc1)C(=O)O,sweet
CC(O)C(NC(=O)C(CC(=O)O)NC(=O)C(N)CC(=O)O)C(=O)NC(Cc1ccccc1)C(=O)O,sweet
CC(C)C(NC(=O)C(CC(=O)O)NC(=O)C(N)CC(=O)O)C(=O)NC(Cc1ccccc1)C(=O)O,sweet
CC(NC(=O)C(CS)NC(=O)C(N)CC(=O)O)C(=O)NC(Cc1ccccc1)C(=O)O,sweet
NC(CC(=O)O)C(=O)NC(CS)C(=O)NCC(=O)NC(Cc1ccccc1)C(=O)O,sweet
CC(C)C(NC(=O)C(CS)NC(=O)C(N)CC(=O)O)C(=O)NC(Cc1ccccc1)C(=O)O,sweet
CC(NC(=O)C(CCC(=O)O)NC(=O)C(N)CC(=O)O)C(=O)NC(Cc1ccccc1)C(=O)O,sweet
NC(CC(=O)O)C(=O)NC(CCC(=O)O)C(=O)NC(CC(=O)O)C(=O)NC(Cc1ccccc1)C(=O)O,sweet
NC(CC(=O)O)C(=O)NC(CCC(=O)O)C(=O)NC(CCC(=O)O)C(=O)NC(Cc1ccccc1)C(=O)O,sweet
NC(=O)CCC(NC(=O)C(CCC(=O)O)NC(=O)C(N)CC(=O)O)C(=O)NC(Cc1ccccc1)C(=O)O,sweet
NC(CC(=O)O)C(=O)NC(CCC(=O)O)C(=O)NCC(=O)NC(Cc1ccccc1)C(=O)O,sweet
CC(NC(=O)C(CCC(N)=O)NC(=O)C(N)CC(=O)O)C(=O)NC(Cc1ccccc1)C(=O)O,sweet
NC(=O)CCC(NC(=O)C(N)CC(=O)O)C(=O)NC(CC(N)=O)C(=O)NC(Cc1ccccc1)C(=O)O,sweet
NC(=O)CCC(NC(=O)C(N)CC(=O)O)C(=O)NC(CC(=O)O)C(=O)NC(Cc1ccccc1)C(=O)O,sweet
NC(=O)CCC(NC(=O)C(N)CC(=O)O)C(=O)NC(CCC(=O)O)C(=O)NC(Cc1ccccc1)C(=O)O,sweet
NC(=O)CCC(NC(=O)C(N)CC(=O)O)C(=O)NC(CCC(N)=O)C(=O)NC(Cc1ccccc1)C(=O)O,sweet
NC(=O)CCC(NC(=O)C(N)CC(=O)O)C(=O)NCC(=O)NC(Cc1ccccc1)C(=O)O,sweet
CCC(C)C(NC(=O)C(CCC(N)=O)NC(=O)C(N)CC(=O)O)C(=O)NC(Cc1ccccc1)C(=O)O,sweet
CC(C)CC(NC(=O)C(CCC(N)=O)NC(=O)C(N)CC(=O)O)C(=O)NC(Cc1ccccc1)C(=O)O,sweet
NCCCCC(NC(=O)C(CCC(N)=O)NC(=O)C(N)CC(=O)O)C(=O)NC(Cc1ccccc1)C(=O)O,sweet
CC(NC(=O)C(Cc1ccccc1)NC(=O)C(CCC(N)=O)NC(=O)C(N)CC(=O)O)C(=O)O,sweet
NC(=O)CCC(NC(=O)C(N)CC(=O)O)C(=O)NC(Cc1ccccc1)C(=O)NCC(=O)O,sweet
CCC(C)C(NC(=O)C(Cc1ccccc1)NC(=O)C(CCC(N)=O)NC(=O)C(N)CC(=O)O)C(=O)O,sweet
NCCCCC(NC(=O)C(Cc1ccccc1)NC(=O)C(CCC(N)=O)NC(=O)C(N)CC(=O)O)C(=O)O,sweet
NC(=O)CCC(NC(=O)C(N)CC(=O)O)C(=O)NC(CO)C(=O)NC(Cc1ccccc1)C(=O)O,sweet
CC(C)C(NC(=O)C(CCC(N)=O)NC(=O)C(N)CC(=O)O)C(=O)NC(Cc1ccccc1)C(=O)O,sweet
CC(NC(=O)CNC(=O)C(N)CC(=O)O)C(=O)NC(Cc1ccccc1)C(=O)O,sweet
NC(N)=NCCCC(NC(=O)CNC(=O)C(N)CC(=O)O)C(=O)NC(Cc1ccccc1)C(=O)O,sweet
NC(=O)CC(NC(=O)CNC(=O)C(N)CC(=O)O)C(=O)NC(Cc1ccccc1)C(=O)O,sweet
NC(CC(=O)O)C(=O)NCC(=O)NC(CC(=O)O)C(=O)NC(Cc1ccccc1)C(=O)O,sweet
NC(CC(=O)O)C(=O)NCC(=O)NC(CS)C(=O)NC(Cc1ccccc1)C(=O)O,sweet
NC(CC(=O)O)C(=O)NCC(=O)NC(CCC(=O)O)C(=O)NC(Cc1ccccc1)C(=O)O,sweet
NC(=O)CCC(NC(=O)CNC(=O)C(N)CC(=O)O)C(=O)NC(Cc1ccccc1)C(=O)O,sweet
NC(CC(=O)O)C(=O)NCC(=O)NCC(=O)NC(Cc1ccccc1)C(=O)O,sweet
CCC(C)C(NC(=O)CNC(=O)C(N)CC(=O)O)C(=O)NC(Cc1ccccc1)C(=O)O,sweet
CC(C)CC(NC(=O)CNC(=O)C(N)CC(=O)O)C(=O)NC(Cc1ccccc1)C(=O)O,sweet
NCCCCC(NC(=O)CNC(=O)C(N)CC(=O)O)C(=O)NC(Cc1ccccc1)C(=O)O,sweet
CC(NC(=O)C(Cc1ccccc1)NC(=O)CNC(=O)C(N)CC(=O)O)C(=O)O,sweet
NC(=O)CC(NC(=O)C(Cc1ccccc1)NC(=O)CNC(=O)C(N)CC(=O)O)C(=O)O,sweet
NC(CC(=O)O)C(=O)NCC(=O)NC(Cc1ccccc1)C(=O)NC(CC(=O)O)C(=O)O,sweet
NC(CC(=O)O)C(=O)NCC(=O)NC(Cc1ccccc1)C(=O)NC(CCC(=O)O)C(=O)O,sweet
NC(CC(=O)O)C(=O)NCC(=O)NC(Cc1ccccc1)C(=O)NCC(=O)O,sweet
CCC(C)C(NC(=O)C(Cc1ccccc1)NC(=O)CNC(=O)C(N)CC(=O)O)C(=O)O,sweet
CC(C)CC(NC(=O)C(Cc1ccccc1)NC(=O)CNC(=O)C(N)CC(=O)O)C(=O)O,sweet
NCCCCC(NC(=O)C(Cc1ccccc1)NC(=O)CNC(=O)C(N)CC(=O)O)C(=O)O,sweet
NC(CC(=O)O)C(=O)NCC(=O)NC(Cc1ccccc1)C(=O)NC(Cc1ccccc1)C(=O)O,sweet
CC(C)C(NC(=O)C(Cc1ccccc1)NC(=O)CNC(=O)C(N)CC(=O)O)C(=O)O,sweet
NC(CC(=O)O)C(=O)NCC(=O)N1CCCC1C(=O)NC(Cc1ccccc1)C(=O)O,sweet
NC(CC(=O)O)C(=O)NCC(=O)NC(CO)C(=O)NC(Cc1ccccc1)C(=O)O,sweet
CC(O)C(NC(=O)CNC(=O)C(N)CC(=O)O)C(=O)NC(Cc1ccccc1)C(=O)O,sweet
CC(C)C(NC(=O)CNC(=O)C(N)CC(=O)O)C(=O)NC(Cc1ccccc1)C(=O)O,sweet
CCC(C)C(NC(=O)C(N)CC(=O)O)C(=O)NC(C)C(=O)NC(Cc1ccccc1)C(=O)O,sweet
CCC(C)C(NC(=O)C(N)CC(=O)O)C(=O)NC(CC(N)=O)C(=O)NC(Cc1ccccc1)C(=O)O,sweet
CCC(C)C(NC(=O)C(N)CC(=O)O)C(=O)NC(CC(=O)O)C(=O)NC(Cc1ccccc1)C(=O)O,sweet
CCC(C)C(NC(=O)C(N)CC(=O)O)C(=O)NC(CCC(N)=O)C(=O)NC(Cc1ccccc1)C(=O)O,sweet
CCC(C)C(NC(=O)C(N)CC(=O)O)C(=O)NCC(=O)NC(Cc1ccccc1)C(=O)O,sweet
CCC(C)C(NC(=O)C(N)CC(=O)O)C(=O)NC(C(=O)NC(Cc1ccccc1)C(=O)O)C(C)CC,sweet
CCC(C)C(NC(=O)C(N)CC(=O)O)C(=O)NC(CC(C)C)C(=O)NC(Cc1ccccc1)C(=O)O,sweet
CCC(C)C(NC(=O)C(N)CC(=O)O)C(=O)NC(CCCCN)C(=O)NC(Cc1ccccc1)C(=O)O,sweet
CCC(C)C(NC(=O)C(N)CC(=O)O)C(=O)NC(Cc1ccccc1)C(=O)NC(C)C(=O)O,sweet
CCC(C)C(NC(=O)C(N)CC(=O)O)C(=O)NC(Cc1ccccc1)C(=O)NC(CC(N)=O)C(=O)O,sweet
CCC(C)C(NC(=O)C(N)CC(=O)O)C(=O)NC(Cc1ccccc1)C(=O)NC(CC(=O)O)C(=O)O,sweet
CCC(C)C(NC(=O)C(N)CC(=O)O)C(=O)NC(Cc1ccccc1)C(=O)NCC(=O)O,sweet
CCC(C)C(NC(=O)C(Cc1ccccc1)NC(=O)C(NC(=O)C(N)CC(=O)O)C(C)CC)C(=O)O,sweet
CCC(C)C(NC(=O)C(N)CC(=O)O)C(=O)NC(Cc1ccccc1)C(=O)NC(CC(C)C)C(=O)O,sweet
CCC(C)C(NC(=O)C(N)CC(=O)O)C(=O)NC(Cc1ccccc1)C(=O)NC(CCCCN)C(=O)O,sweet
CCC(C)C(NC(=O)C(N)CC(=O)O)C(=O)NC(Cc1ccccc1)C(=O)NC(Cc1ccccc1)C(=O)O,sweet
CCC(C)C(NC(=O)C(N)CC(=O)O)C(=O)NC(Cc1ccccc1)C(=O)NC(C(=O)O)C(C)C,sweet
CCC(C)C(NC(=O)C(N)CC(=O)O)C(=O)N1CCCC1C(=O)NC(Cc1ccccc1)C(=O)O,sweet
CCC(C)C(NC(=O)C(N)CC(=O)O)C(=O)NC(CO)C(=O)NC(Cc1ccccc1)C(=O)O,sweet
CCC(C)C(NC(=O)C(N)CC(=O)O)C(=O)NC(C(=O)NC(Cc1ccccc1)C(=O)O)C(C)C,sweet
CC(C)CC(NC(=O)C(N)CC(=O)O)C(=O)NC(CC(N)=O)C(=O)NC(Cc1ccccc1)C(=O)O,sweet
CC(C)CC(NC(=O)C(N)CC(=O)O)C(=O)NC(CC(=O)O)C(=O)NC(Cc1ccccc1)C(=O)O,sweet
CC(C)CC(NC(=O)C(N)CC(=O)O)C(=O)NC(CCC(N)=O)C(=O)NC(Cc1ccccc1)C(=O)O,sweet
CC(C)CC(NC(=O)C(N)CC(=O)O)C(=O)NCC(=O)NC(Cc1ccccc1)C(=O)O,sweet
CCC(C)C(NC(=O)C(CC(C)C)NC(=O)C(N)CC(=O)O)C(=O)NC(Cc1ccccc1)C(=O)O,sweet
CC(C)CC(NC(=O)C(N)CC(=O)O)C(=O)NC(CC(C)C)C(=O)NC(Cc1ccccc1)C(=O)O,sweet
CC(C)CC(NC(=O)C(N)CC(=O)O)C(=O)NC(CCCCN)C(=O)NC(Cc1ccccc1)C(=O)O,sweet
CC(C)CC(NC(=O)C(N)CC(=O)O)C(=O)NC(Cc1ccccc1)C(=O)NC(C)C(=O)O,sweet
CC(C)CC(NC(=O)C(N)CC(=O)O)C(=O)NC(Cc1ccccc1)C(=O)NC(CC(N)=O)C(=O)O,sweet
CC(C)CC(NC(=O)C(N)CC(=O)O)C(=O)NC(Cc1ccccc1)C(=O)NC(CC(=O)O)C(=O)O,sweet
CC(C)CC(NC(=O)C(N)CC(=O)O)C(=O)NC(Cc1ccccc1)C(=O)NCC(=O)O,sweet
CCC(C)C(NC(=O)C(Cc1ccccc1)NC(=O)C(CC(C)C)NC(=O)C(N)CC(=O)O)C(=O)O,sweet
CC(C)CC(NC(=O)C(Cc1ccccc1)NC(=O)C(CC(C)C)NC(=O)C(N)CC(=O)O)C(=O)O,sweet
CC(C)CC(NC(=O)C(N)CC(=O)O)C(=O)NC(Cc1ccccc1)C(=O)NC(CCCCN)C(=O)O,sweet
CC(C)CC(NC(=O)C(N)CC(=O)O)C(=O)NC(Cc1ccccc1)C(=O)NC(Cc1ccccc1)C(=O)O,sweet
CC(C)CC(NC(=O)C(N)CC(=O)O)C(=O)NC(Cc1ccccc1)C(=O)NC(C(=O)O)C(C)C,sweet
CC(C)CC(NC(=O)C(N)CC(=O)O)C(=O)N1CCCC1C(=O)NC(Cc1ccccc1)C(=O)O,sweet
CC(C)CC(NC(=O)C(N)CC(=O)O)C(=O)NC(CO)C(=O)NC(Cc1ccccc1)C(=O)O,sweet
CC(C)CC(NC(=O)C(N)CC(=O)O)C(=O)NC(C(=O)NC(Cc1ccccc1)C(=O)O)C(C)C,sweet
CC(NC(=O)C(CCCCN)NC(=O)C(N)CC(=O)O)C(=O)NC(Cc1ccccc1)C(=O)O,sweet
NCCCCC(NC(=O)C(N)CC(=O)O)C(=O)NC(CC(N)=O)C(=O)NC(Cc1ccccc1)C(=O)O,sweet
NCCCCC(NC(=O)C(N)CC(=O)O)C(=O)NC(CC(=O)O)C(=O)NC(Cc1ccccc1)C(=O)O,sweet
NCCCCC(NC(=O)C(N)CC(=O)O)C(=O)NC(CCC(N)=O)C(=O)NC(Cc1ccccc1)C(=O)O,sweet
NCCCCC(NC(=O)C(N)CC(=O)O)C(=O)NCC(=O)NC(Cc1ccccc1)C(=O)O,sweet
CCC(C)C(NC(=O)C(CCCCN)NC(=O)C(N)CC(=O)O)C(=O)NC(Cc1ccccc1)C(=O)O,sweet
CC(C)CC(NC(=O)C(CCCCN)NC(=O)C(N)CC(=O)O)C(=O)NC(Cc1ccccc1)C(=O)O,sweet
NCCCCC(NC(=O)C(N)CC(=O)O)C(=O)NC(CCCCN)C(=O)NC(Cc1ccccc1)C(=O)O,sweet
CC(NC(=O)C(Cc1ccccc1)NC(=O)C(CCCCN)NC(=O)C(N)CC(=O)O)C(=O)O,sweet
NCCCCC(NC(=O)C(N)CC(=O)O)C(=O)NC(Cc1ccccc1)C(=O)NC(CC(N)=O)C(=O)O,sweet
NCCCCC(NC(=O)C(N)CC(=O)O)C(=O)NC(Cc1ccccc1)C(=O)NC(CC(=O)O)C(=O)O,sweet
NCCCCC(NC(=O)C(N)CC(=O)O)C(=O)NC(Cc1ccccc1)C(=O)NCC(=O)O,sweet
CCC(C)C(NC(=O)C(Cc1ccccc1)NC(=O)C(CCCCN)NC(=O)C(N)CC(=O)O)C(=O)O,sweet
CC(C)CC(NC(=O)C(Cc1ccccc1)NC(=O)C(CCCCN)NC(=O)C(N)CC(=O)O)C(=O)O,sweet
NCCCCC(NC(=O)C(Cc1ccccc1)NC(=O)C(CCCCN)NC(=O)C(N)CC(=O)O)C(=O)O,sweet
NCCCCC(NC(=O)C(N)CC(=O)O)C(=O)NC(Cc1ccccc1)C(=O)NC(Cc1ccccc1)C(=O)O,sweet
CC(C)C(NC(=O)C(Cc1ccccc1)NC(=O)C(CCCCN)NC(=O)C(N)CC(=O)O)C(=O)O,sweet
NCCCCC(NC(=O)C(N)CC(=O)O)C(=O)N1CCCC1C(=O)NC(Cc1ccccc1)C(=O)O,sweet
NCCCCC(NC(=O)C(N)CC(=O)O)C(=O)NC(CO)C(=O)NC(Cc1ccccc1)C(=O)O,sweet
CC(O)C(NC(=O)C(CCCCN)NC(=O)C(N)CC(=O)O)C(=O)NC(Cc1ccccc1)C(=O)O,sweet
CC(C)C(NC(=O)C(CCCCN)NC(=O)C(N)CC(=O)O)C(=O)NC(Cc1ccccc1)C(=O)O,sweet
CC(NC(=O)C(C)NC(=O)C(Cc1ccccc1)NC(=O)C(N)CC(=O)O)C(=O)O,sweet
CC(NC(=O)C(Cc1ccccc1)NC(=O)C(N)CC(=O)O)C(=O)NC(CC(N)=O)C(=O)O,sweet
CC(NC(=O)C(Cc1ccccc1)NC(=O)C(N)CC(=O)O)C(=O)NC(CC(=O)O)C(=O)O,sweet
CC(NC(=O)C(Cc1ccccc1)NC(=O)C(N)CC(=O)O)C(=O)NC(CCC(=O)O)C(=O)O,sweet
CC(NC(=O)C(Cc1ccccc1)NC(=O)C(N)CC(=O)O)C(=O)NC(CCC(N)=O)C(=O)O,sweet
CC(NC(=O)C(Cc1ccccc1)NC(=O)C(N)CC(=O)O)C(=O)NCC(=O)O,sweet
CCC(C)C(NC(=O)C(C)NC(=O)C(Cc1ccccc1)NC(=O)C(N)CC(=O)O)C(=O)O,sweet
CC(C)CC(NC(=O)C(C)NC(=O)C(Cc1ccccc1)NC(=O)C(N)CC(=O)O)C(=O)O,sweet
CC(NC(=O)C(Cc1ccccc1)NC(=O)C(N)CC(=O)O)C(=O)NC(CCCCN)C(=O)O,sweet
CC(NC(=O)C(Cc1ccccc1)NC(=O)C(N)CC(=O)O)C(=O)NC(Cc1ccccc1)C(=O)O,sweet
CC(NC(=O)C(Cc1ccccc1)NC(=O)C(N)CC(=O)O)C(=O)NC(C(=O)O)C(C)C,sweet
CC(NC(=O)C(CC(N)=O)NC(=O)C(Cc1ccccc1)NC(=O)C(N)CC(=O)O)C(=O)O,sweet
NC(=O)CC(NC(=O)C(CC(N)=O)NC(=O)C(Cc1ccccc1)NC(=O)C(N)CC(=O)O)C(=O)O,sweet
NC(=O)CC(NC(=O)C(Cc1ccccc1)NC(=O)C(N)CC(=O)O)C(=O)NC(CC(=O)O)C(=O)O,sweet
NC(=O)CC(NC(=O)C(Cc1ccccc1)NC(=O)C(N)CC(=O)O)C(=O)NCC(=O)O,sweet
CCC(C)C(NC(=O)C(CC(N)=O)NC(=O)C(Cc1ccccc1)NC(=O)C(N)CC(=O)O)C(=O)O,sweet
CC(C)CC(NC(=O)C(CC(N)=O)NC(=O)C(Cc1ccccc1)NC(=O)C(N)CC(=O)O)C(=O)O,sweet
NC(=O)CC(NC(=O)C(Cc1ccccc1)NC(=O)C(N)CC(=O)O)C(=O)NC(Cc1ccccc1)C(=O)O,sweet
CC(C)C(NC(=O)C(CC(N)=O)NC(=O)C(Cc1ccccc1)NC(=O)C(N)CC(=O)O)C(=O)O,sweet
CC(NC(=O)C(CC(=O)O)NC(=O)C(Cc1ccccc1)NC(=O)C(N)CC(=O)O)C(=O)O,sweet
NC(=O)CC(NC(=O)C(CC(=O)O)NC(=O)C(Cc1ccccc1)NC(=O)C(N)CC(=O)O)C(=O)O,sweet
NC(CC(=O)O)C(=O)NC(Cc1ccccc1)C(=O)NC(CC(=O)O)C(=O)NC(CC(=O)O)C(=O)O,sweet
NC(CC(=O)O)C(=O)NC(Cc1ccccc1)C(=O)NC(CC(=O)O)C(=O)NC(CCC(=O)O)C(=O)O,sweet
NC(CC(=O)O)C(=O)NC(Cc1ccccc1)C(=O)NC(CC(=O)O)C(=O)NCC(=O)O,sweet
CCC(C)C(NC(=O)C(CC(=O)O)NC(=O)C(Cc1ccccc1)NC(=O)C(N)CC(=O)O)C(=O)O,sweet
CC(C)CC(NC(=O)C(CC(=O)O)NC(=O)C(Cc1ccccc1)NC(=O)C(N)CC(=O)O)C(=O)O,sweet
NCCCCC(NC(=O)C(CC(=O)O)NC(=O)C(Cc1ccccc1)NC(=O)C(N)CC(=O)O)C(=O)O,sweet
NC(CC(=O)O)C(=O)NC(Cc1ccccc1)C(=O)NC(CC(=O)O)C(=O)NC(Cc1ccccc1)C(=O)O,sweet
CC(C)C(NC(=O)C(CC(=O)O)NC(=O)C(Cc1ccccc1)NC(=O)C(N)CC(=O)O)C(=O)O,sweet
CC(NC(=O)C(CCC(N)=O)NC(=O)C(Cc1ccccc1)NC(=O)C(N)CC(=O)O)C(=O)O,sweet
NC(=O)CCC(NC(=O)C(Cc1ccccc1)NC(=O)C(N)CC(=O)O)C(=O)NCC(=O)O,sweet
CCC(C)C(NC(=O)C(CCC(N)=O)NC(=O)C(Cc1ccccc1)NC(=O)C(N)CC(=O)O)C(=O)O,sweet
CC(C)CC(NC(=O)C(CCC(N)=O)NC(=O)C(Cc1ccccc1)NC(=O)C(N)CC(=O)O)C(=O)O,sweet
NCCCCC(NC(=O)C(CCC(N)=O)NC(=O)C(Cc1ccccc1)NC(=O)C(N)CC(=O)O)C(=O)O,sweet
CC(NC(=O)CNC(=O)C(Cc1ccccc1)NC(=O)C(N)CC(=O)O)C(=O)O,sweet
NC(=O)CC(NC(=O)CNC(=O)C(Cc1ccccc1)NC(=O)C(N)CC(=O)O)C(=O)O,sweet
NC(CC(=O)O)C(=O)NC(Cc1ccccc1)C(=O)NCC(=O)NC(CC(=O)O)C(=O)O,sweet
NC(CC(=O)O)C(=O)NC(Cc1ccccc1)C(=O)NCC(=O)NC(CCC(=O)O)C(=O)O,sweet
NC(CC(=O)O)C(=O)NC(Cc1ccccc1)C(=O)NCC(=O)NCC(=O)O,sweet
CCC(C)C(NC(=O)CNC(=O)C(Cc1ccccc1)NC(=O)C(N)CC(=O)O)C(=O)O,sweet
CC(C)CC(NC(=O)CNC(=O)C(Cc1ccccc1)NC(=O)C(N)CC(=O)O)C(=O)O,sweet
NCCCCC(NC(=O)CNC(=O)C(Cc1ccccc1)NC(=O)C(N)CC(=O)O)C(=O)O,sweet
NC(CC(=O)O)C(=O)NC(Cc1ccccc1)C(=O)NCC(=O)NC(Cc1ccccc1)C(=O)O,sweet
CC(C)C(NC(=O)CNC(=O)C(Cc1ccccc1)NC(=O)C(N)CC(=O)O)C(=O)O,sweet
CCC(C)C(NC(=O)C(Cc1ccccc1)NC(=O)C(N)CC(=O)O)C(=O)NC(C)C(=O)O,sweet
CCC(C)C(NC(=O)C(Cc1ccccc1)NC(=O)C(N)CC(=O)O)C(=O)NC(CC(N)=O)C(=O)O,sweet
CCC(C)C(NC(=O)C(Cc1ccccc1)NC(=O)C(N)CC(=O)O)C(=O)NC(CC(=O)O)C(=O)O,sweet
CCC(C)C(NC(=O)C(Cc1ccccc1)NC(=O)C(N)CC(=O)O)C(=O)NCC(=O)O,sweet
CCC(C)C(NC(=O)C(NC(=O)C(Cc1ccccc1)NC(=O)C(N)CC(=O)O)C(C)CC)C(=O)O,sweet
CCC(C)C(NC(=O)C(Cc1ccccc1)NC(=O)C(N)CC(=O)O)C(=O)NC(CC(C)C)C(=O)O,sweet
CCC(C)C(NC(=O)C(Cc1ccccc1)NC(=O)C(N)CC(=O)O)C(=O)NC(CCCCN)C(=O)O,sweet
CCC(C)C(NC(=O)C(Cc1ccccc1)NC(=O)C(N)CC(=O)O)C(=O)NC(Cc1ccccc1)C(=O)O,sweet
CCC(C)C(NC(=O)C(Cc1ccccc1)NC(=O)C(N)CC(=O)O)C(=O)NC(C(=O)O)C(C)C,sweet
CC(C)CC(NC(=O)C(Cc1ccccc1)NC(=O)C(N)CC(=O)O)C(=O)NC(C)C(=O)O,sweet
CC(C)CC(NC(=O)C(Cc1ccccc1)NC(=O)C(N)CC(=O)O)C(=O)NC(CC(N)=O)C(=O)O,sweet
CC(C)CC(NC(=O)C(Cc1ccccc1)NC(=O)C(N)CC(=O)O)C(=O)NC(CC(=O)O)C(=O)O,sweet
CC(C)CC(NC(=O)C(Cc1ccccc1)NC(=O)C(N)CC(=O)O)C(=O)NCC(=O)O,sweet
CCC(C)C(NC(=O)C(CC(C)C)NC(=O)C(Cc1ccccc1)NC(=O)C(N)CC(=O)O)C(=O)O,sweet
CC(C)CC(NC(=O)C(CC(C)C)NC(=O)C(Cc1ccccc1)NC(=O)C(N)CC(=O)O)C(=O)O,sweet
CC(C)CC(NC(=O)C(Cc1ccccc1)NC(=O)C(N)CC(=O)O)C(=O)NC(CCCCN)C(=O)O,sweet
CC(C)CC(NC(=O)C(Cc1ccccc1)NC(=O)C(N)CC(=O)O)C(=O)NC(Cc1ccccc1)C(=O)O,sweet
CC(C)CC(NC(=O)C(Cc1ccccc1)NC(=O)C(N)CC(=O)O)C(=O)NC(C(=O)O)C(C)C,sweet
CC(NC(=O)C(CCCCN)NC(=O)C(Cc1ccccc1)NC(=O)C(N)CC(=O)O)C(=O)O,sweet
NCCCCC(NC(=O)C(Cc1ccccc1)NC(=O)C(N)CC(=O)O)C(=O)NC(CC(N)=O)C(=O)O,sweet
NCCCCC(NC(=O)C(Cc1ccccc1)NC(=O)C(N)CC(=O)O)C(=O)NC(CC(=O)O)C(=O)O,sweet
NCCCCC(NC(=O)C(Cc1ccccc1)NC(=O)C(N)CC(=O)O)C(=O)NCC(=O)O,sweet
CCC(C)C(NC(=O)C(CCCCN)NC(=O)C(Cc1ccccc1)NC(=O)C(N)CC(=O)O)C(=O)O,sweet
CC(C)CC(NC(=O)C(CCCCN)NC(=O)C(Cc1ccccc1)NC(=O)C(N)CC(=O)O)C(=O)O,sweet
NCCCCC(NC(=O)C(CCCCN)NC(=O)C(Cc1ccccc1)NC(=O)C(N)CC(=O)O)C(=O)O,sweet
NCCCCC(NC(=O)C(Cc1ccccc1)NC(=O)C(N)CC(=O)O)C(=O)NC(Cc1ccccc1)C(=O)O,sweet
CC(C)C(NC(=O)C(CCCCN)NC(=O)C(Cc1ccccc1)NC(=O)C(N)CC(=O)O)C(=O)O,sweet
CC(NC(=O)C(Cc1ccccc1)NC(=O)C(Cc1ccccc1)NC(=O)C(N)CC(=O)O)C(=O)O,sweet
NC(CC(=O)O)C(=O)NC(Cc1ccccc1)C(=O)NC(Cc1ccccc1)C(=O)NCC(=O)O,sweet
CCC(C)C(NC(=O)C(Cc1ccccc1)NC(=O)C(Cc1ccccc1)NC(=O)C(N)CC(=O)O)C(=O)O,sweet
CC(C)CC(NC(=O)C(Cc1ccccc1)NC(=O)C(Cc1ccccc1)NC(=O)C(N)CC(=O)O)C(=O)O,sweet
NCCCCC(NC(=O)C(Cc1ccccc1)NC(=O)C(Cc1ccccc1)NC(=O)C(N)CC(=O)O)C(=O)O,sweet
CC(NC(=O)C(CO)NC(=O)C(Cc1ccccc1)NC(=O)C(N)CC(=O)O)C(=O)O,sweet
NCCCCC(NC(=O)C(CO)NC(=O)C(Cc1ccccc1)NC(=O)C(N)CC(=O)O)C(=O)O,sweet
CC(NC(=O)C(NC(=O)C(Cc1ccccc1)NC(=O)C(N)CC(=O)O)C(C)C)C(=O)O,sweet
CC(C)C(NC(=O)C(Cc1ccccc1)NC(=O)C(N)CC(=O)O)C(=O)NC(CC(N)=O)C(=O)O,sweet
CC(C)C(NC(=O)C(Cc1ccccc1)NC(=O)C(N)CC(=O)O)C(=O)NC(CC(=O)O)C(=O)O,sweet
CC(C)C(NC(=O)C(Cc1ccccc1)NC(=O)C(N)CC(=O)O)C(=O)NCC(=O)O,sweet
CCC(C)C(NC(=O)C(NC(=O)C(Cc1ccccc1)NC(=O)C(N)CC(=O)O)C(C)C)C(=O)O,sweet
CC(C)CC(NC(=O)C(NC(=O)C(Cc1ccccc1)NC(=O)C(N)CC(=O)O)C(C)C)C(=O)O,sweet
CC(C)C(NC(=O)C(Cc1ccccc1)NC(=O)C(N)CC(=O)O)C(=O)NC(CCCCN)C(=O)O,sweet
CC(C)C(NC(=O)C(Cc1ccccc1)NC(=O)C(N)CC(=O)O)C(=O)NC(Cc1ccccc1)C(=O)O,sweet
CC(C)C(NC(=O)C(NC(=O)C(Cc1ccccc1)NC(=O)C(N)CC(=O)O)C(C)C)C(=O)O,sweet
CC(NC(=O)C1CCCN1C(=O)C(N)CC(=O)O)C(=O)NC(Cc1ccccc1)C(=O)O,sweet
NC(CC(=O)O)C(=O)N1CCCC1C(=O)NC(CC(=O)O)C(=O)NC(Cc1ccccc1)C(=O)O,sweet
NC(CC(=O)O)C(=O)N1CCCC1C(=O)NCC(=O)NC(Cc1ccccc1)C(=O)O,sweet
CCC(C)C(NC(=O)C1CCCN1C(=O)C(N)CC(=O)O)C(=O)NC(Cc1ccccc1)C(=O)O,sweet
CC(C)CC(NC(=O)C1CCCN1C(=O)C(N)CC(=O)O)C(=O)NC(Cc1ccccc1)C(=O)O,sweet
NCCCCC(NC(=O)C1CCCN1C(=O)C(N)CC(=O)O)C(=O)NC(Cc1ccccc1)C(=O)O,sweet
CC(C)C(NC(=O)C1CCCN1C(=O)C(N)CC(=O)O)C(=O)NC(Cc1ccccc1)C(=O)O,sweet
CC(NC(=O)C(CO)NC(=O)C(N)CC(=O)O)C(=O)NC(Cc1ccccc1)C(=O)O,sweet
NC(=O)CC(NC(=O)C(CO)NC(=O)C(N)CC(=O)O)C(=O)NC(Cc1ccccc1)C(=O)O,sweet
NC(CC(=O)O)C(=O)NC(CO)C(=O)NC(CC(=O)O)C(=O)NC(Cc1ccccc1)C(=O)O,sweet
NC(=O)CCC(NC(=O)C(CO)NC(=O)C(N)CC(=O)O)C(=O)NC(Cc1ccccc1)C(=O)O,sweet
NC(CC(=O)O)C(=O)NC(CO)C(=O)NCC(=O)NC(Cc1ccccc1)C(=O)O,sweet
CCC(C)C(NC(=O)C(CO)NC(=O)C(N)CC(=O)O)C(=O)NC(Cc1ccccc1)C(=O)O,sweet
CC(C)CC(NC(=O)C(CO)NC(=O)C(N)CC(=O)O)C(=O)NC(Cc1ccccc1)C(=O)O,sweet
NCCCCC(NC(=O)C(CO)NC(=O)C(N)CC(=O)O)C(=O)NC(Cc1ccccc1)C(=O)O,sweet
CC(NC(=O)C(Cc1ccccc1)NC(=O)C(CO)NC(=O)C(N)CC(=O)O)C(=O)O,sweet
NCCCCC(NC(=O)C(Cc1ccccc1)NC(=O)C(CO)NC(=O)C(N)CC(=O)O)C(=O)O,sweet
NC(CC(=O)O)C(=O)NC(CO)C(=O)NC(CO)C(=O)NC(Cc1ccccc1)C(=O)O,sweet
CC(O)C(NC(=O)C(CO)NC(=O)C(N)CC(=O)O)C(=O)NC(Cc1ccccc1)C(=O)O,sweet
CC(NC(=O)C(NC(=O)C(N)CC(=O)O)C(C)O)C(=O)NC(Cc1ccccc1)C(=O)O,sweet
CC(O)C(NC(=O)C(N)CC(=O)O)C(=O)NC(CC(N)=O)C(=O)NC(Cc1ccccc1)C(=O)O,sweet
CC(O)C(NC(=O)C(N)CC(=O)O)C(=O)NC(CC(=O)O)C(=O)NC(Cc1ccccc1)C(=O)O,sweet
CC(O)C(NC(=O)C(N)CC(=O)O)C(=O)NCC(=O)NC(Cc1ccccc1)C(=O)O,sweet
CC(O)C(NC(=O)C(N)CC(=O)O)C(=O)NC(CCCCN)C(=O)NC(Cc1ccccc1)C(=O)O,sweet
CC(O)C(NC(=O)C(N)CC(=O)O)C(=O)NC(CO)C(=O)NC(Cc1ccccc1)C(=O)O,sweet
CC(O)C(NC(=O)C(N)CC(=O)O)C(=O)NC(C(=O)NC(Cc1ccccc1)C(=O)O)C(C)O,sweet
CC(NC(=O)C(NC(=O)C(N)CC(=O)O)C(C)C)C(=O)NC(Cc1ccccc1)C(=O)O,sweet
CC(C)C(NC(=O)C(N)CC(=O)O)C(=O)NC(CC(N)=O)C(=O)NC(Cc1ccccc1)C(=O)O,sweet
CC(C)C(NC(=O)C(N)CC(=O)O)C(=O)NC(CC(=O)O)C(=O)NC(Cc1ccccc1)C(=O)O,sweet
CC(C)C(NC(=O)C(N)CC(=O)O)C(=O)NC(CS)C(=O)NC(Cc1ccccc1)C(=O)O,sweet
CC(C)C(NC(=O)C(N)CC(=O)O)C(=O)NC(CCC(N)=O)C(=O)NC(Cc1ccccc1)C(=O)O,sweet
CC(C)C(NC(=O)C(N)CC(=O)O)C(=O)NCC(=O)NC(Cc1ccccc1)C(=O)O,sweet
CCC(C)C(NC(=O)C(NC(=O)C(N)CC(=O)O)C(C)C)C(=O)NC(Cc1ccccc1)C(=O)O,sweet
CC(C)CC(NC(=O)C(NC(=O)C(N)CC(=O)O)C(C)C)C(=O)NC(Cc1ccccc1)C(=O)O,sweet
CC(C)C(NC(=O)C(N)CC(=O)O)C(=O)NC(CCCCN)C(=O)NC(Cc1ccccc1)C(=O)O,sweet
CC(NC(=O)C(Cc1ccccc1)NC(=O)C(NC(=O)C(N)CC(=O)O)C(C)C)C(=O)O,sweet
CC(C)C(NC(=O)C(N)CC(=O)O)C(=O)NC(Cc1ccccc1)C(=O)NC(CC(N)=O)C(=O)O,sweet
CC(C)C(NC(=O)C(N)CC(=O)O)C(=O)NC(Cc1ccccc1)C(=O)NC(CC(=O)O)C(=O)O,sweet
CC(C)C(NC(=O)C(N)CC(=O)O)C(=O)NC(Cc1ccccc1)C(=O)NCC(=O)O,sweet
CCC(C)C(NC(=O)C(Cc1ccccc1)NC(=O)C(NC(=O)C(N)CC(=O)O)C(C)C)C(=O)O,sweet
CC(C)CC(NC(=O)C(Cc1ccccc1)NC(=O)C(NC(=O)C(N)CC(=O)O)C(C)C)C(=O)O,sweet
CC(C)C(NC(=O)C(N)CC(=O)O)C(=O)NC(Cc1ccccc1)C(=O)NC(CCCCN)C(=O)O,sweet
CC(C)C(NC(=O)C(N)CC(=O)O)C(=O)NC(Cc1ccccc1)C(=O)NC(Cc1ccccc1)C(=O)O,sweet
CC(C)C(NC(=O)C(Cc1ccccc1)NC(=O)C(NC(=O)C(N)CC(=O)O)C(C)C)C(=O)O,sweet
CC(C)C(NC(=O)C(N)CC(=O)O)C(=O)N1CCCC1C(=O)NC(Cc1ccccc1)C(=O)O,sweet
CC(C)C(NC(=O)C(N)CC(=O)O)C(=O)NC(CO)C(=O)NC(Cc1ccccc1)C(=O)O,sweet
CC(C)C(NC(=O)C(N)CC(=O)O)C(=O)NC(C(=O)NC(Cc1ccccc1)C(=O)O)C(C)C,sweet
CC(NC(=O)C(N)CS)C(=O)NC(CC(=O)O)C(=O)NC(Cc1ccccc1)C(=O)O,sweet
CC(NC(=O)C(CC(=O)O)NC(=O)C(N)CS)C(=O)NC(Cc1ccccc1)C(=O)O,sweet
NC(CS)C(=O)NC(CC(=O)O)C(=O)NCC(=O)NC(Cc1ccccc1)C(=O)O,sweet
CC(C)C(NC(=O)C(CC(=O)O)NC(=O)C(N)CS)C(=O)NC(Cc1ccccc1)C(=O)O,sweet
NC(CS)C(=O)NCC(=O)NC(CC(=O)O)C(=O)NC(Cc1ccccc1)C(=O)O,sweet
CC(C)C(NC(=O)C(N)CS)C(=O)NC(CC(=O)O)C(=O)NC(Cc1ccccc1)C(=O)O,sweet
CC(NC(=O)C(CC(=O)O)NC(=O)C(N)CCC(=O)O)C(=O)NC(Cc1ccccc1)C(=O)O,sweet
NC(CCC(=O)O)C(=O)NC(CC(=O)O)C(=O)NC(CC(=O)O)C(=O)NC(Cc1ccccc1)C(=O)O,sweet
NC(CCC(=O)O)C(=O)NC(CC(=O)O)C(=O)NC(CCC(=O)O)C(=O)NC(Cc1ccccc1)C(=O)O,sweet
NC(=O)CCC(NC(=O)C(CC(=O)O)NC(=O)C(N)CCC(=O)O)C(=O)NC(Cc1ccccc1)C(=O)O,sweet
NC(CCC(=O)O)C(=O)NC(CC(=O)O)C(=O)NCC(=O)NC(Cc1ccccc1)C(=O)O,sweet
NC(CCC(=O)O)C(=O)NC(CCC(=O)O)C(=O)NC(CC(=O)O)C(=O)NC(Cc1ccccc1)C(=O)O,sweet
NC(=O)CCC(NC(=O)C(N)CCC(=O)O)C(=O)NC(CC(=O)O)C(=O)NC(Cc1ccccc1)C(=O)O,sweet
NC(CCC(=O)O)C(=O)NCC(=O)NC(CC(=O)O)C(=O)NC(Cc1ccccc1)C(=O)O,sweet
CCC(C)C(N)C(=O)NC(CCC(N)=O)C(=O)NC(CC(=O)O)C(=O)NC(Cc1ccccc1)C(=O)O,sweet
CCC(C)C(N)C(=O)NCC(=O)NC(CC(N)=O)C(=O)NC(Cc1ccccc1)C(=O)O,sweet
CCC(C)C(N)C(=O)NCC(=O)NC(CC(=O)O)C(=O)NC(Cc1ccccc1)C(=O)O,sweet
CCC(C)C(N)C(=O)NCC(=O)NC(Cc1ccccc1)C(=O)NC(CC(N)=O)C(=O)O,sweet
CCC(C)C(N)C(=O)NCC(=O)NC(Cc1ccccc1)C(=O)NC(CC(=O)O)C(=O)O,sweet
CCC(C)C(N)C(=O)NC(C(=O)NC(CC(N)=O)C(=O)NC(Cc1ccccc1)C(=O)O)C(C)CC,sweet
CCC(C)C(N)C(=O)NC(C(=O)NC(CC(=O)O)C(=O)NC(Cc1ccccc1)C(=O)O)C(C)CC,sweet
CCC(C)C(N)C(=O)NC(C(=O)NC(Cc1ccccc1)C(=O)NC(CC(N)=O)C(=O)O)C(C)CC,sweet
CCC(C)C(N)C(=O)NC(CC(C)C)C(=O)NC(CC(N)=O)C(=O)NC(Cc1ccccc1)C(=O)O,sweet
CCC(C)C(N)C(=O)NC(CC(C)C)C(=O)NC(CC(=O)O)C(=O)NC(Cc1ccccc1)C(=O)O,sweet
CCC(C)C(N)C(=O)NC(CC(C)C)C(=O)NC(Cc1ccccc1)C(=O)NC(CC(N)=O)C(=O)O,sweet
CCC(C)C(N)C(=O)NC(CCCCN)C(=O)NC(CC(N)=O)C(=O)NC(Cc1ccccc1)C(=O)O,sweet
CCC(C)C(N)C(=O)NC(CCCCN)C(=O)NC(CC(=O)O)C(=O)NC(Cc1ccccc1)C(=O)O,sweet
CCC(C)C(N)C(=O)NC(CCCCN)C(=O)NC(Cc1ccccc1)C(=O)NC(CC(N)=O)C(=O)O,sweet
CCC(C)C(N)C(=O)NC(Cc1ccccc1)C(=O)NC(C)C(=O)NC(CC(N)=O)C(=O)O,sweet
CCC(C)C(N)C(=O)NC(Cc1ccccc1)C(=O)NC(CC(N)=O)C(=O)NC(CC(N)=O)C(=O)O,sweet
CCC(C)C(N)C(=O)NC(Cc1ccccc1)C(=O)NC(CC(N)=O)C(=O)NC(CCCCN)C(=O)O,sweet
CCC(C)C(N)C(=O)NC(Cc1ccccc1)C(=O)NC(CC(=O)O)C(=O)NC(C)C(=O)O,sweet
CCC(C)C(N)C(=O)NC(Cc1ccccc1)C(=O)NC(CC(=O)O)C(=O)NC(CC(N)=O)C(=O)O,sweet
CCC(C)C(N)C(=O)NC(Cc1ccccc1)C(=O)NC(CC(=O)O)C(=O)NC(CC(=O)O)C(=O)O,sweet
CCC(C)C(N)C(=O)NC(Cc1ccccc1)C(=O)NC(CC(=O)O)C(=O)NCC(=O)O,sweet
CCC(C)C(N)C(=O)NC(Cc1ccccc1)C(=O)NC(CC(=O)O)C(=O)NC(C(=O)O)C(C)CC,sweet
CCC(C)C(N)C(=O)NC(Cc1ccccc1)C(=O)NC(CC(=O)O)C(=O)NC(CC(C)C)C(=O)O,sweet
CCC(C)C(N)C(=O)NC(Cc1ccccc1)C(=O)NC(CC(=O)O)C(=O)NC(CCCCN)C(=O)O,sweet
CCC(C)C(N)C(=O)NC(Cc1ccccc1)C(=O)NC(CC(=O)O)C(=O)NC(Cc1ccccc1)C(=O)O,sweet
CCC(C)C(N)C(=O)NC(Cc1ccccc1)C(=O)NC(CC(=O)O)C(=O)NC(C(=O)O)C(C)C,sweet
CCC(C)C(N)C(=O)NC(Cc1ccccc1)C(=O)NCC(=O)NC(CC(N)=O)C(=O)O,sweet
CCC(C)C(N)C(=O)NC(Cc1ccccc1)C(=O)NCC(=O)NC(CC(=O)O)C(=O)O,sweet
CCC(C)C(N)C(=O)NC(Cc1ccccc1)C(=O)NC(C(=O)NC(CC(N)=O)C(=O)O)C(C)CC,sweet
CCC(C)C(N)C(=O)NC(Cc1ccccc1)C(=O)NC(CC(C)C)C(=O)NC(CC(N)=O)C(=O)O,sweet
CCC(C)C(N)C(=O)NC(Cc1ccccc1)C(=O)NC(CCCCN)C(=O)NC(CC(N)=O)C(=O)O,sweet
CCC(C)C(N)C(=O)NC(Cc1ccccc1)C(=O)NC(C(=O)NC(CC(N)=O)C(=O)O)C(C)C,sweet
CCC(C)C(N)C(=O)N1CCCC1C(=O)NC(CC(=O)O)C(=O)NC(Cc1ccccc1)C(=O)O,sweet
CCC(C)C(N)C(=O)NC(CO)C(=O)NC(CC(=O)O)C(=O)NC(Cc1ccccc1)C(=O)O,sweet
CC(C)CC(N)C(=O)NC(CC(C)C)C(=O)NC(Cc1ccccc1)C(=O)NC(CC(N)=O)C(=O)O,sweet
CC(C)CC(N)C(=O)NC(CCCCN)C(=O)NC(CC(N)=O)C(=O)NC(Cc1ccccc1)C(=O)O,sweet
CC(C)CC(N)C(=O)NC(CCCCN)C(=O)NC(CC(=O)O)C(=O)NC(Cc1ccccc1)C(=O)O,sweet
CC(C)CC(N)C(=O)NC(CCCCN)C(=O)NC(Cc1ccccc1)C(=O)NC(CC(N)=O)C(=O)O,sweet
CC(C)CC(N)C(=O)NC(Cc1ccccc1)C(=O)NC(C)C(=O)NC(CC(N)=O)C(=O)O,sweet
CC(C)CC(N)C(=O)NC(Cc1ccccc1)C(=O)NC(CC(N)=O)C(=O)NC(CC(N)=O)C(=O)O,sweet
CC(C)CC(N)C(=O)NC(Cc1ccccc1)C(=O)NC(CC(N)=O)C(=O)NC(CCCCN)C(=O)O,sweet
CC(C)CC(N)C(=O)NC(Cc1ccccc1)C(=O)NC(CC(=O)O)C(=O)NC(C)C(=O)O,sweet
CC(C)CC(N)C(=O)NC(Cc1ccccc1)C(=O)NC(CC(=O)O)C(=O)NC(CC(N)=O)C(=O)O,sweet
CC(C)CC(N)C(=O)NC(Cc1ccccc1)C(=O)NC(CC(=O)O)C(=O)NC(CC(=O)O)C(=O)O,sweet
CC(C)CC(N)C(=O)NC(Cc1ccccc1)C(=O)NC(CC(=O)O)C(=O)NCC(=O)O,sweet
CCC(C)C(NC(=O)C(CC(=O)O)NC(=O)C(Cc1ccccc1)NC(=O)C(N)CC(C)C)C(=O)O,sweet
CC(C)CC(N)C(=O)NC(Cc1ccccc1)C(=O)NC(CC(=O)O)C(=O)NC(CC(C)C)C(=O)O,sweet
CC(C)CC(N)C(=O)NC(Cc1ccccc1)C(=O)NC(CC(=O)O)C(=O)NC(CCCCN)C(=O)O,sweet
CC(C)CC(N)C(=O)NC(Cc1ccccc1)C(=O)NC(CC(=O)O)C(=O)NC(Cc1ccccc1)C(=O)O,sweet
CC(C)CC(N)C(=O)NC(Cc1ccccc1)C(=O)NC(CC(=O)O)C(=O)NC(C(=O)O)C(C)C,sweet
CC(C)CC(N)C(=O)NC(Cc1ccccc1)C(=O)NCC(=O)NC(CC(N)=O)C(=O)O,sweet
CC(C)CC(N)C(=O)NC(Cc1ccccc1)C(=O)NCC(=O)NC(CC(=O)O)C(=O)O,sweet
CCC(C)C(NC(=O)C(Cc1ccccc1)NC(=O)C(N)CC(C)C)C(=O)NC(CC(N)=O)C(=O)O,sweet
CC(C)CC(N)C(=O)NC(Cc1ccccc1)C(=O)NC(CC(C)C)C(=O)NC(CC(N)=O)C(=O)O,sweet
CC(C)CC(N)C(=O)NC(Cc1ccccc1)C(=O)NC(CCCCN)C(=O)NC(CC(N)=O)C(=O)O,sweet
CC(C)CC(N)C(=O)NC(Cc1ccccc1)C(=O)NC(C(=O)NC(CC(N)=O)C(=O)O)C(C)C,sweet
CC(C)CC(N)C(=O)N1CCCC1C(=O)NC(CC(=O)O)C(=O)NC(Cc1ccccc1)C(=O)O,sweet
CC(C)CC(N)C(=O)NC(CO)C(=O)NC(CC(=O)O)C(=O)NC(Cc1ccccc1)C(=O)O,sweet
CC(C)CC(N)C(=O)NC(C(=O)NC(CC(N)=O)C(=O)NC(Cc1ccccc1)C(=O)O)C(C)C,sweet
CC(C)CC(N)C(=O)NC(C(=O)NC(CC(=O)O)C(=O)NC(Cc1ccccc1)C(=O)O)C(C)C,sweet
CC(C)CC(N)C(=O)NC(C(=O)NC(Cc1ccccc1)C(=O)NC(CC(N)=O)C(=O)O)C(C)C,sweet
CC(NC(=O)C(N)CCCCN)C(=O)NC(CC(N)=O)C(=O)NC(Cc1ccccc1)C(=O)O,sweet
CC(NC(=O)C(N)CCCCN)C(=O)NC(CC(=O)O)C(=O)NC(Cc1ccccc1)C(=O)O,sweet
CC(NC(=O)C(N)CCCCN)C(=O)NCC(=O)NC(Cc1ccccc1)C(=O)O,sweet
CC(NC(=O)C(N)CCCCN)C(=O)NC(Cc1ccccc1)C(=O)NC(CC(N)=O)C(=O)O,sweet
CC(NC(=O)C(N)CCCCN)C(=O)NC(Cc1ccccc1)C(=O)NC(CC(=O)O)C(=O)O,sweet
CC(NC(=O)C(CC(N)=O)NC(=O)C(N)CCCCN)C(=O)NC(Cc1ccccc1)C(=O)O,sweet
NCCCCC(N)C(=O)NC(CC(N)=O)C(=O)NC(CC(N)=O)C(=O)NC(Cc1ccccc1)C(=O)O,sweet
NCCCCC(N)C(=O)NC(CC(N)=O)C(=O)NC(CC(=O)O)C(=O)NC(Cc1ccccc1)C(=O)O,sweet
NCCCCC(N)C(=O)NC(CC(N)=O)C(=O)NCC(=O)NC(Cc1ccccc1)C(=O)O,sweet
CCC(C)C(NC(=O)C(CC(N)=O)NC(=O)C(N)CCCCN)C(=O)NC(Cc1ccccc1)C(=O)O,sweet
CC(C)CC(NC(=O)C(CC(N)=O)NC(=O)C(N)CCCCN)C(=O)NC(Cc1ccccc1)C(=O)O,sweet
NCCCCC(N)C(=O)NC(CC(N)=O)C(=O)NC(CCCCN)C(=O)NC(Cc1ccccc1)C(=O)O,sweet
NCCCCC(N)C(=O)NC(CC(N)=O)C(=O)NC(Cc1ccccc1)C(=O)NC(CC(N)=O)C(=O)O,sweet
NCCCCC(N)C(=O)NC(CC(N)=O)C(=O)NC(Cc1ccccc1)C(=O)NC(CCCCN)C(=O)O,sweet
CC(C)C(NC(=O)C(CC(N)=O)NC(=O)C(N)CCCCN)C(=O)NC(Cc1ccccc1)C(=O)O,sweet
CC(NC(=O)C(CC(=O)O)NC(=O)C(N)CCCCN)C(=O)NC(Cc1ccccc1)C(=O)O,sweet
NCCCCC(N)C(=O)NC(CC(=O)O)C(=O)NC(CC(N)=O)C(=O)NC(Cc1ccccc1)C(=O)O,sweet
NCCCCC(N)C(=O)NC(CC(=O)O)C(=O)NC(CC(=O)O)C(=O)NC(Cc1ccccc1)C(=O)O,sweet
NCCCCC(N)C(=O)NC(CC(=O)O)C(=O)NC(CCC(N)=O)C(=O)NC(Cc1ccccc1)C(=O)O,sweet
NCCCCC(N)C(=O)NC(CC(=O)O)C(=O)NCC(=O)NC(Cc1ccccc1)C(=O)O,sweet
CCC(C)C(NC(=O)C(CC(=O)O)NC(=O)C(N)CCCCN)C(=O)NC(Cc1ccccc1)C(=O)O,sweet
CC(C)CC(NC(=O)C(CC(=O)O)NC(=O)C(N)CCCCN)C(=O)NC(Cc1ccccc1)C(=O)O,sweet
NCCCCC(N)C(=O)NC(CC(=O)O)C(=O)NC(CCCCN)C(=O)NC(Cc1ccccc1)C(=O)O,sweet
CC(NC(=O)C(Cc1ccccc1)NC(=O)C(CC(=O)O)NC(=O)C(N)CCCCN)C(=O)O,sweet
NCCCCC(N)C(=O)NC(CC(=O)O)C(=O)NC(Cc1ccccc1)C(=O)NC(CC(N)=O)C(=O)O,sweet
NCCCCC(N)C(=O)NC(CC(=O)O)C(=O)NC(Cc1ccccc1)C(=O)NC(CC(=O)O)C(=O)O,sweet
NCCCCC(N)C(=O)NC(CC(=O)O)C(=O)NC(Cc1ccccc1)C(=O)NCC(=O)O,sweet
CCC(C)C(NC(=O)C(Cc1ccccc1)NC(=O)C(CC(=O)O)NC(=O)C(N)CCCCN)C(=O)O,sweet
CC(C)CC(NC(=O)C(Cc1ccccc1)NC(=O)C(CC(=O)O)NC(=O)C(N)CCCCN)C(=O)O,sweet
NCCCCC(N)C(=O)NC(CC(=O)O)C(=O)NC(Cc1ccccc1)C(=O)NC(CCCCN)C(=O)O,sweet
NCCCCC(N)C(=O)NC(CC(=O)O)C(=O)NC(Cc1ccccc1)C(=O)NC(Cc1ccccc1)C(=O)O,sweet
CC(C)C(NC(=O)C(Cc1ccccc1)NC(=O)C(CC(=O)O)NC(=O)C(N)CCCCN)C(=O)O,sweet
NCCCCC(N)C(=O)NC(CC(=O)O)C(=O)N1CCCC1C(=O)NC(Cc1ccccc1)C(=O)O,sweet
NCCCCC(N)C(=O)NC(CC(=O)O)C(=O)NC(CO)C(=O)NC(Cc1ccccc1)C(=O)O,sweet
CC(O)C(NC(=O)C(CC(=O)O)NC(=O)C(N)CCCCN)C(=O)NC(Cc1ccccc1)C(=O)O,sweet
CC(C)C(NC(=O)C(CC(=O)O)NC(=O)C(N)CCCCN)C(=O)NC(Cc1ccccc1)C(=O)O,sweet
NCCCCC(N)C(=O)NC(CCC(N)=O)C(=O)NC(CC(=O)O)C(=O)NC(Cc1ccccc1)C(=O)O,sweet
CC(NC(=O)CNC(=O)C(N)CCCCN)C(=O)NC(Cc1ccccc1)C(=O)O,sweet
NCCCCC(N)C(=O)NCC(=O)NC(CC(N)=O)C(=O)NC(Cc1ccccc1)C(=O)O,sweet
NCCCCC(N)C(=O)NCC(=O)NC(Cc1ccccc1)C(=O)NC(CC(N)=O)C(=O)O,sweet
CCC(C)C(NC(=O)C(N)CCCCN)C(=O)NC(CC(N)=O)C(=O)NC(Cc1ccccc1)C(=O)O,sweet
CCC(C)C(NC(=O)C(N)CCCCN)C(=O)NC(CC(=O)O)C(=O)NC(Cc1ccccc1)C(=O)O,sweet
CCC(C)C(NC(=O)C(N)CCCCN)C(=O)NC(Cc1ccccc1)C(=O)NC(CC(N)=O)C(=O)O,sweet
CC(C)CC(NC(=O)C(N)CCCCN)C(=O)NC(CC(N)=O)C(=O)NC(Cc1ccccc1)C(=O)O,sweet
CC(C)CC(NC(=O)C(N)CCCCN)C(=O)NC(CC(=O)O)C(=O)NC(Cc1ccccc1)C(=O)O,sweet
CC(C)CC(NC(=O)C(N)CCCCN)C(=O)NC(Cc1ccccc1)C(=O)NC(CC(N)=O)C(=O)O,sweet
NCCCCC(N)C(=O)NC(CCCCN)C(=O)NC(CC(N)=O)C(=O)NC(Cc1ccccc1)C(=O)O,sweet
NCCCCC(N)C(=O)NC(CCCCN)C(=O)NC(CC(=O)O)C(=O)NC(Cc1ccccc1)C(=O)O,sweet
NCCCCC(N)C(=O)NC(CCCCN)C(=O)NC(Cc1ccccc1)C(=O)NC(CC(N)=O)C(=O)O,sweet
CC(NC(=O)C(Cc1ccccc1)NC(=O)C(N)CCCCN)C(=O)NC(CC(N)=O)C(=O)O,sweet
CC(NC(=O)C(Cc1ccccc1)NC(=O)C(N)CCCCN)C(=O)NC(CC(=O)O)C(=O)O,sweet
NCCCCC(N)C(=O)NC(Cc1ccccc1)C(=O)NC(CC(N)=O)C(=O)NC(CC(N)=O)C(=O)O,sweet
NCCCCC(N)C(=O)NC(Cc1ccccc1)C(=O)NC(CC(N)=O)C(=O)NC(CCCCN)C(=O)O,sweet
CC(NC(=O)C(CC(=O)O)NC(=O)C(Cc1ccccc1)NC(=O)C(N)CCCCN)C(=O)O,sweet
NCCCCC(N)C(=O)NC(Cc1ccccc1)C(=O)NC(CC(=O)O)C(=O)NC(CC(N)=O)C(=O)O,sweet
NCCCCC(N)C(=O)NC(Cc1ccccc1)C(=O)NC(CC(=O)O)C(=O)NC(CC(=O)O)C(=O)O,sweet
NCCCCC(N)C(=O)NC(Cc1ccccc1)C(=O)NC(CC(=O)O)C(=O)NCC(=O)O,sweet
CCC(C)C(NC(=O)C(CC(=O)O)NC(=O)C(Cc1ccccc1)NC(=O)C(N)CCCCN)C(=O)O,sweet
CC(C)CC(NC(=O)C(CC(=O)O)NC(=O)C(Cc1ccccc1)NC(=O)C(N)CCCCN)C(=O)O,sweet
NCCCCC(N)C(=O)NC(Cc1ccccc1)C(=O)NC(CC(=O)O)C(=O)NC(CCCCN)C(=O)O,sweet
NCCCCC(N)C(=O)NC(Cc1ccccc1)C(=O)NC(CC(=O)O)C(=O)NC(Cc1ccccc1)C(=O)O,sweet
CC(C)C(NC(=O)C(CC(=O)O)NC(=O)C(Cc1ccccc1)NC(=O)C(N)CCCCN)C(=O)O,sweet
NCCCCC(N)C(=O)NC(Cc1ccccc1)C(=O)NCC(=O)NC(CC(N)=O)C(=O)O,sweet
CCC(C)C(NC(=O)C(Cc1ccccc1)NC(=O)C(N)CCCCN)C(=O)NC(CC(N)=O)C(=O)O,sweet
CC(C)CC(NC(=O)C(Cc1ccccc1)NC(=O)C(N)CCCCN)C(=O)NC(CC(N)=O)C(=O)O,sweet
NCCCCC(N)C(=O)NC(Cc1ccccc1)C(=O)NC(CCCCN)C(=O)NC(CC(N)=O)C(=O)O,sweet
CC(C)C(NC(=O)C(Cc1ccccc1)NC(=O)C(N)CCCCN)C(=O)NC(CC(N)=O)C(=O)O,sweet
NCCCCC(N)C(=O)N1CCCC1C(=O)NC(CC(=O)O)C(=O)NC(Cc1ccccc1)C(=O)O,sweet
NCCCCC(N)C(=O)NC(CO)C(=O)NC(CC(=O)O)C(=O)NC(Cc1ccccc1)C(=O)O,sweet
CC(O)C(NC(=O)C(N)CCCCN)C(=O)NC(CC(=O)O)C(=O)NC(Cc1ccccc1)C(=O)O,sweet
CC(C)C(NC(=O)C(N)CCCCN)C(=O)NC(CC(N)=O)C(=O)NC(Cc1ccccc1)C(=O)O,sweet
CC(C)C(NC(=O)C(N)CCCCN)C(=O)NC(CC(=O)O)C(=O)NC(Cc1ccccc1)C(=O)O,sweet
CC(C)C(NC(=O)C(N)CCCCN)C(=O)NC(Cc1ccccc1)C(=O)NC(CC(N)=O)C(=O)O,sweet
COCC1([O-])OCC(O)C(O)C1O,sweet
COCC1(O)OCC(O)C(O)C1O,sweet
CCOC1C(O)OC(C(O)CO)C1O,sweet
CC(C)(C)OC(=O)C(NC(=O)C(N)CC(=O)[O-])c1ccccc1,sweet
CC(C)(C)OC(=O)C(NC(=O)C(N)CC(=O)O)c1ccccc1,sweet
CCOC(OCC)C(O)C(O)C(O)C(O)CO,sweet
O=CC(O)C(O)C(O)C(O)CO.OCCO,sweet
OCC1OC(O)C(O)C(O)C1O.[Ac].[Ac].[Ac].[Ac],sweet
CC(C)OCC1OC(O)C(O)C(O)C1O.[Ac].[Ac].[Ac].[Ac],sweet
CC(C)OCC1OC(O)C(O)C(O)C1O,sweet
COC(=O)C(Cc1ccccc1)NC(=O)C(C)C,sweet
COCC(Cc1ccccc1)NC(=O)C(CC(=O)O)NC(=O)OC(C)(C)C,sweet
CCCCOC(=O)NC(CC(=O)O)C(=O)NC(CO)Cc1ccccc1,sweet
CC(C)(C)OC(=O)NC(CC(=O)O)C(=O)NC(CO)Cc1ccccc1,sweet
CC(CO)OOC1OC(CO)C(O)C(O)C1O,sweet
OCC1OC(OC2OC(CO)C(O)C(O[Si](O)O)C2O)C(O)C(O)C1O,sweet
OCCOCC1OC(OC2C(CO)OC(O)C(O)C2O)C(O)C(O)C1O,sweet
CC1OC(OC2C(C)OC(C)C(O)C2O)C(O)C(O)C1O,sweet
CC1OC(CO)C(OC2OC(CO)C(O)C(O)C2O)C(O)C1O,sweet
CC1OC(O)(CO)C(OC2OC(CO)C(O)C(O)C2O)C(O)C1O,sweet
NC1CCCCC1N=S(=O)=O,sweet
O=C1c2c(O)cc(O)cc2OC(c2ccc(O)c(O)c2)C1(O)OC1OC(CO)C(O)C(O)C1O,sweet
COC(=O)C(C)(Cc1ccccc1)N(CCC(C)(C)C)C(=O)C(N)CC(=O)O,sweet
CC1OC(OOC2(CO)OC(CO)C(O)C2O)C(O)C(O)C1O,sweet
CCCCOCC1OC(OC2C(CO)OC(O)C(O)C2O)C(O)C(O)C1O,sweet
CCOCC1OC(OC2C(CO)OC(O)C(O)C2O)C(O)C(O)C1O,sweet
CC1OC(OCC2OC(OC3OC(CO)C(O)C(O)C3O)C(O)C(O)C2O)C(O)C(O)C1O,sweet
NOCC(=O)C(O)C(O)C(O)CO,sweet
Nc1ncnc2c1ncn2C1CC(O)C(COP(N)O)O1,sweet
CCCCCOC1C(O)C(COP(N)O)OC1n1cnc2c(N)ncnc21,sweet
O=S(O)(=S)NC1CCCCC1,sweet
CC(NC(=O)C1CCCN1C(=O)C(N)CC(=O)O)C(=O)NCC(=O)NC(Cc1ccccc1)C(=O)O,sweet
CC(O)C(O)(O)C(O)C(O)CO,sweet
C=Cc1cccc2c1S(=O)(=O)N=C2[O-],sweet
C=Cc1cccc2c1S(=O)(=O)NC2=O,sweet
CC(=O)OC1C(O)C(CO)OC(OC2C(CO)OC(O)C(O)C2O)C1O,sweet
CCCC1OCC(O)C(C(O)C(O)CO)O1,sweet
CC(C)(C)CCC(CCC(C)(C)C)OC(=O)C(Cc1ccccc1)NC(=O)C(N)CC(=O)O,sweet
OCCC(O)CC(O)CO,sweet
NN1C(=O)c2ccccc2S1=O,sweet
OCC(O)C(O)C1(OC2OC(CO)C(O)C(O)C2O)OC(CO)C(O)C1O,sweet
NC(CC(=O)O)C(=O)NC(Cc1ccccc1)C(=O)OCC=O,sweet
OCCCCC(O)CO.OCCCCO,sweet
O=CCC(O)C(O)C(O)C(O)CO,sweet
NC(=O)c1cccc2c1S(=O)(=O)NC2=O,sweet
O=C(O)N1C(=O)c2ccccc2S1(=O)=O,sweet
CC(NC(=O)C(CC(=O)O)NC(=O)C(N)CCC(N)=O)C(=O)NC(Cc1ccccc1)C(=O)O,sweet
NC(=O)CCC(N)C(=O)NC(CC(=O)O)C(=O)NC(CC(N)=O)C(=O)NC(Cc1ccccc1)C(=O)O,sweet
NC(=O)CCC(N)C(=O)NC(CC(=O)O)C(=O)NC(CC(=O)O)C(=O)NC(Cc1ccccc1)C(=O)O,sweet
NC(=O)CCC(N)C(=O)NC(CC(=O)O)C(=O)NC(CCC(=O)O)C(=O)NC(Cc1ccccc1)C(=O)O,sweet
NC(=O)CCC(N)C(=O)NC(CC(=O)O)C(=O)NC(CCC(N)=O)C(=O)NC(Cc1ccccc1)C(=O)O,sweet
NC(=O)CCC(N)C(=O)NC(CC(=O)O)C(=O)NCC(=O)NC(Cc1ccccc1)C(=O)O,sweet
CCC(C)C(NC(=O)C(CC(=O)O)NC(=O)C(N)CCC(N)=O)C(=O)NC(Cc1ccccc1)C(=O)O,sweet
CC(C)CC(NC(=O)C(CC(=O)O)NC(=O)C(N)CCC(N)=O)C(=O)NC(Cc1ccccc1)C(=O)O,sweet
NCCCCC(NC(=O)C(CC(=O)O)NC(=O)C(N)CCC(N)=O)C(=O)NC(Cc1ccccc1)C(=O)O,sweet
CC(NC(=O)C(Cc1ccccc1)NC(=O)C(CC(=O)O)NC(=O)C(N)CCC(N)=O)C(=O)O,sweet
NC(=O)CCC(N)C(=O)NC(CC(=O)O)C(=O)NC(Cc1ccccc1)C(=O)NCC(=O)O,sweet
CCC(C)C(NC(=O)C(Cc1ccccc1)NC(=O)C(CC(=O)O)NC(=O)C(N)CCC(N)=O)C(=O)O,sweet
CC(C)CC(NC(=O)C(Cc1ccccc1)NC(=O)C(CC(=O)O)NC(=O)C(N)CCC(N)=O)C(=O)O,sweet
NCCCCC(NC(=O)C(Cc1ccccc1)NC(=O)C(CC(=O)O)NC(=O)C(N)CCC(N)=O)C(=O)O,sweet
NC(=O)CCC(N)C(=O)NC(CC(=O)O)C(=O)NC(CO)C(=O)NC(Cc1ccccc1)C(=O)O,sweet
CC(C)C(NC(=O)C(CC(=O)O)NC(=O)C(N)CCC(N)=O)C(=O)NC(Cc1ccccc1)C(=O)O,sweet
NC(=O)CCC(N)C(=O)NC(CCC(=O)O)C(=O)NC(CC(=O)O)C(=O)NC(Cc1ccccc1)C(=O)O,sweet
NC(=O)CCC(N)C(=O)NC(CCC(N)=O)C(=O)NC(CC(=O)O)C(=O)NC(Cc1ccccc1)C(=O)O,sweet
CC(NC(=O)CNC(=O)C(N)CCC(N)=O)C(=O)NC(Cc1ccccc1)C(=O)O,sweet
NC(=O)CCC(N)C(=O)NCC(=O)NC(CC(N)=O)C(=O)NC(Cc1ccccc1)C(=O)O,sweet
NC(=O)CCC(N)C(=O)NCC(=O)NC(CC(=O)O)C(=O)NC(Cc1ccccc1)C(=O)O,sweet
CCC(C)C(NC(=O)C(N)CCC(N)=O)C(=O)NC(CC(=O)O)C(=O)NC(Cc1ccccc1)C(=O)O,sweet
CC(C)CC(NC(=O)C(N)CCC(N)=O)C(=O)NC(CC(=O)O)C(=O)NC(Cc1ccccc1)C(=O)O,sweet
NCCCCC(NC(=O)C(N)CCC(N)=O)C(=O)NC(CC(=O)O)C(=O)NC(Cc1ccccc1)C(=O)O,sweet
CC(NC(=O)C(Cc1ccccc1)NC(=O)C(N)CCC(N)=O)C(=O)NC(CC(N)=O)C(=O)O,sweet
CC(NC(=O)C(CC(=O)O)NC(=O)C(Cc1ccccc1)NC(=O)C(N)CCC(N)=O)C(=O)O,sweet
NC(=O)CCC(N)C(=O)NC(Cc1ccccc1)C(=O)NC(CC(=O)O)C(=O)NCC(=O)O,sweet
CCC(C)C(NC(=O)C(CC(=O)O)NC(=O)C(Cc1ccccc1)NC(=O)C(N)CCC(N)=O)C(=O)O,sweet
CC(C)CC(NC(=O)C(CC(=O)O)NC(=O)C(Cc1ccccc1)NC(=O)C(N)CCC(N)=O)C(=O)O,sweet
NCCCCC(NC(=O)C(CC(=O)O)NC(=O)C(Cc1ccccc1)NC(=O)C(N)CCC(N)=O)C(=O)O,sweet
NC(=O)CCC(N)C(=O)NC(CO)C(=O)NC(CC(=O)O)C(=O)NC(Cc1ccccc1)C(=O)O,sweet
CC(C)C(NC(=O)C(N)CCC(N)=O)C(=O)NC(CC(=O)O)C(=O)NC(Cc1ccccc1)C(=O)O,sweet
CC(NC(=O)CN)C(=O)NC(C)C(=O)NC(Cc1ccccc1)C(=O)O,sweet
CC(NC(=O)CN)C(=O)NC(CC(N)=O)C(=O)NC(Cc1ccccc1)C(=O)O,sweet
CC(NC(=O)CN)C(=O)NC(CC(=O)O)C(=O)NC(Cc1ccccc1)C(=O)O,sweet
CC(NC(=O)CN)C(=O)NC(CCC(N)=O)C(=O)NC(Cc1ccccc1)C(=O)O,sweet
CC(NC(=O)CN)C(=O)NCC(=O)NC(Cc1ccccc1)C(=O)O,sweet
CC(NC(=O)CN)C(=O)NC(CCCCN)C(=O)NC(Cc1ccccc1)C(=O)O,sweet
CC(NC(=O)CN)C(=O)NC(Cc1ccccc1)C(=O)NC(CC(N)=O)C(=O)O,sweet
CC(NC(=O)CN)C(=O)NC(Cc1ccccc1)C(=O)NC(CC(=O)O)C(=O)O,sweet
NCC(=O)NC(CCCN=C(N)N)C(=O)NC(CC(=O)O)C(=O)NC(Cc1ccccc1)C(=O)O,sweet
CC(NC(=O)C(CC(N)=O)NC(=O)CN)C(=O)NC(Cc1ccccc1)C(=O)O,sweet
NCC(=O)NC(CC(N)=O)C(=O)NC(CC(N)=O)C(=O)NC(Cc1ccccc1)C(=O)O,sweet
NCC(=O)NC(CC(N)=O)C(=O)NC(CC(=O)O)C(=O)NC(Cc1ccccc1)C(=O)O,sweet
NCC(=O)NC(CC(N)=O)C(=O)NC(CCC(N)=O)C(=O)NC(Cc1ccccc1)C(=O)O,sweet
NCC(=O)NC(CC(N)=O)C(=O)NCC(=O)NC(Cc1ccccc1)C(=O)O,sweet
CCC(C)C(NC(=O)C(CC(N)=O)NC(=O)CN)C(=O)NC(Cc1ccccc1)C(=O)O,sweet
CC(C)CC(NC(=O)C(CC(N)=O)NC(=O)CN)C(=O)NC(Cc1ccccc1)C(=O)O,sweet
NCCCCC(NC(=O)C(CC(N)=O)NC(=O)CN)C(=O)NC(Cc1ccccc1)C(=O)O,sweet
NCC(=O)NC(CC(N)=O)C(=O)NC(Cc1ccccc1)C(=O)NC(CC(N)=O)C(=O)O,sweet
CCC(C)C(NC(=O)C(Cc1ccccc1)NC(=O)C(CC(N)=O)NC(=O)CN)C(=O)O,sweet
CC(C)CC(NC(=O)C(Cc1ccccc1)NC(=O)C(CC(N)=O)NC(=O)CN)C(=O)O,sweet
NCCCCC(NC(=O)C(Cc1ccccc1)NC(=O)C(CC(N)=O)NC(=O)CN)C(=O)O,sweet
NCC(=O)NC(CC(N)=O)C(=O)NC(CO)C(=O)NC(Cc1ccccc1)C(=O)O,sweet
CC(C)C(NC(=O)C(CC(N)=O)NC(=O)CN)C(=O)NC(Cc1ccccc1)C(=O)O,sweet
CC(NC(=O)C(CC(=O)O)NC(=O)CN)C(=O)NC(Cc1ccccc1)C(=O)O,sweet
NCC(=O)NC(CC(=O)O)C(=O)NC(CCCN=C(N)N)C(=O)NC(Cc1ccccc1)C(=O)O,sweet
NCC(=O)NC(CC(=O)O)C(=O)NC(CC(N)=O)C(=O)NC(Cc1ccccc1)C(=O)O,sweet
NCC(=O)NC(CC(=O)O)C(=O)NC(CC(=O)O)C(=O)NC(Cc1ccccc1)C(=O)O,sweet
NCC(=O)NC(CC(=O)O)C(=O)NC(CS)C(=O)NC(Cc1ccccc1)C(=O)O,sweet
NCC(=O)NC(CC(=O)O)C(=O)NC(CCC(=O)O)C(=O)NC(Cc1ccccc1)C(=O)O,sweet
NCC(=O)NC(CC(=O)O)C(=O)NC(CCC(N)=O)C(=O)NC(Cc1ccccc1)C(=O)O,sweet
NCC(=O)NC(CC(=O)O)C(=O)NCC(=O)NC(Cc1ccccc1)C(=O)O,sweet
CCC(C)C(NC(=O)C(CC(=O)O)NC(=O)CN)C(=O)NC(Cc1ccccc1)C(=O)O,sweet
CC(C)CC(NC(=O)C(CC(=O)O)NC(=O)CN)C(=O)NC(Cc1ccccc1)C(=O)O,sweet
NCCCCC(NC(=O)C(CC(=O)O)NC(=O)CN)C(=O)NC(Cc1ccccc1)C(=O)O,sweet
CC(NC(=O)C(Cc1ccccc1)NC(=O)C(CC(=O)O)NC(=O)CN)C(=O)O,sweet
NCC(=O)NC(CC(=O)O)C(=O)NC(Cc1ccccc1)C(=O)NC(CC(N)=O)C(=O)O,sweet
NCC(=O)NC(CC(=O)O)C(=O)NC(Cc1ccccc1)C(=O)NC(CC(=O)O)C(=O)O,sweet
NCC(=O)NC(CC(=O)O)C(=O)NC(Cc1ccccc1)C(=O)NC(CCC(=O)O)C(=O)O,sweet
NCC(=O)NC(CC(=O)O)C(=O)NC(Cc1ccccc1)C(=O)NCC(=O)O,sweet
CCC(C)C(NC(=O)C(Cc1ccccc1)NC(=O)C(CC(=O)O)NC(=O)CN)C(=O)O,sweet
CC(C)CC(NC(=O)C(Cc1ccccc1)NC(=O)C(CC(=O)O)NC(=O)CN)C(=O)O,sweet
NCCCCC(NC(=O)C(Cc1ccccc1)NC(=O)C(CC(=O)O)NC(=O)CN)C(=O)O,sweet
NCC(=O)NC(CC(=O)O)C(=O)NC(Cc1ccccc1)C(=O)NC(Cc1ccccc1)C(=O)O,sweet
CC(C)C(NC(=O)C(Cc1ccccc1)NC(=O)C(CC(=O)O)NC(=O)CN)C(=O)O,sweet
NCC(=O)NC(CC(=O)O)C(=O)N1CCCC1C(=O)NC(Cc1ccccc1)C(=O)O,sweet
NCC(=O)NC(CC(=O)O)C(=O)NC(CO)C(=O)NC(Cc1ccccc1)C(=O)O,sweet
CC(O)C(NC(=O)C(CC(=O)O)NC(=O)CN)C(=O)NC(Cc1ccccc1)C(=O)O,sweet
CC(C)C(NC(=O)C(CC(=O)O)NC(=O)CN)C(=O)NC(Cc1ccccc1)C(=O)O,sweet
NCC(=O)NC(CS)C(=O)NC(CC(=O)O)C(=O)NC(Cc1ccccc1)C(=O)O,sweet
NCC(=O)NC(CCC(=O)O)C(=O)NC(CC(=O)O)C(=O)NC(Cc1ccccc1)C(=O)O,sweet
CC(NC(=O)C(CCC(N)=O)NC(=O)CN)C(=O)NC(Cc1ccccc1)C(=O)O,sweet
NCC(=O)NC(CCC(N)=O)C(=O)NC(CC(N)=O)C(=O)NC(Cc1ccccc1)C(=O)O,sweet
NCC(=O)NC(CCC(N)=O)C(=O)NC(CC(=O)O)C(=O)NC(Cc1ccccc1)C(=O)O,sweet
CC(NC(=O)CNC(=O)CN)C(=O)NC(Cc1ccccc1)C(=O)O,sweet
NCC(=O)NCC(=O)NC(CC(N)=O)C(=O)NC(Cc1ccccc1)C(=O)O,sweet
NCC(=O)NCC(=O)NC(CC(=O)O)C(=O)NC(Cc1ccccc1)C(=O)O,sweet
NCC(=O)NCC(=O)NCC(=O)NC(Cc1ccccc1)C(=O)O,sweet
NCC(=O)NCC(=O)NC(Cc1ccccc1)C(=O)NC(CC(N)=O)C(=O)O,sweet
CCC(C)C(NC(=O)CN)C(=O)NC(CC(N)=O)C(=O)NC(Cc1ccccc1)C(=O)O,sweet
CCC(C)C(NC(=O)CN)C(=O)NC(CC(=O)O)C(=O)NC(Cc1ccccc1)C(=O)O,sweet
CCC(C)C(NC(=O)CN)C(=O)NC(Cc1ccccc1)C(=O)NC(CC(N)=O)C(=O)O,sweet
CCC(C)C(NC(=O)CN)C(=O)NC(Cc1ccccc1)C(=O)NC(CC(=O)O)C(=O)O,sweet
CC(C)CC(NC(=O)CN)C(=O)NC(CC(N)=O)C(=O)NC(Cc1ccccc1)C(=O)O,sweet
CC(C)CC(NC(=O)CN)C(=O)NC(CC(=O)O)C(=O)NC(Cc1ccccc1)C(=O)O,sweet
CC(C)CC(NC(=O)CN)C(=O)NC(Cc1ccccc1)C(=O)NC(CC(N)=O)C(=O)O,sweet
CC(C)CC(NC(=O)CN)C(=O)NC(Cc1ccccc1)C(=O)NC(CC(=O)O)C(=O)O,sweet
CC(NC(=O)C(CCCCN)NC(=O)CN)C(=O)NC(Cc1ccccc1)C(=O)O,sweet
NCCCCC(NC(=O)CN)C(=O)NC(CC(N)=O)C(=O)NC(Cc1ccccc1)C(=O)O,sweet
NCCCCC(NC(=O)CN)C(=O)NC(CC(=O)O)C(=O)NC(Cc1ccccc1)C(=O)O,sweet
NCCCCC(NC(=O)CN)C(=O)NC(Cc1ccccc1)C(=O)NC(CC(N)=O)C(=O)O,sweet
CC(NC(=O)C(Cc1ccccc1)NC(=O)CN)C(=O)NC(CC(N)=O)C(=O)O,sweet
NCC(=O)NC(Cc1ccccc1)C(=O)NC(CC(N)=O)C(=O)NC(CC(N)=O)C(=O)O,sweet
CCC(C)C(NC(=O)C(CC(N)=O)NC(=O)C(Cc1ccccc1)NC(=O)CN)C(=O)O,sweet
CC(C)CC(NC(=O)C(CC(N)=O)NC(=O)C(Cc1ccccc1)NC(=O)CN)C(=O)O,sweet
NCCCCC(NC(=O)C(CC(N)=O)NC(=O)C(Cc1ccccc1)NC(=O)CN)C(=O)O,sweet
CC(NC(=O)C(CC(=O)O)NC(=O)C(Cc1ccccc1)NC(=O)CN)C(=O)O,sweet
NCC(=O)NC(Cc1ccccc1)C(=O)NC(CC(=O)O)C(=O)NC(CC(N)=O)C(=O)O,sweet
NCC(=O)NC(Cc1ccccc1)C(=O)NC(CC(=O)O)C(=O)NC(CC(=O)O)C(=O)O,sweet
NCC(=O)NC(Cc1ccccc1)C(=O)NC(CC(=O)O)C(=O)NC(CCC(=O)O)C(=O)O,sweet
NCC(=O)NC(Cc1ccccc1)C(=O)NC(CC(=O)O)C(=O)NCC(=O)O,sweet
CCC(C)C(NC(=O)C(CC(=O)O)NC(=O)C(Cc1ccccc1)NC(=O)CN)C(=O)O,sweet
NCCCCC(NC(=O)C(CC(=O)O)NC(=O)C(Cc1ccccc1)NC(=O)CN)C(=O)O,sweet
NCC(=O)NC(Cc1ccccc1)C(=O)NC(CC(=O)O)C(=O)NC(Cc1ccccc1)C(=O)O,sweet
CC(C)C(NC(=O)C(CC(=O)O)NC(=O)C(Cc1ccccc1)NC(=O)CN)C(=O)O,sweet
NCC(=O)NC(Cc1ccccc1)C(=O)NCC(=O)NC(CC(N)=O)C(=O)O,sweet
CCC(C)C(NC(=O)C(Cc1ccccc1)NC(=O)CN)C(=O)NC(CC(N)=O)C(=O)O,sweet
CCC(C)C(NC(=O)C(Cc1ccccc1)NC(=O)CN)C(=O)NC(CC(=O)O)C(=O)O,sweet
CC(C)CC(NC(=O)C(Cc1ccccc1)NC(=O)CN)C(=O)NC(CC(N)=O)C(=O)O,sweet
CC(C)CC(NC(=O)C(Cc1ccccc1)NC(=O)CN)C(=O)NC(CC(=O)O)C(=O)O,sweet
NCCCCC(NC(=O)C(Cc1ccccc1)NC(=O)CN)C(=O)NC(CC(N)=O)C(=O)O,sweet
CC(C)C(NC(=O)C(Cc1ccccc1)NC(=O)CN)C(=O)NC(CC(N)=O)C(=O)O,sweet
CC(C)C(NC(=O)C(Cc1ccccc1)NC(=O)CN)C(=O)NC(CC(=O)O)C(=O)O,sweet
NCC(=O)N1CCCC1C(=O)NC(CC(=O)O)C(=O)NC(Cc1ccccc1)C(=O)O,sweet
NCC(=O)NC(CO)C(=O)NC(CC(N)=O)C(=O)NC(Cc1ccccc1)C(=O)O,sweet
NCC(=O)NC(CO)C(=O)NC(CC(=O)O)C(=O)NC(Cc1ccccc1)C(=O)O,sweet
CC(O)C(NC(=O)CN)C(=O)NC(CC(=O)O)C(=O)NC(Cc1ccccc1)C(=O)O,sweet
CC(C)C(NC(=O)CN)C(=O)NC(CC(N)=O)C(=O)NC(Cc1ccccc1)C(=O)O,sweet
CC(C)C(NC(=O)CN)C(=O)NC(CC(=O)O)C(=O)NC(Cc1ccccc1)C(=O)O,sweet
CC(C)C(NC(=O)CN)C(=O)NC(Cc1ccccc1)C(=O)NC(CC(N)=O)C(=O)O,sweet
CC(C)C(NC(=O)CN)C(=O)NC(Cc1ccccc1)C(=O)NC(CC(=O)O)C(=O)O,sweet
CCC(C)C(N)C(=O)NC(C)C(=O)NC(CC(N)=O)C(=O)NC(Cc1ccccc1)C(=O)O,sweet
CCC(C)C(N)C(=O)NC(C)C(=O)NC(CC(=O)O)C(=O)NC(Cc1ccccc1)C(=O)O,sweet
CCC(C)C(N)C(=O)NC(C)C(=O)NC(Cc1ccccc1)C(=O)NC(CC(N)=O)C(=O)O,sweet
CCC(C)C(N)C(=O)NC(CC(N)=O)C(=O)NC(C)C(=O)NC(Cc1ccccc1)C(=O)O,sweet
CCC(C)C(N)C(=O)NC(CC(N)=O)C(=O)NC(CC(N)=O)C(=O)NC(Cc1ccccc1)C(=O)O,sweet
CCC(C)C(N)C(=O)NC(CC(N)=O)C(=O)NC(CC(=O)O)C(=O)NC(Cc1ccccc1)C(=O)O,sweet
CCC(C)C(N)C(=O)NC(CC(N)=O)C(=O)NCC(=O)NC(Cc1ccccc1)C(=O)O,sweet
CCC(C)C(N)C(=O)NC(CC(N)=O)C(=O)NC(C(=O)NC(Cc1ccccc1)C(=O)O)C(C)CC,sweet
CCC(C)C(N)C(=O)NC(CC(N)=O)C(=O)NC(CC(C)C)C(=O)NC(Cc1ccccc1)C(=O)O,sweet
CCC(C)C(N)C(=O)NC(CC(N)=O)C(=O)NC(CCCCN)C(=O)NC(Cc1ccccc1)C(=O)O,sweet
CCC(C)C(N)C(=O)NC(CC(N)=O)C(=O)NC(Cc1ccccc1)C(=O)NC(CC(N)=O)C(=O)O,sweet
CCC(C)C(N)C(=O)NC(CC(N)=O)C(=O)NC(Cc1ccccc1)C(=O)NC(CCCCN)C(=O)O,sweet
CCC(C)C(N)C(=O)NC(CC(N)=O)C(=O)NC(C(=O)NC(Cc1ccccc1)C(=O)O)C(C)C,sweet
CCC(C)C(N)C(=O)NC(CC(=O)O)C(=O)NC(C)C(=O)NC(Cc1ccccc1)C(=O)O,sweet
CCC(C)C(N)C(=O)NC(CC(=O)O)C(=O)NC(CC(N)=O)C(=O)NC(Cc1ccccc1)C(=O)O,sweet
CCC(C)C(N)C(=O)NC(CC(=O)O)C(=O)NC(CC(=O)O)C(=O)NC(Cc1ccccc1)C(=O)O,sweet
CCC(C)C(N)C(=O)NC(CC(=O)O)C(=O)NC(CCC(N)=O)C(=O)NC(Cc1ccccc1)C(=O)O,sweet
CCC(C)C(N)C(=O)NC(CC(=O)O)C(=O)NCC(=O)NC(Cc1ccccc1)C(=O)O,sweet
CCC(C)C(N)C(=O)NC(CC(=O)O)C(=O)NC(C(=O)NC(Cc1ccccc1)C(=O)O)C(C)CC,sweet
CCC(C)C(N)C(=O)NC(CC(=O)O)C(=O)NC(CC(C)C)C(=O)NC(Cc1ccccc1)C(=O)O,sweet
CCC(C)C(N)C(=O)NC(CC(=O)O)C(=O)NC(CCCCN)C(=O)NC(Cc1ccccc1)C(=O)O,sweet
CCC(C)C(N)C(=O)NC(CC(=O)O)C(=O)NC(Cc1ccccc1)C(=O)NC(C)C(=O)O,sweet
CCC(C)C(N)C(=O)NC(CC(=O)O)C(=O)NC(Cc1ccccc1)C(=O)NC(CC(N)=O)C(=O)O,sweet
CCC(C)C(N)C(=O)NC(CC(=O)O)C(=O)NC(Cc1ccccc1)C(=O)NC(CC(=O)O)C(=O)O,sweet
CCC(C)C(N)C(=O)NC(CC(=O)O)C(=O)NC(Cc1ccccc1)C(=O)NCC(=O)O,sweet
CCC(C)C(N)C(=O)NC(CC(=O)O)C(=O)NC(Cc1ccccc1)C(=O)NC(C(=O)O)C(C)CC,sweet
CCC(C)C(N)C(=O)NC(CC(=O)O)C(=O)NC(Cc1ccccc1)C(=O)NC(CC(C)C)C(=O)O,sweet
CCC(C)C(N)C(=O)NC(CC(=O)O)C(=O)NC(Cc1ccccc1)C(=O)NC(CCCCN)C(=O)O,sweet
CCC(C)C(N)C(=O)NC(CC(=O)O)C(=O)NC(Cc1ccccc1)C(=O)NC(Cc1ccccc1)C(=O)O,sweet
CCC(C)C(N)C(=O)NC(CC(=O)O)C(=O)NC(Cc1ccccc1)C(=O)NC(C(=O)O)C(C)C,sweet
CCC(C)C(N)C(=O)NC(CC(=O)O)C(=O)N1CCCC1C(=O)NC(Cc1ccccc1)C(=O)O,sweet
CCC(C)C(N)C(=O)NC(CC(=O)O)C(=O)NC(CO)C(=O)NC(Cc1ccccc1)C(=O)O,sweet
CCC(C)C(N)C(=O)NC(CC(=O)O)C(=O)NC(C(=O)NC(Cc1ccccc1)C(=O)O)C(C)C,sweet
O=C(COB(O)O)C(O)C(O)C(O)CO,sweet
NC(=O)c1ccccc1S(N)(=O)=O,sweet
OCC(O)CO.OCCC(O)CO,sweet
C=O.OCC1OC(O)C(O)C(O)C1O,sweet
COC(=O)NC(Cc1ccccc1)C(=O)O.NC(CC(=O)O)C(=O)O,sweet
NC(=O)c1ccccc1S(=O)(=O)[O-],sweet
O=CC(O)(F)C(O)C(O)C(O)CO,sweet
COCC(OC)C1OC(OC)C(O)C1OC,sweet
COC1OC(CO)C2OC(C)(C)OC2C1OC,sweet
[O-]C1OC(C(O)CO)C(O)C(O)C1O,sweet
CCOC1OC(CO)C(OC(C)=O)C(OC(C)=O)C1OC(C)=O,sweet
CC1OCC(O)C(C(O)C(O)CO)O1,sweet
COC(CO)C(O)C(OC)C(O)C=O,sweet
O=C(CO)C(O)C(F)C(O)CO,sweet
CCOC1OC(C(C)O)C(O)C1O,sweet
COC(CO)C1OC(OC)C(OC)C1OC,sweet
COC(CO)C(O)C(O)C(O)C=O,sweet
CCCC1OCC(O)C(C(O)C(C)O)O1,sweet
OCC(O)C(O)C(O)C(O)C=[Se],sweet
OCCC(O)C(O)CCO,sweet
CCOC1CCC(O)C(C)O1,sweet
CCC1OCC2OC(OC)C(O)C(O)C2O1,sweet
COC1C(CO)OC2OC(C)(C)OC2C1OC,sweet
COC1OC(C(O)CO)C(OC)C1O,sweet
O=C(CF)C(O)C(O)C(O)CO,sweet
OCC1OC(OCC(O)C(O)C(O)C(O)COC2OC(CO)C(O)C(O)C2O)C(O)C(O)C1O,sweet
OCC(O)COC1OC(C(O)CO)C(O)C1O,sweet
OCC1OC(OC2(C(O)CC3CO3)OC(CO)C(O)C2O)C(O)C(O)C1O,sweet
OCC(O)CC(O)C1(OC2OC(CO)C(O)C(O)C2O)OC(CO)C(O)C1O,sweet
COOC1C(CO)OC(O)C(O)C1O,sweet
OCC1OC(O)C(OF)C(O)C1O,sweet
OC1OC(C(F)F)C(O)C(O)C1O,sweet
NOCC1OC(O)C(O)C(O)C1O,sweet
COC(=O)CC(N)C(=O)NC(C)C(=O)NC(C(=O)NC(CC(=O)O)C(=O)CCCc1ccccc1)C(C)C,sweet
NOCC(O)C(O)C(O)C(=O)CO,sweet
COC(=O)C(Cc1ccccc1)NC(=O)C(CC(=O)O)NCCCc1ccc(C)cc1,sweet
O=S(=O)([O-])OCC1OC(O)C(O)C(O)C1O,sweet
O=S1(=O)N=C([O-])c2ccccc21.O=S1(=O)N=C([O-])c2ccccc21.[N-]=[N+]=[N-],sweet
OCC(O)C(O)C(O)C(O)COS,sweet
COC(CO)COC1OC(CO)C(O)C(O)C1O,sweet
COC(=O)C(Cc1ccc(Cc2ccccc2)cc1)NC(=O)C(N)CC(=O)O,sweet
O=S(O)OCC1OC(OC2C(CO)OC(O)C(O)C2O)C(O)C(O)C1O,sweet
CC1OC(OC2CC(O)C(OC3OC(CO)C(O)C(O)C3O)C(CO)O2)C(O)C(O)C1O,sweet
O=C(O)CC(NCc1ccccc1)C(=O)NC(Cc1ccccc1)C(=O)O,sweet
COC(=O)C(Cc1ccccc1)NC(=O)C(CC(=O)O)NCc1ccccc1,sweet
Nc1nc(OP(=O)(O)O)nc2c1ncn2C1OC(CO)C(O)C1O,sweet
NOCC1(OC2OC(CO)C(O)C(O)C2O)OC(CO)C(O)C1O,sweet
CC1OC(n2cnc3c(N)ncnc32)C(O)C1(O)OP(=O)(O)O,sweet
O=CC(O)C(O)C(O)C(O)CO.O=S([O-])S(=O)[O-],sweet
CC1CO1.OCCOC1OC(CO)C(O)C(O)C1O,sweet
OCCOC1OC(CO)C(O)C(O)C1O,sweet
COC(=O)CCNC(=O)C(Cc1ccccc1)NC(Cc1ccccc1)C(=O)O,sweet
COC(=O)C(NC(=O)C(N)CC(=O)O)C(Cl)c1ccccc1,sweet
COC(=O)C(NC(=O)CC(N)C(=O)O)C(Cl)c1ccccc1,sweet
COC(=O)C(NC(=O)C(CC(=O)O)NC=O)C(Cl)c1ccccc1,sweet
O=C(O)CC(NC(=O)O)C(=O)NC(Cc1ccccc1)C(=O)O,sweet
COC(=O)C(Cc1ccccc1)NC(=O)C(CC(=O)O)NC(=O)O,sweet
COC(=O)C(Cc1ccccc1)NC(=O)C(N)CC(=O)O.COC(=O)C(Cc1ccccc1)NC(=O)C(N)CC(=O)O,sweet
CN(C(=O)C(CC(=O)O)NC=O)C(Cc1ccccc1)C(=O)O,sweet
CCCCCCCCCOC1OCC(O)C(O)C1O,sweet
CCC(=O)NC(CC(=O)O)C(=O)NC(Cc1ccccc1)C(=O)OC,sweet
CCCOCC(=O)N(C(=O)C(N)CC(=O)OC)C(Cc1ccccc1)C(=O)O,sweet
O=S(=O)(O)OCC1(OC2OC(CO)C(O)C(O)C2O)OC(CO)C(O)C1O,sweet
COC(=O)C(N)CC(=O)NC(Cc1ccccc1)C(=O)O,sweet
CN1C(=O)C(N)CC(=O)OC(=O)C1Cc1ccccc1,sweet
CC1OC(OC2C(OCCBr)OC(CO)C(O)C2O)C(O)C(O)C1O,sweet
CC1OC(OC2COC(CO)C(O)C2O)C(O)C(O)C1O,sweet
OCC1OC(OC(CO)C2OCC(O)C2O)C(O)C(O)C1O,sweet
O=[N+]([O-])OC1C(O)C(CO)OC1(CO)OC1OC(CO)C(O)C(O)C1O,sweet
COC1C(OC(C)=O)OC(COC(C)=O)C(O)C1OC,sweet
CC(O)C(O)C(O)C(O)C1OC(O)C(O)C(O)C1O,sweet
O=CC(OS(=O)(=O)O)C(O)C(O)C(O)CO,sweet
CCCCN(C(=O)C(N)CC(=O)O)C(Cc1ccccc1)C(=O)O,sweet
CCCN(C(=O)C(N)CC(=O)O)C(Cc1ccccc1)C(=O)O,sweet
OC(I)C1OC(O)C(O)C(O)C1O,sweet
CC1OC(OO)C(O)C(O)C1O,sweet
OCC1OC(O)C(O)(S)C(O)C1O,sweet
COC1(O)C(O)OC(CO)C(O)C1O,sweet
OCC1OC(OC2C(OCCBr)OC(CO)C(O)C2O)C(O)C(O)C1O,sweet
CC(O)C(OC1OC(CO)C(O)C(O)C1O)C(O)CO,sweet
CC(O)OC1OC(CO)C(O)C(O)C1O,sweet
Nc1ncnc2c1ncn2C1OC(COP(=O)(O)N=P(O)(O)O)C(O)C1O,sweet
OCC(O)C1OC(O)C(O)C1(O)O,sweet
OC(O)C1OC(O)C(O)C(O)C1O,sweet
OCC1OC(OOOC2OC(CO)C(O)C(O)C2O)C(O)C(O)C1O,sweet
Nc1ncnc2c1ncn2C1OC(COS(=O)(=O)OP(=O)(O)O)C(O)C1O,sweet
[N-]=[N+]=Nc1nc(N)c2ncn(C3OC(CO[P+](=O)O)C(O)C3O)c2n1,sweet
[N-]=[N+]=Nc1nc2c(N)ncnc2n1C1OC(CO[P+](=O)O)C(O)C1O,sweet
COC(=O)C(NC(=O)C(CC(=O)O)NC=O)C(Cc1ccccc1)c1ccccc1,sweet
CC(O)COC(CO)CC(O)C1(OC2OC(CO)C(O)C(O)C2O)OC(CO)C(O)C1O,sweet
COCC1OC(COC)(OC2OC(CO)C(O)C(OC)C2OC)C(OC)C1OC,sweet
O=CNC(CC(=O)O)(Cc1ccccc1)C(=O)NC(Cc1ccccc1)C(=O)O,sweet
CCCCCCCCOCC1(OC2OC(CO)C(O)C(O)C2O)OC(CO)C(O)C1OCCCCCCCC,sweet
CCCCCCCCOCC1OC(COCCCCCCCC)(OC2OC(CO)C(O)C(O)C2O)C(OCCCCCCCC)C1OCCCCCCCC,sweet
CCCCCCCCOCC1(OC2OC(CO)C(O)C(O)C2O)OC(CO)C(OCCCCCCCC)C1OCCCCCCCC,sweet
O=CC(O)C(OCCO)C(O)C(O)CO,sweet
O=C(O)OCC1(OC2OC(CO)C(O)C(O)C2O)OC(CO)C(O)C1O,sweet
OCCOCC1(OC2OC(CO)C(O)C(O)C2O)OC(CO)C(O)C1O,sweet
NOC1CCC(O)C(CO)O1,sweet
CC(=O)OCC1(OC2OC(CO)C(O)C(O)C2O)OC(CO)C(O)C1O,sweet
COC(=O)C(Cc1ccccc1)NC(=O)C(CC(=O)O)NC(=O)CC(N)C(=O)O,sweet
OCC(O)C(O)C(O)C(O)COO,sweet
CCCCP(=O)(O)OCC1OC(n2cnc3c(N)ncnc32)C(O)C1O,sweet
Nc1nc(Cl)nc2c1ncn2C1OC(COP(=O)(O)O)C(O)C1F,sweet
CCCCCCOCC(O)COC1OC(CO)C(O)C(O)C1O,sweet
CCCCCCCCOC(OC1OC(CO)C(O)C(O)C1O)C(C)O,sweet
COC(=O)C(CC(C)C)NC(C)=O.NC(Cc1ccccc1)C(=O)O,sweet
[O-][Cl+2]([O-])OCC1(OC2OC(CO)C(O)C(O)C2O)OC(CO)C(O)C1O,sweet
OCC1OC(OC2(CO)OC(CO)C(O)C2O)C(O)C(O)C1O.[O-][Cl+2]([O-])[O-].[O-][Cl+2]([O-])[O-],sweet
CC(=O)OC1OC(C)C(O)C(OC(C)=O)C1OC(C)=O,sweet
OCC1OC(OC2(O)CCC(O)C2O)C(O)C(O)C1O,sweet
CCCOC1C(O)C(CO)OC(OC2C(CO)OC(O)C(O)C2O)C1O,sweet
Nc1ncnc2c1ncn2C1CC(OP(=O)(O)OP(=O)(O)O)C(CO)O1,sweet
Nc1ncnc2c1ncn2C1CC(OP(=O)(O)OP(=O)(O)OP(=O)(O)OP(=O)(O)O)C(CO)O1,sweet
Nc1ncnc2c1ncn2C1OC(CO)C(OP(=O)(O)OP(=O)(O)O)C1O,sweet
Nc1ncnc2c1ncn2C1OC(CO)C(OP(=O)(O)OP(=O)(O)OP(=O)(O)O)C1O,sweet
OCC1OC(OC2(C(O)C3CO3)OC(CO)C(O)C2O)C(O)C(O)C1O,sweet
OCC(O)C(O)C(O)C(O)CO.OCCCCO,sweet
Nc1ncnc2c1ncn2C1OC(COP(=O)(O)OP(=O)(O)OP(=O)(O)O)C(O)C1O.O=P(O)(O)OP(=O)(O)O,sweet
CCCCCCCCCCC(OC1OC(CO)C(O)C(O)C1O)C(O)CO,sweet
CCCCCCC(OC1OC(CO)C(O)C(O)C1O)C(O)CO,sweet
CNC(Cc1ccccc1)C(=O)NCC(=O)OC,sweet
Nc1ncnc2c1ncn2C1OC(CO[P+](=O)O)C(OP(=O)(O)O)C1O,sweet
O=C(CO)C(O)C(O)C(O)CO.O=C(CO)C(O)C(O)C(O)CO,sweet
[N-]=[N+]=NOC(C=O)C(O)C(O)C(O)CO,sweet
CCC(C)=O.O=C(CO)C(O)C(O)C(O)CO,sweet
CCCC=O.O=C(CO)C(O)C(O)C(O)CO,sweet
COC1C(O)C([O-])OC(CO)C1O,sweet
CC(C)CC(NC(=O)C(CC(=O)O)NC(=O)C(Cc1ccccc1)NC(=O)C(CC(=O)O)NC(=O)C(CC(=O)O)NC(=O)C(CC(C)C)NC(=O)C(C)NC(=O)C(C)CC(=O)O)C(=O)O,sweet
OCC1OC(OCC2CC2)C(O)C(O)C1O,sweet
OCC1OC(O)C(O)C(O)C1O.[Ac].[Ac].[Ac].[Ac].[Ac],sweet
OCC1OC(OC2OC(CO)C(O)C(OC3(CO)OC(CO)C(O)C3O)C2O)C(O)C(O)C1O,sweet
CC1OCC(O)C(C2OC(C)OCC2O)O1,sweet
NCCCCC(NC(=O)C(N)CO)C(=O)NC(CC(=O)O)C(=O)NC(Cc1ccccc1)C(=O)O,sweet
CC(NC(=O)C(Cc1ccccc1)NC(=O)C(N)CO)C(=O)NC(CC(N)=O)C(=O)O,sweet
CC(NC(=O)C(CC(=O)O)NC(=O)C(Cc1ccccc1)NC(=O)C(N)CO)C(=O)O,sweet
NCCCCC(NC(=O)C(CC(=O)O)NC(=O)C(Cc1ccccc1)NC(=O)C(N)CO)C(=O)O,sweet
NC(CO)C(=O)NC(CO)C(=O)NC(CC(=O)O)C(=O)NC(Cc1ccccc1)C(=O)O,sweet
CC(O)C(NC(=O)C(N)CO)C(=O)NC(CC(=O)O)C(=O)NC(Cc1ccccc1)C(=O)O,sweet
CC(C)C(NC(=O)C(N)CO)C(=O)NC(CC(N)=O)C(=O)NC(Cc1ccccc1)C(=O)O,sweet
CC(C)C(NC(=O)C(N)CO)C(=O)NC(CC(=O)O)C(=O)NC(Cc1ccccc1)C(=O)O,sweet
CC(NC(=O)C(N)C(C)O)C(=O)NC(CC(=O)O)C(=O)NC(Cc1ccccc1)C(=O)O,sweet
CC(O)C(N)C(=O)NC(CC(N)=O)C(=O)NC(CC(=O)O)C(=O)NC(Cc1ccccc1)C(=O)O,sweet
CC(NC(=O)C(CC(=O)O)NC(=O)C(N)C(C)O)C(=O)NC(Cc1ccccc1)C(=O)O,sweet
CC(O)C(N)C(=O)NC(CC(=O)O)C(=O)NC(CC(N)=O)C(=O)NC(Cc1ccccc1)C(=O)O,sweet
CC(O)C(N)C(=O)NC(CC(=O)O)C(=O)NC(CC(=O)O)C(=O)NC(Cc1ccccc1)C(=O)O,sweet
CC(O)C(N)C(=O)NC(CC(=O)O)C(=O)NCC(=O)NC(Cc1ccccc1)C(=O)O,sweet
CC(O)C(N)C(=O)NC(CC(=O)O)C(=O)NC(CCCCN)C(=O)NC(Cc1ccccc1)C(=O)O,sweet
CC(O)C(N)C(=O)NC(CC(=O)O)C(=O)NC(CO)C(=O)NC(Cc1ccccc1)C(=O)O,sweet
CC(O)C(N)C(=O)NC(CC(=O)O)C(=O)NC(C(=O)NC(Cc1ccccc1)C(=O)O)C(C)O,sweet
CC(O)C(N)C(=O)NCC(=O)NC(CC(=O)O)C(=O)NC(Cc1ccccc1)C(=O)O,sweet
CC(O)C(N)C(=O)NC(CCCCN)C(=O)NC(CC(=O)O)C(=O)NC(Cc1ccccc1)C(=O)O,sweet
CC(O)C(N)C(=O)NC(CO)C(=O)NC(CC(=O)O)C(=O)NC(Cc1ccccc1)C(=O)O,sweet
COC(=O)CCC(=O)NC(C)C(=O)NC(C)C(=O)N1CCCC1C(=O)NC(Cc1ccccc1)C(=O)O,sweet
[O-]C1OC(CO)C(O)C(O)C1OC1OC(CO)C(O)C(O)C1O,sweet
O=CC(O)C(O)C(OF)C(O)CO,sweet
O=CC(O)C(O)C(O)C(O)COF,sweet
O=CC(OBr)C(O)C(O)C(O)CO,sweet
O=CC(O)C(OF)C(O)C(O)CO,sweet
O=CC(OF)C(O)C(O)C(O)CO,sweet
CCCCCCCCCC(=O)NC(C)C(=O)NC(Cc1ccccc1)C(=O)OC,sweet
CCCCC(CCC)OC1OC(CO)C(O)C(O)C1O,sweet
CCC(C)C(N)C(=O)NCC(=O)NCC(=O)NC(Cc1ccccc1)C(=O)NCC(=O)NCC(=O)NC(C)C(=O)NC(CC(=O)O)C(=O)NCC(=O)NC(CC(C)C)C(=O)O,sweet
CCO.O=C(CO)C(O)C(O)C(O)CO,sweet
CC(C)(C)CCNC(CC(=O)NC(Cc1ccccc1)C(=O)O)C(=O)O,sweet
O=CC(O)C(O)C(O)C(O)CO.OCC(O)C(O)CO.OCC(O)C(O)CO,sweet
OCC(O)C(O)C(O)CO.OCC(O)C(O)C(O)CO,sweet
OCC(O)C(O)C(O)C(O)COF,sweet
CCCCCCCC.[O-]C1OC(CO)C(O)C(O)C1O,sweet
O=CC(O)C(O)C(O)C(O)CO.O=CC(O)C(O)C(O)C(O)CO.O=CC(O)C(O)C(O)CO,sweet
O=C(CO)C(O)C(O)C(O)CO.[Mn+2],sweet
O=CC(O)C(O)C(O)C(O)CO.O=CC(O)C(O)C(O)C(O)CO.O=CC(O)C(O)C(O)C(O)CO,sweet
CC1OC(OCOC2OC(C)C(O)C(O)C2O)C(O)C(O)C1O,sweet
OCCC(O)CO.OCCCCCO,sweet
COC(=O)C(Cc1ccccc1)NC(=O)C(C(C)C)N(C(C)=O)C(=O)C(N)CC(C)C,sweet
OCC(O)CO.OCCCCC(O)CO,sweet
CCOC(=O)C(Cc1ccccc1)NC(=O)C(N)CC(C)C,sweet
O=CC(O)C(O)C(O)C(O)CO.OCC(O)CO,sweet
CCC=CCC=CC=CC(=O)O,undefined
O=CC(O)C(O)C(O)C(O)CO.[Cr+2],sweet
OCC(O)C(O)C(O)C(O)CO.OCC1OC(OC2OC(CO)C(O)C(O)C2O)C(O)C(O)C1O,sweet
O=C(COS(=O)(=O)[O-])C(O)C(O)C(O)CO,sweet
COC1C(O)C(C)OC([O-])C1F,sweet
COC1C(O)C(C)OC(O)C1F,sweet
O=C(CO)C(=O)CC(O)CO,sweet
CCCCCCCCCCCCCCCCCC(=O)[O-].OCC(O)CO,undefined
O=CC(ONBr)C(O)C(O)C(O)CO,sweet
O=CC(ONCl)C(O)C(O)C(O)CO,sweet
CCOC1OC(CO)CC(O)C1O,sweet
CCOC1OC(CO)C(O)CC1O,sweet
[O-]C1OC(CO)C(O)CC1O[Si],sweet
OCC1OC(O)C(O[Si])CC1O,sweet
O=S1(=O)N=C([O-])c2ccccc21.O[Si],sweet
C=COCC1(OC2OC(CO)C(O)C(O)C2O)OC(CO)C(O)C1O,sweet
COC(=O)C(CCCCN)NC(=O)C(CC(C)C)NC(=O)C(N)Cc1ccccc1,sweet
CCCCOOC1C([O-])OC(CO)C(O)C1OOCCCC,sweet
CCCCOOC1C(O)OC(CO)C(O)C1OOCCCC,sweet
CCCCOC1C(O)C(O)OC1C(O)CO,sweet
O=S1(=O)N=C([O-])c2ccccc21.[Ni+2],sweet
OCC1OC(OCl)C(O)C(O)C1O,sweet
CCCCOC(=O)OC1OC(CO)C(O)C(O)C1O,sweet
OCC1OC(OOC2OC(CO)C(O)C(O)C2O)C(O)C(O)C1O,sweet
NC(CC(=O)O)C(=O)N(C=O)C(Cc1ccccc1)C(=O)O,sweet
O=S(=O)(O)OC1C(O)C(CO)OC1(CO)OC1OC(CO)C(O)C(O)C1O,sweet
O=C(CO)C(O)C(O)C(O)CO.O=C(CO)C(O)C(O)C(O)CO.O=CC(O)C(O)C(O)C(O)CO.O=CC(O)C(O)C(O)C(O)CO,sweet
Cc1cccc2c1S(=O)(=O)N=C2[O-],sweet
Cc1cccc2c1S(=O)(=O)NC2=O,sweet
[N-]=[N+]=NOCC1OC(OC2C(CO)OC(O)C(O)C2O)C(O)C(O)C1O,sweet
OCC(O)CO.OCCC(O)CO.OCCCC(O)CO,sweet
CCCC.OCC1OC(OC2C(CO)OC(O)C(O)C2O)C(O)C(O)C1O,sweet
C.OCC1OC(OC2C(CO)OC(O)C(O)C2O)C(O)C(O)C1O,sweet
CCOC1C(O)OC(O)C(OCC)C1OCC,sweet
OCC1OC(O)(CO)C(O)C1O.OCC1OC(O)C(O)C(O)C1O,sweet
CCCCC1(C2(OC3OC(CO)C(O)C(O)C3O)OC(CO)C(O)C2O)OO1,sweet
COCC1(OC2OC(CO)C(O)C(O)C2O)OC(CO)C(O)C1OC,sweet
C[Si](C)(C)OC1C([O-])OC(CO)C(O)C1O,sweet
C[Si](C)(C)OC1C(O)OC(CO)C(O)C1O,sweet
CCC(C)C(NC(=O)C(CCCCN)NC(=O)C(Cc1ccccc1)NC(=O)C(N)CC(=O)O)C(=O)NC(CCCCN)C(=O)O,sweet
NOC(C(O)C=O)C(O)C(O)CO,sweet
CCO.CCO.O=C(CO)C(O)C(O)C(O)CO.O=CC(O)C(O)C(O)C(O)CO,sweet
COCC1OC(COC)(OC2OC(CO)C(O)C(O)C2OC)C(OC)C1OC,sweet
OCC1OC(O)C(OC2(CO)OCC(O)C(O)C2O)C(O)C1O,sweet
O=S1(=O)N=C([O-])c2ccccc21.O=S1(=O)N=C([O-])c2ccccc21.[Al+3],sweet
[O-]C1OC(CO)C(O)C(O)C1OC1(CO)OC(CO)C(O)C1O,sweet
CC(c1ccccc1)C(NC(=O)C(N)CC(=O)O)C(=O)O,sweet
OCCCOC1C(O)C(CO)OC(OC2C(CO)OC(O)C(O)C2O)C1O,sweet
OCCCOC1C(OC2C(CO)OC(OC3C(CO)OC(O)C(O)C3O)C(O)C2O)OC(CO)C(O)C1O,sweet
CC(=O)OC1C(CO)OC(OC2C(CO)OC(O)C(O)C2O)C(O)C1O,sweet
CC(C)(C)OC(=O)CC1NCCN(C(Cc2ccccc2)C(=O)O)C1=O,sweet
CCCCCCCCCOC1C(O)OC(CO)C(O)C1O,sweet
CCCCCOc1ccc(NC(=O)Nc2ccccc2)cc1,sweet
O=C1NS(=O)(=O)c2ccccc21.[Ag+],sweet
O=S(=O)([O-])OC1C(O)C(CO)OC1(CO)OC1OC(CO)C(O)C(O)C1O,sweet
[O-]B([O-])OC1C(O)C(CO)OC1(CO)OC1OC(CO)C(O)C(O)C1O,sweet
OCC1OC(OC2(CO)OC(CO)C(O)C2OB(O)O)C(O)C(O)C1O,sweet
NC(CC(=O)[O-])C(=O)NC(Cc1ccccc1)C(=O)[O-],sweet
NC(CC(=O)O)C(=O)NC(Cc1ccccc1)C(=O)O.O=C1NCCNC1=O,sweet
CNC(=O)C(Cc1ccccc1)NC(=O)C(N)CC(=O)O,sweet
COC1CC(O)C(CO)OC1[O-],sweet
COC1CC(O)C(CO)OC1O,sweet
OCC1OC(O)C(O)C(O)C1OC1OC(COO)C(O)C(O)C1O,sweet
O=S1(=O)N=C([O-])c2ccccc21.O=S1(=O)N=C([O-])c2ccccc21.[Ba+2],sweet
[O-]C1OC(COI)C(O)C(O)C1O,sweet
OC1OC(COI)C(O)C(O)C1O,sweet
NOC1C([O-])OC(CO)C(O)C1O,sweet
NOC1C(O)OC(CO)C(O)C1O,sweet
CCCCN(CCC(=O)OCC)C(=O)C(CC(=O)[O-])NC(=O)Cc1ccccc1,sweet
CCCCN(CCC(=O)OCC)C(=O)C(CC(=O)O)NC(=O)Cc1ccccc1,sweet
OCCC(O)CCC(O)CO,sweet
C=O.O=S1(=O)N=C([O-])c2ccccc21,sweet
CC(O)(CO)OC1OC(CO)C(O)C(O)C1O,sweet
O=CC(O)C(O)C(O)C(O)CO.O=CC(O)C(O)C(O)C(O)CO.O=CC(O)C(O)C(O)C(O)CO.O=CC(O)C(O)C(O)C(O)CO.O=CC(O)C(O)C(O)C(O)CO,sweet
CC(O)(O)C(O)C(O)C(O)CO,sweet
NOC1CC([O-])OC(CO)C1O,sweet
NOC1CC(O)OC(CO)C1O,sweet
OCC1OC(O[Si])C(O)C(O)C1O,sweet
O=CC(O)C(O)C(O)C(O)CO.O=CC(O)C(O)C(O)C(O)CO.O=CC(O)C(O)C(O)C(O)CO.O=CC(O)C(O)C(O)C(O)CO,sweet
[O-]C1(COC2OC(CO)C(Cl)C(O)C2O)OC(CO)C(O)C1O,sweet
OCC1OC(O)(COC2OC(CO)C(Cl)C(O)C2O)C(O)C1O,sweet
CCCCOC1C([O-])OC(CO)C(O)C1O,sweet
CCCCOC1C(O)OC(CO)C(O)C1O,sweet
COC(=O)C(Cc1ccccc1)N(CCC(C)(C)C)C(=O)C(CC(=O)O)NCCC(C)(C)C,sweet
COCC(NC(=O)C(C)NC(=O)C(N)CC(=O)O)c1ccccc1,sweet
OCCC(O)CC(O)C(O)CO,sweet
CCCCOc1ccc(NC(N)=O)cc1,sweet
O=[Si]([O-])[O-].O=[Si]([O-])[O-].[Al+3],undefined
O=C([O-])CC(O)CC(O)C(=O)[O-],sweet
O=C(O)CC(O)CC(O)C(=O)O,sweet
O=CC(O)C(O)C(O)C(O)C(=O)[O-].[H+],sweet
CCCCCCC(CC)OC1OC(CO)C(O)C(O)C1O,sweet
NC(=O)C(NC(=O)O)C(CCc1ccccc1)C(=O)O,sweet
CCOC1OC(O)(CO)C(O)C(O)C1OC,sweet
COC1C(OCC(O)C(O)C(O)C(O)(O)CO)OC(CO)C(O)C1O,sweet
COC1OC(O)(CO)C(O)C(O)C1O,sweet
[O-][Si]([O-])([O-])OCC(O)C(O)C(O)C(O)CO,sweet
[O-][Si]([O-])([O-])OC1C(O)C(CO)OC1(CO)OC1OC(CO)C(O)C(O)C1O,sweet
OCC1OC(OC2(CO)OC(CO)C(O)C2O[Si](O)(O)O)C(O)C(O)C1O,sweet
O=C(CO[Si]([O-])([O-])[O-])C(O)C(O)C(O)CO,sweet
O=C(CO[Si](O)(O)O)C(O)C(O)C(O)CO,sweet
O=CC(O[Si]([O-])([O-])[O-])C(O)C(O)C(O)CO,sweet
O=CC(O[Si](O)(O)O)C(O)C(O)C(O)CO,sweet
OCC1OC(O)(C(O)O)C(O)C1O,sweet
OCC1OC(O)C(O)C(O)C1OC1OC(COCl)C(O)C(O)C1O,sweet
CC(O)C(N)C(=O)NC(CC(=O)O)C(=O)NC(Cc1ccccc1)C(=O)O,sweet
CC(C)O.OCC(O)C(O)C(O)C(O)CO,sweet
CC(=O)C(S)C(C)C,undefined
CC(O)CO.OCC1OC(OC2(CO)OC(CO)C(O)C2O)C(O)C(O)C1O,sweet
OCCCC(O)C(O)CCO,sweet
COOC1OC(CO)C(O)C(O)C1O,sweet
CC1OC(OF)CC(O)C1O,sweet
CC(O)C1OC([O-])C(O)C(O)C1O,sweet
COC1C(CO)OC([O-])C(O)C1O,sweet
COC1CC(O)C(CO)OC1OC,sweet
O=CC(O)C(O)C(O)C(O)C(O)C(O)C(O)C(O)C=O,sweet
COC(CO)C(OC)C(OC)C(O)C=O,sweet
O=CC(=O)C(O)C(O)C(O)C(O)C(O)C(O)C(O)C(O)C(O)C=O,sweet
COC(=O)C(Cc1ccccc1)NC(=O)C(N)CC(=O)[O-].C[N+](C)(C)CC(O)CC(=O)[O-],sweet
O=CC(OS(=O)O)C(O)C(O)C(O)CO,sweet
NC(CC(=O)O)C(=O)NC(Cc1ccccc1)C(=O)OCO,sweet
[O-]C1CC(OC2OC(CO)C(O)C(O)C2O)C(O)C(CO)O1,sweet
OCC1OC(O)CC(OC2OC(CO)C(O)C(O)C2O)C1O,sweet
COC1C([O-])OC(COC2OC(CO)C(O)C(O)C2O)C(O)C1O,sweet
COC1C(O)OC(COC2OC(CO)C(O)C(O)C2O)C(O)C1O,sweet
O=S1(=O)N=C([O-])c2ccccc21.O=S1(=O)N=C([O-])c2ccccc21.O=S1(=O)N=C([O-])c2ccccc21.[Bi+3],sweet
O=S(=O)([O-])OC1C(OC2(CO)OC(CO)C(O)C2OS(=O)(=O)[O-])OC(CO)C(O)C1OS(=O)(=O)[O-],sweet
CC=O.O=CC(O)C(O)C(O)C(O)CO,sweet
CCCC(=O)OC1=C(C)OC(C)C1=O,sweet
O=C(OO)N1C(=O)c2ccccc2S1(=O)=O,sweet
CC1=CC2OC(=O)CC2CC1,sweet
CC(=O)OC1CC(O)OC(CO)C1OC(C)=O,sweet
CCOC1OC(C(O)(O)CO)C(O)C1OC,sweet
O=CC(F)(OF)C(O)C(O)C(O)CO,sweet
O=C(O)CC(O)C(O)C(O)C(=O)O,sweet
COC(C(O)CO)C(O)CO,sweet
O=CC(OCl)C(OCl)C(OCl)C(O)CO,sweet
CCCCC(NC(=O)C(CC(C)C)NC(=O)CCCc1ccccc1)C(=O)OC,sweet
O=C(COB([O-])[O-])C(O)C(O)C(O)CO,sweet
O=C(O)OC1OC(CO)C(O)C(O)C1O,sweet
CC1OC(CO)(OC2OC(CO)C(Cl)C(O)C2O)C(O)C1O,sweet
O=CC(O)C(O)C(O)C(O)CO.O=CC(O)C(O)C(O)C(O)CO.OCC(O)CO,sweet
CCCCCCCCCCCCCCCCCCOC1C(OC)OC(CO)C(O)C1OCC(O)CO,sweet
CCCCCCCCCCCOC1C(OC)OC(CO)C(OCC(O)CO)C1OC(C)CCCCC,sweet
OCCCOCC1OC(OC2C(CO)OC(O)C(O)C2O)C(O)C(O)C1O,sweet
COC1(C)OC(CO)C(O)C(O)C1O,sweet
CC(O)C(N)C(=O)NC(C(=O)NC(CC(=O)O)C(=O)NC(Cc1ccccc1)C(=O)O)C(C)O,sweet
CCOCC1OC(O)CCC1OCC,sweet
CCCOCC1OC(O)CCC1OCCC,sweet
CCCCOCC1OC(O)CCC1OCCCC,sweet
CCCCCOCC1OC(O)CCC1OCCCCC,sweet
CCOOC1OC(C)C(O)C(O)C1O,sweet
OC1COC(O)C(O)(OC2CCCCC2)C1O,sweet
CNC(=O)C(Cc1ccccc1)NC(=O)C(CCCCNCCCC=O)CC(=O)O,sweet
CC(O)COCC1(OC2OC(CO)C(O)C(O)C2O)OC(CO)C(O)C1O,sweet
COC1C(O)OC2COC(C)OC2C1OC,sweet
COC1C(OCC2([O-])OC(O)(CO)C(O)C2O)OCC(O)C1O,sweet
COC1C(OCC2(O)OC(O)(CO)C(O)C2O)OCC(O)C1O,sweet
COC1C(OCC2([O-])OC(O)(CO)C(O)C2O)OC(CO)C(O)C1O,sweet
COC1C(OCC2(O)OC(O)(CO)C(O)C2O)OC(CO)C(O)C1O,sweet
CC(O)C(O)C(O)C(O)C=O.CC(O)C(O)C(O)C(O)C=O,sweet
COC1C([O-])OC(O)(CO)C(O)C1O,sweet
COC1C(O)OC(O)(CO)C(O)C1O,sweet
OCC1OOCC(O)C1O,sweet
CC(NC(=O)C(N)Cc1ccccc1)C(=O)NC(C)C(=O)NC(CC(N)=O)C(=O)O,sweet
CC(NC(=O)C(N)Cc1ccccc1)C(=O)NC(C)C(=O)NC(CC(=O)O)C(=O)O,sweet
CC(NC(=O)C(N)Cc1ccccc1)C(=O)NC(CC(N)=O)C(=O)NC(CC(N)=O)C(=O)O,sweet
CC(NC(=O)C(N)Cc1ccccc1)C(=O)NC(CC(N)=O)C(=O)NC(CC(=O)O)C(=O)O,sweet
CC(NC(=O)C(N)Cc1ccccc1)C(=O)NC(CC(N)=O)C(=O)NC(CCCCN)C(=O)O,sweet
CC(NC(=O)C(N)Cc1ccccc1)C(=O)NC(CC(N)=O)C(=O)NC(Cc1ccccc1)C(=O)O,sweet
CC(NC(=O)C(CC(=O)O)NC(=O)C(C)NC(=O)C(N)Cc1ccccc1)C(=O)O,sweet
CC(NC(=O)C(N)Cc1ccccc1)C(=O)NC(CC(=O)O)C(=O)NC(CC(N)=O)C(=O)O,sweet
CC(NC(=O)C(N)Cc1ccccc1)C(=O)NC(CC(=O)O)C(=O)NC(CC(=O)O)C(=O)O,sweet
CC(NC(=O)C(N)Cc1ccccc1)C(=O)NC(CC(=O)O)C(=O)NC(CCC(=O)O)C(=O)O,sweet
CC(NC(=O)C(N)Cc1ccccc1)C(=O)NC(CC(=O)O)C(=O)NC(CCC(N)=O)C(=O)O,sweet
CC(NC(=O)C(N)Cc1ccccc1)C(=O)NC(CC(=O)O)C(=O)NCC(=O)O,sweet
CCC(C)C(NC(=O)C(CC(=O)O)NC(=O)C(C)NC(=O)C(N)Cc1ccccc1)C(=O)O,sweet
CC(C)CC(NC(=O)C(CC(=O)O)NC(=O)C(C)NC(=O)C(N)Cc1ccccc1)C(=O)O,sweet
CC(NC(=O)C(N)Cc1ccccc1)C(=O)NC(CC(=O)O)C(=O)NC(CCCCN)C(=O)O,sweet
CC(NC(=O)C(N)Cc1ccccc1)C(=O)NC(CC(=O)O)C(=O)NC(Cc1ccccc1)C(=O)O,sweet
CC(NC(=O)C(N)Cc1ccccc1)C(=O)NC(CC(=O)O)C(=O)NC(C(=O)O)C(C)C,sweet
CC(NC(=O)C(N)Cc1ccccc1)C(=O)NC(CCC(N)=O)C(=O)NC(CC(N)=O)C(=O)O,sweet
CC(NC(=O)C(N)Cc1ccccc1)C(=O)NCC(=O)NC(CC(N)=O)C(=O)O,sweet
CC(NC(=O)C(N)Cc1ccccc1)C(=O)NCC(=O)NC(CC(=O)O)C(=O)O,sweet
CCC(C)C(NC(=O)C(C)NC(=O)C(N)Cc1ccccc1)C(=O)NC(CC(N)=O)C(=O)O,sweet
CC(C)CC(NC(=O)C(C)NC(=O)C(N)Cc1ccccc1)C(=O)NC(CC(N)=O)C(=O)O,sweet
CC(NC(=O)C(N)Cc1ccccc1)C(=O)NC(CCCCN)C(=O)NC(CC(N)=O)C(=O)O,sweet
CC(NC(=O)C(N)Cc1ccccc1)C(=O)NC(CCCCN)C(=O)NC(CC(=O)O)C(=O)O,sweet
CC(NC(=O)C(N)Cc1ccccc1)C(=O)NC(CO)C(=O)NC(CC(N)=O)C(=O)O,sweet
CC(NC(=O)C(N)Cc1ccccc1)C(=O)NC(C(=O)NC(CC(N)=O)C(=O)O)C(C)C,sweet
CC(NC(=O)C(N)Cc1ccccc1)C(=O)NC(C(=O)NC(CC(=O)O)C(=O)O)C(C)C,sweet
CC(NC(=O)C(CC(N)=O)NC(=O)C(N)Cc1ccccc1)C(=O)NC(CC(N)=O)C(=O)O,sweet
CC(NC(=O)C(CC(N)=O)NC(=O)C(N)Cc1ccccc1)C(=O)NC(CC(=O)O)C(=O)O,sweet
CC(NC(=O)C(CC(N)=O)NC(=O)C(N)Cc1ccccc1)C(=O)NC(CCCCN)C(=O)O,sweet
CC(NC(=O)C(CC(N)=O)NC(=O)C(N)Cc1ccccc1)C(=O)NC(Cc1ccccc1)C(=O)O,sweet
NC(=O)CC(NC(=O)C(CC(N)=O)NC(=O)C(CC(N)=O)NC(=O)C(N)Cc1ccccc1)C(=O)O,sweet
NCCCCC(NC(=O)C(CC(N)=O)NC(=O)C(CC(N)=O)NC(=O)C(N)Cc1ccccc1)C(=O)O,sweet
CC(NC(=O)C(CC(=O)O)NC(=O)C(CC(N)=O)NC(=O)C(N)Cc1ccccc1)C(=O)O,sweet
NC(=O)CC(NC(=O)C(CC(=O)O)NC(=O)C(CC(N)=O)NC(=O)C(N)Cc1ccccc1)C(=O)O,sweet
NC(=O)CC(NC(=O)C(N)Cc1ccccc1)C(=O)NC(CC(=O)O)C(=O)NC(CC(=O)O)C(=O)O,sweet
NC(=O)CC(NC(=O)C(N)Cc1ccccc1)C(=O)NC(CC(=O)O)C(=O)NCC(=O)O,sweet
CCC(C)C(NC(=O)C(CC(=O)O)NC(=O)C(CC(N)=O)NC(=O)C(N)Cc1ccccc1)C(=O)O,sweet
CC(C)CC(NC(=O)C(CC(=O)O)NC(=O)C(CC(N)=O)NC(=O)C(N)Cc1ccccc1)C(=O)O,sweet
NCCCCC(NC(=O)C(CC(=O)O)NC(=O)C(CC(N)=O)NC(=O)C(N)Cc1ccccc1)C(=O)O,sweet
NC(=O)CC(NC(=O)C(N)Cc1ccccc1)C(=O)NC(CC(=O)O)C(=O)NC(Cc1ccccc1)C(=O)O,sweet
CC(C)C(NC(=O)C(CC(=O)O)NC(=O)C(CC(N)=O)NC(=O)C(N)Cc1ccccc1)C(=O)O,sweet
NC(=O)CC(NC(=O)CNC(=O)C(CC(N)=O)NC(=O)C(N)Cc1ccccc1)C(=O)O,sweet
CCC(C)C(NC(=O)CNC(=O)C(CC(N)=O)NC(=O)C(N)Cc1ccccc1)C(=O)O,sweet
CC(C)CC(NC(=O)CNC(=O)C(CC(N)=O)NC(=O)C(N)Cc1ccccc1)C(=O)O,sweet
NCCCCC(NC(=O)CNC(=O)C(CC(N)=O)NC(=O)C(N)Cc1ccccc1)C(=O)O,sweet
CCC(C)C(NC(=O)C(CC(N)=O)NC(=O)C(N)Cc1ccccc1)C(=O)NC(CC(N)=O)C(=O)O,sweet
CCC(C)C(NC(=O)C(CC(N)=O)NC(=O)C(N)Cc1ccccc1)C(=O)NC(CCCCN)C(=O)O,sweet
CC(C)CC(NC(=O)C(CC(N)=O)NC(=O)C(N)Cc1ccccc1)C(=O)NC(CC(N)=O)C(=O)O,sweet
CC(C)CC(NC(=O)C(CC(N)=O)NC(=O)C(N)Cc1ccccc1)C(=O)NC(CCCCN)C(=O)O,sweet
NCCCCC(NC(=O)C(CC(N)=O)NC(=O)C(N)Cc1ccccc1)C(=O)NC(CC(N)=O)C(=O)O,sweet
NCCCCC(NC(=O)C(CCCCN)NC(=O)C(CC(N)=O)NC(=O)C(N)Cc1ccccc1)C(=O)O,sweet
CC(C)C(NC(=O)C(CC(N)=O)NC(=O)C(N)Cc1ccccc1)C(=O)NC(CC(N)=O)C(=O)O,sweet
CC(C)C(NC(=O)C(CC(N)=O)NC(=O)C(N)Cc1ccccc1)C(=O)NC(CCCCN)C(=O)O,sweet
CC(NC(=O)C(C)NC(=O)C(CC(=O)O)NC(=O)C(N)Cc1ccccc1)C(=O)O,sweet
CC(NC(=O)C(CC(=O)O)NC(=O)C(N)Cc1ccccc1)C(=O)NC(CC(N)=O)C(=O)O,sweet
CC(NC(=O)C(CC(=O)O)NC(=O)C(N)Cc1ccccc1)C(=O)NC(CC(=O)O)C(=O)O,sweet
CC(NC(=O)C(CC(=O)O)NC(=O)C(N)Cc1ccccc1)C(=O)NC(CCC(=O)O)C(=O)O,sweet
CC(NC(=O)C(CC(=O)O)NC(=O)C(N)Cc1ccccc1)C(=O)NC(CCC(N)=O)C(=O)O,sweet
CC(NC(=O)C(CC(=O)O)NC(=O)C(N)Cc1ccccc1)C(=O)NCC(=O)O,sweet
CCC(C)C(NC(=O)C(C)NC(=O)C(CC(=O)O)NC(=O)C(N)Cc1ccccc1)C(=O)O,sweet
CC(C)CC(NC(=O)C(C)NC(=O)C(CC(=O)O)NC(=O)C(N)Cc1ccccc1)C(=O)O,sweet
CC(NC(=O)C(CC(=O)O)NC(=O)C(N)Cc1ccccc1)C(=O)NC(CCCCN)C(=O)O,sweet
CC(NC(=O)C(CC(=O)O)NC(=O)C(N)Cc1ccccc1)C(=O)NC(Cc1ccccc1)C(=O)O,sweet
CC(NC(=O)C(CC(=O)O)NC(=O)C(N)Cc1ccccc1)C(=O)NC(C(=O)O)C(C)C,sweet
CC(NC(=O)C(CC(N)=O)NC(=O)C(CC(=O)O)NC(=O)C(N)Cc1ccccc1)C(=O)O,sweet
NC(=O)CC(NC(=O)C(CC(N)=O)NC(=O)C(CC(=O)O)NC(=O)C(N)Cc1ccccc1)C(=O)O,sweet
NC(=O)CC(NC(=O)C(CC(=O)O)NC(=O)C(N)Cc1ccccc1)C(=O)NC(CC(=O)O)C(=O)O,sweet
NC(=O)CC(NC(=O)C(CC(=O)O)NC(=O)C(N)Cc1ccccc1)C(=O)NCC(=O)O,sweet
CCC(C)C(NC(=O)C(CC(N)=O)NC(=O)C(CC(=O)O)NC(=O)C(N)Cc1ccccc1)C(=O)O,sweet
CC(C)CC(NC(=O)C(CC(N)=O)NC(=O)C(CC(=O)O)NC(=O)C(N)Cc1ccccc1)C(=O)O,sweet
NCCCCC(NC(=O)C(CC(N)=O)NC(=O)C(CC(=O)O)NC(=O)C(N)Cc1ccccc1)C(=O)O,sweet
NC(=O)CC(NC(=O)C(CC(=O)O)NC(=O)C(N)Cc1ccccc1)C(=O)NC(Cc1ccccc1)C(=O)O,sweet
CC(C)C(NC(=O)C(CC(N)=O)NC(=O)C(CC(=O)O)NC(=O)C(N)Cc1ccccc1)C(=O)O,sweet
CC(NC(=O)C(CC(=O)O)NC(=O)C(CC(=O)O)NC(=O)C(N)Cc1ccccc1)C(=O)O,sweet
NC(=O)CC(NC(=O)C(CC(=O)O)NC(=O)C(CC(=O)O)NC(=O)C(N)Cc1ccccc1)C(=O)O,sweet
NC(Cc1ccccc1)C(=O)NC(CC(=O)O)C(=O)NC(CC(=O)O)C(=O)NC(CC(=O)O)C(=O)O,sweet
NC(Cc1ccccc1)C(=O)NC(CC(=O)O)C(=O)NC(CC(=O)O)C(=O)NC(CCC(=O)O)C(=O)O,sweet
NC(Cc1ccccc1)C(=O)NC(CC(=O)O)C(=O)NC(CC(=O)O)C(=O)NCC(=O)O,sweet
CCC(C)C(NC(=O)C(CC(=O)O)NC(=O)C(CC(=O)O)NC(=O)C(N)Cc1ccccc1)C(=O)O,sweet
CC(C)CC(NC(=O)C(CC(=O)O)NC(=O)C(CC(=O)O)NC(=O)C(N)Cc1ccccc1)C(=O)O,sweet
NCCCCC(NC(=O)C(CC(=O)O)NC(=O)C(CC(=O)O)NC(=O)C(N)Cc1ccccc1)C(=O)O,sweet
CC(C)C(NC(=O)C(CC(=O)O)NC(=O)C(CC(=O)O)NC(=O)C(N)Cc1ccccc1)C(=O)O,sweet
CC(NC(=O)C(CCC(N)=O)NC(=O)C(CC(=O)O)NC(=O)C(N)Cc1ccccc1)C(=O)O,sweet
NC(=O)CCC(NC(=O)C(CC(=O)O)NC(=O)C(N)Cc1ccccc1)C(=O)NCC(=O)O,sweet
CCC(C)C(NC(=O)C(CCC(N)=O)NC(=O)C(CC(=O)O)NC(=O)C(N)Cc1ccccc1)C(=O)O,sweet
CC(C)CC(NC(=O)C(CCC(N)=O)NC(=O)C(CC(=O)O)NC(=O)C(N)Cc1ccccc1)C(=O)O,sweet
NCCCCC(NC(=O)C(CCC(N)=O)NC(=O)C(CC(=O)O)NC(=O)C(N)Cc1ccccc1)C(=O)O,sweet
CC(NC(=O)CNC(=O)C(CC(=O)O)NC(=O)C(N)Cc1ccccc1)C(=O)O,sweet
NC(=O)CC(NC(=O)CNC(=O)C(CC(=O)O)NC(=O)C(N)Cc1ccccc1)C(=O)O,sweet
NC(Cc1ccccc1)C(=O)NC(CC(=O)O)C(=O)NCC(=O)NC(CC(=O)O)C(=O)O,sweet
NC(Cc1ccccc1)C(=O)NC(CC(=O)O)C(=O)NCC(=O)NC(CCC(=O)O)C(=O)O,sweet
NC(Cc1ccccc1)C(=O)NC(CC(=O)O)C(=O)NCC(=O)NCC(=O)O,sweet
CCC(C)C(NC(=O)CNC(=O)C(CC(=O)O)NC(=O)C(N)Cc1ccccc1)C(=O)O,sweet
CC(C)CC(NC(=O)CNC(=O)C(CC(=O)O)NC(=O)C(N)Cc1ccccc1)C(=O)O,sweet
NCCCCC(NC(=O)CNC(=O)C(CC(=O)O)NC(=O)C(N)Cc1ccccc1)C(=O)O,sweet
NC(Cc1ccccc1)C(=O)NC(CC(=O)O)C(=O)NCC(=O)NC(Cc1ccccc1)C(=O)O,sweet
CC(C)C(NC(=O)CNC(=O)C(CC(=O)O)NC(=O)C(N)Cc1ccccc1)C(=O)O,sweet
CCC(C)C(NC(=O)C(CC(=O)O)NC(=O)C(N)Cc1ccccc1)C(=O)NC(C)C(=O)O,sweet
CCC(C)C(NC(=O)C(CC(=O)O)NC(=O)C(N)Cc1ccccc1)C(=O)NC(CC(N)=O)C(=O)O,sweet
CCC(C)C(NC(=O)C(CC(=O)O)NC(=O)C(N)Cc1ccccc1)C(=O)NC(CC(=O)O)C(=O)O,sweet
CCC(C)C(NC(=O)C(CC(=O)O)NC(=O)C(N)Cc1ccccc1)C(=O)NCC(=O)O,sweet
CCC(C)C(NC(=O)C(NC(=O)C(CC(=O)O)NC(=O)C(N)Cc1ccccc1)C(C)CC)C(=O)O,sweet
CCC(C)C(NC(=O)C(CC(=O)O)NC(=O)C(N)Cc1ccccc1)C(=O)NC(CC(C)C)C(=O)O,sweet
CCC(C)C(NC(=O)C(CC(=O)O)NC(=O)C(N)Cc1ccccc1)C(=O)NC(CCCCN)C(=O)O,sweet
CCC(C)C(NC(=O)C(CC(=O)O)NC(=O)C(N)Cc1ccccc1)C(=O)NC(Cc1ccccc1)C(=O)O,sweet
CCC(C)C(NC(=O)C(CC(=O)O)NC(=O)C(N)Cc1ccccc1)C(=O)NC(C(=O)O)C(C)C,sweet
CC(C)CC(NC(=O)C(CC(=O)O)NC(=O)C(N)Cc1ccccc1)C(=O)NC(C)C(=O)O,sweet
CC(C)CC(NC(=O)C(CC(=O)O)NC(=O)C(N)Cc1ccccc1)C(=O)NC(CC(N)=O)C(=O)O,sweet
CC(C)CC(NC(=O)C(CC(=O)O)NC(=O)C(N)Cc1ccccc1)C(=O)NC(CC(=O)O)C(=O)O,sweet
CC(C)CC(NC(=O)C(CC(=O)O)NC(=O)C(N)Cc1ccccc1)C(=O)NCC(=O)O,sweet
CCC(C)C(NC(=O)C(CC(C)C)NC(=O)C(CC(=O)O)NC(=O)C(N)Cc1ccccc1)C(=O)O,sweet
CC(C)CC(NC(=O)C(CC(C)C)NC(=O)C(CC(=O)O)NC(=O)C(N)Cc1ccccc1)C(=O)O,sweet
CC(C)CC(NC(=O)C(CC(=O)O)NC(=O)C(N)Cc1ccccc1)C(=O)NC(CCCCN)C(=O)O,sweet
CC(C)CC(NC(=O)C(CC(=O)O)NC(=O)C(N)Cc1ccccc1)C(=O)NC(Cc1ccccc1)C(=O)O,sweet
CC(C)CC(NC(=O)C(CC(=O)O)NC(=O)C(N)Cc1ccccc1)C(=O)NC(C(=O)O)C(C)C,sweet
CC(NC(=O)C(CCCCN)NC(=O)C(CC(=O)O)NC(=O)C(N)Cc1ccccc1)C(=O)O,sweet
NCCCCC(NC(=O)C(CC(=O)O)NC(=O)C(N)Cc1ccccc1)C(=O)NC(CC(N)=O)C(=O)O,sweet
NCCCCC(NC(=O)C(CC(=O)O)NC(=O)C(N)Cc1ccccc1)C(=O)NC(CC(=O)O)C(=O)O,sweet
NCCCCC(NC(=O)C(CC(=O)O)NC(=O)C(N)Cc1ccccc1)C(=O)NCC(=O)O,sweet
CCC(C)C(NC(=O)C(CCCCN)NC(=O)C(CC(=O)O)NC(=O)C(N)Cc1ccccc1)C(=O)O,sweet
CC(C)CC(NC(=O)C(CCCCN)NC(=O)C(CC(=O)O)NC(=O)C(N)Cc1ccccc1)C(=O)O,sweet
NCCCCC(NC(=O)C(CCCCN)NC(=O)C(CC(=O)O)NC(=O)C(N)Cc1ccccc1)C(=O)O,sweet
NCCCCC(NC(=O)C(CC(=O)O)NC(=O)C(N)Cc1ccccc1)C(=O)NC(Cc1ccccc1)C(=O)O,sweet
CC(C)C(NC(=O)C(CCCCN)NC(=O)C(CC(=O)O)NC(=O)C(N)Cc1ccccc1)C(=O)O,sweet
CC(NC(=O)C(Cc1ccccc1)NC(=O)C(CC(=O)O)NC(=O)C(N)Cc1ccccc1)C(=O)O,sweet
NC(Cc1ccccc1)C(=O)NC(CC(=O)O)C(=O)NC(Cc1ccccc1)C(=O)NCC(=O)O,sweet
CCC(C)C(NC(=O)C(Cc1ccccc1)NC(=O)C(CC(=O)O)NC(=O)C(N)Cc1ccccc1)C(=O)O,sweet
CC(C)CC(NC(=O)C(Cc1ccccc1)NC(=O)C(CC(=O)O)NC(=O)C(N)Cc1ccccc1)C(=O)O,sweet
NCCCCC(NC(=O)C(Cc1ccccc1)NC(=O)C(CC(=O)O)NC(=O)C(N)Cc1ccccc1)C(=O)O,sweet
CC(NC(=O)C(CO)NC(=O)C(CC(=O)O)NC(=O)C(N)Cc1ccccc1)C(=O)O,sweet
NCCCCC(NC(=O)C(CO)NC(=O)C(CC(=O)O)NC(=O)C(N)Cc1ccccc1)C(=O)O,sweet
CC(NC(=O)C(NC(=O)C(CC(=O)O)NC(=O)C(N)Cc1ccccc1)C(C)C)C(=O)O,sweet
CC(C)C(NC(=O)C(CC(=O)O)NC(=O)C(N)Cc1ccccc1)C(=O)NC(CC(N)=O)C(=O)O,sweet
CC(C)C(NC(=O)C(CC(=O)O)NC(=O)C(N)Cc1ccccc1)C(=O)NC(CC(=O)O)C(=O)O,sweet
CC(C)C(NC(=O)C(CC(=O)O)NC(=O)C(N)Cc1ccccc1)C(=O)NCC(=O)O,sweet
CCC(C)C(NC(=O)C(NC(=O)C(CC(=O)O)NC(=O)C(N)Cc1ccccc1)C(C)C)C(=O)O,sweet
CC(C)CC(NC(=O)C(NC(=O)C(CC(=O)O)NC(=O)C(N)Cc1ccccc1)C(C)C)C(=O)O,sweet
CC(C)C(NC(=O)C(CC(=O)O)NC(=O)C(N)Cc1ccccc1)C(=O)NC(CCCCN)C(=O)O,sweet
CC(C)C(NC(=O)C(CC(=O)O)NC(=O)C(N)Cc1ccccc1)C(=O)NC(Cc1ccccc1)C(=O)O,sweet
CC(C)C(NC(=O)C(NC(=O)C(CC(=O)O)NC(=O)C(N)Cc1ccccc1)C(C)C)C(=O)O,sweet
CC(NC(=O)C(CCC(N)=O)NC(=O)C(N)Cc1ccccc1)C(=O)NC(CC(N)=O)C(=O)O,sweet
CC(NC(=O)C(CC(=O)O)NC(=O)C(CCC(N)=O)NC(=O)C(N)Cc1ccccc1)C(=O)O,sweet
NC(=O)CCC(NC(=O)C(N)Cc1ccccc1)C(=O)NC(CC(=O)O)C(=O)NCC(=O)O,sweet
CCC(C)C(NC(=O)C(CC(=O)O)NC(=O)C(CCC(N)=O)NC(=O)C(N)Cc1ccccc1)C(=O)O,sweet
CC(C)CC(NC(=O)C(CC(=O)O)NC(=O)C(CCC(N)=O)NC(=O)C(N)Cc1ccccc1)C(=O)O,sweet
NCCCCC(NC(=O)C(CC(=O)O)NC(=O)C(CCC(N)=O)NC(=O)C(N)Cc1ccccc1)C(=O)O,sweet
CC(NC(=O)CNC(=O)C(N)Cc1ccccc1)C(=O)NC(CC(N)=O)C(=O)O,sweet
CC(NC(=O)CNC(=O)C(N)Cc1ccccc1)C(=O)NC(CC(=O)O)C(=O)O,sweet
NC(=O)CC(NC(=O)C(CC(N)=O)NC(=O)CNC(=O)C(N)Cc1ccccc1)C(=O)O,sweet
CCC(C)C(NC(=O)C(CC(N)=O)NC(=O)CNC(=O)C(N)Cc1ccccc1)C(=O)O,sweet
CC(C)CC(NC(=O)C(CC(N)=O)NC(=O)CNC(=O)C(N)Cc1ccccc1)C(=O)O,sweet
NCCCCC(NC(=O)C(CC(N)=O)NC(=O)CNC(=O)C(N)Cc1ccccc1)C(=O)O,sweet
CC(NC(=O)C(CC(=O)O)NC(=O)CNC(=O)C(N)Cc1ccccc1)C(=O)O,sweet
NC(=O)CC(NC(=O)C(CC(=O)O)NC(=O)CNC(=O)C(N)Cc1ccccc1)C(=O)O,sweet
NC(Cc1ccccc1)C(=O)NCC(=O)NC(CC(=O)O)C(=O)NC(CC(=O)O)C(=O)O,sweet
NC(Cc1ccccc1)C(=O)NCC(=O)NC(CC(=O)O)C(=O)NC(CCC(=O)O)C(=O)O,sweet
NC(Cc1ccccc1)C(=O)NCC(=O)NC(CC(=O)O)C(=O)NCC(=O)O,sweet
CCC(C)C(NC(=O)C(CC(=O)O)NC(=O)CNC(=O)C(N)Cc1ccccc1)C(=O)O,sweet
CC(C)CC(NC(=O)C(CC(=O)O)NC(=O)CNC(=O)C(N)Cc1ccccc1)C(=O)O,sweet
NCCCCC(NC(=O)C(CC(=O)O)NC(=O)CNC(=O)C(N)Cc1ccccc1)C(=O)O,sweet
NC(Cc1ccccc1)C(=O)NCC(=O)NC(CC(=O)O)C(=O)NC(Cc1ccccc1)C(=O)O,sweet
CC(C)C(NC(=O)C(CC(=O)O)NC(=O)CNC(=O)C(N)Cc1ccccc1)C(=O)O,sweet
NC(=O)CC(NC(=O)CNC(=O)CNC(=O)C(N)Cc1ccccc1)C(=O)O,sweet
CCC(C)C(NC(=O)CNC(=O)C(N)Cc1ccccc1)C(=O)NC(CC(N)=O)C(=O)O,sweet
CCC(C)C(NC(=O)CNC(=O)C(N)Cc1ccccc1)C(=O)NC(CC(=O)O)C(=O)O,sweet
CC(C)CC(NC(=O)CNC(=O)C(N)Cc1ccccc1)C(=O)NC(CC(N)=O)C(=O)O,sweet
CC(C)CC(NC(=O)CNC(=O)C(N)Cc1ccccc1)C(=O)NC(CC(=O)O)C(=O)O,sweet
NCCCCC(NC(=O)CNC(=O)C(N)Cc1ccccc1)C(=O)NC(CC(N)=O)C(=O)O,sweet
CC(C)C(NC(=O)CNC(=O)C(N)Cc1ccccc1)C(=O)NC(CC(N)=O)C(=O)O,sweet
CC(C)C(NC(=O)CNC(=O)C(N)Cc1ccccc1)C(=O)NC(CC(=O)O)C(=O)O,sweet
CCC(C)C(NC(=O)C(N)Cc1ccccc1)C(=O)NC(C)C(=O)NC(CC(N)=O)C(=O)O,sweet
CCC(C)C(NC(=O)C(N)Cc1ccccc1)C(=O)NC(CC(N)=O)C(=O)NC(CC(N)=O)C(=O)O,sweet
CCC(C)C(NC(=O)C(N)Cc1ccccc1)C(=O)NC(CC(N)=O)C(=O)NC(CCCCN)C(=O)O,sweet
CCC(C)C(NC(=O)C(N)Cc1ccccc1)C(=O)NC(CC(=O)O)C(=O)NC(C)C(=O)O,sweet
CCC(C)C(NC(=O)C(N)Cc1ccccc1)C(=O)NC(CC(=O)O)C(=O)NC(CC(N)=O)C(=O)O,sweet
CCC(C)C(NC(=O)C(N)Cc1ccccc1)C(=O)NC(CC(=O)O)C(=O)NC(CC(=O)O)C(=O)O,sweet
CCC(C)C(NC(=O)C(N)Cc1ccccc1)C(=O)NC(CC(=O)O)C(=O)NCC(=O)O,sweet
CCC(C)C(NC(=O)C(CC(=O)O)NC(=O)C(NC(=O)C(N)Cc1ccccc1)C(C)CC)C(=O)O,sweet
CCC(C)C(NC(=O)C(N)Cc1ccccc1)C(=O)NC(CC(=O)O)C(=O)NC(CC(C)C)C(=O)O,sweet
CCC(C)C(NC(=O)C(N)Cc1ccccc1)C(=O)NC(CC(=O)O)C(=O)NC(CCCCN)C(=O)O,sweet
CCC(C)C(NC(=O)C(N)Cc1ccccc1)C(=O)NC(CC(=O)O)C(=O)NC(Cc1ccccc1)C(=O)O,sweet
CCC(C)C(NC(=O)C(N)Cc1ccccc1)C(=O)NC(CC(=O)O)C(=O)NC(C(=O)O)C(C)C,sweet
CCC(C)C(NC(=O)C(N)Cc1ccccc1)C(=O)NCC(=O)NC(CC(N)=O)C(=O)O,sweet
CCC(C)C(NC(=O)C(N)Cc1ccccc1)C(=O)NCC(=O)NC(CC(=O)O)C(=O)O,sweet
CCC(C)C(NC(=O)C(N)Cc1ccccc1)C(=O)NC(C(=O)NC(CC(N)=O)C(=O)O)C(C)CC,sweet
CCC(C)C(NC(=O)C(N)Cc1ccccc1)C(=O)NC(CC(C)C)C(=O)NC(CC(N)=O)C(=O)O,sweet
CCC(C)C(NC(=O)C(N)Cc1ccccc1)C(=O)NC(CCCCN)C(=O)NC(CC(N)=O)C(=O)O,sweet
CCC(C)C(NC(=O)C(N)Cc1ccccc1)C(=O)NC(C(=O)NC(CC(N)=O)C(=O)O)C(C)C,sweet
CC(C)CC(NC(=O)C(N)Cc1ccccc1)C(=O)NC(C)C(=O)NC(CC(N)=O)C(=O)O,sweet
CC(C)CC(NC(=O)C(N)Cc1ccccc1)C(=O)NC(CC(N)=O)C(=O)NC(CC(N)=O)C(=O)O,sweet
CC(C)CC(NC(=O)C(N)Cc1ccccc1)C(=O)NC(CC(N)=O)C(=O)NC(CCCCN)C(=O)O,sweet
CC(C)CC(NC(=O)C(N)Cc1ccccc1)C(=O)NC(CC(=O)O)C(=O)NC(C)C(=O)O,sweet
CC(C)CC(NC(=O)C(N)Cc1ccccc1)C(=O)NC(CC(=O)O)C(=O)NC(CC(N)=O)C(=O)O,sweet
CC(C)CC(NC(=O)C(N)Cc1ccccc1)C(=O)NC(CC(=O)O)C(=O)NC(CC(=O)O)C(=O)O,sweet
CC(C)CC(NC(=O)C(N)Cc1ccccc1)C(=O)NC(CC(=O)O)C(=O)NCC(=O)O,sweet
CC(C)CC(NC(=O)C(CC(=O)O)NC(=O)C(CC(C)C)NC(=O)C(N)Cc1ccccc1)C(=O)O,sweet
CC(C)CC(NC(=O)C(N)Cc1ccccc1)C(=O)NC(CC(=O)O)C(=O)NC(CCCCN)C(=O)O,sweet
CC(C)CC(NC(=O)C(N)Cc1ccccc1)C(=O)NC(CC(=O)O)C(=O)NC(Cc1ccccc1)C(=O)O,sweet
CC(C)CC(NC(=O)C(N)Cc1ccccc1)C(=O)NC(CC(=O)O)C(=O)NC(C(=O)O)C(C)C,sweet
CC(C)CC(NC(=O)C(N)Cc1ccccc1)C(=O)NCC(=O)NC(CC(N)=O)C(=O)O,sweet
CC(C)CC(NC(=O)C(N)Cc1ccccc1)C(=O)NCC(=O)NC(CC(=O)O)C(=O)O,sweet
CCC(C)C(NC(=O)C(CC(C)C)NC(=O)C(N)Cc1ccccc1)C(=O)NC(CC(N)=O)C(=O)O,sweet
CC(C)CC(NC(=O)C(N)Cc1ccccc1)C(=O)NC(CC(C)C)C(=O)NC(CC(N)=O)C(=O)O,sweet
CC(C)CC(NC(=O)C(N)Cc1ccccc1)C(=O)NC(CCCCN)C(=O)NC(CC(N)=O)C(=O)O,sweet
CC(C)CC(NC(=O)C(N)Cc1ccccc1)C(=O)NC(C(=O)NC(CC(N)=O)C(=O)O)C(C)C,sweet
CC(NC(=O)C(CCCCN)NC(=O)C(N)Cc1ccccc1)C(=O)NC(CC(N)=O)C(=O)O,sweet
CC(NC(=O)C(CCCCN)NC(=O)C(N)Cc1ccccc1)C(=O)NC(CC(=O)O)C(=O)O,sweet
NCCCCC(NC(=O)C(N)Cc1ccccc1)C(=O)NC(CC(N)=O)C(=O)NC(CC(N)=O)C(=O)O,sweet
NCCCCC(NC(=O)C(CC(N)=O)NC(=O)C(CCCCN)NC(=O)C(N)Cc1ccccc1)C(=O)O,sweet
CC(NC(=O)C(CC(=O)O)NC(=O)C(CCCCN)NC(=O)C(N)Cc1ccccc1)C(=O)O,sweet
NCCCCC(NC(=O)C(N)Cc1ccccc1)C(=O)NC(CC(=O)O)C(=O)NC(CC(N)=O)C(=O)O,sweet
NCCCCC(NC(=O)C(N)Cc1ccccc1)C(=O)NC(CC(=O)O)C(=O)NC(CC(=O)O)C(=O)O,sweet
NCCCCC(NC(=O)C(N)Cc1ccccc1)C(=O)NC(CC(=O)O)C(=O)NCC(=O)O,sweet
CCC(C)C(NC(=O)C(CC(=O)O)NC(=O)C(CCCCN)NC(=O)C(N)Cc1ccccc1)C(=O)O,sweet
CC(C)CC(NC(=O)C(CC(=O)O)NC(=O)C(CCCCN)NC(=O)C(N)Cc1ccccc1)C(=O)O,sweet
NCCCCC(NC(=O)C(CC(=O)O)NC(=O)C(CCCCN)NC(=O)C(N)Cc1ccccc1)C(=O)O,sweet
NCCCCC(NC(=O)C(N)Cc1ccccc1)C(=O)NC(CC(=O)O)C(=O)NC(Cc1ccccc1)C(=O)O,sweet
CC(C)C(NC(=O)C(CC(=O)O)NC(=O)C(CCCCN)NC(=O)C(N)Cc1ccccc1)C(=O)O,sweet
NCCCCC(NC(=O)C(N)Cc1ccccc1)C(=O)NCC(=O)NC(CC(N)=O)C(=O)O,sweet
CCC(C)C(NC(=O)C(CCCCN)NC(=O)C(N)Cc1ccccc1)C(=O)NC(CC(N)=O)C(=O)O,sweet
CC(C)CC(NC(=O)C(CCCCN)NC(=O)C(N)Cc1ccccc1)C(=O)NC(CC(N)=O)C(=O)O,sweet
NCCCCC(NC(=O)C(N)Cc1ccccc1)C(=O)NC(CCCCN)C(=O)NC(CC(N)=O)C(=O)O,sweet
CC(C)C(NC(=O)C(CCCCN)NC(=O)C(N)Cc1ccccc1)C(=O)NC(CC(N)=O)C(=O)O,sweet
CC(NC(=O)C(CC(=O)O)NC(=O)C(Cc1ccccc1)NC(=O)C(N)Cc1ccccc1)C(=O)O,sweet
NC(Cc1ccccc1)C(=O)NC(Cc1ccccc1)C(=O)NC(CC(=O)O)C(=O)NCC(=O)O,sweet
CCC(C)C(NC(=O)C(CC(=O)O)NC(=O)C(Cc1ccccc1)NC(=O)C(N)Cc1ccccc1)C(=O)O,sweet
CC(C)CC(NC(=O)C(CC(=O)O)NC(=O)C(Cc1ccccc1)NC(=O)C(N)Cc1ccccc1)C(=O)O,sweet
NCCCCC(NC(=O)C(CC(=O)O)NC(=O)C(Cc1ccccc1)NC(=O)C(N)Cc1ccccc1)C(=O)O,sweet
CC(NC(=O)C(CO)NC(=O)C(N)Cc1ccccc1)C(=O)NC(CC(N)=O)C(=O)O,sweet
CC(NC(=O)C(CC(=O)O)NC(=O)C(CO)NC(=O)C(N)Cc1ccccc1)C(=O)O,sweet
NCCCCC(NC(=O)C(CC(=O)O)NC(=O)C(CO)NC(=O)C(N)Cc1ccccc1)C(=O)O,sweet
CC(NC(=O)C(NC(=O)C(N)Cc1ccccc1)C(C)C)C(=O)NC(CC(N)=O)C(=O)O,sweet
CC(NC(=O)C(NC(=O)C(N)Cc1ccccc1)C(C)C)C(=O)NC(CC(=O)O)C(=O)O,sweet
CC(C)C(NC(=O)C(N)Cc1ccccc1)C(=O)NC(CC(N)=O)C(=O)NC(CC(N)=O)C(=O)O,sweet
CC(C)C(NC(=O)C(N)Cc1ccccc1)C(=O)NC(CC(N)=O)C(=O)NC(CCCCN)C(=O)O,sweet
CC(NC(=O)C(CC(=O)O)NC(=O)C(NC(=O)C(N)Cc1ccccc1)C(C)C)C(=O)O,sweet
CC(C)C(NC(=O)C(N)Cc1ccccc1)C(=O)NC(CC(=O)O)C(=O)NC(CC(N)=O)C(=O)O,sweet
CC(C)C(NC(=O)C(N)Cc1ccccc1)C(=O)NC(CC(=O)O)C(=O)NC(CC(=O)O)C(=O)O,sweet
CC(C)C(NC(=O)C(N)Cc1ccccc1)C(=O)NC(CC(=O)O)C(=O)NCC(=O)O,sweet
CCC(C)C(NC(=O)C(CC(=O)O)NC(=O)C(NC(=O)C(N)Cc1ccccc1)C(C)C)C(=O)O,sweet
CC(C)CC(NC(=O)C(CC(=O)O)NC(=O)C(NC(=O)C(N)Cc1ccccc1)C(C)C)C(=O)O,sweet
CC(C)C(NC(=O)C(N)Cc1ccccc1)C(=O)NC(CC(=O)O)C(=O)NC(CCCCN)C(=O)O,sweet
CC(C)C(NC(=O)C(N)Cc1ccccc1)C(=O)NC(CC(=O)O)C(=O)NC(Cc1ccccc1)C(=O)O,sweet
CC(C)C(NC(=O)C(CC(=O)O)NC(=O)C(NC(=O)C(N)Cc1ccccc1)C(C)C)C(=O)O,sweet
CC(C)C(NC(=O)C(N)Cc1ccccc1)C(=O)NCC(=O)NC(CC(N)=O)C(=O)O,sweet
CC(C)C(NC(=O)C(N)Cc1ccccc1)C(=O)NCC(=O)NC(CC(=O)O)C(=O)O,sweet
CCC(C)C(NC(=O)C(NC(=O)C(N)Cc1ccccc1)C(C)C)C(=O)NC(CC(N)=O)C(=O)O,sweet
CC(C)CC(NC(=O)C(NC(=O)C(N)Cc1ccccc1)C(C)C)C(=O)NC(CC(N)=O)C(=O)O,sweet
CC(C)C(NC(=O)C(N)Cc1ccccc1)C(=O)NC(CCCCN)C(=O)NC(CC(N)=O)C(=O)O,sweet
CC(C)C(NC(=O)C(N)Cc1ccccc1)C(=O)NC(C(=O)NC(CC(N)=O)C(=O)O)C(C)C,sweet
CC(NC(=O)C1CCCN1)C(=O)NC(CC(=O)O)C(=O)NC(Cc1ccccc1)C(=O)O,sweet
NC(=O)CC(NC(=O)C1CCCN1)C(=O)NC(CC(=O)O)C(=O)NC(Cc1ccccc1)C(=O)O,sweet
CC(NC(=O)C(CC(=O)O)NC(=O)C1CCCN1)C(=O)NC(Cc1ccccc1)C(=O)O,sweet
NC(=O)CC(NC(=O)C(CC(=O)O)NC(=O)C1CCCN1)C(=O)NC(Cc1ccccc1)C(=O)O,sweet
O=C(O)CC(NC(=O)C(CC(=O)O)NC(=O)C1CCCN1)C(=O)NC(Cc1ccccc1)C(=O)O,sweet
NC(=O)CCC(NC(=O)C(CC(=O)O)NC(=O)C1CCCN1)C(=O)NC(Cc1ccccc1)C(=O)O,sweet
O=C(O)CC(NC(=O)C1CCCN1)C(=O)NCC(=O)NC(Cc1ccccc1)C(=O)O,sweet
CCC(C)C(NC(=O)C(CC(=O)O)NC(=O)C1CCCN1)C(=O)NC(Cc1ccccc1)C(=O)O,sweet
CC(C)CC(NC(=O)C(CC(=O)O)NC(=O)C1CCCN1)C(=O)NC(Cc1ccccc1)C(=O)O,sweet
NCCCCC(NC(=O)C(CC(=O)O)NC(=O)C1CCCN1)C(=O)NC(Cc1ccccc1)C(=O)O,sweet
CC(NC(=O)C(Cc1ccccc1)NC(=O)C(CC(=O)O)NC(=O)C1CCCN1)C(=O)O,sweet
NCCCCC(NC(=O)C(Cc1ccccc1)NC(=O)C(CC(=O)O)NC(=O)C1CCCN1)C(=O)O,sweet
CC(C)C(NC(=O)C(CC(=O)O)NC(=O)C1CCCN1)C(=O)NC(Cc1ccccc1)C(=O)O,sweet
NC(=O)CCC(NC(=O)C1CCCN1)C(=O)NC(CC(=O)O)C(=O)NC(Cc1ccccc1)C(=O)O,sweet
O=C(O)CC(NC(=O)CNC(=O)C1CCCN1)C(=O)NC(Cc1ccccc1)C(=O)O,sweet
CCC(C)C(NC(=O)C1CCCN1)C(=O)NC(CC(=O)O)C(=O)NC(Cc1ccccc1)C(=O)O,sweet
CC(C)CC(NC(=O)C1CCCN1)C(=O)NC(CC(=O)O)C(=O)NC(Cc1ccccc1)C(=O)O,sweet
NCCCCC(NC(=O)C1CCCN1)C(=O)NC(CC(=O)O)C(=O)NC(Cc1ccccc1)C(=O)O,sweet
CC(NC(=O)C(CC(=O)O)NC(=O)C(Cc1ccccc1)NC(=O)C1CCCN1)C(=O)O,sweet
NCCCCC(NC(=O)C(CC(=O)O)NC(=O)C(Cc1ccccc1)NC(=O)C1CCCN1)C(=O)O,sweet
CC(C)C(NC(=O)C1CCCN1)C(=O)NC(CC(=O)O)C(=O)NC(Cc1ccccc1)C(=O)O,sweet
CC(NC(=O)C(N)CO)C(=O)NC(CC(N)=O)C(=O)NC(Cc1ccccc1)C(=O)O,sweet
CC(NC(=O)C(N)CO)C(=O)NC(CC(=O)O)C(=O)NC(Cc1ccccc1)C(=O)O,sweet
CC(NC(=O)C(N)CO)C(=O)NC(Cc1ccccc1)C(=O)NC(CC(N)=O)C(=O)O,sweet
CC(NC(=O)C(CC(N)=O)NC(=O)C(N)CO)C(=O)NC(Cc1ccccc1)C(=O)O,sweet
NC(=O)CC(NC(=O)C(N)CO)C(=O)NC(CC(=O)O)C(=O)NC(Cc1ccccc1)C(=O)O,sweet
NC(=O)CC(NC(=O)C(N)CO)C(=O)NCC(=O)NC(Cc1ccccc1)C(=O)O,sweet
CC(C)C(NC(=O)C(CC(N)=O)NC(=O)C(N)CO)C(=O)NC(Cc1ccccc1)C(=O)O,sweet
CC(NC(=O)C(CC(=O)O)NC(=O)C(N)CO)C(=O)NC(Cc1ccccc1)C(=O)O,sweet
NC(=O)CC(NC(=O)C(CC(=O)O)NC(=O)C(N)CO)C(=O)NC(Cc1ccccc1)C(=O)O,sweet
NC(CO)C(=O)NC(CC(=O)O)C(=O)NC(CC(=O)O)C(=O)NC(Cc1ccccc1)C(=O)O,sweet
NC(=O)CCC(NC(=O)C(CC(=O)O)NC(=O)C(N)CO)C(=O)NC(Cc1ccccc1)C(=O)O,sweet
NC(CO)C(=O)NC(CC(=O)O)C(=O)NCC(=O)NC(Cc1ccccc1)C(=O)O,sweet
CCC(C)C(NC(=O)C(CC(=O)O)NC(=O)C(N)CO)C(=O)NC(Cc1ccccc1)C(=O)O,sweet
CC(C)CC(NC(=O)C(CC(=O)O)NC(=O)C(N)CO)C(=O)NC(Cc1ccccc1)C(=O)O,sweet
NCCCCC(NC(=O)C(CC(=O)O)NC(=O)C(N)CO)C(=O)NC(Cc1ccccc1)C(=O)O,sweet
CC(NC(=O)C(Cc1ccccc1)NC(=O)C(CC(=O)O)NC(=O)C(N)CO)C(=O)O,sweet
NCCCCC(NC(=O)C(Cc1ccccc1)NC(=O)C(CC(=O)O)NC(=O)C(N)CO)C(=O)O,sweet
NC(CO)C(=O)NC(CC(=O)O)C(=O)NC(CO)C(=O)NC(Cc1ccccc1)C(=O)O,sweet
CC(O)C(NC(=O)C(CC(=O)O)NC(=O)C(N)CO)C(=O)NC(Cc1ccccc1)C(=O)O,sweet
CC(C)C(NC(=O)C(CC(=O)O)NC(=O)C(N)CO)C(=O)NC(Cc1ccccc1)C(=O)O,sweet
NC(=O)CCC(NC(=O)C(N)CO)C(=O)NC(CC(=O)O)C(=O)NC(Cc1ccccc1)C(=O)O,sweet
NC(=O)CC(NC(=O)CNC(=O)C(N)CO)C(=O)NC(Cc1ccccc1)C(=O)O,sweet
NC(CO)C(=O)NCC(=O)NC(CC(=O)O)C(=O)NC(Cc1ccccc1)C(=O)O,sweet
CCC(C)C(NC(=O)C(N)CO)C(=O)NC(CC(=O)O)C(=O)NC(Cc1ccccc1)C(=O)O,sweet
CC(C)CC(NC(=O)C(N)CO)C(=O)NC(CC(=O)O)C(=O)NC(Cc1ccccc1)C(=O)O,sweet
O=C(CO)C(O)C(O)C(O)CO.O=C(CO)C(O)C(O)C(O)CO.O=CC(O)C(O)C(O)C(O)CO,sweet
CC(N)C(=O)NC(CCCCN)C(=O)NC(CC(N)=O)C(=O)NC(Cc1ccccc1)C(=O)O,sweet
F.O=S1(=O)N=C([O-])c2ccccc21,sweet
CC(NC(=O)C(N)C(C)C)C(=O)NC(CC(N)=O)C(=O)NC(Cc1ccccc1)C(=O)O,sweet
CC(NC(=O)C(N)C(C)C)C(=O)NC(CC(=O)O)C(=O)NC(Cc1ccccc1)C(=O)O,sweet
CC(NC(=O)C(N)C(C)C)C(=O)NC(Cc1ccccc1)C(=O)NC(CC(N)=O)C(=O)O,sweet
CC(NC(=O)C(N)C(C)C)C(=O)NC(Cc1ccccc1)C(=O)NC(CC(=O)O)C(=O)O,sweet
CC(NC(=O)C(CC(N)=O)NC(=O)C(N)C(C)C)C(=O)NC(Cc1ccccc1)C(=O)O,sweet
CC(C)C(N)C(=O)NC(CC(N)=O)C(=O)NC(CC(N)=O)C(=O)NC(Cc1ccccc1)C(=O)O,sweet
CC(C)C(N)C(=O)NC(CC(N)=O)C(=O)NC(CC(=O)O)C(=O)NC(Cc1ccccc1)C(=O)O,sweet
CC(C)C(N)C(=O)NC(CC(N)=O)C(=O)NCC(=O)NC(Cc1ccccc1)C(=O)O,sweet
CCC(C)C(NC(=O)C(CC(N)=O)NC(=O)C(N)C(C)C)C(=O)NC(Cc1ccccc1)C(=O)O,sweet
CC(C)CC(NC(=O)C(CC(N)=O)NC(=O)C(N)C(C)C)C(=O)NC(Cc1ccccc1)C(=O)O,sweet
CC(C)C(N)C(=O)NC(CC(N)=O)C(=O)NC(CCCCN)C(=O)NC(Cc1ccccc1)C(=O)O,sweet
CC(C)C(N)C(=O)NC(CC(N)=O)C(=O)NC(Cc1ccccc1)C(=O)NC(CC(N)=O)C(=O)O,sweet
CC(C)C(N)C(=O)NC(CC(N)=O)C(=O)NC(Cc1ccccc1)C(=O)NC(CCCCN)C(=O)O,sweet
CC(C)C(N)C(=O)NC(CC(N)=O)C(=O)NC(CO)C(=O)NC(Cc1ccccc1)C(=O)O,sweet
CC(C)C(N)C(=O)NC(CC(N)=O)C(=O)NC(C(=O)NC(Cc1ccccc1)C(=O)O)C(C)C,sweet
CC(NC(=O)C(CC(=O)O)NC(=O)C(N)C(C)C)C(=O)NC(Cc1ccccc1)C(=O)O,sweet
CC(C)C(N)C(=O)NC(CC(=O)O)C(=O)NC(CC(N)=O)C(=O)NC(Cc1ccccc1)C(=O)O,sweet
CC(C)C(N)C(=O)NC(CC(=O)O)C(=O)NC(CC(=O)O)C(=O)NC(Cc1ccccc1)C(=O)O,sweet
CC(C)C(N)C(=O)NC(CC(=O)O)C(=O)NC(CS)C(=O)NC(Cc1ccccc1)C(=O)O,sweet
CC(C)C(N)C(=O)NC(CC(=O)O)C(=O)NC(CCC(N)=O)C(=O)NC(Cc1ccccc1)C(=O)O,sweet
CC(C)C(N)C(=O)NC(CC(=O)O)C(=O)NCC(=O)NC(Cc1ccccc1)C(=O)O,sweet
CCC(C)C(NC(=O)C(CC(=O)O)NC(=O)C(N)C(C)C)C(=O)NC(Cc1ccccc1)C(=O)O,sweet
CC(C)CC(NC(=O)C(CC(=O)O)NC(=O)C(N)C(C)C)C(=O)NC(Cc1ccccc1)C(=O)O,sweet
CC(C)C(N)C(=O)NC(CC(=O)O)C(=O)NC(CCCCN)C(=O)NC(Cc1ccccc1)C(=O)O,sweet
CC(NC(=O)C(Cc1ccccc1)NC(=O)C(CC(=O)O)NC(=O)C(N)C(C)C)C(=O)O,sweet
CC(C)C(N)C(=O)NC(CC(=O)O)C(=O)NC(Cc1ccccc1)C(=O)NC(CC(N)=O)C(=O)O,sweet
CC(C)C(N)C(=O)NC(CC(=O)O)C(=O)NC(Cc1ccccc1)C(=O)NC(CC(=O)O)C(=O)O,sweet
CC(C)C(N)C(=O)NC(CC(=O)O)C(=O)NC(Cc1ccccc1)C(=O)NCC(=O)O,sweet
CCC(C)C(NC(=O)C(Cc1ccccc1)NC(=O)C(CC(=O)O)NC(=O)C(N)C(C)C)C(=O)O,sweet
CC(C)CC(NC(=O)C(Cc1ccccc1)NC(=O)C(CC(=O)O)NC(=O)C(N)C(C)C)C(=O)O,sweet
CC(C)C(N)C(=O)NC(CC(=O)O)C(=O)NC(Cc1ccccc1)C(=O)NC(CCCCN)C(=O)O,sweet
CC(C)C(N)C(=O)NC(CC(=O)O)C(=O)NC(Cc1ccccc1)C(=O)NC(Cc1ccccc1)C(=O)O,sweet
CC(C)C(N)C(=O)NC(CC(=O)O)C(=O)NC(Cc1ccccc1)C(=O)NC(C(=O)O)C(C)C,sweet
CC(C)C(N)C(=O)NC(CC(=O)O)C(=O)N1CCCC1C(=O)NC(Cc1ccccc1)C(=O)O,sweet
CC(C)C(N)C(=O)NC(CC(=O)O)C(=O)NC(CO)C(=O)NC(Cc1ccccc1)C(=O)O,sweet
CC(C)C(N)C(=O)NC(CC(=O)O)C(=O)NC(C(=O)NC(Cc1ccccc1)C(=O)O)C(C)C,sweet
CC(C)C(N)C(=O)NC(CS)C(=O)NC(CC(=O)O)C(=O)NC(Cc1ccccc1)C(=O)O,sweet
CC(C)C(N)C(=O)NC(CCC(N)=O)C(=O)NC(CC(=O)O)C(=O)NC(Cc1ccccc1)C(=O)O,sweet
CC(C)C(N)C(=O)NCC(=O)NC(CC(N)=O)C(=O)NC(Cc1ccccc1)C(=O)O,sweet
CC(C)C(N)C(=O)NCC(=O)NC(CC(=O)O)C(=O)NC(Cc1ccccc1)C(=O)O,sweet
CC(C)C(N)C(=O)NCC(=O)NC(Cc1ccccc1)C(=O)NC(CC(N)=O)C(=O)O,sweet
CC(C)C(N)C(=O)NCC(=O)NC(Cc1ccccc1)C(=O)NC(CC(=O)O)C(=O)O,sweet
CCC(C)C(NC(=O)C(N)C(C)C)C(=O)NC(CC(N)=O)C(=O)NC(Cc1ccccc1)C(=O)O,sweet
CCC(C)C(NC(=O)C(N)C(C)C)C(=O)NC(CC(=O)O)C(=O)NC(Cc1ccccc1)C(=O)O,sweet
CCC(C)C(NC(=O)C(N)C(C)C)C(=O)NC(Cc1ccccc1)C(=O)NC(CC(N)=O)C(=O)O,sweet
CC(C)CC(NC(=O)C(N)C(C)C)C(=O)NC(CC(N)=O)C(=O)NC(Cc1ccccc1)C(=O)O,sweet
CC(C)CC(NC(=O)C(N)C(C)C)C(=O)NC(CC(=O)O)C(=O)NC(Cc1ccccc1)C(=O)O,sweet
CC(C)CC(NC(=O)C(N)C(C)C)C(=O)NC(Cc1ccccc1)C(=O)NC(CC(N)=O)C(=O)O,sweet
CC(C)C(N)C(=O)NC(CCCCN)C(=O)NC(CC(N)=O)C(=O)NC(Cc1ccccc1)C(=O)O,sweet
CC(C)C(N)C(=O)NC(CCCCN)C(=O)NC(CC(=O)O)C(=O)NC(Cc1ccccc1)C(=O)O,sweet
CC(C)C(N)C(=O)NC(CCCCN)C(=O)NC(Cc1ccccc1)C(=O)NC(CC(N)=O)C(=O)O,sweet
CC(NC(=O)C(Cc1ccccc1)NC(=O)C(N)C(C)C)C(=O)NC(CC(N)=O)C(=O)O,sweet
CC(NC(=O)C(Cc1ccccc1)NC(=O)C(N)C(C)C)C(=O)NC(CC(=O)O)C(=O)O,sweet
CC(C)C(N)C(=O)NC(Cc1ccccc1)C(=O)NC(CC(N)=O)C(=O)NC(CC(N)=O)C(=O)O,sweet
CC(C)C(N)C(=O)NC(Cc1ccccc1)C(=O)NC(CC(N)=O)C(=O)NC(CCCCN)C(=O)O,sweet
CC(NC(=O)C(CC(=O)O)NC(=O)C(Cc1ccccc1)NC(=O)C(N)C(C)C)C(=O)O,sweet
CC(C)C(N)C(=O)NC(Cc1ccccc1)C(=O)NC(CC(=O)O)C(=O)NC(CC(N)=O)C(=O)O,sweet
CC(C)C(N)C(=O)NC(Cc1ccccc1)C(=O)NC(CC(=O)O)C(=O)NC(CC(=O)O)C(=O)O,sweet
CC(C)C(N)C(=O)NC(Cc1ccccc1)C(=O)NC(CC(=O)O)C(=O)NCC(=O)O,sweet
CCC(C)C(NC(=O)C(CC(=O)O)NC(=O)C(Cc1ccccc1)NC(=O)C(N)C(C)C)C(=O)O,sweet
CC(C)CC(NC(=O)C(CC(=O)O)NC(=O)C(Cc1ccccc1)NC(=O)C(N)C(C)C)C(=O)O,sweet
CC(C)C(N)C(=O)NC(Cc1ccccc1)C(=O)NC(CC(=O)O)C(=O)NC(CCCCN)C(=O)O,sweet
CC(C)C(N)C(=O)NC(Cc1ccccc1)C(=O)NC(CC(=O)O)C(=O)NC(Cc1ccccc1)C(=O)O,sweet
CC(C)C(N)C(=O)NC(Cc1ccccc1)C(=O)NC(CC(=O)O)C(=O)NC(C(=O)O)C(C)C,sweet
CC(C)C(N)C(=O)NC(Cc1ccccc1)C(=O)NCC(=O)NC(CC(N)=O)C(=O)O,sweet
CC(C)C(N)C(=O)NC(Cc1ccccc1)C(=O)NCC(=O)NC(CC(=O)O)C(=O)O,sweet
CCC(C)C(NC(=O)C(Cc1ccccc1)NC(=O)C(N)C(C)C)C(=O)NC(CC(N)=O)C(=O)O,sweet
CC(C)CC(NC(=O)C(Cc1ccccc1)NC(=O)C(N)C(C)C)C(=O)NC(CC(N)=O)C(=O)O,sweet
CC(C)C(N)C(=O)NC(Cc1ccccc1)C(=O)NC(CCCCN)C(=O)NC(CC(N)=O)C(=O)O,sweet
CC(C)C(N)C(=O)NC(Cc1ccccc1)C(=O)NC(C(=O)NC(CC(N)=O)C(=O)O)C(C)C,sweet
CC(C)C(N)C(=O)N1CCCC1C(=O)NC(CC(=O)O)C(=O)NC(Cc1ccccc1)C(=O)O,sweet
CC(C)C(N)C(=O)NC(CO)C(=O)NC(CC(N)=O)C(=O)NC(Cc1ccccc1)C(=O)O,sweet
CC(C)C(N)C(=O)NC(CO)C(=O)NC(CC(=O)O)C(=O)NC(Cc1ccccc1)C(=O)O,sweet
CC(C)C(N)C(=O)NC(C(=O)NC(CC(N)=O)C(=O)NC(Cc1ccccc1)C(=O)O)C(C)C,sweet
CC(C)C(N)C(=O)NC(C(=O)NC(CC(=O)O)C(=O)NC(Cc1ccccc1)C(=O)O)C(C)C,sweet
CC(C)C(N)C(=O)NC(C(=O)NC(Cc1ccccc1)C(=O)NC(CC(N)=O)C(=O)O)C(C)C,sweet
CC(=O)OC1CC2(C)C(=CCC3C4(C)CCC(OC5OC(C(=O)O)C(O)C(OC6OC(CO)C(O)C(O)C6O)C5O)C(C)(C)C4CCC32C)C2CC(C)(C)CC(O)C12COC1OC(C)C(O)C(O)C1O,sweet
COC(=O)C12CCC(C)(C)CC1C1=CCC3C4(C)CCC(OC5OC(C(=O)O)C(OC6OCC(O)C(O)C6O)C(O)C5O)C(C)(CO)C4CCC3(C)C1(C)CC2,sweet
NOC(CO)C(O)C(O)CO,sweet
NOC(CO)C(O)C(O)C(O)CO,sweet
CCCCCCCOC1C(OC)OC(C(O)CO)C1O,sweet
O=C1c2ccccc2S(=O)(=O)N1COCN1C(=O)c2ccccc2S1(=O)=O,sweet
[O-]C1OC(CO)C(O)C(O)C1OCC1CO1,sweet
OCC1OC(O)C(OCC2CO2)C(O)C1O,sweet
CCCCCOCC(O)COC1C([O-])OC(CO)C(O)C1O,sweet
CCCCCOCC(O)COC1C(O)OC(CO)C(O)C1O,sweet
CCCCCCCOCC(O)COC1C([O-])OC(CO)C(O)C1O,sweet
CCCCCCCOCC(O)COC1C(O)OC(CO)C(O)C1O,sweet
OCC1OC(O)(F)C(O)C(O)C1O,sweet
OCC(O)C(O)C(OC1OC(CO)C(OC2OC(COC3OC(CO)C(O)C(O)C3O)C(O)C(O)C2O)C(O)C1O)C(O)CO,sweet
[O-]C1OC(COCl)C(O)C(O)C1O,sweet
OC1OC(COCl)C(O)C(O)C1O,sweet
CC=CCC(=O)OCC1OC(Oc2cc(O)c3c(=O)cc(-c4ccc(O)c(OC)c4)oc3c2)C(O)C(O)C1O,sweet
COc1cc(-c2cc(=O)c3c(O)c(OC)c(OC4OC(COC5OC(C)C(O)C(O)C5O)C(O)C(O)C4O)cc3o2)ccc1O,sweet
O=CC(O)C(O)C(O)C(O)CO.O=CC(O)C(O)C(O)C(O)CO,sweet
CCOC(=O)CNC(Cc1ccccc1)C(=O)NC(CC(C)C)C(=O)O,sweet
CN(C(=O)C(N)CC(=O)O)C(Cc1ccccc1)C(=O)[O-],sweet
CN(C(=O)C(N)CC(=O)O)C(Cc1ccccc1)C(=O)O,sweet
O=C([O-])O.O=C([O-])O.O=CC(O)C(O)C(O)C(O)CO,sweet
O=C([O-])O.O=C([O-])O.OCC1OC(OC2(CO)OC(CO)C(O)C2O)C(O)C(O)C1O,sweet
NC(CC(=O)N(C=O)C(Cc1ccccc1)C(=O)O)C(=O)O,sweet
CCOC(=O)NCC(=O)NC(Cc1ccccc1)C(=O)O,sweet
O=CC(O)C(O)C(O)C(O)CO.OO,sweet
O=CC(O)C(O)C(O)C(O)CO.OO.OO,sweet
O=CC(O)C(O)C(O)C(O)C(=O)[O-].O=CC(O)C(O)C(O)C(O)C(=O)[O-].[Fe+2],sweet
CCC(=O)NC(Cc1ccccc1)C(=O)OC,sweet
COC(=O)CCC(=O)NC(Cc1ccccc1)C(=O)O,sweet
OCC1OC(OCCOC2OC(CO)C(O)C(O)C2O)C(O)C(O)C1O,sweet
[F-].[O-]C1OC(CO)C(O)C(O)C1O,sweet
OCC(O)CO.OCC1OC(OC2C(CO)OC(O)C(O)C2O)C(O)C(O)C1O,sweet
CSCc1ccsc1,undefined
CCOC(=O)C(N)CC(=O)NC(Cc1ccccc1)C(=O)OCC,sweet
CCOC(=O)CC(N)C(=O)NC(Cc1ccccc1)C(=O)OCC,sweet
O=CC(O)C(O)C(O)C(O)CO.[Cu+2],sweet
CC1OC(O)C(I)C(O)C1O,sweet
CCOCC.O=CC(O)C(O)C(O)C(O)CO,sweet
O=CC(O)C(O)C(O)C(O)CO.O=CCC(O)C(O)C(O)CO,sweet
OCC(O)C(O)C(O)C=[Se],sweet
COC(=O)C(Cc1ccccc1)N(C(=O)CCl)C(=O)C(N)CC(=O)O,sweet
O=CC(O)C(O)C(OCl)C(O)CO,sweet
Nc1ncnc2c1ncn2C1CC(O)C(COP(=O)([O-])OP(=O)(O)OP(=O)([O-])O)O1,sweet
O=CC(OO)C(OO)C(O)C(O)CO,sweet
CC(=O)CC(=O)NC(CC(=O)O)C(=O)NC(Cc1ccccc1)C(=O)O,sweet
COC(CO)C1OC(O)C(O)C1OC,sweet
CC1=CC2(C=CC(C)O2)C(C(C)C)CC1,undefined
OCC(O)C(O)C(O)C1OC(O)C(O)C1O,sweet
NC(N)=O.O=S1(=O)N=C([O-])c2ccccc21,sweet
CC1OC(OC2(C)CC(O)C(O)C(C)O2)CC(O)C1O,sweet
CCOC1OC(C(O)CO)C(O)C1OC,sweet
OCC1OC(OC2C(CO)OC(O)C(O)C2O)C(O)C(OBr)C1O,sweet
O=CC(O)C(O)C(O)C(O)C(=O)O.[Cu+],sweet
O=C(CO)C(O)C(O)C(O)CO.[Cu+],sweet
OCC1OC(OSOC2OC(CO)C(O)C(O)C2O)C(O)C(O)C1O.[Au+],sweet
OCC1OC(OSOC2OC(CO)C(O)C(O)C2O)C(O)C(O)C1O,sweet
COCCCCOc1ccc([N+](=O)[O-])cc1N,sweet
COCC(C)Oc1ccc([N+](=O)[O-])cc1N,sweet
CCOCC(C)Oc1ccc([N+](=O)[O-])cc1N,sweet
CC(C)OCCOc1ccc([N+](=O)[O-])cc1N,sweet
CCCCOCCOc1ccc([N+](=O)[O-])cc1N,sweet
CCOCCOc1ccc([N+](=O)[O-])cc1N,sweet
O=C(CO)C(O)C(O)C(O)CO.[Al+3],sweet
NC(Cc1ccccc1)C(=O)O.NCC(=O)NCC(=O)O,sweet
CCO.O=CC(O)C(O)C(O)C(O)CO,sweet
CCCC(N)C(=O)NC(CC(=O)O)C(=O)NC(Cc1ccccc1)C(N)=O,sweet
[O-]C(CO)CCC(O)CO,sweet
CC1CC(S)C(C)O1,undefined
OCC1CC(O)C(O)C(OBr)O1,sweet
CC(C)CC(NC(C)C(=O)NC(Cc1ccccc1)C(=O)O)C(=O)O,sweet
CC(NC(CCc1ccccc1)C(=O)O)C(=O)NCCCC(=O)O,sweet
OCC1OC(OC2C([S-])OC(CO)C(O)C2O)C(O)C(O)C1O,sweet
CCCCC(NC(=O)C(Cc1ccccc1)NC(=O)CN)C(=O)O,sweet
OCC(O)C(O)C(O)COC1OCC(O)C(O)C1O,sweet
CC1([O-])OCC(O)C(O)C1O,sweet
OCCC(O)C(O)C(O)C(O)O,sweet
CC(O)C(O)C(O)C(O)COCl,sweet
CC1(C)OC2OC(CCl)C(O)C(O)C2O1,sweet
O=CC(O)C(O)C(O)C(O)CO.[Ba+2],sweet
O=CC(=O)C(O)C(O)C(O)C(O)C=O,sweet
COC(=O)C(Cc1ccccc1)NC(=O)CNC(=O)CNC(=O)OC(C)(C)C,sweet
O=C(CO)C(O)C(O)C(O)CO.[F-].[Sn+4],sweet
NOC(C=O)C(ON)C(O)C(O)CO,sweet
O=C1NS(=O)(=O)c2ccccc21.[F-].[F-],sweet
COC1CCC(O)OC1C,sweet
OCC1OC(OC2C(CO)OC(Br)C(O)C2O)C(O)C(O)C1O,sweet
O=C(COCl)C(OCl)C(OCl)C(O)CO,sweet
O=CC(OCl)C(O)C(O)C(O)CO,sweet
NC1CCCCC1.O=S(O)O,sweet
CCCOCC1([O-])OCC(O)C(O)C1O,sweet
CCCOCC1(O)OCC(O)C(O)C1O,sweet
CCCCCCOCC1([O-])OCC(O)C(O)C1O,sweet
CCCCCCOCC1(O)OCC(O)C(O)C1O,sweet
CCCCCOCC1([O-])OCC(O)C(O)C1O,sweet
CCCCCOCC1(O)OCC(O)C(O)C1O,sweet
CCCCOCC1([O-])OCC(O)C(O)C1O,sweet
COC(CO)C(O)C(O)CO,sweet
O=C([O-])CCC(O)C(O)C(=O)[O-],sweet
O=C(O)CCC(O)C(O)C(=O)O,sweet
O=CC(O)C(O)C(O)C(O)CO.[Pt+2],sweet
O=C([O-])OC1OC(CO)C(O)C(O)C1O,sweet
OCC1OCC(OC2OC(CO)C(O)C(O)C2O)C(O)C1O,sweet
O=CC(O)C(O)C(O)C(O)CO.O=CC(O)C(O)C(O)C(O)CO.O=CC(O)C(O)C(O)C(O)CO.O=CC(O)C(O)C(O)CO,sweet
OCC1OC(OC2(C(I)OI)OC(CO)C(O)C2O)C(O)C(O)C1O,sweet
[O-]C1OC(CO)C(O)C(O)C1OC1CCCC1,sweet
OCC1OC(O)C(OC2CCCC2)C(O)C1O,sweet
Ic1ccc(N=NC(=NNc2ccccc2)c2ccccc2)cc1,sweet
O=C(CC(O)CO)C(O)CO,sweet
OCC1OC(OC2OC(O)(C(O)O)C(O)(OO)C(O)(OO)C2O)C(O)C(O)C1O,sweet
CCCOC1C([O-])OC(CO)C(O)C1O,sweet
CCCOC1C(O)OC(CO)C(O)C1O,sweet
CC(C)Oc1ccc(NC(=O)NC#N)cc1,sweet
COc1ccc(NC(=O)NC#N)cc1,sweet
OCC(O)C(O)C(O)C(O)C1OCCO1,sweet
OC1OC2COC(C2)C1O,sweet
COCC(O)C(OC)C(O)C(O)C=O,sweet
CC(=O)OCC1OC(OC(C)=O)C(OC(C)=O)C(O)C1OC(C)=O.[Ac],sweet
CC1OC2OC(C)(C)OC2C(O)C1O.[Ac].[Ac],sweet
CC1OC2OC(C)(C)OC2C(O)C1O,sweet
CC1OC2OC(C)([O-])OC2C(O)C1O.[Ac].[Ac],sweet
CC1OC2OC(C)(O)OC2C(O)C1O,sweet
Nc1ncnc2c1ncn2C1OC(COP(=O)(O)NOS(=O)(=O)O)C(O)C1O,sweet
OCC1OC(OC2C(O)C(O)OC(CO)C2O)C(O)C(O)C1O.[Ac].[Ac].[Ac].[Ac].[Ac].[Ac].[Ac].[Ac],sweet
OCC(O)C(O)C(O)C1COC(O)C(O)O1,sweet
CC1OCC(C(O)C(O)C(O)CO)OC1O,sweet
OC1OCC(C(O)C(O)C2COC(O)C(O)O2)OC1O,sweet
OCC1OC(O)C(O)OC1C1COC(O)C(O)O1,sweet
OC1OCC(C2OC(O)C(O)OC2C2COC(O)C(O)O2)OC1O,sweet
CC#CCOC1OC(CO)C(O)C(O)C1O,sweet
Nc1ncnc2c1ncn2C1OC(CO)C(OP(N)O)C1O,sweet
CC(C)OC1OC(C(O)O)C(O)C(O)C1O,sweet
CCOC(=O)CC1NC(=O)C(Cc2ccccc2)NC1=O,sweet
COC1(CO)OC(O)C(O)C(O)C1O,sweet
COC1OC(CO)(COCC2OC(C)C(O)C(O)C2O)C(O)C1O,sweet
OCC1OC(O)C(O)C(O)C1OC1OC(COS)C(O)C(O)C1O,sweet
Nc1ncnc2c1ncn2C1OC(COP(N)O)C(O)C1O[Si],sweet
OC1COC(O)C(O)C1,sweet
Nc1ncnc2c1ncn2C1OC(CO)C(O)C1OP(=O)(O)OP(=O)(O)OP(=O)(O)O,sweet
Nc1ncnc2c1ncn2C1OC(COP(=O)(O)OP(=O)(O)OP(=O)(O)OS)C(O)C1O,sweet
COCCOC1C(O)C(COP(=O)(O)O)OC1n1cnc2c(N)ncnc21,sweet
COC1C(O)C(COP(O)(O)=S)OC1n1cnc2c(N)nc(N)nc21,sweet
CC(C)=O.CC(C)=O.OCC1OC(O)C(O)C(O)C1O,sweet
CC(C)(C)OC(=O)NC(CC(=O)O)C(=O)NC(Cc1ccccc1)C(N)=O,sweet
CCC[CH2][Sn]([CH2]CCC)=[C](O)C1(OC2OC(CO)C(O)C(O)C2O)OC(CO)C(O)C1O,sweet
OCC1OC(OC2(C[O][Sn+3])OC(CO)C(O)C2O)C(O)C(O)C1O,sweet
CC(O)CO.OCC(O)C(O)C(O)CO,sweet
O=C(O)CCC(=O)NCCOC(=O)C(Cc1ccccc1)NC(=O)CCC(=O)O,sweet
OCC(O)C(O)C1OC(CO)(CO)OC1CO,sweet
CCOC(=O)C(C)C(C)S,undefined
OCC1OC(O)C(O)C(O)C1O.[Gd+3],sweet
COC(=O)C(Cc1ccccc1)NC(=O)C(C)CC(=O)O,sweet
CC(C)CC(NC(=O)C(CC(=O)O)NC(=O)CCc1ccccc1)C(=O)O,sweet
OCC1OC(OC2C(CO)OC(Br)C(O)C2O)C(O)C(O)C1O.[Ac].[Ac].[Ac].[Ac].[Ac].[Ac].[Ac],sweet
CC1(C)OCC2OC(OC3C(CO)OCC(O)C3O)C(O)C(O)C2O1,sweet
CC1OCC(O)C(O)C1OC1OC2COC(C)(C)OC2C(O)C1O,sweet
Nc1ncnc2c1ncn2CC1OC(COP(=O)(O)O)C(O)C1O,sweet
CC1OC(C)(OC2COC(CO)C(O)C2O)C(O)C(O)C1O,sweet
COC1OC(CO)C(O)C(O)C1O.[Ac].[Ac].[Ac],sweet
CCOP(=O)(O)OP(=O)(O)OCC1OC(n2cnc3c(N)ncnc32)C(O)C1O,sweet
COC1C(OC2C(OC3CCC4(C)C(CCC5(C)C4CC=C4C6CC(C)(C)CC(O)C6(C)CCC45C)C3(C)CO)OC(C(=O)O)C(O)C2O)OC(C)C(O)C1O,sweet
CCC(C(=O)NC(Cc1ccccc1)C(=O)N(C)C)C(C)C(=O)OC,sweet
COC(=O)C(Cc1ccccc1)NC(=O)C(CC(=O)[O-])NCCC(C)(C)C,sweet
COC1C(COP(=O)([O-])O)OC(n2cnc3c(N)ncnc32)C1OC,sweet
COC1C(COP(=O)(O)O)OC(n2cnc3c(N)ncnc32)C1OC,sweet
CC1OC(O)C(ON)C(O)C1O,sweet
CCOC(C)OC1COC(O)C(O)C1O,sweet
CC1OC(O)C(O)C(O)C1O.[Ac].[Ac].[Ac].[Ac],sweet
CC1OC(O)C(O)C(O)C1O.[Ac].[Ac].[Ac],sweet
COP(=O)(O)OP(=O)(O)OCC1OC(n2cnc3c(N)ncnc32)C(O)C1O,sweet
CCC1OC(O)C(O)C(O)C1O.[Ac].[Ac].[Ac].[Ac],sweet
OC1OC(CI)C(O)C(O)C1O.[Ac].[Ac].[Ac].[Ac],sweet
CC1OC(CO)C(OC2OC(CO)C(O)C(O)C2O)C(O)C1O.[Ac].[Ac].[Ac].[Ac].[Ac].[Ac].[Ac],sweet
COC1C(CO)OC(OP)C(OC)C1OC,sweet
COC1C(OP(=O)(O)O)C(CO)OC1n1cnc2c(N)ncnc21,sweet
CCOC(=O)C(CCc1ccccc1)NC(C)C(=O)N(C)C(C)C(=O)O,sweet
CCOC(O)C(O)C(O)C(O)C(O)CO,sweet
OCC(O)C(O)C(O)C(O)C(O)O,sweet
CCCC(O)CO.OCC(O)C(O)C(O)CO,sweet
COC1OC(OCC2OC(C)C(O)C(O)C2O)C(O)C(O)C1O,sweet
CCCCCCCOCC1OC(OCC)C(OCCCCC)C(OCCC)C1O,sweet
CCCCCOC1C(OC(C)C)OC(COC)C(O)C1OCCC,sweet
CCCCCCCOC1C(OC)OC(COC(C)C)C(O)C1OCCC,sweet
CCCCCCCOCC1OC(OC)C(OCCC)C(OCCC)C1O,sweet
CC1OC(COC2OC(CO)C(O)C(O)C2O)C(O)C(O)C1O,sweet
COC1C(O)OC(COC(C)=O)C(O)C1OC,sweet
OCC1CC(O)(O)C(O)(O)CO1,sweet
OCCCOC1OC(CO)C(O)C(O)C1O,sweet
C#CCOC1C(O)CC(OCC)OC1C,sweet
CC(=O)OC1C(O)C(CO)OC1(OC1OC(CO)C(O)C(O)C1O)C(Cl)OCl,sweet
CCCOCC1OC(O)C(OCCC)C(O)C1OCCC,sweet
OCC1OC(O)C(O)C(O)C1OC1OC(CO)C(O)C(OO)(OF)C1O,sweet
[CH2+]OC1C(OC)OC(CC)C(O)C1O,sweet
CCC1OC(OC)C(OC)C(O)C1O,sweet
[CH2+]OC1C(CC)OC(OC)C(O)C1O,sweet
CCC1OC(OC)C(O)C(O)C1OC,sweet
CC(=O)C(Cc1ccccc1)NC(=O)C(N)CC(=O)O,sweet
CC1OC(CO)C(O)C(O)C1OC1OC(CO)C(O)C(O)C1O,sweet
O=C(CC(O)CO)C(O)C(O)C(O)C(O)CO,sweet
CCC(O)C(O)C(O)C(O)CCOC1OC(CO)C(O)C(O)C1O,sweet
COC(=O)CNC(=O)C(Cc1ccccc1)NC(Cc1ccccc1)C(=O)OC,sweet
CC=Cc1ccc(OC=O)c(OC)c1,sweet
CC(=O)SC1=C(C)OCC1,undefined
CC=Cc1ccc(OC(=O)Cc2ccccc2)c(OC)c1,sweet
CCCCC=CCCOC(=O)CC,undefined
Nc1ncnc2c1ncn2C1CC(OP(=O)([O-])[O-])C(CO)O1,sweet
CCC=CCCC1CCCC(=O)O1,undefined
C1CC2COC(C1)O2.OCC1OC(O)C(O)C(O)C1O,sweet
Nc1ncnc2c1ncn2C1OC(CO)C(O)(P(=O)(O)O)C1O,sweet
CC(OC1OC(CO)C(O)C(O)C1O)C1CO1,sweet
CC1OC(OCC2OC(Oc3c(-c4ccc(O)c(O)c4)oc4cc(O)cc(O)c4c3=O)CC(O)C2O)C(O)C(O)C1O,sweet
CC(=O)OC1C(O)C(C)OC(Oc2ccc(C(=O)C=Cc3ccc(O)c(O)c3)c(O)c2O)C1O,sweet
CC1OC(Oc2ccc(C(=O)C=Cc3ccc(O)c(O)c3)c(O)c2O)C(O)C(O)C1O,sweet
COC1CC(OC)C(OC2CC(OC)C(OC3OC(C)C(O)C(OC)C3O)C(C)O2)C(C)O1,sweet
CC1OC(OC2C(C)OCC(O)C2O)C(O)C(O)C1O,sweet
CC1OC(OC2C(OC3COC(O)C(O)C3O)OC(CO)C(O)C2O)C(O)C(O)C1O,sweet
CC1OC(OC2C(C)OC(CO)C(O)C2O)C(O)C(O)C1O,sweet
NCCCP(=O)(O)OP(=O)(O)OP(=O)(O)OCC1OC(n2cnc3c(N)ncnc32)C(O)C1O,sweet
CCCCCP(=O)(O)OP(=O)(O)OP(=O)(O)OP(=O)(O)OCC1OC(n2cnc3c(N)ncnc32)C(O)C1O,sweet
OCC(O)C(O)C(O)C(O)C(O)F,sweet
NOC(C=O)C(O)C(O)C(O)CO,sweet
COC1C([O-])OCC(O)C1O,sweet
CC(C)=O.CC(C)=O.O=CC(O)C(O)C(O)C(O)CO,sweet
[N-]=[N+]=Nc1nc2c(N)ncnc2n1C1OC(CO)C(O)C1O,sweet
[N-]=[N+]=Nc1nc(N)c2ncn(C3OC(COP(=O)([O-])[O-])C(OP(=O)([O-])[O-])C3O)c2n1,sweet
[N-]=[N+]=Nc1nc(N)c2ncn(C3OC(COP(=O)(O)O)C(OP(=O)(O)O)C3O)c2n1,sweet
[N-]=[N+]=Nc1nc2c(N)ncnc2n1C1OC(COP(=O)([O-])[O-])C(O)C1O,sweet
COC(CCCOC1C(CO)OC(OC)C(O)C1O)OC1OC(CO)C(O)C(O)C1O,sweet
O=CC(O)C(O)C(O)C(O)COS(=O)(=O)[O-],sweet
OCC1OC(OC2(CO)OC(CO)C(O)C2F)C(O)C(O)C1O,sweet
O=CC(O)C(O)C(O)C(O)CO[As](=O)([O-])[O-],sweet
[O-]C1OC(CO)C(O)C(OC2OC(CO)C(O)C(O)C2O)C1O,sweet
O=C(COBr)C(O)C(O)C(O)COBr,sweet
O=CC(OS(=O)(=O)[O-])C(O)C(O)C(O)CO,sweet
Nc1ncnc2c1ncn2C1OC(COP(=O)([O-])[O-])C(O)(P(=O)(O)O)C1O,sweet
Nc1ncnc2c1ncn2C1OC(COP(=O)(O)O)C(O)(P(=O)(O)O)C1O,sweet
NC1CCCCC1.NC1CCCCC1,sweet
Nc1nc(F)nc2c1ncn2C1OC(CO)C(O)C1O,sweet
CC1(C(=O)O)CCC2(C)CCC3(C)C(=CC(=O)C4C5(C)CCC(OC6OC(C(=O)O)C(O)C(OS(=O)(=O)[O-])C6OC6OC(C(=O)O)C(O)C(O)C6O)C(C)(C)C5CCC43C)C2C1,sweet
CC1(C(=O)O)CCC2(C)CCC3(C)C(=CC(=O)C4C5(C)CCC(OC6OC(C(=O)O)C(O)C(OS(=O)(=O)O)C6OC6OC(C(=O)O)C(O)C(O)C6O)C(C)(C)C5CCC43C)C2C1,sweet
Nc1nc(P(=O)(O)O)nc2c1ncn2C1OC(CO)C(O)C1O,sweet
OCC1OC(OC2(CO)OC(CO)C(O)C2O)C(O)C(O)C1O.[H+],sweet
Nc1ncnc2c1ncn2C1OC(COP(=O)([O-])[O-])C(O)C1OP(=O)([O-])[O-],sweet
Nc1ncnc2c1ncn2C1OC(COP(=O)([O-])[O-])C(O)C1(O)P(=O)(O)O,sweet
Nc1ncnc2c1ncn2C1OC(COP(=O)(O)O)C(O)C1(O)P(=O)(O)O,sweet
CCCCCCOC1C([O-])OC(CO)C(O)C1O,sweet
Nc1ncnc2c1ncn2C1CC(O)C(CO)O1,sweet
Nc1ncnc2c1ncn2C1CC(O)C(COP(=O)([O-])OP(=O)([O-])[O-])O1,sweet
COC(=O)C(Cc1ccccc1)NC(=O)C(CC(C)C)NC(=O)C(CCO)NCC=O,sweet
Nc1ncnc2c1ncn2C1OC(CO)C(O)C1O.O=P(O)(O)F,sweet
O=CC(OSN=O)C(O)C(O)C(O)CO,sweet
CCOC(C)OC1C([O-])OC(CO)C(O)C1O,sweet
CCOC(C)OC1C(O)OC(CO)C(O)C1O,sweet
[N-]=[N+]=Nc1nc(N)c2ncn(C3OC(COP(=O)([O-])[O-])C(O)C3O)c2n1,sweet
[O]=[Sb]([O-])([O-])[O]CC(O)C(O)C(O)C(O)CO,sweet
[O]=[Sb]([OH])([OH])[O]CC(O)C(O)C(O)C(O)CO,sweet
[O-]C1OC(CO)C(O)C(O)C1OC1(CO)OC(CCl)C(O)C1O,sweet
OCC1OC(O)C(OC2(CO)OC(CCl)C(O)C2O)C(O)C1O,sweet
COCC1OC(C)C(OC(OCCO)OCCO)C1OC,sweet
COC(C(O)CO)C(O)C(O)C=O,sweet
COC(=O)C(Cc1ccccc1)NC(=O)C(C)NC(=O)CNC(=O)OC(C)(C)C,sweet
O=CC(O)C(O)C(O)C(O)C(=O)O.[Pt+2],sweet
[O-]C1OC(CO)C(O)C(O)C1OC1(COC2(CO)OC(CO)C(O)C2O)OC(CO)C(O)C1O,sweet
OCC1OC(O)C(OC2(COC3(CO)OC(CO)C(O)C3O)OC(CO)C(O)C2O)C(O)C1O,sweet
N=P(O)(O)O.Nc1ncnc2c1ncn2C1OC(COP(=O)(O)O)C(O)C1O,sweet
O=CC(O)C(O)CC(O)C(=O)O,sweet
OCC1OC(OC2OC(CO)C(O)C(O)C2F)C(O)C(O)C1O,sweet
CCCCCCCOC1C([O-])OC(CO)C(O)C1O,sweet
CCCCCCCOC1C(O)OC(CO)C(O)C1O,sweet
CC(C)OC1C([O-])OC(CO)C(O)C1O,sweet
CC(C)OC1C(O)OC(CO)C(O)C1O,sweet
O=C(CO)C(O)C(O)C(O)CO.[Fe+3],sweet
CCC(C)C(NC(=O)CCCCCCCC(=O)NC(CC(N)=O)C(=O)NC(Cc1ccccc1)C(=O)O)C(=O)NC(CCO)C(N)=O,sweet
[O-]C1OC(CO)C(O)C(O)C1OCCC1CO1,sweet
OCC1OC(O)C(OCCC2CO2)C(O)C1O,sweet
CSOC(C(O)CO)C(O)C(O)C=O,sweet
CC1=CC2C(CCC(C)=CCC1)C2(C)C,undefined
O=CC(O)C(O)C(O)C(O)CO.[H+],sweet
CO.O=CC(O)C(O)C(O)C(O)CO,sweet
CC([O-])CO.OCC1OC(OC2(CO)OC(CO)C(O)C2O)C(O)C(O)C1O,sweet
Nc1ncnc2c1ncn2C1OC(COP(=O)(O)OP(=O)(O)OP(=O)(O)O)C(N)C1O,sweet
NC(=O)COC(=O)C(Cc1ccccc1)NC(=O)C(N)CC(=O)O,sweet
OCC(O)C(O)C(O)C(O)CO.[Sn+4],sweet
CCCCCCOc1ccc(NC(N)=O)cc1,sweet
[O-]C1(CO)OCC(O)C(O)C1O,sweet
CCOCCOC1OC(CO)C(O)C(O)C1O,sweet
OCC(O)C(O)C(O)(F)C(O)CO,sweet
O=C(CO)C(F)C(O)C(O)CO,sweet
O=C1c2ccccc2S(=O)N1S(=O)(=O)c1ccccc1,sweet
O=CC(O)C(O)C(O)C(O)COCl,sweet
CCO.CCO.O=CC(O)C(O)C(O)C(O)CO,sweet
[O-]C1OC(CO)CC(O)C1O,sweet
OCC1OC(O)C(OBr)C(O)C1O,sweet
CC(C)(C)OC(=O)NC(CC(=O)O)C(=O)NC(Cc1ccccc1)C(=O)O,sweet
CC(C)=O.O=CC(O)C(O)C(O)C(O)CO,sweet
OCC1OC(OBr)C(O)C(O)C1O,sweet
[O-]C1OC(CO)C(O)C(O)C1OCl,sweet
OCC1OC(O)C(OCl)C(O)C1O,sweet
O=CC=O.O=S1(=O)N=C([O-])c2ccccc21,sweet
O=C(CO)C(O)C(O)C(O)CO.[Zn+2],sweet
O=C1c2ccccc2S(=O)N1[O-],sweet
CC(=O)NC(CC(=O)NC(Cc1ccccc1)C(=O)O)C(=O)O,sweet
CCC(C)C(N)C(=O)NC(CCC(N)=O)C(=O)NC(CCCCN)C(=O)NC(CC(=O)O)C(=O)NC(CC(C)C)C(=O)NC(C(=O)NC(Cc1ccccc1)C(=O)O)C(C)CC,sweet
CCC(N)C(=O)N(C(=O)C(N)CC(=O)O)C(Cc1ccccc1)C(=O)OC,sweet
COC(=O)C(Cc1ccccc1)N(C(=O)C(N)CC(=O)O)C(=O)C1CCCCN1,sweet
COC(=O)C(Cc1ccccc1)N(C(=O)C(N)CC(=O)O)C(=O)C(C)(C)N,sweet
COC(=O)C(Cc1ccccc1)NC(=O)C(CC(=O)O)NC(=O)C(N)CC(N)=O,sweet
COC(=O)C(Cc1ccccc1)N(C(=O)C(CC(=O)O)NC(=O)OC(C)(C)C)C(=O)C(C)(C)N,sweet
COC(=O)C(Cc1ccccc1)N(C(=O)C1CCCCN1)C(=O)C(CC(=O)O)NC(=O)OC(C)(C)C,sweet
O=S1(=O)N=C([O-])c2ccccc21.O=S1(=O)N=C([O-])c2ccccc21.[Pd+2],sweet
CC(O)C(O)C(O)C(O)C=O.O=CC(O)C(O)C(O)C(O)CO.O=CC(O)C(O)C(O)CO,sweet
CCC1OC(OC)C(O)C(OC)C1O,sweet
CCC(O)C(O)C(O)C(O)C=O,sweet
Nc1ncnc2c1ncn2C1OC(C(O)OP(=O)(O)C(P(=O)(O)O)P(=O)(O)O)C(O)C1O,sweet
CC(C)c1ccc2c(c1)C(=O)NS2(=O)=O,sweet
[O-]CC1OC(O)C(O)C(O)C1O,sweet
CC1OC(CCOC2OC(C)C(O)C(O)C2O)C(O)C(O)C1O,sweet
OCC1OC(OC2COC(CO)C(O)C2OC2OC(CO)C(O)C(O)C2O)C(O)C(O)C1O,sweet
Nc1ncnc2c1ncn2C1CC(O)C(COP(=O)(O)OP(=O)(O)OP(=O)(O)OS)O1,sweet
CC#COC1OC(CO)C(O)C(O)C1O,sweet
OCC(O)C(O)C(O)COF,sweet
O=CC(O)(I)C(O)C(O)C(O)CO,sweet
CC(C)(C(=O)O)C(N)C(=O)NC(Cc1ccccc1)C(=O)O,sweet
OC1OC(C(O)(O)O)C(O)C(O)C1O,sweet
COC(=O)C(Cc1ccccc1)NC(=O)C(N)CC(=O)O.NC(CS)C(=O)O,sweet
CC1OC(O)(COOC2OC(CO)C(O)C(O)C2O)C(O)C1O,sweet
OCC1OC(OCCCCCC(O)O)C(O)C(O)C1O,sweet
O=C(CO)C(O)C(O)C(O)CO.OCC(O)CO.OCC(O)CO,sweet
O=CC(O)C(O)C(O)C(O)CO.[Ag+].[Ag+],sweet
CCC1OC(OC)C(O)C(O)C1O,sweet
CCC1OC(OC2C(O)C(CC)OC(CC)C2O)C(O)C(O)C1O,sweet
CC1CC(O)C(OC2CC(O)C(O)C(C)O2)C(C)O1,sweet
COC1CC(OC2C(C)OC(C)CC2OC)OC(C)C1O,sweet
OCC1OC(OF)C(O)C(O)C1O,sweet
CCCOCC1OC(COCC)(OC2OC(COC)C(O)C(O)C2O)C(O)C1O,sweet
COCC1OC(COC)(OC2OC(CO)C(OC)C(OC)C2OC)C(OC)C1OC,sweet
COC(=O)C(Cc1ccccc1)NC(=O)C(N)C(C)(C)C(=O)O,sweet
OCC1OC(OC2OCC(O)C(O)C2O)C(O)C1O,sweet
Nc1ncnc2c1ncn2C1OC(C(N)OP(=O)(O)O)C(O)C1O,sweet
CC(O)C(O)C(O)C(O)C=O.O=CC(O)C(O)C(O)C(O)CO.O=CC(O)C(O)C(O)C(O)CO,sweet
CC(O)CCC(O)CO.CCC(O)C(O)C(C)O,sweet
CO.[O-]C1OC(CO)C(O)C(O)C1O,sweet
CCOC(=O)C(Cc1ccccc1)NC(=O)C(CC(=O)O)NC=O,sweet
CC1(C)OC2OC(C(O)CO)C(O1)C2O,sweet
OC(CCCC1OCCCO1)C1OCCCO1,sweet
OC1COC(OF)C(O)C1O,sweet
NCC(=O)NCC(=O)NCC(=O)NC(CC(N)=O)C(=O)NCC(=O)NC(CC(=O)O)C(=O)NC(Cc1ccccc1)C(=O)O,sweet
O=CC(O)C(O)C(O)C(O)CO.[Zn+2],sweet
CC(N)C(=O)NC(C)C(=O)NC(C)C(=O)NC(Cc1ccccc1)C(=O)O,sweet
NC(CC(=O)O)C(=O)NC(Cc1ccc(F)cc1)C(=O)O,sweet
CC1(CCCC2CCCC(O)O2)OCCO1,sweet
O=C(O)Cl.O=S1(=O)N=C([O-])c2ccccc21,sweet
COC(=O)C(Cc1ccccc1)NC(C)=O.NC(Cc1ccccc1)C(=O)O,sweet
CCC(=O)NC(Cc1ccccc1)C(=O)OC.NC(Cc1ccccc1)C(=O)O,sweet
NC(=O)c1ccccc1S(=O)[O-],sweet
CC1(C)OC2C(O)OC(CO)C(O1)C2O,sweet
CC(NC(=O)C(CC(N)=O)NC(=O)OC(C)(C)C)C(=O)NC(Cc1ccccc1)C(=O)O,sweet
O=C(CO)C(O)C(O)C(O)CO.O=C(O)C(O)C(O)C(O)C(O)CO,sweet
CC(O)CCO.O=C(CO)C(O)C(O)C(O)CO,sweet
COCCOc1ccc(N)cc1[N+](=O)[O-],sweet
COC(=O)C(Cc1ccccc1)NC(=O)C(CC(=O)O)NC(=O)OC1(C)CCC1,sweet
OCC(O)C(O)CC(O)C(O)O,sweet
O=S(=O)([O-])OCC1OC(OC2C(CO)OC(O)C(O)C2O)C(O)C(O)C1O,sweet
O=S(=O)(O)OCC1OC(OC2C(CO)OC(O)C(O)C2O)C(O)C(O)C1O,sweet
CCCCOC1OC(COC2OC(CO)C(O)C(O)C2O)C(O)C(O)C1O,sweet
COc1c(OC2OC(CO)C(O)C(O)C2O)cc2oc3ccc(O)cc3c(=O)c2c1O,sweet
COc1cc2c(=O)c3c(O)cccc3oc2cc1OC1OC(CO)C(O)C(O)C1O,sweet
CCCOC1OC(C)C(O)C(OC2OC(C)C(O)C(O)C2O)C1O,sweet
CCCOC1OC(C)C(O)C(OC2OC(C)C(O)C(OC3OC(C)C(O)C(O)C3O)C2O)C1O,sweet
OCCCCCOC1OC(CO)C(O)C(O)C1O,sweet
OCCCCCCCCCOC1OC(CO)C(O)C(O)C1O,sweet
COc1cc(-c2cc(=O)c3c(O)cc(OC4OC(CO)C(O)C(O)C4OS(=O)(=O)[O-])cc3o2)ccc1O,sweet
CC1OC(OC2C(Oc3ccc(-c4cc(=O)c5c(O)cc(O)cc5o4)cc3OC3OC(CO)C(O)C(O)C3O)OC(CO)C(O)C2O)C(O)C(O)C1O,sweet
O=c1cc(-c2ccc(OC3OC(CO)C(O)C(O)C3O)c(OC3OC(CO)C(O)C(O)C3O)c2)oc2cc(O)cc(O)c12,sweet
CC(O)C(CO)OC1OC(CO)C(O)C(O)C1O,sweet
Nc1ncnc2c1ncn2C1(CO)OC2COP(=O)([O-])OC2C1O,sweet
Nc1ncnc2c1ncn2C1(CO)OC2COP(=O)(O)OC2C1O,sweet
COC1OCC(O)(COC2OC(C)C(O)C(O)C2O)C1O,sweet
COC1OC(COC2OC(C)C(O)C(O)C2O)C(O)C1O,sweet
OCC1OC(OC2C(CBr)OC(O)(CO)C2O)C(O)C(O)C1O,sweet
CC1OC(OC2C(O)C(CO)OC(OC3C(C)OC(O)C(O)C3O)C2O)C(O)CC1O,sweet
CC1OC(OC2C(O)C(C)OC(OC3C(O)OC(C)C(O)C3O)C2O)C(O)C(O)C1O,sweet
COc1ccc(C2Cc3cccc(O)c3C(=O)O2)cc1OS(=O)(=O)[O-],sweet
O=c1cc(-c2ccc(O)cc2)oc2c(O)c(OC3OCC(O)C(O)C3O)cc(O)c12,sweet
O=c1cc(-c2ccc(O)c(O)c2)oc2c(O)c(OC3OCC(O)C(O)C3O)cc(O)c12,sweet
OCC1OC(OCCCCOC2CC(O)C(O)C(CO)O2)CC(O)C1O,sweet
C=C1CC23CCC4C(C)(C(=O)OC5OC(COC(C)=O)C(O)C(O)C5O)CCCC4(C)C2CCC1(OC1OC(COC(C)=O)C(O)C(O)C1OC1OC(CO)C(O)C(O)C1O)C3,sweet
C=C1CC23CCC4C(C)(C(=O)OC5OC(CO)C(O)C(O)C5O)CCCC4(C)C2CCC1(OC1OC(CO)C(O)C(O)C1OC1OC(COC(C)=O)C(O)C(O)C1O)C3,sweet
C=C1CC23CCC4C(C)(C(=O)O)CCCC4(C)C2CCC1(OC1OC(COC(C)=O)C(O)C(O)C1OC1OC(CO)C(O)C(O)C1O)C3,sweet
C=C1CC23CCC4C(C)(C(=O)OC)CCCC4(C)C2CCC1(OC1OC(CO)C(O)C(O)C1OC1OC(CO)C(O)C(O)C1O)C3,sweet
C=C1CC23CCC4C(C)(C(=O)OC)CCCC4(C)C2CCC1(OC1OC(COC(C)=O)C(O)C(O)C1OC1OC(CO)C(O)C(O)C1O)C3,sweet
CCOC(=O)C(Cc1ccccc1)NC(=O)C(C)NC(N)=O,sweet
CCOC(=O)C(Cc1ccccc1)NC(=O)C(C)[NH3+],sweet
C=C1CC23CCC4C(C)(C(=O)O)CCCC4(C)C2CCC1(OC1OC(CO)C(O)C(OC2OC(CO)C(O)C(O)C2O)C1O)C3,sweet
C=C1CC23CCC4C(C)(C(=O)O)CCCC4(C)C2CCC1(OC1OC(CO)C(O)C(O)C1OC1OC(CO)C(OC2OC(CO)C(O)C(O)C2O)C(O)C1O)C3,sweet
CC1(C)CCC2(CO)C(O)CC3(C)C(=CCC4C5(C)CCC(OC6OC(C(=O)[O-])C(O)C(OC7OC(CO)C(O)C(O)C7O)C6O)C(C)(C)C5CCC43C)C2C1,sweet
CC1(CO)CCC2(CO)C(O)CC3(C)C(=CCC4C5(C)CCC(OC6OC(C(=O)[O-])C(O)C(OC7OC(CO)C(O)C(O)C7O)C6O)C(C)(C)C5CCC43C)C2C1,sweet
CC(=O)OC1CC2(C)C(=CCC3C4(C)CCC(OC5OC(C(=O)[O-])C(O)C(OC6OC(CO)C(O)C(O)C6O)C5O)C(C)(C)C4CCC32C)C2CC(C)(C)CC(O)C12COC1OC(C)C(O)C(O)C1O,sweet
COC1C(C)OC(O)C(O)C1(C)O,sweet
CC([NH3+])C(=O)NC(C)(C)C(=O)NC(Cc1ccccc1)C(=O)O,sweet
COC1OC(COCC2OC(OC)C(O)C(O)C2O)C(O)C(O)C1O,sweet
Nc1ncnc2c1ncn2C1CC(O)C(COP(=O)([O-])CP(=O)([O-])O)O1,sweet
COC1OC(C)C(OC2OC(CO)C(O)C(O)C2O)C(O)C1O,sweet
COC1OC(CO)C(OC2OC(CO)C(O)C(O)C2O)CC1O,sweet
COC1OC(CO)C(OC2CC(O)C(O)C(CO)O2)C(O)C1O,sweet
COC1OC(CO)C(OC2OC(CO)C(O)CC2O)C(O)C1O,sweet
OCC1OC(OC2C(O)CCOC2CO)C(O)C(O)C1O,sweet
CCC1OC2CC(O)C(C)OC2O1,sweet
COC1OC(COC2OC(CO)C(O)C(O)C2O)C(F)C(O)C1O,sweet
CC1=CC2OCC(C)=C2CC1,undefined
COC1OCC(O)C(OC2OC(CO)C(O)C2O)C1O,sweet
OCC1OC(OCC(O)O)C(O)C(O)C1O,sweet
COCC(O)C1OC2OC(C)(C)OC2C2OC(C)(C)OC12,sweet
CCCC(=O)OC1C(O)C(COC2OC(C)C(O)C(O)C2O)OC(Oc2cc(O)c3c(c2)OC(c2ccc(OC)c(O)c2)CC3=O)C1O,sweet
CC(=O)NCCOC(=O)NC(Cc1ccccc1)C(=O)O,sweet
CC(O)(O)C(O)(O)C(O)(O)C(O)C(O)(O)O,sweet
OCC1OC(OC2(C[O][Sn+2][O][Sn+3])OC(CO)C(O)C2O)C(O)C(O)C1O,sweet
CC1(C)OCC(O)C(C(O)C(O)CO)O1,sweet
COC1OC(C)C(OC2OC(CO)C(O)C(O)C2O)C(OC2OC(CO)C(O)C(O)C2O)C1O,sweet
COC1OC(C)C(OC2OC(C)C(O)C(O)C2O)C(OC2OC(CO)C(O)C(O)C2O)C1O,sweet
COC1OC(C)C(OC2OC(CO)C(O)C(O)C2O)C(OC2OC(C)C(O)C(O)C2O)C1O,sweet
COC1OC(C)C(OC2OC(C)C(O)C(O)C2O)C(OC2OC(C)C(O)C(O)C2O)C1O,sweet
COC1OC(C)C(O)C(OC2OC(C)C(O)C(O)C2O)C1O,sweet
CCCCCCOC1(CO)OCC(O)C(O)C1O,sweet
COC(=O)C1OC(OC2CCC3(C)C(CCC4(C)C3CC=C3C5CC(C)(C)CCC5(C(=O)OC5OC(CO)C(O)C(O)C5O)CCC34C)C2(C)C)C(O)C(OC2OCC(O)C(O)C2O)C1O,sweet
COC(=O)C1OC(OC2CCC3(C)C(CCC4(C)C3CC=C3C5CC(C)(C)CCC5(C(=O)O)C(O)CC34C)C2(C)C=O)C(OC2OC(CO)C(O)C(O)C2O)C(O)C1O,sweet
COC(=O)C1OC(OC2CCC3(C)C(CCC4(C)C3CC=C3C5CC(C)(C)CCC5(C(=O)OC5OC(COC6OC(CO)C(OC7OC(C)C(O)C(O)C7O)C(O)C6O)C(O)C(O)C5O)CCC34C)C2(C)C)C(O)C(O)C1O,sweet
COC(=O)C1OC(OC2CCC3(C)C(CCC4(C)C3CC=C3C5CC(C)(C)CCC5(C(=O)OC5OC(COC6OC(CO)C(OC7OC(C)C(O)C(O)C7O)C(O)C6O)C(O)C(O)C5O)CCC34C)C2(C)CO)C(O)C(O)C1O,sweet
COC(=O)C1OC(OC2CCC3(C)C(CCC4(C)C3CC=C3C5CC(C)(C)CCC5(C(=O)OC5OC(COC6OC(COC(C)=O)C(OC7OC(C)C(O)C(O)C7O)C(O)C6O)C(O)C(O)C5O)CCC34C)C2(C)CO)C(O)C(O)C1O,sweet
CC1OC(OC2C(OCC(O)C(O)C(O)C(O)CO)OC(C)C(O)C2O)C(O)C(O)C1O,sweet
COC1OC(C)C(O)C(O)C1OC1OC(C)C(O)C(O)C1OC1OC(CO)C(O)C(O)C1O,sweet
COC(=O)C1OC(OC2CCC3(C)C(CCC4(C)C3CC=C3C5CC(C)(C)CC(O)C5(C)CCC34C)C2(C)CO)C(OC2OC(CO)C(O)C(O)C2O)C(O)C1O,sweet
COC(=O)C1OC(OC2CCC3(C)C(CCC4(C)C3CC=C3C5CC(C)(C)CC(O)C5(C)CCC34C)C2(C)C)C(OC2OCC(O)C(O)C2OC2OC(C)C(O)C(O)C2O)C(O)C1O,sweet
COC(=O)C1OC(OC2CCC3(C)C(CCC4(C)C3C(=O)C=C3C5CC(C)(C(=O)OC)CCC5(C)CCC34C)C2(C)C)C(OC2OCC(O)(CO)C2O)C(O)C1O,sweet
COC(=O)C1OC(OC2CCC3(C)C(CCC4(C)C3C(=O)C=C3C5CC(C)(C(=O)OC)CCC5(C)CCC34C)C2(C)C)C(OC2OCC(O)(CO)C2OC)C(O)C1O,sweet
COC(=O)C1OC(OC2CCC3(C)C(CCC4(C)C3C(=O)C=C3C5CC(C)(C(=O)OC)CCC5(C)CCC34C)C2(C)C)C(OC2OCC(CO)(OC)C2O)C(O)C1O,sweet
COC(=O)C1OC(OC2CCC3(C)C(CCC4(C)C3C(=O)C=C3C5CC(C)(C(=O)OC)CCC5(C)CCC34C)C2(C)C)C(OC2OCC(O)C(O)C2O)C(O)C1O,sweet
COC(=O)C1OC(OC2C(OC3CCC4(C)C(CCC5(C)C4C(=O)C=C4C6CC(C)(C(=O)OC)CCC6(C)CCC45C)C3(C)C)OC(C(=O)OC)C(O)C2O)C(OC)C(O)C1O,sweet
COC(=O)C1OC(OC2CCC3(C)C(CCC4(C)C3C(=O)C=C3C5CC(C)(C(=O)OC)CCC5(C)CCC34C)C2(C)C)C(OC2OC(C(=O)OC)C(O)C(OC)C2O)C(O)C1O,sweet
COC1OC(C)C(O)C(OC2OC(C)C(O)C(O)C2O)C1OC1OC(C)C(O)C(O)C1O,sweet
COC(=O)C1OC(OC2CCC3(C)C(CCC4(C)C3CC=C3C5CC(C)(C)CCC5(C(=O)OC)C(O)CC34C)C2(C)C=O)C(OC2OC(CO)C(O)C(O)C2O)C(O)C1O,sweet
COC(=O)C1OC(OC2C(OC3CCC4(C)C(CCC5(C)C4C(=O)C=C4C6CC(C)(C(=O)OC)CCC6(C)CCC45C)C3(C)C)OC(C(=O)OC)C(OC)C2OC)C(OC)C(OC)C1OC,sweet
COC1OC(C)C(O)C(OC2OC(C)C(O)C(OC3OC(CO)C(O)C3O)C2O)C1O,sweet
COC1OC(CO)C(O)C1OC1OC(C)C(O)C(O)C1O,sweet
COC1OC(C)C(O)C(OC2OC(CO)C(O)C2O)C1O,sweet
COCC1OC(OC2(COC)OC(CO)C(OC)C2OC)C(OC)C(OC)C1OC,sweet
NC(N)=Nc1ncnc2c1ncn2C1OC(CO)C(O)C1O,sweet
COCOC1C(OC)OC(CO)C(O)C1O,sweet
COCOC1C(O)C(CO)OC(OC)C1O,sweet
COCOCC1OC(OC)C(O)C(O)C1O,sweet
COCOC1C(OC)OC(CO)C(O)C1OCOC,sweet
CC1(C)CCC2(C(=O)OC3OC(CO)C(O)C(O)C3O)CCC3(C)C(=CCC4C5(C)CCC(OC6OC(C(=O)O)C(O)C(O)C6OC6OCC(O)C(O)C6O)C(C)(C)C5CCC43C)C2C1,sweet
CC1(C)CCC2(C(=O)O)CCC3(C)C(=CCC4C5(C)CCC(OC6OC(C(=O)O)C(O)C(O)C6OC6OCC(O)C(O)C6O)C(C)(C)C5CCC43C)C2C1,sweet
COC1OC(CF)C(O)C(OC)C1OC,sweet
COCC1OC(OC)C2OC(C)(C)OC2C1O,sweet
CC1OC(OC2C(O)C(OC3CCC4(C)C(CCC5(C)C4CC=C4C6CC(C)(C)CCC6(C(=O)OC6OC(CO)C(O)C(O)C6O)CCC45C)C3(C)C)OC(C(=O)O)C2O)C(O)C(O)C1O,sweet
COC(=O)C1OC(OC2CCC3(C)C(CCC4(C)C3CC=C3C5CC(C)(C(=O)OC)CC(=O)C5(C)CCC34C)C2(C)CO)C(OC2OC(CO)C(O)C(O)C2OC2OC(C)C(O)C(O)C2O)C(O)C1O,sweet
COC(CCO)C(OC1OC(CO)C(O)C(O)C1O)C(C)O,sweet
CC1(C)CCC2(C(=O)OC3OC(CO)C(O)C(O)C3O)CCC3(C)C(=CCC4C5(C)CCC(OC6OC(C(=O)O)C(O)C(OC7OCC(O)C(O)C7O)C6OC6OC(CO)C(O)C(O)C6O)C(C)(C)C5CCC43C)C2C1,sweet
COC1CC2OC3C(OC(CO)C(O)C3O)OC2C(C)O1,sweet
COc1cc(OC)c2c(c1)OC(c1ccc(OC3OC(CO)C(O)C(O)C3O)c(OC)c1)CC2=O,sweet
[O-]CC1(O)OC(CO)C(O)C(O)C1O,sweet
CC(=O)OC(=O)C(Cc1ccccc1)NC(=O)C(C)N(C(=O)CN)C(C)(C)C,sweet
COCC(O)C(O)C(O)C(=O)CO,sweet
NC(CC(=O)O)C(=O)NC(Cc1ccccc1)C(=O)OCCc1ccccc1,sweet
CC(O)(O)CC(O)C(O)CO,sweet
OCC1OC(O)C(O)C(O)C1(O)O,sweet
CC(C)OC1OC(CO)C(OC2OC(CO)C(O)C(O)C2O)C(O)C1O,sweet
COC1OC(CO)C(O)C(O)C1OC1OC(C)C(O)C(OC2OC(C)C(O)C(O)C2O)C1O,sweet
COC1CC(O)OC(C)C1OC1OC(C)C(OC2OC(CO)C(O)C(O)C2O)C(OC)C1O,sweet
COC1CC(O)OC(C)C1OC1OC(C)C(O)C(OC)C1O,sweet
CC1OC(OC2C(OC3C(OC4CCC5(C)C(CCC6(C)C5CC=C5C7CC(C)(C(=O)O)C(O)C(O)C7(C)CCC56C)C4(C)C)OC(C(=O)O)C(O)C3O)OC(CO)C(O)C2O)C(O)C(O)C1O,sweet
COC(=O)C1OC(OC2CCC3(C)C(CCC4(C)C3CC=C3C5CC(C)(C)CCC5(C(=O)OC)CCC34C)C2(C)C)C(O)C(O)C1OC1OCC(O)C(O)C1O,sweet
COC(=O)C1OC(OC2CCC3(C)C(CCC4(C)C3CC=C3C5CC(C)(C)CCC5(C(=O)OC)CCC34C)C2(C)C)C(OC2OC(CO)C(O)C(O)C2O)C(O)C1O,sweet
COC(=O)C1OC(OC2CCC3(C)C(CCC4(C)C3CC=C3C5CC(C)(C)CCC5(C(=O)OC5OC(CO)C(O)C(O)C5O)CCC34C)C2(C)C)C(O)C(O)C1OC1OCC(O)C(O)C1O,sweet
COC(=O)C1OC(OC2CCC3(C)C(CCC4(C)C3CC=C3C5CC(C)(C)CCC5(C(=O)OC5OC(CO)C(O)C(O)C5O)CCC34C)C2(C)C)C(OC2OC(CO)C(O)C(O)C2O)C(O)C1OC1OCC(O)C(O)C1O,sweet
COC(=O)C1OC(OC2CCC3(C)C(CCC4(C)C3CC=C3C5CC(C)(C)CCC5(C(=O)OC)CCC34C)C2(C)CO)C(O)C(O)C1OC1OCC(O)C(O)C1O,sweet
COC(=O)C1OC(OC2CCC3(C)C(CCC4(C)C3CC=C3C5CC(C)(C)CCC5(C(=O)OC)CCC34C)C2(C)CO)C(OC2OC(CO)C(O)C(O)C2O)C(O)C1O,sweet
COC(=O)C1OC(OC2CCC3(C)C(CCC4(C)C3CC=C3C5CC(C)(C)CCC5(C(=O)OC5OC(CO)C(O)C(O)C5O)CCC34C)C2(C)CO)C(O)C(O)C1OC1OCC(O)C(O)C1O,sweet
COC(=O)C1OC(OC2CCC3(C)C(CCC4(C)C3CC=C3C5CC(C)(C)CCC5(C(=O)OC5OC(CO)C(O)C(O)C5O)CCC34C)C2(C)CO)C(OC2OC(CO)C(O)C(O)C2O)C(O)C1O,sweet
COC1OC(COC2(C)OC(CO)C(O)C(O)C2O)C(O)C(O)C1O,sweet
COC1OC(CO)C(OC2(C)OC(CO)C(O)C(O)C2O)C(O)C1O,sweet
OCC1OC(OC2(CO)OC(CF)C(O)C2O)C(O)C(O)C1O,sweet
OCC1OC(OC2(CO)OC(CO)C(F)C2O)C(O)C(O)C1O,sweet
OCC1OC2OCCOC3C(OCCOC2C(O)C1O)OC(CO)C(O)C3O,sweet
OCC1OC2OCCOC3C(OCCOC4C(OCCOC2C(O)C1O)OC(CO)C(O)C4O)OC(CO)C(O)C3O,sweet
CCCCCC1OC(O)C(O)C(O)C1O,sweet
CCCCCCCC1OC(O)C(O)C(O)C1O,sweet
CCCCCCCCCC1OC(O)C(O)C(O)C1O,sweet
CCCCCCCCCCCC1OC(O)C(O)C(O)C1O,sweet
CC1(C)CCC2(C(=O)O)C(O)CC3(C)C(=CCC4C5(C)CCC(OC6OC(C(=O)O)C(O)C(O)C6OC6OC(CO)C(O)C(O)C6O)C(C)(C=O)C5CCC43C)C2C1,sweet
COC(=O)C1OC(OC2CCC3(C)C(CCC4(C)C3CC=C3C5CC(C)(C)CCC5(C(=O)OC5OCC(O)C(O)C5OC5OC(C)C(O)C(O)C5O)C(O)CC34C)C2(C)C)C(O)C(O)C1O,sweet
C=C1C2CC(O)C3C4(C)CCCC(C)(C(=O)OC5OC(CO)C(O)C(O)C5O)C4CCC3(C2)C1OC(C)=O,sweet
CC1(C)CCC2(C(=O)OC3OC(COC4OC(CO)C(O)C(O)C4O)C(O)C(O)C3O)CCC3(C)C(=CCC4C5(C)CCC(OC6OC(C(=O)O)C(O)C(OC7OCC(O)C(O)C7O)C6O)C(C)(C)C5CCC43C)C2C1,sweet
CC1(C)CCC2(C(=O)OC3OC(COC4OC(CO)C(O)C(O)C4O)C(O)C(O)C3O)CCC3(C)C(=CCC4C5(C)CCC(OC6OC(C(=O)O)C(O)C(OC7OC(CO)C(O)C(O)C7O)C6O)C(C)(C)C5CCC43C)C2C1,sweet
OCC1OC(OC2(CF)OC(CO)C(O)C2O)C(O)C(O)C1O,sweet
O=P([O-])(O)Nc1ncnc2c1ncn2C1OC(CO)C(O)C1O,sweet
O=P([O-])([O-])Nc1ncnc2c1ncn2C1OC(CO)C(O)C1O,sweet
NP(=O)([O-])Nc1ncnc2c1ncn2C1OC(CO)C(O)C1O,sweet
NP(=O)(O)Nc1ncnc2c1ncn2C1OC(CO)C(O)C1O,sweet
CC(O)(COC1OC(CO)C(O)C(O)C1O)C(O)CO,sweet
CC(O)(CO)C(CO)OC1OC(CO)C(O)C(O)C1O,sweet
CC(O)(CO)C(O)COC1OC(CO)C(O)C(O)C1O,sweet
OCCOCCOC1OC(CO)C(O)C(O)C1O,sweet
OC(OC1CCCCO1)C1CCCCO1,sweet
CC(C)CC(NC(=O)C(NC(=O)C(CC(=O)O)NC(=O)C(NC(=O)C(CCCCN)NC(=O)C(N)Cc1ccccc1)C(C)C)C(C)C)C(=O)O,sweet
CC(C)C(NC(=O)C(CC(=O)O)NC(=O)C(NC(=O)C(CCCCN)NC(=O)C(N)Cc1ccccc1)C(C)C)C(=O)O,sweet
NOCCC(O)C(O)C(O)CO,sweet
COC(=O)CC(NC(=O)C(NC(=O)C(NC(=O)C(N)Cc1ccccc1)C(C)C)C(C)C)C(=O)NC(CC(=O)O)C(=O)NC(CC(C)C)C(=O)O,sweet
COC1CC(O)C(COC2CCCCO2)O1,sweet
NCCCCC(N)C(=O)NCC(=O)NC(CC(=O)O)C(=O)NC(Cc1ccccc1)C(=O)O,sweet
CCC(=O)N(C(=O)C(N)CC(N)=O)C(Cc1ccccc1)C(=O)O,sweet
CCC(C)(OC)OC1OC(CO)C(O)C(O)C1O,sweet
CC(=O)CC(C)=O.O=C1NS(=O)(=O)c2ccccc21,sweet
OCC(O)CO.OCCCCO,sweet
O=C(CO)C(O)C(O)CO.O=CC(O)C(O)C(O)CO,sweet
COC(=O)CC(CCc1ccccc1)NC(=O)CN,sweet
NOCC(O)C(O)C(O)C(O)C=O,sweet
NOCC(O)C(O)C(O)C(O)CO,sweet
CC(O)C(=O)O.O=CC(O)C(O)C(O)C(O)CO,sweet
COC1C(C)OC(O)CC1(C)O,sweet
C=C1C2CCC3C4(C)CC(OC5OC(CO)C(O)C(OC6OC(CO)C(O)C(O)C6O)C5OC(=O)CC(C)C)CC(C(=O)O)C4CCC3(C2)C1O,sweet
Nc1ncnc2c1ncn2C1OC(COP(O)(O)=S)C(N)C1O,sweet
CCOP(=O)([O-])NC1C(CO)OC(n2cnc3c(N)ncnc32)C1O,sweet
CCOP(=O)(O)NC1C(CO)OC(n2cnc3c(N)ncnc32)C1O,sweet
Nc1ncnc2c1ncn2C1OC(CO)C(N)C1OP([O-])([O-])=S,sweet
Nc1ncnc2c1ncn2C1OC(CO)C(N)C1OP(O)(O)=S,sweet
COP(=O)([O-])NC1C(CO)OC(n2cnc3c(N)ncnc32)C1O,sweet
COP(=O)(O)NC1C(CO)OC(n2cnc3c(N)ncnc32)C1O,sweet
COc1cc(O)c2c(c1)OC(c1ccc(O)c(OC3OC(CO)C(O)C(O)C3O)c1)CC2=O,sweet
COc1cc(OC)c2c(c1)OC(c1ccc(OC)c(OC3OC(CO)C(O)C(O)C3O)c1)CC2=O,sweet
COc1cc(OC)c2c(c1)OC(c1cc(OC)c(OC)c(OC3OC(CO)C(O)C(O)C3O)c1)CC2=O,sweet
COc1cc(C2CC(=O)c3c(O)cc(OC4OC(COC5OC(C)C(O)C(O)C5O)C(O)C(O)C4O)cc3O2)ccc1O,sweet
COc1cc(OC2OC(CO)C(O)C(O)C2O)c2c(c1)OC(c1ccc(O)c(O)c1)C(O)C2=O,sweet
CC1OC(Oc2cc(-c3cc(=O)c4c(O)cc(O)cc4o3)ccc2O)C(O)C(O)C1O,sweet
COc1cc(-c2cc(=O)c3c(O)c(OC)c(O)c(OC)c3o2)ccc1OC1OC(CO)C(O)C(O)C1O,sweet
COc1cc(-c2cc(=O)c3c(O)c(OC)c(OC4OC(CO)C(O)C(O)C4O)c(OC)c3o2)ccc1O,sweet
CC(=O)OCC1OC(Oc2cc(O)c3c(=O)cc(-c4ccc(O)c(O)c4)oc3c2)C(O)C(O)C1O,sweet
COc1ccc(-c2cc(=O)c3c(O)cc(OC4OC(COC5OC(C)C(O)C(O)C5O)C(O)C(O)C4OC4OC(C)C(O)C(O)C4O)cc3o2)cc1O,sweet
CC1OC(OCC2OC(Oc3cc(O)c4c(=O)cc(-c5ccc(OC6OC(CO)C(O)C(O)C6O)c(O)c5)oc4c3)C(O)C(O)C2O)C(O)C(O)C1O,sweet
O=c1cc(-c2ccc(O)c(O)c2)oc2c(C3OC(CO)C(O)C(O)C3OC3OC(CO)C(O)C(O)C3O)c(O)cc(O)c12,sweet
CC1OC(OC2C(c3c(O)cc(O)c4c(=O)cc(-c5ccc(O)c(O)c5)oc34)OC(CO)C(O)C2O)C(O)C(O)C1O,sweet
CC1OC(OC2C(Oc3c(-c4ccc(O)c(O)c4)oc4cc(O)cc(O)c4c3=O)OCC(O)C2O)C(O)C(O)C1O,sweet
Nc1c2ncn(C3OC4COP(=O)(O)OC4C3O)c2nc[n+]1CCO,sweet
C[n+]1cnc2c(ncn2C2OC3COP(=O)(O)OC3C2O)c1N,sweet
O=P1([O-])OCC2OC(n3cnc4c(NCCO)ncnc43)C(O)C2O1,sweet
O=P1(O)OCC2OC(n3cnc4c(NCCO)ncnc43)C(O)C2O1,sweet
CNc1ncnc2c1ncn2C1OC2COP(=O)([O-])OC2C1O,sweet
CCCCCCCCOCC1OC(OC)C(O)C(O)C1O,sweet
CCCCCCCCOC1C(OC)OC(C(O)CO)C1O,sweet
CCCCCCCCOC1C(CO)OC(O)C(O)C1O,sweet
OCC1OC(OC2C(CO)OC(OC(F)(F)F)C(F)C2O)C(O)C(O)C1O,sweet
OCC1OC(OC2OC(CF)C(O)C(O)C2O)C(O)C(O)C1O,sweet
OCC1OC(OC2C(CO)OC(F)C(F)C2O)C(O)C(O)C1O,sweet
OCC1OC(O)C(O)C(O)C1O.[O-]Cl,sweet
OCC1OC(OC2([CH](O)[Sn+2][O][Sn+3])OC(CO)C(O)C2O)C(O)C(O)C1O,sweet
NC(CC(=O)O)C(=O)NC(Cc1ccccc1)C(=O)O.NC(CC(=O)O)C(=O)O,sweet
CN(C(=O)C(N)CC(N)=O)C(C)(Cc1ccccc1)C(=O)O,sweet
CCCCCCOS(=O)(=O)OC1OC(CO)C(O)C(O)C1O,sweet
CC(O)C(O)CCO,sweet
CC1OC(ON)C(O)C(O)C1O,sweet
Nc1ncnc2c1ncn2C1OC2COP(=O)(N3CCCCC3)OC2C1O,sweet
COCOC(CO)C1OC(C)(C)OC(C)C1O,sweet
COCOC(CO)C1CC(C)OC(C)(C)O1,sweet
COC(=O)C1OC(OC2CCC3(C)C(CCC4(C)C3CC=C3C5CC(C)(C)CCC5(C(=O)OC5OC(COC6OC(COC(C)=O)C(OC7OC(C)C(O)C(O)C7O)C(O)C6O)C(O)C(O)C5O)CCC34C)C2(C)C)C(O)C(O)C1O,sweet
COC1OC(COC2OC(CO)C(O)C(O)C2O)C(O)C(OC2OCC(O)C(O)C2O)C1O,sweet
COC1OC(COC2OCC(O)C(O)C2O)C(O)C(OC2OC(CO)C(O)C(O)C2O)C1O,sweet
COC1CC2OC3OC(CO)C(O)C(O)C3OC2C(C)O1,sweet
C[As](C)(=O)CC1OC(OCC(O)C(O)C(O)C(O)CO)C(O)C1O,sweet
OCC(O)COC1OC(COC2OC(CO)C(O)C(O)C2O)C(O)C(O)C1O,sweet
O=CC(O)C(O)C(O)C(O)C(=O)[O-].O=CC(O)C(O)C(O)C(O)C(=O)[O-].[Ti+2],sweet
CCN(CC)c1ncnc2c1nc(N(CC)CC)n2C1OC2COP(=O)(O)OC2C1O,sweet
O=P1(O)OCC2OC(n3cnc4c([Se])ncnc43)C(O)C2O1,sweet
C[Se]c1ncnc2c1ncn2C1OC2COP(=O)(O)OC2C1O,sweet
O=P(O)(O)OCC1OC(n2cnc3c([Se])ncnc32)C(O)C1O,sweet
C[Se]c1ncnc2c1ncn2C1OC(COP(=O)(O)O)C(O)C1O,sweet
O=CC(O)C(O)C(O)C(O)CO.[Pb],sweet
O=C(O)C(O)C(O)C(O)C(O)CO.O=CC(O)C(O)C(O)C(O)CO,sweet
OCC(O)C(O)C(O)C(O)CO.OCC(O)C(O)C(O)C(O)CO,sweet
O=CC(O)C(O)C(O)C(O)CO.OCC(O)C(O)CO,sweet
CO.O=C(CO)C(O)C(O)C(O)CO,sweet
OCC1OC(OC2C(CO)OC(O)C(O)C2O)C(O)C(O)C1O.[Ti+2],sweet
O=CC(O)C(O)C(O)C(O)CO.O=CC(O)C(O)C(O)CO.O=CC(O)C(O)C(O)CO,sweet
NC1CCCCC1.NS(=O)(=O)O,sweet
OCC1OC(OC2(COCl)OC(CO)C(O)C2O)C(O)C(O)C1O,sweet
O=C(CO)C(O)C(O)C(O)CO.OCC(O)C(O)C(O)C(O)CO,sweet
CCCCCCCCCOC1C([O-])OC(CO)C(O)C1O,sweet
CCCCCCCCCCOC1C([O-])OC(CO)C(O)C1O,sweet
COC1C([O-])OC(CO)C(O)C1O,sweet
OCC(O)C(O)C(O)C(O)CO.OCCO,sweet
O=CC(OO)C(O)C(O)C(O)CO,sweet
COC.O=CC(O)C(O)C(O)C(O)CO,sweet
CC1OC(OCC2OC([O-])C(O)C(O)C2O)C(O)C(O)C1O,sweet
O=S1(=O)N=C([O-])c2ccccc21.[Ag+],sweet
CCCCCCCCOC1C([O-])OC(CO)C(O)C1O,sweet
CC(O)C(O)C(O)C(O)C=O.O=CC(O)C(O)C(O)C(O)C(=O)O,sweet
CCCCC(CC)CCC=O,undefined
CC(O)C(O)(O)CCO,sweet
O=CC(O)C(O)C(O)C(O)C(O)C(O)C(O)CO,sweet
[O-]C1OC(COC2OCC(O)C(O)C2O)C(O)C(O)C1O,sweet
[O-]C1OC(COC2OC(CO)C(O)C(O)C2O)C(O)C(O)C1O,sweet
[O-]C1OC(COC2OC(CO)C(O)C2O)C(O)C(O)C1O,sweet
[O-]C1OC(CO)C(OC2OC(CO)C(O)C(O)C2O)C(O)C1O,sweet
[O-]C1OC(CO)C(O)C(O)C1OC1OCC(O)C(O)C1O,sweet
OCC1OC(O)C(OC2OCC(O)C(O)C2O)C(O)C1O,sweet
NC(CC(=O)O)C(=O)NC(CC(=O)O)C(=O)NC(Cc1ccccc1)C(=O)NC(CCC(=O)O)C(=O)O,sweet
[O-]C1OC(CO)C(O)C(O)C1OC1OC(CO)C(O)C1O,sweet
CCCCC=C(C=O)CC,undefined
[O-][B]OCC(O)C(O)C(O)C(O)CO,sweet
O[B]OCC(O)C(O)C(O)C(O)CO,sweet
O=CC(O)C(O)C(O)C(O)CO.[Au+],sweet
O=CC(O[B][O-])C(O)C(O)C(O)CO,sweet
O=CC(O[B]O)C(O)C(O)C(O)CO,sweet
O=S(=O)([O-])OC1C(O)C(CO)OC1(CO)OC1OC(CO)C(O)C(O)C1O.[Al+3],sweet
CC(C)=CCCC(C)=CC(C)(C)O,undefined
[O-]C1(COC2OC(CO)C(O)C(O)C2O)OC(CO)C(O)C1O,sweet
CCCCCCC(C)OC1OC(CO)C(O)C(O)C1O,sweet
OCCCOCC1(OC2OC(CO)C(O)C(O)C2O)OC(CO)C(O)C1O,sweet
CCCCCCN(S(=O)[O-])S(=O)(=O)NC1CCCCC1,sweet
OCC(O)COCC1(OC2OC(CO)C(O)C(O)C2O)OC(CO)C(O)C1O,sweet
CCCCOC(CCCC)OCCCC,sweet
CCCCCCCCOC1C([O-])OC(C(O)CO)C1O,sweet
CCCCCCCCOC1C(O)OC(C(O)CO)C1O,sweet
OCC1OC(OC2OC(CBr)C(O)C(O)C2O)C(O)C(O)C1O,sweet
O=CC(O)C(O)C(O)C(O)CO.O=CC(O)C(O)CO,sweet
O=C(CO)C(O)C(O)C(O)CO.OCC(O)CO,sweet
NN1C(=O)c2ccccc2S1(=O)=O,sweet
C=CCOC(=O)CC1CCCCC1,sweet
CC(C)=O.CC(C)=O.O=C(CO)C(O)C(O)C(O)CO,sweet
COC1OC(CO)C(OCC2OC(CO)C(O)C(O)C2O)C(O)C1O,sweet
CCON1C(=O)c2ccccc2S1(=O)=O,sweet
O=C(P)C(O)C(O)C(O)C(O)CO,sweet
CCC(C)C(=O)OC1CC2CCC1(C)C2(C)C,undefined
CC1OCC2O[CH-]C(O)C(O)C2O1.[CH3-].[W+2],sweet
CC1OCC2OCC(O)C(O)C2O1,sweet
CCC1OC(O)C2OC(C)(C)OC2C1OC,sweet
CCC1(O)OC(O)C2OC(C)(C)OC2C1OC,sweet
O=C(CO)C(O)C(O)C(O)CO.OCCO,sweet
O=C1NS(=O)(=O)c2ccccc21.[Cu+2],sweet
CCCOC1C([O-])OC(CO)C(OC2OC(CO)C(O)C(O)C2O)C1O,sweet
CCCOC1C(O)OC(CO)C(OC2OC(CO)C(O)C(O)C2O)C1O,sweet
COC1C([O-])OC(C)C(O)C1O,sweet
COC1C([O-])OC(CO)C(O)C1OC1OC(CO)C(O)C(O)C1O,sweet
COC1C(O)OC(CO)C(O)C1OC1OC(CO)C(O)C(O)C1O,sweet
COC1C([O-])OC(CO)C(OC2OC(CO)C(O)C(O)C2O)C1O,sweet
COC1C(O)OC(CO)C(OC2OC(CO)C(O)C(O)C2O)C1O,sweet
O=S1(=O)N=C([O-])c2ccccc21.OCCO,sweet
O=CC(O)C(O)C(O)C(O)CO.[N-]=[N+]=[N-],sweet
COC(=O)C(Cc1ccccc1)NC(=O)C(CC(C)C)NC(=O)C(CC(C)C)NC(C)=O,sweet
COCC1OC([O-])C(O)C(OC)C1OC,sweet
O=S(=O)([O-])OC1OC(CO)C(OC2OC(CO)C(O)C(O)C2O)C(O)C1O,sweet
O=S(=O)(O)OC1OC(CO)C(OC2OC(CO)C(O)C(O)C2O)C(O)C1O,sweet
OCC1OC(OC2C(CO)OC(O)(CO)C2O)C(O)C(O)C1O.[H+],sweet
CCCCCC(O)(O)OC1OC(C)C(O)C(O)C1O,sweet
CCCCCC(O)(O)OC1OCC(O)C(O)C1O,sweet
OCC1OC(OC2(C(Cl)(Cl)OCl)OC(CO)C(O)C2(O)Cl)C(O)C(O)C1O,sweet
OCC(O)C(O)C(O)C(O)CO.OCC1OC(OC2(CO)OC(CO)C(O)C2O)C(O)C(O)C1O,sweet
CC(O)C(O)C(O)C(O)C=O.OCC(O)C(O)C(O)C(O)CO,sweet
CCCCCCOc1ccc([N+](=O)[O-])cc1[N+](=O)[O-],sweet
CCCCCOc1ccc([N+](=O)[O-])cc1[N+](=O)[O-],sweet
O=CC(O)C(O)C(OS(=O)(=O)O)C(O)CO,sweet
OCC1OC(OCC2(OC3OC(CO)C(O)C(O)C3O)OC(CO)C(O)C2O)C(O)C(O)C1O,sweet
COC(=O)C(Cc1ccccc1)N(C=O)C(=O)C(N)CC(=O)O,sweet
CCOC(=O)CC(C)SC,undefined
COC(=O)NCC(=O)NC(CC(C)C)C(=O)NC(Cc1ccccc1)C(=O)OC,sweet
CCC1=CCCC(C)(C)C12C=CC(C)O2,undefined
O=CC(O)C(O)C(O)C(O)CO.O=CC(O)C(O)C(O)CO,sweet
COCCOC(C)OCc1ccccc1,sweet
O=CC(OI)C(O)C(O)C(O)CO,sweet
CCCOC(=O)C(C)S,undefined
CC(O)(O)C(O)C(O)CO,sweet
NC1CCCCC1.O=S([O-])O,sweet
CC(O)C(O)C(O)C(O)C=O.O=CC(O)C(O)C(O)C(O)CO,sweet
O=S(=O)([O-])OC1C(O)OC(CO)C(O)C1O,sweet
O=S(=O)([O-])OC1C(CO)OC(O)C(O)C1O,sweet
O=CC(ON=O)C(O)C(O)C(O)CO,sweet
OCC(O)C(O)C(O)C(O)CO.OCC1OC(OC2C(CO)OC(O)C(O)C2O)C(O)C(O)C1O,sweet
OC(O)C1OCC(O)C(O)C1(O)O,sweet
Nc1ncnc2c1ncn2C1OC(COP(=O)([O-])[O-])C(OP(=O)([O-])[O-])C1O,sweet
CCC(C)C(O)S,undefined
NO.OCC1OC(OC2C(CO)OC(O)C(O)C2O)C(O)C(O)C1O,sweet
NOOC1C([O-])OC(CO)C(O)C1O,sweet
NOOC1C(O)OC(CO)C(O)C1O,sweet
O=CC(OS(=O)(=O)[O-])C(O)C(O)C(O)COS(=O)(=O)[O-],sweet
NO.O=CC(O)C(O)C(O)C(O)CO,sweet
OCC1OC(OC2C(CO)OC(OCCBr)C(O)C2O)C(O)C(O)C1O,sweet
O=CC(O)C(O)C(O)C(O)COI,sweet
CCC(C)C(NC(=O)C(CC(=O)O)NC(=O)C(C)NC(=O)C(Cc1ccccc1)NC(=O)C(CC(=O)O)NC(=O)C(N)C(C)C)C(=O)NCC(=O)O,sweet
O=C(CO)C(O)C(O)C(O)CO.O=CC(O)C(O)C(O)CO,sweet
OCC1OC(OCC(O)COC2OC(CO)C(O)C(O)C2O)C(O)C(O)C1O,sweet
CCCCN(CC(=O)OCC)C(=O)C(CC(=O)OC(C)(C)C)NC(=O)Cc1ccccc1,sweet
CCOC1CCC(O)OC1C,sweet
CC1OC(OOCC2OC(O)(CO)C(O)C2O)C(O)C(O)C1O,sweet
CC1OC(OOCC2(O)OC(CO)C(O)C2O)C(O)C(O)C1O,sweet
OCCCCC(O)COC1OC(CO)C(O)C(O)C1O,sweet
O=C1[NH2+]Sc2ccccc21,sweet
CCO[Si](OCC)(OCC)OC1OC(CO)C(O)C(O)C1O,sweet
O=C(CO)CCC(O)CO,sweet
OCC1CCC(O)C(O)O1,sweet
O=CC(O)CCC(O)CO,sweet
OCC1OC(O)CCC1O,sweet
COC1C(O)C(CO)OC(OC2OC(CO)C(O)C(O)C2O)C1O,sweet
CCOC1C(O)C(CO)OC(OC2C(CO)OC(O)C(O)C2O)C1O,sweet
OCC(O)C(O)C(O)CO.OCC1OC(OC2C(O)C(O)COC2(O)CO)C(O)C(O)C1O,sweet
CC(O)C(O)C(O)C(O)C=O.O=C(CO)C(O)C(O)C(O)CO,sweet
O=CC(O)C(O)C(O)C(O)CO.[O-]C(=S)[S-],sweet
CCCCCCCCCCCCOS(=O)(=O)[O-].O=S1(=O)N=C([O-])c2ccccc21,sweet
CCOC(=O)CCNC(=O)C(NC(CCc1ccccc1)C(=O)OCC)C(C)C,sweet
O=S(=O)([O-])NC1CCCCC1.O=S(=O)([O-])NC1CCCCC1.[Ni+2],sweet
CC(C)COC1C(O)OC(CO)C(O)C1O,sweet
O=CC(O)C(O)C(O)C(O)C(=O)[O-].O=CC(O)C(O)C(O)C(O)C(=O)[O-].[Zn+2],sweet
OCC(O)C(O)C(OC1OC(CO)C(O)C(O)C1O)C(O)CO.OCC(O)C(O)C(OC1OC(CO)C(O)C(O)C1O)C(O)CO,sweet
OCC1OC(OCCOCCOCCCl)C(O)C(O)C1O,sweet
OCC(O)C(O)C(O)C1OC(O)C(O)C(O)C1O,sweet
COC(=O)C(Cc1ccccc1)NC(=O)C(C)NC(=O)CC1CC1,sweet
CCC(C)C(NC(=O)C(C)NC(=O)Cc1ccccc1)C(=O)OC,sweet
CCC(NC(=O)C(C)NC(=O)Cc1ccccc1)C(=O)OC,sweet
COC(=O)C(C)NC(=O)C(C)NC(=O)Cc1ccccc1,sweet
COC(=O)C(Cc1ccccc1)NC(=O)C(C)NC(=O)Cc1ccccc1,sweet
CCCC(NC(=O)C(C)NC(=O)Cc1ccccc1)C(=O)OC,sweet
[O-]C1(CO)OCC(OC2OC(CO)C(O)C(O)C2O)C(O)C1O,sweet
OCC1OC(O)C(O)C(O)C1OC1OC(O)C(O)C(O)C1O,sweet
CC(C)CC(N)C(=O)NC(Cc1ccccc1)C(=O)NC(CC(C)C)C(=O)NCC(=O)NC(CC(N)=O)C(=O)O,sweet
[O-]C1OC(CO)C(OF)C(O)C1O,sweet
OCC1OC(O)C(O)C(O)C1OF,sweet
CC(O)C(O)CC(O)C(C)O,sweet
O=CC(O)C(O)C(O)C(O)CO.OCC(O)C(O)C(O)CO,sweet
CC(C)CC(N)C(=O)NC(C(=O)NC(Cc1ccccc1)C(=O)O)C(C)C,sweet
OCCC(O)C(O)C(O)O,sweet
O=CC(O)C(O)C(O)C(CO)OF,sweet
O=CC(OF)C(OF)C(O)C(O)CO,sweet
O=C(CO)C(O)C(O)C(O)CO.[Fe+2],sweet
COOC1C(O)C(O)OC(CO)C1O,sweet
Nc1ccccc1N=NC(=NNc1ccccc1)c1ccccc1,sweet
Nc1ccccc1N=NC(=NNc1ccccc1N)c1ccccc1,sweet
OCCC(O)CO.OCCCCC(O)CO,sweet
CC(NC(=O)C(N)CC(N)=O)C(=O)NC(C)C(=O)NC(Cc1ccccc1)C(=O)O,sweet
CC(NC(=O)C(N)CC(N)=O)C(=O)NC(CC(N)=O)C(=O)NC(Cc1ccccc1)C(=O)O,sweet
CC(NC(=O)C(N)CC(N)=O)C(=O)NC(CC(=O)O)C(=O)NC(Cc1ccccc1)C(=O)O,sweet
CC(NC(=O)C(N)CC(N)=O)C(=O)NC(CCC(N)=O)C(=O)NC(Cc1ccccc1)C(=O)O,sweet
CCC(C)C(NC(=O)C(C)NC(=O)C(N)CC(N)=O)C(=O)NC(Cc1ccccc1)C(=O)O,sweet
CC(C)CC(NC(=O)C(C)NC(=O)C(N)CC(N)=O)C(=O)NC(Cc1ccccc1)C(=O)O,sweet
CC(NC(=O)C(N)CC(N)=O)C(=O)NC(CCCCN)C(=O)NC(Cc1ccccc1)C(=O)O,sweet
CC(NC(=O)C(N)CC(N)=O)C(=O)NC(Cc1ccccc1)C(=O)NC(CC(N)=O)C(=O)O,sweet
CC(NC(=O)C(N)CC(N)=O)C(=O)NC(Cc1ccccc1)C(=O)NC(CC(=O)O)C(=O)O,sweet
CC(NC(=O)C(N)CC(N)=O)C(=O)NC(Cc1ccccc1)C(=O)NC(CCCCN)C(=O)O,sweet
CC(NC(=O)C(N)CC(N)=O)C(=O)NC(Cc1ccccc1)C(=O)NC(Cc1ccccc1)C(=O)O,sweet
CC(NC(=O)C(N)CC(N)=O)C(=O)NC(CO)C(=O)NC(Cc1ccccc1)C(=O)O,sweet
CC(NC(=O)C(N)CC(N)=O)C(=O)NC(C(=O)NC(Cc1ccccc1)C(=O)O)C(C)C,sweet
CC(NC(=O)C(CC(N)=O)NC(=O)C(N)CC(N)=O)C(=O)NC(Cc1ccccc1)C(=O)O,sweet
NC(=O)CC(N)C(=O)NC(CC(N)=O)C(=O)NC(CC(N)=O)C(=O)NC(Cc1ccccc1)C(=O)O,sweet
NC(=O)CC(N)C(=O)NC(CC(N)=O)C(=O)NC(CC(=O)O)C(=O)NC(Cc1ccccc1)C(=O)O,sweet
NC(=O)CC(N)C(=O)NC(CC(N)=O)C(=O)NCC(=O)NC(Cc1ccccc1)C(=O)O,sweet
CCC(C)C(NC(=O)C(CC(N)=O)NC(=O)C(N)CC(N)=O)C(=O)NC(Cc1ccccc1)C(=O)O,sweet
CC(C)CC(NC(=O)C(CC(N)=O)NC(=O)C(N)CC(N)=O)C(=O)NC(Cc1ccccc1)C(=O)O,sweet
NCCCCC(NC(=O)C(CC(N)=O)NC(=O)C(N)CC(N)=O)C(=O)NC(Cc1ccccc1)C(=O)O,sweet
NC(=O)CC(N)C(=O)NC(CC(N)=O)C(=O)NC(Cc1ccccc1)C(=O)NC(CC(N)=O)C(=O)O,sweet
NCCCCC(NC(=O)C(Cc1ccccc1)NC(=O)C(CC(N)=O)NC(=O)C(N)CC(N)=O)C(=O)O,sweet
CC(C)C(NC(=O)C(CC(N)=O)NC(=O)C(N)CC(N)=O)C(=O)NC(Cc1ccccc1)C(=O)O,sweet
CC(NC(=O)C(CC(=O)O)NC(=O)C(N)CC(N)=O)C(=O)NC(Cc1ccccc1)C(=O)O,sweet
NC(=O)CC(N)C(=O)NC(CC(=O)O)C(=O)NC(CC(N)=O)C(=O)NC(Cc1ccccc1)C(=O)O,sweet
NC(=O)CC(N)C(=O)NC(CC(=O)O)C(=O)NC(CC(=O)O)C(=O)NC(Cc1ccccc1)C(=O)O,sweet
NC(=O)CCC(NC(=O)C(CC(=O)O)NC(=O)C(N)CC(N)=O)C(=O)NC(Cc1ccccc1)C(=O)O,sweet
NC(=O)CC(N)C(=O)NC(CC(=O)O)C(=O)NCC(=O)NC(Cc1ccccc1)C(=O)O,sweet
CCC(C)C(NC(=O)C(CC(=O)O)NC(=O)C(N)CC(N)=O)C(=O)NC(Cc1ccccc1)C(=O)O,sweet
CC(C)CC(NC(=O)C(CC(=O)O)NC(=O)C(N)CC(N)=O)C(=O)NC(Cc1ccccc1)C(=O)O,sweet
NCCCCC(NC(=O)C(CC(=O)O)NC(=O)C(N)CC(N)=O)C(=O)NC(Cc1ccccc1)C(=O)O,sweet
CC(NC(=O)C(Cc1ccccc1)NC(=O)C(CC(=O)O)NC(=O)C(N)CC(N)=O)C(=O)O,sweet
NC(=O)CC(N)C(=O)NC(CC(=O)O)C(=O)NC(Cc1ccccc1)C(=O)NC(CC(N)=O)C(=O)O,sweet
NC(=O)CC(N)C(=O)NC(CC(=O)O)C(=O)NC(Cc1ccccc1)C(=O)NC(CC(=O)O)C(=O)O,sweet
NC(=O)CC(N)C(=O)NC(CC(=O)O)C(=O)NC(Cc1ccccc1)C(=O)NCC(=O)O,sweet
CCC(C)C(NC(=O)C(Cc1ccccc1)NC(=O)C(CC(=O)O)NC(=O)C(N)CC(N)=O)C(=O)O,sweet
CC(C)CC(NC(=O)C(Cc1ccccc1)NC(=O)C(CC(=O)O)NC(=O)C(N)CC(N)=O)C(=O)O,sweet
NCCCCC(NC(=O)C(Cc1ccccc1)NC(=O)C(CC(=O)O)NC(=O)C(N)CC(N)=O)C(=O)O,sweet
NC(=O)CC(N)C(=O)NC(CC(=O)O)C(=O)NC(Cc1ccccc1)C(=O)NC(Cc1ccccc1)C(=O)O,sweet
CC(C)C(NC(=O)C(Cc1ccccc1)NC(=O)C(CC(=O)O)NC(=O)C(N)CC(N)=O)C(=O)O,sweet
NC(=O)CC(N)C(=O)NC(CC(=O)O)C(=O)NC(CO)C(=O)NC(Cc1ccccc1)C(=O)O,sweet
CC(O)C(NC(=O)C(CC(=O)O)NC(=O)C(N)CC(N)=O)C(=O)NC(Cc1ccccc1)C(=O)O,sweet
CC(C)C(NC(=O)C(CC(=O)O)NC(=O)C(N)CC(N)=O)C(=O)NC(Cc1ccccc1)C(=O)O,sweet
CC(NC(=O)C(CCC(N)=O)NC(=O)C(N)CC(N)=O)C(=O)NC(Cc1ccccc1)C(=O)O,sweet
NC(=O)CCC(NC(=O)C(N)CC(N)=O)C(=O)NC(CC(=O)O)C(=O)NC(Cc1ccccc1)C(=O)O,sweet
NC(=O)CCC(NC(=O)C(N)CC(N)=O)C(=O)NCC(=O)NC(Cc1ccccc1)C(=O)O,sweet
CC(NC(=O)CNC(=O)C(N)CC(N)=O)C(=O)NC(Cc1ccccc1)C(=O)O,sweet
NC(=O)CC(N)C(=O)NCC(=O)NC(CC(N)=O)C(=O)NC(Cc1ccccc1)C(=O)O,sweet
NC(=O)CC(N)C(=O)NCC(=O)NC(CC(=O)O)C(=O)NC(Cc1ccccc1)C(=O)O,sweet
NC(=O)CCC(NC(=O)CNC(=O)C(N)CC(N)=O)C(=O)NC(Cc1ccccc1)C(=O)O,sweet
NC(=O)CC(N)C(=O)NCC(=O)NCC(=O)NC(Cc1ccccc1)C(=O)O,sweet
CCC(C)C(NC(=O)CNC(=O)C(N)CC(N)=O)C(=O)NC(Cc1ccccc1)C(=O)O,sweet
CC(C)CC(NC(=O)CNC(=O)C(N)CC(N)=O)C(=O)NC(Cc1ccccc1)C(=O)O,sweet
NCCCCC(NC(=O)CNC(=O)C(N)CC(N)=O)C(=O)NC(Cc1ccccc1)C(=O)O,sweet
NC(=O)CC(N)C(=O)NCC(=O)NC(Cc1ccccc1)C(=O)NC(CC(N)=O)C(=O)O,sweet
CCC(C)C(NC(=O)C(Cc1ccccc1)NC(=O)CNC(=O)C(N)CC(N)=O)C(=O)O,sweet
CC(C)CC(NC(=O)C(Cc1ccccc1)NC(=O)CNC(=O)C(N)CC(N)=O)C(=O)O,sweet
NCCCCC(NC(=O)C(Cc1ccccc1)NC(=O)CNC(=O)C(N)CC(N)=O)C(=O)O,sweet
NC(=O)CC(N)C(=O)NCC(=O)NC(CO)C(=O)NC(Cc1ccccc1)C(=O)O,sweet
CC(C)C(NC(=O)CNC(=O)C(N)CC(N)=O)C(=O)NC(Cc1ccccc1)C(=O)O,sweet
CCC(C)C(NC(=O)C(N)CC(N)=O)C(=O)NC(C)C(=O)NC(Cc1ccccc1)C(=O)O,sweet
CCC(C)C(NC(=O)C(N)CC(N)=O)C(=O)NC(CC(N)=O)C(=O)NC(Cc1ccccc1)C(=O)O,sweet
CCC(C)C(NC(=O)C(N)CC(N)=O)C(=O)NC(CC(=O)O)C(=O)NC(Cc1ccccc1)C(=O)O,sweet
CCC(C)C(NC(=O)C(N)CC(N)=O)C(=O)NC(C(=O)NC(Cc1ccccc1)C(=O)O)C(C)CC,sweet
CCC(C)C(NC(=O)C(N)CC(N)=O)C(=O)NC(CC(C)C)C(=O)NC(Cc1ccccc1)C(=O)O,sweet
CCC(C)C(NC(=O)C(N)CC(N)=O)C(=O)NC(CCCCN)C(=O)NC(Cc1ccccc1)C(=O)O,sweet
CCC(C)C(NC(=O)C(N)CC(N)=O)C(=O)NC(Cc1ccccc1)C(=O)NC(CC(N)=O)C(=O)O,sweet
CCC(C)C(NC(=O)C(N)CC(N)=O)C(=O)NC(Cc1ccccc1)C(=O)NC(CCCCN)C(=O)O,sweet
CCC(C)C(NC(=O)C(N)CC(N)=O)C(=O)NC(C(=O)NC(Cc1ccccc1)C(=O)O)C(C)C,sweet
CC(C)CC(NC(=O)C(N)CC(N)=O)C(=O)NC(C)C(=O)NC(Cc1ccccc1)C(=O)O,sweet
CC(C)CC(NC(=O)C(N)CC(N)=O)C(=O)NC(CC(N)=O)C(=O)NC(Cc1ccccc1)C(=O)O,sweet
CC(C)CC(NC(=O)C(N)CC(N)=O)C(=O)NC(CC(=O)O)C(=O)NC(Cc1ccccc1)C(=O)O,sweet
CC(C)CC(NC(=O)C(N)CC(N)=O)C(=O)NCC(=O)NC(Cc1ccccc1)C(=O)O,sweet
CCC(C)C(NC(=O)C(CC(C)C)NC(=O)C(N)CC(N)=O)C(=O)NC(Cc1ccccc1)C(=O)O,sweet
CC(C)CC(NC(=O)C(N)CC(N)=O)C(=O)NC(CC(C)C)C(=O)NC(Cc1ccccc1)C(=O)O,sweet
CC(C)CC(NC(=O)C(N)CC(N)=O)C(=O)NC(CCCCN)C(=O)NC(Cc1ccccc1)C(=O)O,sweet
CC(C)CC(NC(=O)C(N)CC(N)=O)C(=O)NC(Cc1ccccc1)C(=O)NC(CC(N)=O)C(=O)O,sweet
CC(C)CC(NC(=O)C(N)CC(N)=O)C(=O)NC(Cc1ccccc1)C(=O)NC(CCCCN)C(=O)O,sweet
CC(C)CC(NC(=O)C(N)CC(N)=O)C(=O)NC(C(=O)NC(Cc1ccccc1)C(=O)O)C(C)C,sweet
CC(NC(=O)C(CCCCN)NC(=O)C(N)CC(N)=O)C(=O)NC(Cc1ccccc1)C(=O)O,sweet
NCCCCC(NC(=O)C(N)CC(N)=O)C(=O)NC(CC(N)=O)C(=O)NC(Cc1ccccc1)C(=O)O,sweet
NCCCCC(NC(=O)C(N)CC(N)=O)C(=O)NC(CC(=O)O)C(=O)NC(Cc1ccccc1)C(=O)O,sweet
NCCCCC(NC(=O)C(N)CC(N)=O)C(=O)NCC(=O)NC(Cc1ccccc1)C(=O)O,sweet
CCC(C)C(NC(=O)C(CCCCN)NC(=O)C(N)CC(N)=O)C(=O)NC(Cc1ccccc1)C(=O)O,sweet
CC(C)CC(NC(=O)C(CCCCN)NC(=O)C(N)CC(N)=O)C(=O)NC(Cc1ccccc1)C(=O)O,sweet
NCCCCC(NC(=O)C(N)CC(N)=O)C(=O)NC(CCCCN)C(=O)NC(Cc1ccccc1)C(=O)O,sweet
NCCCCC(NC(=O)C(N)CC(N)=O)C(=O)NC(Cc1ccccc1)C(=O)NC(CC(N)=O)C(=O)O,sweet
NCCCCC(NC(=O)C(Cc1ccccc1)NC(=O)C(CCCCN)NC(=O)C(N)CC(N)=O)C(=O)O,sweet
CC(C)C(NC(=O)C(CCCCN)NC(=O)C(N)CC(N)=O)C(=O)NC(Cc1ccccc1)C(=O)O,sweet
CC(NC(=O)C(Cc1ccccc1)NC(=O)C(N)CC(N)=O)C(=O)NC(CC(N)=O)C(=O)O,sweet
CC(NC(=O)C(Cc1ccccc1)NC(=O)C(N)CC(N)=O)C(=O)NC(CC(=O)O)C(=O)O,sweet
CC(NC(=O)C(Cc1ccccc1)NC(=O)C(N)CC(N)=O)C(=O)NC(CCCCN)C(=O)O,sweet
CC(NC(=O)C(Cc1ccccc1)NC(=O)C(N)CC(N)=O)C(=O)NC(Cc1ccccc1)C(=O)O,sweet
NC(=O)CC(N)C(=O)NC(Cc1ccccc1)C(=O)NC(CC(N)=O)C(=O)NC(CC(N)=O)C(=O)O,sweet
NCCCCC(NC(=O)C(CC(N)=O)NC(=O)C(Cc1ccccc1)NC(=O)C(N)CC(N)=O)C(=O)O,sweet
CC(NC(=O)C(CC(=O)O)NC(=O)C(Cc1ccccc1)NC(=O)C(N)CC(N)=O)C(=O)O,sweet
NC(=O)CC(N)C(=O)NC(Cc1ccccc1)C(=O)NC(CC(=O)O)C(=O)NC(CC(N)=O)C(=O)O,sweet
NC(=O)CC(N)C(=O)NC(Cc1ccccc1)C(=O)NC(CC(=O)O)C(=O)NC(CC(=O)O)C(=O)O,sweet
NC(=O)CC(N)C(=O)NC(Cc1ccccc1)C(=O)NC(CC(=O)O)C(=O)NCC(=O)O,sweet
CCC(C)C(NC(=O)C(CC(=O)O)NC(=O)C(Cc1ccccc1)NC(=O)C(N)CC(N)=O)C(=O)O,sweet
CC(C)CC(NC(=O)C(CC(=O)O)NC(=O)C(Cc1ccccc1)NC(=O)C(N)CC(N)=O)C(=O)O,sweet
NCCCCC(NC(=O)C(CC(=O)O)NC(=O)C(Cc1ccccc1)NC(=O)C(N)CC(N)=O)C(=O)O,sweet
NC(=O)CC(N)C(=O)NC(Cc1ccccc1)C(=O)NC(CC(=O)O)C(=O)NC(Cc1ccccc1)C(=O)O,sweet
CC(C)C(NC(=O)C(CC(=O)O)NC(=O)C(Cc1ccccc1)NC(=O)C(N)CC(N)=O)C(=O)O,sweet
NC(=O)CC(N)C(=O)NC(Cc1ccccc1)C(=O)NCC(=O)NC(CC(N)=O)C(=O)O,sweet
CCC(C)C(NC(=O)CNC(=O)C(Cc1ccccc1)NC(=O)C(N)CC(N)=O)C(=O)O,sweet
CC(C)CC(NC(=O)CNC(=O)C(Cc1ccccc1)NC(=O)C(N)CC(N)=O)C(=O)O,sweet
NCCCCC(NC(=O)CNC(=O)C(Cc1ccccc1)NC(=O)C(N)CC(N)=O)C(=O)O,sweet
CCC(C)C(NC(=O)C(Cc1ccccc1)NC(=O)C(N)CC(N)=O)C(=O)NC(CC(N)=O)C(=O)O,sweet
CCC(C)C(NC(=O)C(Cc1ccccc1)NC(=O)C(N)CC(N)=O)C(=O)NC(CCCCN)C(=O)O,sweet
CC(C)CC(NC(=O)C(Cc1ccccc1)NC(=O)C(N)CC(N)=O)C(=O)NC(CC(N)=O)C(=O)O,sweet
NCCCCC(NC(=O)C(Cc1ccccc1)NC(=O)C(N)CC(N)=O)C(=O)NC(CC(N)=O)C(=O)O,sweet
NCCCCC(NC(=O)C(CCCCN)NC(=O)C(Cc1ccccc1)NC(=O)C(N)CC(N)=O)C(=O)O,sweet
CC(C)C(NC(=O)C(Cc1ccccc1)NC(=O)C(N)CC(N)=O)C(=O)NC(CC(N)=O)C(=O)O,sweet
CC(C)C(NC(=O)C(Cc1ccccc1)NC(=O)C(N)CC(N)=O)C(=O)NC(CCCCN)C(=O)O,sweet
CC(NC(=O)C(CO)NC(=O)C(N)CC(N)=O)C(=O)NC(Cc1ccccc1)C(=O)O,sweet
NC(=O)CC(N)C(=O)NC(CO)C(=O)NC(CC(=O)O)C(=O)NC(Cc1ccccc1)C(=O)O,sweet
NC(=O)CC(N)C(=O)NC(CO)C(=O)NCC(=O)NC(Cc1ccccc1)C(=O)O,sweet
CC(C)C(NC(=O)C(CO)NC(=O)C(N)CC(N)=O)C(=O)NC(Cc1ccccc1)C(=O)O,sweet
CC(O)C(NC(=O)C(N)CC(N)=O)C(=O)NC(CC(=O)O)C(=O)NC(Cc1ccccc1)C(=O)O,sweet
CC(NC(=O)C(NC(=O)C(N)CC(N)=O)C(C)C)C(=O)NC(Cc1ccccc1)C(=O)O,sweet
CC(C)C(NC(=O)C(N)CC(N)=O)C(=O)NC(CC(N)=O)C(=O)NC(Cc1ccccc1)C(=O)O,sweet
CC(C)C(NC(=O)C(N)CC(N)=O)C(=O)NC(CC(=O)O)C(=O)NC(Cc1ccccc1)C(=O)O,sweet
CC(C)C(NC(=O)C(N)CC(N)=O)C(=O)NCC(=O)NC(Cc1ccccc1)C(=O)O,sweet
CCC(C)C(NC(=O)C(NC(=O)C(N)CC(N)=O)C(C)C)C(=O)NC(Cc1ccccc1)C(=O)O,sweet
CC(C)CC(NC(=O)C(NC(=O)C(N)CC(N)=O)C(C)C)C(=O)NC(Cc1ccccc1)C(=O)O,sweet
CC(C)C(NC(=O)C(N)CC(N)=O)C(=O)NC(CCCCN)C(=O)NC(Cc1ccccc1)C(=O)O,sweet
CC(C)C(NC(=O)C(N)CC(N)=O)C(=O)NC(Cc1ccccc1)C(=O)NC(CC(N)=O)C(=O)O,sweet
CC(C)C(NC(=O)C(N)CC(N)=O)C(=O)NC(Cc1ccccc1)C(=O)NC(CCCCN)C(=O)O,sweet
CC(C)C(NC(=O)C(N)CC(N)=O)C(=O)NC(CO)C(=O)NC(Cc1ccccc1)C(=O)O,sweet
O=C(CO)C(O)C(O)C(O)CO.OCC(O)C(O)CO,sweet
OCC(O)C(O)CO.OCC(O)CO,sweet
O=CC(O)C(O)C(O)C(O)COP(O)O,sweet
CCOC1C([O-])OC(CO)C(O)C1O,sweet
CCOC1C(O)OC(CO)C(O)C1O,sweet
COC(=O)C(Cc1ccccc1)NC(=O)CCN,sweet
COC(=O)C(Cc1ccccc1)NC(=O)CCCN,sweet
CC(NC(=O)C(N)CCC(N)=O)C(=O)NC(C)C(=O)NC(Cc1ccccc1)C(=O)O,sweet
CC(NC(=O)C(N)CCC(N)=O)C(=O)NC(CC(N)=O)C(=O)NC(Cc1ccccc1)C(=O)O,sweet
CC(NC(=O)C(N)CCC(N)=O)C(=O)NC(CC(=O)O)C(=O)NC(Cc1ccccc1)C(=O)O,sweet
CC(NC(=O)C(N)CCC(N)=O)C(=O)NCC(=O)NC(Cc1ccccc1)C(=O)O,sweet
CC(NC(=O)C(N)CCC(N)=O)C(=O)NC(Cc1ccccc1)C(=O)NC(CC(N)=O)C(=O)O,sweet
CC(NC(=O)C(CC(N)=O)NC(=O)C(N)CCC(N)=O)C(=O)NC(Cc1ccccc1)C(=O)O,sweet
NC(=O)CCC(N)C(=O)NC(CC(N)=O)C(=O)NC(CC(=O)O)C(=O)NC(Cc1ccccc1)C(=O)O,sweet
NC(=O)CCC(N)C(=O)NC(CC(N)=O)C(=O)NCC(=O)NC(Cc1ccccc1)C(=O)O,sweet
CCC(C)C(N)C(=O)NC(C(=O)NC(CC(N)=O)C(=O)NC(Cc1ccccc1)C(=O)O)C(C)C,sweet
CCC(C)C(N)C(=O)NC(C(=O)NC(CC(=O)O)C(=O)NC(Cc1ccccc1)C(=O)O)C(C)C,sweet
CCC(C)C(N)C(=O)NC(C(=O)NC(Cc1ccccc1)C(=O)NC(CC(N)=O)C(=O)O)C(C)C,sweet
CC(C)CC(N)C(=O)NC(C)C(=O)NC(CC(N)=O)C(=O)NC(Cc1ccccc1)C(=O)O,sweet
CC(C)CC(N)C(=O)NC(C)C(=O)NC(CC(=O)O)C(=O)NC(Cc1ccccc1)C(=O)O,sweet
CC(C)CC(N)C(=O)NC(C)C(=O)NC(Cc1ccccc1)C(=O)NC(CC(N)=O)C(=O)O,sweet
CC(C)CC(N)C(=O)NC(CC(N)=O)C(=O)NC(C)C(=O)NC(Cc1ccccc1)C(=O)O,sweet
CC(C)CC(N)C(=O)NC(CC(N)=O)C(=O)NC(CC(N)=O)C(=O)NC(Cc1ccccc1)C(=O)O,sweet
CC(C)CC(N)C(=O)NC(CC(N)=O)C(=O)NC(CC(=O)O)C(=O)NC(Cc1ccccc1)C(=O)O,sweet
CC(C)CC(N)C(=O)NC(CC(N)=O)C(=O)NCC(=O)NC(Cc1ccccc1)C(=O)O,sweet
CCC(C)C(NC(=O)C(CC(N)=O)NC(=O)C(N)CC(C)C)C(=O)NC(Cc1ccccc1)C(=O)O,sweet
CC(C)CC(N)C(=O)NC(CC(N)=O)C(=O)NC(CC(C)C)C(=O)NC(Cc1ccccc1)C(=O)O,sweet
CC(C)CC(N)C(=O)NC(CC(N)=O)C(=O)NC(CCCCN)C(=O)NC(Cc1ccccc1)C(=O)O,sweet
CC(C)CC(N)C(=O)NC(CC(N)=O)C(=O)NC(Cc1ccccc1)C(=O)NC(CC(N)=O)C(=O)O,sweet
CC(C)CC(N)C(=O)NC(CC(N)=O)C(=O)NC(Cc1ccccc1)C(=O)NC(CCCCN)C(=O)O,sweet
CC(C)CC(N)C(=O)NC(CC(N)=O)C(=O)NC(C(=O)NC(Cc1ccccc1)C(=O)O)C(C)C,sweet
CC(C)CC(N)C(=O)NC(CC(=O)O)C(=O)NC(C)C(=O)NC(Cc1ccccc1)C(=O)O,sweet
CC(C)CC(N)C(=O)NC(CC(=O)O)C(=O)NC(CC(N)=O)C(=O)NC(Cc1ccccc1)C(=O)O,sweet
CC(C)CC(N)C(=O)NC(CC(=O)O)C(=O)NC(CC(=O)O)C(=O)NC(Cc1ccccc1)C(=O)O,sweet
CC(C)CC(N)C(=O)NC(CC(=O)O)C(=O)NC(CCC(N)=O)C(=O)NC(Cc1ccccc1)C(=O)O,sweet
CC(C)CC(N)C(=O)NC(CC(=O)O)C(=O)NCC(=O)NC(Cc1ccccc1)C(=O)O,sweet
CCC(C)C(NC(=O)C(CC(=O)O)NC(=O)C(N)CC(C)C)C(=O)NC(Cc1ccccc1)C(=O)O,sweet
CC(C)CC(N)C(=O)NC(CC(=O)O)C(=O)NC(CC(C)C)C(=O)NC(Cc1ccccc1)C(=O)O,sweet
CC(C)CC(N)C(=O)NC(CC(=O)O)C(=O)NC(CCCCN)C(=O)NC(Cc1ccccc1)C(=O)O,sweet
CC(C)CC(N)C(=O)NC(CC(=O)O)C(=O)NC(Cc1ccccc1)C(=O)NC(C)C(=O)O,sweet
CC(C)CC(N)C(=O)NC(CC(=O)O)C(=O)NC(Cc1ccccc1)C(=O)NC(CC(N)=O)C(=O)O,sweet
CC(C)CC(N)C(=O)NC(CC(=O)O)C(=O)NC(Cc1ccccc1)C(=O)NC(CC(=O)O)C(=O)O,sweet
CC(C)CC(N)C(=O)NC(CC(=O)O)C(=O)NC(Cc1ccccc1)C(=O)NCC(=O)O,sweet
CCC(C)C(NC(=O)C(Cc1ccccc1)NC(=O)C(CC(=O)O)NC(=O)C(N)CC(C)C)C(=O)O,sweet
CC(C)CC(N)C(=O)NC(CC(=O)O)C(=O)NC(Cc1ccccc1)C(=O)NC(CC(C)C)C(=O)O,sweet
CC(C)CC(N)C(=O)NC(CC(=O)O)C(=O)NC(Cc1ccccc1)C(=O)NC(CCCCN)C(=O)O,sweet
CC(C)CC(N)C(=O)NC(CC(=O)O)C(=O)NC(Cc1ccccc1)C(=O)NC(Cc1ccccc1)C(=O)O,sweet
CC(C)CC(N)C(=O)NC(CC(=O)O)C(=O)NC(Cc1ccccc1)C(=O)NC(C(=O)O)C(C)C,sweet
CC(C)CC(N)C(=O)NC(CC(=O)O)C(=O)N1CCCC1C(=O)NC(Cc1ccccc1)C(=O)O,sweet
CC(C)CC(N)C(=O)NC(CC(=O)O)C(=O)NC(CO)C(=O)NC(Cc1ccccc1)C(=O)O,sweet
CC(C)CC(N)C(=O)NC(CC(=O)O)C(=O)NC(C(=O)NC(Cc1ccccc1)C(=O)O)C(C)C,sweet
CC(C)CC(N)C(=O)NC(CCC(N)=O)C(=O)NC(CC(=O)O)C(=O)NC(Cc1ccccc1)C(=O)O,sweet
CC(C)CC(N)C(=O)NCC(=O)NC(CC(N)=O)C(=O)NC(Cc1ccccc1)C(=O)O,sweet
CC(C)CC(N)C(=O)NCC(=O)NC(CC(=O)O)C(=O)NC(Cc1ccccc1)C(=O)O,sweet
CC(C)CC(N)C(=O)NCC(=O)NC(Cc1ccccc1)C(=O)NC(CC(N)=O)C(=O)O,sweet
CC(C)CC(N)C(=O)NCC(=O)NC(Cc1ccccc1)C(=O)NC(CC(=O)O)C(=O)O,sweet
CCC(C)C(NC(=O)C(N)CC(C)C)C(=O)NC(CC(N)=O)C(=O)NC(Cc1ccccc1)C(=O)O,sweet
CCC(C)C(NC(=O)C(N)CC(C)C)C(=O)NC(CC(=O)O)C(=O)NC(Cc1ccccc1)C(=O)O,sweet
CCC(C)C(NC(=O)C(N)CC(C)C)C(=O)NC(Cc1ccccc1)C(=O)NC(CC(N)=O)C(=O)O,sweet
CC(C)CC(N)C(=O)NC(CC(C)C)C(=O)NC(CC(N)=O)C(=O)NC(Cc1ccccc1)C(=O)O,sweet
CC(C)CC(N)C(=O)NC(CC(C)C)C(=O)NC(CC(=O)O)C(=O)NC(Cc1ccccc1)C(=O)O,sweet
COC(CCCO)C1OC(OC2C(CO)OC(O)C(O)C2O)C(O)C(O)C1O,sweet
O=C(CO)C(O)C(O)C(O)CO.OCCCCC(O)CO,sweet
NOC(C(O)CO)C(O)C(O)C=O,sweet
COOC(C=O)C(OOC)C(O)C(O)CO,sweet
O=C(O)CC(O)C(=O)O.O=CC(O)C(O)C(O)C(O)CO,sweet
O=C(C[O][Ge](=[O])[OH])C(O)C(O)C(O)CO,sweet
CCCCCC(CC)OC=O,undefined
COC(=O)C(Cc1ccccc1)NC(=O)C(Cc1ccccc1)NC(=O)CN,sweet
Nc1ncnc2c1ncn2C1OC(CO)C(O)C1OP(=O)(O)OP(=O)(O)O,sweet
CC1OC(n2cnc3c(N)ncnc32)C(O)C1OP(=O)(O)OP(=O)(O)O,sweet
Nc1ncnc2c1ncn2C1OC(COP(=O)(O)O)C(OP(=O)(O)OS(=O)(=O)O)C1O,sweet
Nc1nc(N2CCCCC2)c2ncn(C3OC(COP(=O)(O)O)C(O)C3O)c2n1,sweet
O=P(O)(O)OCC1OC(n2cnc3c(N4CCCCC4)ncnc32)C(O)C1O,sweet
OCC1OC(OC2(C(F)(F)OF)OC(CO)C(O)C2O)C(O)C(O)C1O,sweet
CC(NC(=O)C(CC(=O)O)NC(=O)C(N)CC(=O)O)C(=O)NC1C(C)(C)SC1(C)C,sweet
NCCNc1nc2c(N)ncnc2n1C1OC(COP(=O)(O)O)C(O)C1O,sweet
Nc1ncnc2c1ncn2C1OC(COP(=O)([O-])[O-])CC1O,sweet
CCCCCCCCCCCC(=O)OCC(O)C1OCC(OCCO)C1OCCO,bitter
COc1ccc(C2CC(=O)c3ccc(OC4OC(COC5OC(C)C(O)C(O)C5O)C(O)C(O)C4O)cc3O2)cc1O,sweet
Nc1ncnc2c1ncn2C1OC(COP(=O)([O-])OP(=O)([O-])NP(=O)([O-])O)C(O)C1O,sweet
COC(=O)C(Cc1ccccc1)N(C)C(=O)C(N)CC(=O)O,sweet
Nc1ncnc2c1ncn2C1OC(COP(=O)(O)N=P(O)(O)OP(=O)(O)O)C(O)C1O,sweet
Nc1nc(N)c2ncn(C3CC(O)C(COP(N)O)O3)c2n1,sweet
OCC1OC(OO)C(O)C(O)C1O,sweet
OCC(O)C(O)C(O)C(O)COC1(CO)OC(CO)C(O)C1O,sweet
O=CC(O)C(O)C(O)C(O)(CO)CO,sweet
CC(C)OP(=O)(O)OP(=O)(O)OP(=O)(O)OCC1OC(n2cnc3c(N)ncnc32)C(O)C1O,sweet
COP(=O)(O)OP(=O)(O)OP(=O)(O)OCC1OC(n2cnc3c(N)ncnc32)C(O)C1O,sweet
CCOP(=O)(O)OP(=O)(O)OP(=O)(O)OCC1OC(n2cnc3c(N)ncnc32)C(O)C1O,sweet
CCCCOP(=O)(O)OP(=O)(O)OP(=O)(O)OCC1OC(n2cnc3c(N)ncnc32)C(O)C1O,sweet
CCCOP(=O)(O)OP(=O)(O)OP(=O)(O)OCC1OC(n2cnc3c(N)ncnc32)C(O)C1O,sweet
Nc1nc(N)c2ncn(C3OC(CO)C(OP(N)O)C3O)c2n1,sweet
Nc1ncnc2c1ncn2C1CC(OP(N)O)C(CO)O1,sweet
CCCCc1nc(N)c2ncn(C3OC(COP(O)(O)=S)C(O)C3O)c2n1,sweet
CCc1nc(N)c2ncn(C3OC(COP(O)(O)=S)C(O)C3O)c2n1,sweet
CCCCCc1nc(N)c2ncn(C3OC(COP(O)(O)=S)C(O)C3O)c2n1,sweet
CCCc1nc(N)c2ncn(C3OC(COP(O)(O)=S)C(O)C3O)c2n1,sweet
Cc1nc(N)c2ncn(C3OC(COP(O)(O)=S)C(O)C3O)c2n1,sweet
CCCCc1nc(N)c2ncn(C3OC(COP(=O)(O)O)C(O)C3O)c2n1,sweet
Nc1nc(I)nc2c1ncn2C1OC(COP(=O)(O)O)C(O)C1O,sweet
CCCOc1nc(N)c2ncn(C3OC(COP(=O)(O)O)C(O)C3O)c2n1,sweet
CCCNc1nc(N)c2ncn(C3OC(COP(=O)(O)O)C(O)C3O)c2n1,sweet
Nc1nc(Cl)nc2c1ncn2C1CC(O)C(COP(=O)(O)OP(=O)(O)O)O1,sweet
OCC1OC(O)C(O)(OO)C(O)C1O,sweet
OCOC1OC(CO)C(O)C(O)C1O,sweet
OCC(O)COC(C1CO1)C1(OC2OC(CO)C(O)C(O)C2O)OC(CO)C(O)C1O,sweet
O=S1(=O)N=C([O-])c2ccccc21.O=S1(=O)N=C([O-])c2ccccc21.O=S1(=O)N=C([O-])c2ccccc21.[N-]=[N+]=[N-],sweet
CC(O)C(O)C(O)C(O)C1OC(Oc2c(-c3ccc(O)c(O)c3)oc3cc(O)cc(O)c3c2=O)C(O)C(O)C1O,sweet
O=CC(O)(O)C(O)C(O)C(O)C(O)O,sweet
CC1OC(C(C)OC2OCC(O)C(O)C2O)C(O)C(O)C1O,sweet
COC1CC(OC)C(OC2CC(OC)C(O)C(C)O2)C(C)O1,sweet
CCCCOC1C(COC)OC(OCC(O)C(O)CO)C(OCC)C1OCCC,sweet
Nc1ncnc2c1ncn2C1OC(COP(O)O)C(O)C1O,sweet
Nc1ncnc2c1ncn2C1OC(COP(=O)(O)OP(=O)(O)OS(=O)(=O)O)C(O)C1O,sweet
COC1OC(COCC(C)OCC(C)O)C(OC)C(O)C1OCC(C)O,sweet
CC(=O)C(CC(=O)O)NC(=O)C(Cc1ccccc1)NCC(=O)O,sweet
O=S(=O)(OC1OC(CO)C(O)C(O)C1O)OC1OC(CO)C(O)C(O)C1O,sweet
NCC(=O)NCC(=O)NCC(=O)NCC(=O)NC(CC(N)=O)C(=O)NCC(=O)NC(CC(=O)O)C(=O)NC(Cc1ccccc1)C(=O)O,sweet
CCOC(=O)C1NC1C(=O)NC(Cc1ccccc1)C(=O)NCCC(C)C,sweet
CCOC(=O)C1NC1C(=O)NC(Cc1ccccc1)C(=O)NCCCOC(C)C,sweet
CCCCOCCCNC(=O)C(Cc1ccccc1)NC(=O)C1NC1C(=O)O,sweet
CC(C)CNC(=O)C(Cc1ccccc1)NC(=O)C1NC1C(=O)O,sweet
CC(C)CCNC(=O)C(Cc1ccccc1)NC(=O)C1NC1C(=O)O,sweet
C=CCNC(=O)C(Cc1ccccc1)NC(=O)C1NC1C(=O)OCC,sweet
CCOC(=O)C1NC1C(=O)NC(Cc1ccccc1)C(=O)NCCCOC,sweet
O=C(O)C(Cc1ccccc1)NC(=O)C(Cc1ccccc1)NC(=O)C1NC1C(=O)O,sweet
CCCCCCNC(=O)C(Cc1ccccc1)NC(=O)C1NC1C(=O)O,sweet
CCOC(=O)C1NC1C(=O)NC(Cc1ccccc1)C(=O)NCC(C)C,sweet
CCOC(=O)C1C(C(=O)NC(Cc2ccccc2)C(=O)NCCC(C)C)N1C,sweet
CCOC(=O)C1NC1C(=O)NC(Cc1ccccc1)C(=O)O,sweet
CCCCCCNC(=O)C(Cc1ccccc1)NC(=O)C1NC1C(=O)OCC,sweet
CC(C)(C)OC(=O)C(Cc1ccccc1)NC(=O)C(NC(=O)CN)C(C(=O)O)C(=O)OC(C)(C)C,sweet
CC1OC(COC2OC(C)C(O)C(O)C2O)C(O)C(O)C1O,sweet
OCC1CC(O)C(O)C(OC2C(CO)OCC(O)C2O)O1,sweet
O=C(O)C(O)C(O)C(O)C(O)CO.[Ac].[Ac].[Ac].[Ac].[Ac],sweet
CC1OC(CO)C(OC2OC(CO)C(O)C(O)C2O)C(O)C1O.[Y].[Y].[Y].[Y].[Y].[Y].[Y],sweet
Nc1ncnc2c1ncn2C1OC(CCOP(=O)(O)O)C(O)C1O,sweet
OCC1OC(OC2C(CO)OC(OC3C(CO)OC(O)C(O)C3O)C(O)C2O)C(O)C(O)C1O.[Ac].[Ac].[Ac].[Ac].[Ac].[Ac].[Ac].[Ac].[Ac].[Ac].[Ac],sweet
COCC1CC(OC)C(OC)C(O)O1,sweet
OCC(O)CO.OCC1OC(OC2(CO)OC(CO)C(O)C2O)C(O)C(O)C1O,sweet
CCCCCCOc1ccc(NC(=O)NC#N)cc1,sweet
[O-]C1OC(C(O)CO)C(O)C1O,sweet
OCC1OC(O)C(O)C(O)C1O.[O-]C1OC(CO)C(O)C(O)C1O,sweet
CC1([O-])COCCO1.OCC(O)C1OCC(O)C1O,sweet
O=C([O-])OC1C(O)C(CO)OC1(CO)OC1OC(CO)C(O)C(O)C1O,sweet
O=C(O)OC1C(O)C(CO)OC1(CO)OC1OC(CO)C(O)C(O)C1O,sweet
CCSC(C)CCO,undefined
CCCC(=O)O.O=CC(O)C(O)C(O)C(O)CO,sweet
O=C(CO)C(O)C(O)C(O)CO.[Ba+2].[Ti+2],sweet
CC(C)O.O=C1NS(=O)(=O)c2ccccc21,sweet
O=CCC(O)C(O)C(O)CO.O=CCC(O)C(O)C(O)CO,sweet
C[Si](C)OC1C([O-])OC(CO)C(O)C1O,sweet
C[Si](C)OC1C(O)OC(CO)C(O)C1O,sweet
O=S1(=O)N=C([O-])c2ccccc21.O=S1(=O)N=C([O-])c2ccccc21.O=S1(=O)N=C([O-])c2ccccc21.[Fe+3],sweet
CC(=O)OC1C(OC2C(CO)OC(O)C(O)C2O)OC(CO)C(O)C1O,sweet
OCCOOC1OC(CO)C(O)C(O)C1O,sweet
COC(=O)C(Cc1ccccc1)NC(=O)C(N)CC(=O)O.NC(Cc1ccccc1)C(=O)O,sweet
O=CC(O)C(O)C(O)C(O)CO.[Fe+2],sweet
Nc1nc(N)c2ncn(C3OC(COP(=O)(O)OP(=O)(O)OP(=O)(O)O)C(O)C3O)c2n1,sweet
O=CC(OF)C(O)C(O)C(O)C(O)CO,sweet
CCOC(=O)OC1OC(CO)C(O)C(O)C1O,sweet
O=C1NS(=O)(=O)c2cc(S)ccc21,sweet
COC(=O)C(Cc1ccccc1)N(Cc1ccccc1)C(=O)C(CC(=O)O)NC=O,sweet
CCCCCCCCOC1C(O)C([O-])OC(CO)C1O,sweet
C=CC(=O)NN1C(=O)c2ccccc2S1(=O)=O,sweet
CC(O)CO.[O-]C1OC(CO)C(O)C(O)C1O,sweet
O=C(CO)C(O)C(O)C(O)CO.[B-],sweet
[O-]C1OC(CO)C(O)C(O)C1O.[O-]C1OC(CO)C(O)C(O)C1O,sweet
COC(=O)C(Cc1ccccc1)(N(C(=O)C(N)CC(=O)O)C1CC1)C(C)(C)C,sweet
COC(=O)C(Cc1ccccc1)N(C(=O)C(N)CC(=O)O)C1CC1,sweet
CCCCCCOCC(O)COC1C([O-])OC(CO)C(O)C1O,sweet
CCCCCCOCC(O)COC1C(O)OC(CO)C(O)C1O,sweet
CCCCc1cccc2c1S(=O)(=O)NC2=O,sweet
CCOC(=O)C1NC1C(=O)N(CCCOC)C(=O)C(N)Cc1ccccc1,sweet
CCOC(=O)C1NC1C(=O)NC(C=O)Cc1ccccc1,sweet
CCOC(=O)C1NC1C(=O)NC(Cc1ccccc1)C(=O)NC1CCCCC1,sweet
O=[P+](c1cccc2c1S(=O)(=O)N=C2[O-])c1cccc2c1S(=O)(=O)N=C2[O-],sweet
O=C1NS(=O)(=O)c2c1cccc2[P+](=O)c1cccc2c1S(=O)(=O)NC2=O,sweet
CCN(CC(=O)N(C(=O)C(N)CC(=O)O)C(Cc1ccccc1)C(=O)O)C(=O)CCCC1CCNCC1,sweet
OCC1OC(O)C(O)C(O)C1(F)F,sweet
CCCCCC(OCCF)OC1OC(CO)C(O)C(O)C1O,sweet
COC1CC2OC(C)(C)OC2C(CO)O1,sweet
COC(=O)C1OC(OC2CCC3(C)C(CCC4(C)C3CC=C3C5CC(C)(C)CCC5(C(=O)OC5OC(COC(C)=O)C(OC(C)=O)C(OC(C)=O)C5OC(C)=O)CCC34C)C2(C)C)C(OC2OCC(OC(C)=O)C(OC(C)=O)C2OC(C)=O)C(OC(C)=O)C1OC1OCC(OC(C)=O)C(OC(C)=O)C1O,sweet
Nc1ncnc2c1ncn2C1CC(OP(=O)([O-])OCC(O)CO)C(CO)O1,sweet
COC1OC(CCC2OC(OC)C(O)C(O)C2O)C(O)C(O)C1O,sweet
CCCCC1OC(OC)CC(O)C1O,sweet
COC1C(CO)OC(OC2C(CO)OC(F)C(O)C2O)C(O)C1O,sweet
OC(COCC(O)C1OC(O)C(O)C1O)C1OC(O)C(O)C1O,sweet
CC(=O)OC1C(OC2CCC3(C)C(CCC4(C)C3CC=C3C5CC(C)(C)CCC5(C(=O)OC5OC(CO)C(O)C(O)C5O)CCC34C)C2(C)C)OC(C(=O)O)C(OC2OCC(O)C(O)C2O)C1OC(C)=O,sweet
CC(=O)OC1C(OC2CCC3(C)C(CCC4(C)C3CCC3C5=CC(C)(C)CCC5(C(=O)OC5OC(CO)C(O)C(O)C5O)CCC34C)C2(C)C)OC(C(=O)O)C(OC2OCC(O)C(O)C2O)C1O,sweet
CC(=O)OCC(O)COC1OC(CO)C(O)C(O)C1O,sweet
Nc1ncnc2c1ncn2C1OC(COP(=O)([O-])CP(=O)([O-])O)C(O)C1O,sweet
CCOP(=O)([O-])c1nc2c(N)ncnc2n1C1OC(CO)C(O)C1O,sweet
Nc1ncnc2c1nc(P(=O)([O-])[O-])n2C1OC(CO)C(O)C1O,sweet
COC1OC2COC(C2O)C1OC,sweet
COC1OC2COC(C1O)C2OC,sweet
CCCCOC1OC(C(COC)OC)C(OC)C1O,sweet
CC(C)(C)OC1C(CO)OC(O)C(O)C1O,sweet
CC(=O)NC(Cc1ccccc1)C(=O)NC(CC(=O)O)C(=O)NC(CC(C)C)C(N)=O,sweet
CC(=O)NC(CC(=O)O)C(=O)NC(Cc1ccccc1)C(=O)NC(CC(C)C)C(N)=O,sweet
CCC(C)C(NC(=O)C(CC(=O)O)NC(C)=O)C(=O)NC(Cc1ccccc1)C(N)=O,sweet
Nc1ncnc2c1ncn2C1OC(COP(=O)([O-])N=P([O-])([O-])O)C(O)C1O,sweet
CNc1ncnc2c1ncn2C1OC(COP(=O)([O-])OP(=O)([O-])OP(=O)([O-])[O-])C(O)C1O,sweet
CNc1ncnc2c1ncn2C1OC(COP(=O)(O)OP(=O)(O)OP(=O)(O)O)C(O)C1O,sweet
Nc1ncnc2c1nc(Br)n2C1OC(COP(=O)([O-])OP(=O)([O-])OP(=O)([O-])[O-])C(O)C1O,sweet
CNC(Cc1ccccc1)C(=O)NC(CCCCNC(C)=O)C(=O)O,sweet
NOCC(O)C(O)C(O)C(C=O)ON,sweet
CC(O)C(O)C(O)C(O)C=O.O=CC(O)C(O)C(O)CO,sweet
COC(=O)C1OC(OC2C(OC3CCC4(C)C(CCC5(C)C4C(=O)C=C4C6CC7(C)CC(OC7=O)C6(C)CCC45C)C3(C)CO)OC(C(=O)O)C(O)C2O)C(O)C(O)C1O,sweet
OCC1OC(O)(COCC2OC(OC3(CO)OC(CO)C(O)C3O)C(O)C(O)C2O)C(O)C1O,sweet
O=c1c2ccccc2sn1Cl,sweet
O=S(=O)([O-])NC1CCCCC1.[Ag+],sweet
O=C(CO)C(O)C(O)C(O)CO.[Ni+2],sweet
C=CCc1cccc2c1S(=O)(=O)N=C2[O-],sweet
C=CCc1cccc2c1S(=O)(=O)NC2=O,sweet
COC(=O)CC(C)C(=O)NC(Cc1ccccc1)C(=O)O,sweet
CC(CC(=O)O)C(=O)NC(Cc1ccccc1)C(=O)O,sweet
CC(C)C1CCC(C)(S)CC1=O,undefined
CC(C)=O.O=C(CO)C(O)C(O)C(O)CO,sweet
O=CC(O)C(O)C(O)C(O)CO.ON(F)F,sweet
COC1OC(O)(CO)C(O)C(O)C1OC,sweet
O=C([O-])OC1OC(CO)C(OC2OC(CO)C(O)C(O)C2O)C(O)C1O,sweet
O=C(O)OC1OC(CO)C(OC2OC(CO)C(O)C(O)C2O)C(O)C1O,sweet
OCC(O)C(O)C(O)C(CO)OC1(CO)OC(CO)C(O)C1O,sweet
O=CC(O)C(O)C(OS(=O)(=O)[O-])C(O)CO,sweet
COC(=O)CC(NC(=O)C(N)Cc1ccccc1)C(=O)OC,sweet
O=CCC(O)C(O)C(O)C=O,sweet
O=S(=O)([O-])OC1OC(CO)C(O)C(O)C1O,sweet
OCCC(O)CO.OCCCC(O)CO,sweet
COC1OC(CO)C(O)C(O)C1O.[V].[V].[V].[V],sweet
OCC1CCCC(OC2(COC3(CO)CCC(CO)O3)CCC(CO)O2)O1,sweet
Nc1ncnc2c1ncn2C1OC(COP(=O)([O-])CP(=O)([O-])[O-])C(O)C1O,sweet
Nc1ncnc2c1ncn2C1OC(COP(=O)([O-])OP(=O)([O-])CP(=O)([O-])[O-])C(O)C1O,sweet
Nc1ncnc2c1ncn2C1OC(COP(=O)([O-])CP(=O)([O-])OP(=O)([O-])[O-])C(O)C1O,sweet
Nc1ncnc2c1ncn2C1CC(O)C(COP(=O)([O-])OP(=O)([O-])CP(=O)([O-])[O-])O1,sweet
Nc1ncnc2c1ncn2C1CC(O)C(COP(=O)(O)OP(=O)(O)CP(=O)(O)O)O1,sweet
Nc1ncnc2c1ncn2C1OC(COP(=O)([O-])CP(=O)([O-])OP(=O)([O-])O)C(O)C1O,sweet
Nc1ncnc2c1ncn2C1CC(O)C(COP(=O)([O-])O)O1,sweet
Nc1ncnc2c1ncn2C1CC(O)C(COP(=O)([O-])OP(=O)([O-])CP(=O)([O-])O)O1,sweet
Nc1ncnc2c1ncn2C1OC(COP(=O)([O-])OP(=O)([O-])CP(=O)([O-])O)C(O)C1O,sweet
Nc1ncnc2c1ncn2C1CC(O)C(COP(=O)([O-])CP(=O)([O-])OP(=O)([O-])[O-])O1,sweet
COC1C(O)C(COP(=O)([O-])O)OC1n1cnc2c(N)ncnc21,sweet
COC1C(COP(=O)([O-])O)OC(n2cnc3c(N)ncnc32)C1O,sweet
COC1C(COP(=O)(O)O)OC(n2cnc3c(N)ncnc32)C1O,sweet
Nc1c2ncn(C3OC(COP(=O)(O)O)C(O)C3O)c2nc[n+]1O,sweet
O=C1OC(C(O)CO)C([O-])=C1O,undefined
OCC(O)C(O)C(O)C(O)COC1C(CO)OC(O)C(O)C1O,sweet
O=CC(OOC(C=O)C(O)C(O)C(O)CO)C(O)C(O)C(O)CO,sweet
CCCCOCC(O)COC1C([O-])OC(CO)C(O)C1O,sweet
CCCCOCC(O)COC1C(O)OC(CO)C(O)C1O,sweet
O=CC(OS(=O)(=O)[O-])C(OS(=O)(=O)[O-])C(O)C(O)CO,sweet
O=CC(OS(=O)(=O)[O-])C(OS(=O)(=O)[O-])C(OS(=O)(=O)[O-])C(O)CO,sweet
CC(C)CC(NC=O)C(=O)NC(Cc1ccccc1)C(=O)O,sweet
OCC1OC(O)C(O)C(O)C1O.[CH3][Al+][CH3],sweet
O=C1c2ccccc2S[N+]1=O,sweet
CC(C)OCC1OC(OCC2OC(OC(C)C)C(O)C(O)C2O)C(O)C(O)C1O,sweet
COC(=O)C(Cc1ccccc1)NC(=O)C(CC(=O)O)N=CCC(C)(C)C,sweet
CCCCOCCOC1OC(CO)C(O)C(O)C1O,sweet
CCC(O)COC1OC(CO)C(O)C(O)C1O,sweet
CCOc1ccc(NC(=O)NC)cc1,sweet
OCC1OC(O)C(O)C(O)C1O.[Y],sweet
Nc1ncnc2c1ncn2C1OC(COP(=O)([O-])OP(=O)([O-])O)C(O)C1O.[Y],sweet
Nc1ncnc2c1ncn2C1OC(COP(=O)([O-])O)C(O)C1O.[Y],sweet
Nc1ncnc2c1ncn2C1OC(CO)C(O)C1O.[Y],sweet
CCOC1OC(C)C(O)C(OC)C1OC,sweet
OCC1OC(OC2C(O)COC2C(O)C(O)O)C(O)C(O)C1O,sweet
CC(=O)C(O)C(O)C(O)CO.[Ac].[Ac].[Ac],sweet
CCC1OC(CCC2OC(OC)C(O)C(O)C2O)C(O)C(O)C1O,sweet
Nc1ncnc2c1ncn2C1OC(CO)CC1O,sweet
Nc1ncnc2c1ncn2C1OC(COSOP(=O)(O)O)C(O)C1O,sweet
Nc1ncnc2c1ncn2C1OC(CO)C(O)C1O.O=P(O)(O)OP(=O)(O)O,sweet
OCC(O)C(O)C(O)C(COBr)OBr,sweet
OC(COBr)C(O)C(O)C(O)COBr,sweet
O=C1NS(=O)(=O)c2ccccc21.[Cu+],sweet
Nc1ncnc2c1nc(N)n2C1OC(COP(=O)([O-])[O-])C(O)C1O,sweet
OCC(O)C(O)C(O)C(COCl)OCl,sweet
OCC(O)C(O)C(O)C(O)COBr,sweet
CC(C)CC(=O)OC1CC2CCC1(C)C2(C)C,undefined
Nc1ncnc2c1ncn2C1CCC(CO)O1,sweet
CCOC(=O)C1OC(OC2CCC3(C)C(CCC4(C)C3CC=C3C5CC(C)(C)CCC5(C(=O)O)C(O)CC34C)C2(C)C)C(O)C(O)C1O,sweet
CCCCOC(=O)C1OC(OC2CCC3(C)C(CCC4(C)C3CC=C3C5CC(C)(C)CCC5(C(=O)O)C(O)CC34C)C2(C)C)C(O)C(O)C1O,sweet
CCCCOC(=O)C1OC(OC2CCC3(C)C(CCC4(C)C3CC=C3C5CC(C)(C)CCC5(C(=O)OC5OCC(O)C(O)C5OC5OC(C)C(OC6OCC(O)C(O)C6O)C(O)C5O)C(O)CC34C)C2(C)C)C(O)C(O)C1O,sweet
Nc1ncnc2c1ncn2C1OC(CO)C(OCP(=O)([O-])[O-])C1O,sweet
CC1OC(Oc2ccc(-c3oc4cc(O)cc(O)c4c(=O)c3OC3OC(CO)C(O)C(O)C3O)cc2O)C(O)C(O)C1O,sweet
Nc1ncnc2c1ncn2C1OC(COP(=O)([O-])OS(=O)(=O)[O-])C(OP(=O)([O-])O)C1O,sweet
Nc1ncnc2c1ncn2C1OC(COP(=O)([O-])O)C(OP(=O)([O-])O)C1O,sweet
COC(=O)C(Cc1ccccc1)NC(=O)C(N)CC(=O)O.[Ag],sweet
Nc1nc(Br)c2ncn(C3OC(COP(=O)(O)O)C(O)C3O)c2n1,sweet
OCC(O)C1OC(O)CC(O)C1O,sweet
CC(C)=CCc1c(OC2OC(CO)C(O)C(O)C2O)cc2oc(-c3ccc(O)c(O)c3)c(O)c(=O)c2c1O,sweet
O=C(O)CC(O)(CC(=O)O)C(=O)[O-],undefined
CC(=O)O.CC(=O)[O-],undefined
O=CC(O)C(O)C(O)C(O)CO.O=S([O-])O,sweet
[O-][I+2]([O-])[O-],undefined
CC(O)C(=O)[O-],undefined
COC1OC(CO)C(OC2OC(COS(=O)(=O)[O-])C(O)C(O)C2O)C(O)C1O,sweet
COC1OC(C)C(O)C(OS(=O)(=O)[O-])C1OC1OC(C)C(O)C(O)C1O,sweet
COc1cc(C=CC(=O)[O-])ccc1O,sweet
CC[Se]c1nc2c(N)ncnc2n1C1OC2COP(=O)([O-])OC2C1O,sweet
Nc1nc(C(F)(F)F)nc2c1ncn2C1OC2COP(=O)([O-])OC2C1O,sweet
Nc1nc(Cl)nc2c1ncn2C1OC2COP(=O)([O-])OC2C1O,sweet
Nc1ncnc2c1nc(N)n2C1OC2COP(=O)([O-])OC2C1O,sweet
CCC1(c2ccccc2)C(=O)N=C([O-])NC1=O,bitter
COC(=O)C(Cc1ccccc1)NC(=O)C(N)CC(=O)[O-],sweet
Nc1ncnc2c1ncn2C1OC(COP(=O)(O)OP(=O)(O)OP(=O)([O-])O)C(O)C1O,sweet
CC=CC=CC(=O)[O-],undefined
NCCCCCNc1ncnc2c1ncn2C1OC2COP(=O)([O-])OC2C1O,sweet
Nc1ncnc2c1ncn2C1CC(O)C(COP(=O)(O)OP(=O)(O)OP(=O)([O-])O)O1,sweet
COC1OC(CO)C(OC2OC(CO)C(O)C(O)C2O)C(O)C1OCCOS(=O)(=O)[O-],sweet
COC1OC(COS(=O)(=O)[O-])C(OC2OC(CO)C(O)C(O)C2O)C(O)C1O,sweet
CC1=CC([O-])=NS(=O)(=O)O1,bitter
Nc1ncnc2c1nc(Cl)n2C1OC2COP(=O)([O-])OC2C1O,sweet
O=C1C(O)=C(O)OC1C(O)C[O-],undefined
COC1OC(CO)C(O)C(OC2OC(COS(=O)(=O)[O-])C(O)C(O)C2O)C1O,sweet
O=CC(O)C(O)C(O)C(O)C(=O)[O-].[Ti+2],sweet
COC1OC(C)C(OS(=O)(=O)[O-])C(O)C1OC1OC(C)C(O)C(O)C1O,sweet
CP(=O)([O-])OCC1OC(n2cnc3c(N)ncnc32)C(O)C1O,sweet
CCCCP(=O)([O-])OCC1OC(n2cnc3c(N)ncnc32)C(O)C1O,sweet
O=C1NS(=O)(=O)c2ccccc21.[F-],sweet
Nc1ncnc2c1ncn2C1OC(CO)C(OP(=O)([O-])O)C1O,sweet
Nc1ncnc2c1ncn2C1OC(COP(=O)(O)CP(=O)(O)OP(=O)([O-])O)C(O)C1O,sweet
O=C1c2ccccc2S(=O)[NH+]1[O-],sweet
CCOC(C)OC(C)C(=O)[O-],undefined
Nc1ncnc2c1ncn2C1CC(OP(=O)([O-])O)C(CO)O1,sweet
O=C(C=Cc1ccc(O)c(O)c1)c1c(O)cc(OC2OC(CO)C(O)C(O)C2O)cc1O,sweet
CC1CCC2(C(=O)O)CCC3(C)C4=CCC5C(C)(C)C(OC6OC(C(=O)O)C(O)C(O)C6O)CCC5(C)C4CCC3(C)C2C1C,sweet
COc1c(OC2OC(CO)C(O)C(O)C2O)cc(O)c2c1OC(c1ccccc1)CC2=O,sweet
CC1(C)CCC2(C(=O)OC3OC(CO)C(O)C(O)C3O)C(O)CC3(C)C(=CCC4C5(C)CCC(OC6OC(C(=O)O)C(OC7OCC(O)C(O)C7O)C(O)C6O)C(C)(C)C5CCC43C)C2C1,sweet
COc1ccc(-c2cc(=O)c3c(O)c(OC)c(OC4OC(CO)C(O)C(O)C4OC4OC(C)C(O)C(O)C4O)cc3o2)cc1,sweet
O=C1c2c(O)cc(O)cc2OC(c2cc(O)c(OC3OC(CO)C(O)C(O)C3O)c(O)c2)C1O,sweet
CC1(C)CCC2(C(=O)OC3OC(CO)C(O)C(O)C3O)CCC3(C)C(=CCC4C5(C)CC(O)C(OC6OC(C(=O)O)C(O)C(O)C6O)C(C)(C)C5CCC43C)C2C1,sweet
CC1(C)CCC2(C(=O)OC3OC(CO)C(O)C(O)C3O)CCC3(C)C(=CCC4C5(C)CCC(OC6OC(C(=O)O)C(OC7OC(CO)C(O)C(O)C7O)C(O)C6OC6OC(CO)C(O)C(O)C6O)C(C)(C)C5CCC43C)C2C1,sweet
CC1OC(OC2C(CO)OC(Oc3cc(O)c4c(=O)c(-c5ccc(O)c(O)c5)coc4c3)C(O)C2O)C(O)C(O)C1O,sweet
CC1OC(OC2C(O)C(OC3CCC4(C)C(CCC5(C)C4CC=C4C6CC(C)(C)CCC6(C(=O)OC6OC(CO)C(O)C(O)C6O)CCC45C)C3(C)C)OC(C(=O)O)C2O)C(OC2OC(CO)C(O)C(O)C2O)C(O)C1O,sweet
CC1(C)CCC2(C(=O)O)CCC3(C)C(=CCC4C5(C)CCC(OC6OC(C(=O)O)C(OC7OC(CO)C(O)C(O)C7O)C(O)C6OC6OC(CO)C(O)C(O)C6O)C(C)(C)C5CCC43C)C2C1,sweet
CC1OC(OC2C(C(=O)O)OC(OC3CCC4(C)C(CCC5(C)C4CC=C4C6CC(C)(C)CCC6(C(=O)OC6OC(CO)C(O)C(O)C6O)CCC45C)C3(C)C)C(O)C2O)C(OC2OCC(O)C(O)C2O)C(O)C1O,sweet
COC(Oc1ccc(C(=O)Cc2ccc3c(c2)OCCO3)c(O)c1)C(O)C(O)C(C)O,sweet
CC1OC(OC2C(OC3C(OC4CCC5(C)C(CCC6(C)C5C(=O)C=C5C7CC(C)(C)CC(O)C7(C)CCC56C)C4(C)C)OC(C(=O)O)C(O)C3O)OCC(O)C2O)C(O)C(O)C1O,sweet
CC1(C)CCC2(C(=O)O)C(O)CC3(C)C(=CCC4C5(C)CCC(OC6OC(C(=O)O)C(OC7OCC(O)C(O)C7O)C(O)C6O)C(C)(C)C5CCC43C)C2C1,sweet
CC1(C)CCC2(C(=O)OC3OC(CO)C(O)C(O)C3O)CCC3(C)C(=CCC4C5(C)CCC(OC6OC(C(=O)O)C(O)C(O)C6O)C(C)(C(=O)O)C5CCC43C)C2C1,sweet
COc1cc2c(=O)c(-c3ccc(O)cc3)coc2cc1OC1OC(C)C(O)C(O)C1O,sweet
COc1cc(O)c2c(=O)cc(-c3cccc(OC4OC(CO)C(O)C(O)C4O)c3O)oc2c1,sweet
CC1OC(OCC2OC(c3c(O)cc4oc(-c5ccc(O)c(O)c5)cc(=O)c4c3O)C(O)C(O)C2O)C(O)C(O)C1O,sweet
CC1OC(OC2CCC3(C)C(CCC4(C)C3CC=C3C5CC(C)(C)CC(O)C5(C)CCC34C)C2(C)CO)C(OC2OC(C(=O)O)C(O)C(O)C2OC2OCC(O)C(O)C2O)C(O)C1O,sweet
CC1OC(OC2CC3C(=O)CC4(C)C(=CCC5C6(C)CCC(OC7OCC(O)C(O)C7O)C(C)(C=O)C6CCC54C)C3CC2(C)C)C(O)C(O)C1OC1OC(C(=O)O)C(O)C(O)C1O,sweet
CC1(C)CCC2(C(=O)O)CCC3(C)C(=CCC4C5(C)CCC(OC6OC(C(=O)O)C(OC7OC(CO)C(O)C(O)C7O)C(O)C6O)C(C)(C)C5CCC43C)C2C1,sweet
CC1(C)CCC2(C(=O)O)CCC3(C)C(=CCC4C5(C)CCC(OC6OC(C(=O)O)C(OC7OCC(O)C(O)C7O)C(O)C6O)C(C)(C)C5CCC43C)C2C1O,sweet
CC1OC(OC2C(O)C(OC3CCC4(C)C(CCC5(C)C4CC=C4C6CC(C)(C)CCC6(C(=O)OC6OC(CO)C(O)C(O)C6O)CCC45C)C3(C)C)OC(C(=O)O)C2OC2OCC(O)C(O)C2O)C(O)C(O)C1O,sweet
CC1(C)CCC2(C(=O)OC3OC(CO)C(OC4OC(CO)C(O)C(O)C4O)C(O)C3O)CCC3(C)C(=CCC4C5(C)CCC(OC6OC(C(=O)O)C(O)C(O)C6O)C(CO)(CO)C5CCC43C)C2C1,sweet
CC1(C)CCC2(C(=O)OC3OC(CO)C(O)C(O)C3O)CCC3(C)C(=CCC4C5(C)CC(O)C(OC6OC(C(=O)O)C(O)C(O)C6O)C(C)(C(=O)O)C5CCC43C)C2C1,sweet
COc1cc(-c2oc3cc(O)cc(O)c3c(=O)c2OC2OC(C)C(OC3OC(CO)C(O)C(O)C3O)C(O)C2O)ccc1O,sweet
CC1OC(OC2C(CO)OC(OC(=O)C34CCC(C)(C)CC3C3=CCC5C6(C)CCC(OC7OC(C(=O)O)C(O)C(O)C7O)C(C)(C)C6CCC5(C)C3(C)CC4)C(O)C2O)C(O)C(O)C1O,sweet
CC1OC(OC2C(O)C(C(=O)O)OC(OC3CCC4(C)C(CCC5(C)C4CC=C4C6CC(C)(C)CCC6(C(=O)OC6OC(CO)C(O)C(O)C6O)CCC45C)C3(C)C)C2OC2OCC(O)C(O)C2O)C(O)C(O)C1O,sweet
CC1(C)CCC2(C(=O)OC3OC(CO)C(O)C(O)C3O)CCC3(C)C(=CCC4C5(C)CCC(OC6OC(C(=O)O)C(O)C(O)C6O)C(CO)(CO)C5CCC43C)C2C1,sweet
COc1c(O)cc2oc(-c3ccc(OC4OC(CO)C(O)C(O)C4O)cc3)cc(=O)c2c1O,sweet
CC1OC(Oc2ccc(C3Oc4cc(O)cc(O)c4C(=O)C3O)cc2O)C(O)C(O)C1O,sweet
COC(=O)C(Cc1ccccc1)NC(=O)CC(=O)O,sweet
O=c1cc(-c2ccc(O)cc2)oc2c(O)c(O)cc(OC3OC(CO)C(O)C(O)C3O)c12,sweet
O=C1NS(=O)(=O)c2ccccc21.[Cu],sweet
Nc1ncnc2c1ncn2C1OC(COP(=O)(O)O)C(O)C1O.[Zn],sweet
CCC=C(C)C1(CC)C(=O)NC(=O)NC1=O,bitter
NC1CCCCC1.O=S(=O)([O-])NC1CCCCC1.[Hg+2],sweet
Cc1ccnc(NS(=O)(=O)c2ccc(N)cc2)n1,bitter
CN1C(=O)NC(=O)C(C)(C2=CCCCC2)C1=O,bitter
OCC1OC(OC2OC(CO)C(O)C(O)C2O)C(O)C(O)C1O.[Sr],sweet
COc1ccc(-c2oc3cc(O)cc(O)c3c(=O)c2OC2OC(CO)C(O)C(O)C2OC2OC(C)C(O)C(O)C2O)cc1O,sweet
COc1c(OC2OC(C)C(O)C(O)C2O)c(OC)c2oc(-c3ccc(O)cc3)cc(=O)c2c1O,sweet
CC(C)=CC(=O)OC1C(CO)OC(Oc2cc(O)c3c(=O)cc(-c4ccc(O)c(O)c4)oc3c2)C(OC2OC(C)C(O)C(O)C2O)C1O,sweet
O=c1cc(-c2cc(O)c(O)c(OC3OC(CO)C(O)C(O)C3O)c2)oc2cc(O)cc(O)c12,sweet
COc1cc(-c2oc3cc(O)cc(O)c3c(=O)c2OC2OC(CO)C(O)C(O)C2O)cc(OC2OC(CO)C(O)C(O)C2O)c1O,sweet
C=C1CC23CCC4C(C)(C(=O)OC5OC(CO)C(O)C(O)C5O)CCCC4(C)C2CCC1(OC1OC(CO)C(O)C(OC2OC(CO)C(O)C(O)C2OC2OC(CO)C(O)C(O)C2O)C1O)C3,sweet
O=c1c(-c2ccc(O)c(OC3OC(CO)C(O)C(O)C3O)c2)coc2cc(OC3OC(CO)C(O)C(O)C3O)cc(O)c12,sweet
CCOC1OC(CO)C(OC2OC(CO)C(O)C(O)C2O)C(O)C1F,sweet
OCCOCCOCCOCCOC1OC(CO)C(O)C(O)C1O,sweet
CCCCCCCCCCCCCCOC1C(O)C(CO)OC(OC2C(O)COC2C(O)CO)C1O,sweet
CCCCCCCCCCCCCCOCC(O)C1OCC(O)C1OC1OC(CO)C(O)C(OCCCCCCCCCCCCCC)C1O,sweet
CC(O)CC1OC(CO)C(OC2OC(CO)C(O)C(O)C2O)C(O)C1O,sweet
OCC1OC(O)C2OC2(O)C1O,sweet
COc1c(OC2OC(CO)C(O)C(O)C2O)cc2oc(-c3ccccc3)cc(=O)c2c1O,sweet
CC1OC(Oc2ccc3c(=O)c(O)c(-c4ccc(O)c(O)c4)oc3c2)C(O)C(O)C1O,sweet
COC(=O)C(Cc1ccccc1)N(C)C(=O)C(CC(C)C)NC(=O)C(N)C(C)C,sweet
COC(=O)C(Cc1ccccc1)NC(=O)C(NC(=O)C(N)CC(C)C)C(C)C,sweet
COC(=O)C(Cc1ccccc1)NC(=O)C(CC(C)C)N(C)C(=O)C(N)C(C)C,sweet
COC(=O)C(Cc1ccccc1)NC(=O)C(CO)NC(=O)C(N)C(C)C,sweet
CNC(C(=O)N(C)C(CC(C)C)C(=O)NC(Cc1ccccc1)C(=O)OC)C(C)C,sweet
COC(=O)C(Cc1ccccc1)NC(=O)C(CC(C)C)NC(=O)C(N)CO,sweet
COC(=O)C(Cc1ccccc1)NC(=O)C(NC(=O)C(N)CO)C(C)C,sweet
COC(=O)C(Cc1ccccc1)N(C)C(=O)C(N)CC(C)C,sweet
OCC1OC(OCCC2CCCO2)C(O)C(O)C1O,sweet
CC(C)Oc1cc2oc3cc(OC(C)C)c(OC4OC(CO)C(O)C(O)C4O)c(O)c3c(=O)c2cc1OC(C)C,sweet
CCC(C)Oc1cc2oc3cc(OC(C)CC)c(OC4OC(CO)C(O)C(O)C4O)c(O)c3c(=O)c2cc1OC(C)CC,sweet
CCCCCCCCCCCCOC1OC(CO)C(OC2OC(CO)C(O)C(O)C2O)C(O)C1O,sweet
COC1C(O)C(CO)OC(O)(O)C1O,sweet
CC(=O)C1OC(CC2C(OC3CC(C)(C)C4CCC5(C)C(C(=O)C=C6C7CC(C)(C(=O)O)CCC7(C)CCC65C)C4(C)C3)OC(C(=O)O)C(O)C2O)C(O)C(O)C1O,sweet
CCCCCCCCCCCOCCCCOC1OC(C(O)CO)C(O)C(O)C1O,sweet
CCCCOP(=O)([O-])OC1C(CO)OC(n2cnc3c(N)ncnc32)C1O,sweet
CCN(CC)CC.COc1nc2c(N)ncnc2n1C1CC(O)C(COP(=O)(O)O)O1,sweet
COc1nc2c(N)ncnc2n1C1CC(O)C(COP(=O)(O)O)O1,sweet
Nc1ncnc2c1nc(N)n2C1OC(COP(=O)([O-])N2CCOCC2)C(O)C1O,sweet
Nc1ncnc2c1nc(N)n2C1OC(COP(=O)(O)N2CCOCC2)C(O)C1O,sweet
CCN(CC)CC.Nc1ncnc2c1nc(Br)n2C1OC(COP(=O)(O)O)C(O)C1O,sweet
Nc1ncnc2c1nc(Br)n2C1CC(O)C(COP(=O)([O-])O)O1,sweet
CCN(CC)CC.Nc1ncnc2c1nc(N)n2C1CC(O)C(COP(=O)(O)O)O1,sweet
Nc1ncnc2c1nc(N)n2C1CC(O)C(COP(=O)(O)O)O1,sweet
Cc1occc1SSSSc1ccoc1C,undefined
CCOCC1OC(OC)C(OCC)C(OCC)C1OC1OC(CO)C(OC)C(O)C1O,sweet
C=C1C2CCC(C2)C1(C)CCC=C(C)CO.CC(=CCCC1(C)C2CC3C(C2)C31C)CO,sweet
C=C1C2CCC(C2)C1(C)CCC=C(C)COC(C)=O.CC(=O)OCC(C)=CCCC1(C)C2CC3C(C2)C31C,bitter
COc1ccc(C2CC(=O)c3c(O)cc(OC4OC(COC5OC(C)C(O)C(O)C5O)C(O)C(O)C4OC)cc3O2)cc1OC,sweet
O=COCC1OC(O)C(O)C(O)C1O,sweet
COc1cc(-c2oc3cc(O)cc(O)c3c(=O)c2OOC2OC(CO)C(O)C(O)C2O)ccc1O,sweet
Nc1nc(F)nc2c1ncn2C1OC(COP(=O)([O-])[O-])C(O)C1O,sweet
CCCCC1COC(=O)CO1,undefined
CCO.OCC1OC(O)C(O)C(O)C1O,sweet
OCC1OC(OC2C(O)CC(O)OC2CO)CC(O)C1O,sweet
CC(O)COC1OC(C)C(O)C(O)C1O,sweet
CC1OC(OC2C(c3c(O)cc4oc(-c5ccc(O)c(O)c5)cc(=O)c4c3O)OC(CO)C2O)C(O)C(O)C1O,sweet
COc1cc(-c2cc(=O)c3c(O)cc(O)cc3o2)ccc1OC1OC(C)C(O)C(O)C1O,sweet
COc1ccc(O)c2c(=O)c3c(O)cc(OC4OC(CO)C(O)C(O)C4O)c(OC)c3oc12,sweet
COc1cc(C(=O)c2c(O)cc(OC3OC(CO)C(O)C(O)C3O)c(C3OC(CO)C(O)C(O)C3O)c2O)ccc1O,sweet
C#CCOC1C(O)C(CO)OC(OC)C1O,sweet
COC1OC(CO)C(O)C(OC2OC3COC(C2O)C3OC)C1O,sweet
COc1cc2oc(-c3ccc(O)cc3)cc(=O)c2c(O)c1OC1OC(COC2OC(C)C(O)C(O)C2O)C(O)C(O)C1O,sweet
COc1cc2oc(-c3ccc(O)c(O)c3)cc(=O)c2c(O)c1OC1OC(COC2OC(C)C(O)C(O)C2O)C(O)C(O)C1O,sweet
O=COCC(COC1OC(COC2OC(CO)C(O)C(O)C2O)C(O)C(O)C1O)OC=O,sweet
C=CCOC(=O)C=Cc1ccccc1,undefined
CC(C)C(=O)OCC=Cc1ccccc1,sweet
CC(C)CC(=O)OCC=Cc1ccccc1,sweet
O=C([O-])C1OC(O)C(O)C(O)C1O,undefined
NC(CC(=O)O)C(=O)NC(CC(=O)O)C(=O)NCC(=O)NCC(=O)NC(CO)C(=O)NC(Cc1ccccc1)C(=O)O,sweet
OCC1OCC(O)(O)C(O)C1O,sweet
Nc1ncnc2c1ncn2C1OC(COP(=O)(O)O[Se](=O)(=O)O)C(OP(=O)(O)O)C1O,sweet
CC1(C)CCC2(C(=O)OC3OC(CO)C(O)C(O)C3O)C(O)CC3(C)C(=CCC4C5(C)CCC(OC6OC(C(=O)O)C(O)C(O)C6OC6OC(CO)C(O)C(O)C6O)C(C)(C)C5CCC43C)C2C1,sweet
O=COCC(COC1OC(CO)C(O)C(O)C1O)OC=O,sweet
OCC1OC(OC2C(O)C(CO)OC(OC3(CO)OC(CO)C(O)C3O)C2O)C(O)C(O)C1O,sweet
Nc1ncnc2c1ncn2C1OC(COP(=O)([O-])OP(=O)([O-])OP(=O)([O-])OP(=O)([O-])[O-])C(O)C1O,sweet
O=c1c(-c2ccc(O)cc2)coc2c(O)c(OC3OCC(O)C(O)C3O)ccc12,sweet
C=CC(=C)CCC=C(C)CCC=C(C)C=O,sweet
CC(CCC(C)OC1OC(C)C(O)CC1O)OC1OC(C)C(O)CC1O,sweet
CC(O)CCC(C)OC1OC(C)C(O)CC1O,sweet
CC1OC(OC2C(OC3CCC4(C)C(CCC5(C)C4CC=C4C6CC(C)(C)CCC6(C(=O)OC6OC(CO)C(O)C(O)C6O)CCC45C)C3(C)C)OC(C(=O)O)C(O)C2O)C(O)C(O)C1O,sweet
COc1ccc(C2CC(=O)c3ccc(OC4OC(COC(=O)CC(C)CCCC(CO)CCC=C(C)C)C(O)C(O)C4O)cc3O2)cc1O,sweet
CCC(C)C(CCC(C)CCCC(C)CCCC(C)C)OC1C(CO)OC(Oc2cc(O)c3c(=O)cc(-c4ccc(OC)c(OC)c4)oc3c2)C(O)C1O,sweet
CCCCOC(=O)C=Cc1ccccc1,sweet
O=C(C=Cc1ccc(O)cc1)c1ccccc1,bitter
CC1(C)CCC2(C(=O)OC3OC(CO)C(O)C(O)C3O)C(O)CC3(C)C(=CCC4C5(C)CCC(OC6OC(CO)C(O)C(O)C6OC6OC(C(=O)O)C(O)C(O)C6O)C(C)(C)C5CCC43C)C2C1,sweet
COC1(C)OC2C(O)OC3COC(C)(C)OC3C2OC1(C)OC,sweet
O=c1cc(-c2ccc(OC3OCC(O)C(O)C3O)cc2)oc2cc(O)c(OC3OC(CO)C(O)C(O)C3O)c(O)c12,sweet
OCC1OC(OCC2C(O)OC(O)C(O)C2O)C(O)C(O)C1O,sweet
O=c1cc(-c2ccc(OC3OC(CO)C(O)C(O)C3O)cc2)oc2cc(O)c(OC3OCC(O)C(O)C3O)c(O)c12,sweet
CC1(C)CCC2C(=O)CC3(C)C(=CCC4C5(C)CCC(OC6OC(C(=O)O)C(O)C(O)C6OC6OCC(O)C(O)C6O)C(C)(CO)C5CCC43C)C2C1,sweet
CC1(C)CCC2C(=O)CC3(C)C(=CCC4C5(C)CCC(OC6OC(C(=O)O)C(O)C(O)C6O)C(C)(CO)C5CCC43C)C2C1,sweet
CC(O)CC1OC(O)C(O)C(O)C1O,sweet
COC(OC)C1CC(O)CC(O)O1,sweet
CC(O)CCC1OC(O)C(O)C(O)C1O,sweet
O=CC(O)C(O)C(O)CC(=O)O,sweet
OCC1OC(COCC2(O)OCC(O)C(O)C2O)C(O)C(O)C1O,sweet
OCC1OC(COCC2(O)OC(CO)C(O)C2O)C(O)C(O)C1O,sweet
OCC1OC(OC2C(O)C(O)OC(CO)C2O)C(O)C1O,sweet
OCC1OC(OC2C(CO)OC(O)C(O)C2O)C(O)C1O,sweet
OCC1OC(O)C(O)C(OC2OCC(O)C(OC3OCC(O)C(O)C3O)C2O)C1O,sweet
OCC1OC(OC2C(O)C(CO)OC(OC3COC(O)C(O)C3O)C2O)C(O)C(O)C1O,sweet
CC(C)CC(NC(=O)C(CC(C)C)NC(=O)C(NC(=O)C(C)NC(=O)C(N)CC(=O)O)C(C)C)C(=O)NC(C(=O)NC(Cc1ccccc1)C(=O)NC(C)C(=O)NC(CC(N)=O)C(=O)NC(CCCCN)C(=O)O)C(C)C,sweet
CCCCCCCC(=O)CC(=O)[O-].OCC(O)CO,undefined
CCCCCC(=O)CC(=O)[O-].OCC(O)CO,undefined
CCCCCCCCCCCC(=O)CC(=O)[O-].OCC(O)CO,undefined
CCCCCCCCCC(=O)CC(=O)[O-].OCC(O)CO,undefined
CCOC(=O)C=C(CC(=O)O)C(=O)O,sweet
CC1OC(Oc2c(O)cc(-c3cc(=O)c4c(O)cc(O)cc4o3)cc2O)C(O)C(O)C1O,sweet
COc1cc(O)c2c(=O)c3c(OC4OC(CO)C(O)C(O)C4O)c(OC)ccc3oc2c1,sweet
C=C1CC23CCC4C(C)(C(=O)OC5OC(COC6OCC(O)C(O)C6O)C(O)C(O)C5O)CCCC4(C)C2CC(O)C1C3,sweet
COP(=O)(O)OP(=O)(O)OCC1OC(n2cnc3c(N)ncnc32)C(OP(=O)(O)O)C1O,sweet
Nc1ncnc2c1ncn2C1OC(COP(=O)(O)OP(=O)(O)O)C(O)C1O.[V],sweet
CC(=O)OCOC1OC(COC2OCC(O)C(O)C2O)C(O)C(O)C1O,sweet
COCOC1COC(C)C(O)C1OCOC,sweet
CC1=CC(=O)NS(=O)(=O)O1.COC(=O)C(Cc1ccccc1)NC(=O)C(N)CC(=O)O,sweet
O=c1cc(-c2ccc(O)cc2)oc2c(OC3OCC(O)C(O)C3O)c(O)c(OC3OCC(O)C(O)C3O)c(O)c12,sweet
OCC1CC(OC2OC(CO)C(O)C(OC3OC(CO)C(O)C(O)C3O)C2O)C(O)C(O)O1,sweet
OCC(O)C(O)C(OC1OC(CO)C(O)C(OC2OC(CO)C(O)C(O)C2O)C1O)C(O)CO,sweet
OCC(O)CC(OC1OC(CO)C(O)C(OC2OC(CO)C(O)C(O)C2O)C1O)C(O)CO,sweet
CC1OC(OC2C(OC3C(OC4CC(C)(CO)C5CCC6(C)C(CC=C7C8CC(C)(C)CC(O)C8(C)CCC76C)C5(C)C4)OC(C(=O)O)C(O)C3O)OC(CO)C(O)C2O)C(O)C(O)C1O,sweet
Nc1ncnc2c1ncn2C1OC(CO)C(O)C1OP(=O)(O)NP(=O)(O)OP(=O)(O)O,sweet
Nc1ncnc2c1ncn2C1OC(COP(=O)(O)O)C(OP(=O)(O)NP(=O)(O)OP(=O)(O)O)C1O,sweet
Nc1ncnc2c1ncn2C1OC(CO)C(OP(=O)(O)NP(=O)(O)OP(=O)(O)O)C1O,sweet
Nc1ncnc2c1ncn2C1OC(COP(=O)(O)O)C(O)C1OP(=O)(O)NP(=O)(O)OP(=O)(O)O,sweet
NC(CO)(CO)CO.Nc1ncnc2c1ncn2C1OC(COP(=O)(O)OP(=O)(O)OP(=O)(O)O)C(O)C1O,sweet
CCC1OC(OC2(CO)OC(CO)C(O)C2O)C(O)C(O)C1O,sweet
O=c1c(O)c(-c2ccc(OC3OCC(O)C(O)C3(O)CO)c(O)c2)oc2cc(O)cc(O)c12,sweet
O=c1c(O)c(-c2ccc(O)c(OC3OCC(O)C(O)C3(O)CO)c2)oc2cc(O)cc(O)c12,sweet
CCCCOC1C(O)COC(O)C1O,sweet
COC(=O)CC(NC(=O)C(Cc1ccccc1)NC(=O)OC(C)(C)C)C(=O)OC,sweet
CCCOC1OC(COC(C)=O)C(OC(C)=O)C(OC(C)=O)C1O,sweet
COC(=O)CCC(NC(=O)C(N)Cc1ccccc1)C(=O)OC,sweet
COC1OC(COC2OC(CO)C(O)C(O)C(O)C2O)C(O)C1O,sweet
COC1OC(COC2OC(CO)C(O)C(O)C(O)C2O)C(O)C(O)C1O,sweet
O=C1c2ccccc2S(=O)(=O)N1S(=O)(=O)O,sweet
CC1OC(Oc2c(-c3ccc([O-])c(O)c3)oc3cc(O)cc(O)c3c2=O)C(O)C(O)C1O,sweet
CC(=O)OP(=O)([O-])OCC1OC(n2cnc3c(N)ncnc32)C(O)C1O,sweet
COC1OC(C(=O)[O-])C(OC2OC(C(=O)[O-])C(OC)C(O)C2O)C(O)C1O,undefined
OCC1OC(O)C(O)C(O)C1OC1OC(COC2OCC(O)C(O)C2O)C(O)C(O)C1O,sweet
OCC1OC2OCC3(OC(CO)C(O)C3O)OC2C1O,sweet
O=C(CC(O)C(O)CO)C(O)O,sweet
COCC(OC)C1OC(O)C(O)C1OC,sweet
CC1C(CO)OC(OC2(CCl)OC(CCl)C(O)C2O)C(O)C1O,sweet
CC1=CC23CCC4C(C)(C(=O)OC5OC(CO)C(O)C(O)C5O)CCCC4(C)C2CCC1(OC1OC(CO)C(O)C(O)C1OC1OC(CO)C(O)C(O)C1O)C3,sweet
CC1=CC23CCC4C(C)(C(=O)O)CCCC4(C)C2CCC1(OC1OC(CO)C(O)C(OC2OC(CO)C(O)C(O)C2O)C1OC1OC(CO)C(O)C(O)C1O)C3,sweet
CC1=CC23CCC4C(C)(C(=O)OC5OC(CO)C(O)C(O)C5O)CCCC4(C)C2CCC1(OC1OC(CO)C(O)C(O)C1OC1OC(C)C(O)C(O)C1O)C3,sweet
OC1CCC(O)C(CF)O1,sweet
OCC1OC(OC2C(OC3CCCCC3)OC(CO)C(O)C2O)C(O)C(O)C1O,sweet
CC(C)(C)P(=O)(O)OP(=O)(O)OP(=O)(O)OCC1OC(n2cnc3c(N)ncnc32)C(O)C1O,sweet
CC1(C)CCC2(C(=O)OC3OC(CO)C(O)C(O)C3O)CCC3(C)C(=CCC4C5(C)CCC(OC6OC(C(=O)[O-])C(OC7OC(CO)C(O)C(O)C7O)C(OC7OC(CO)C(O)C(O)C7O)C6O)C(C)(C)C5CCC43C)C2C1,sweet
CC1(C)CCC2(C(=O)OC3OC(CO)C(O)C(O)C3O)CCC3(C)C(=CCC4C5(C)CCC(OC6OC(C(=O)O)C(OC7OC(CO)C(O)C(O)C7O)C(OC7OC(CO)C(O)C(O)C7O)C6O)C(C)(C)C5CCC43C)C2C1,sweet
Nc1ncnc2c1ncn2C1CC(O)C(COP(=O)([O-])OP(=O)([O-])OP(=O)([O-])O)O1,sweet
CC1(C)CCC2(C(=O)OC3OC(CO)C(O)C(O)C3O)CCC3(C)C(=CCC4C5(C)CCC(OC6OC(C(=O)[O-])C(O)C(OC7OC(CO)C(O)C(O)C7O)C6O)C(C)(C)C5CCC43C)C2C1,sweet
Nc1ncnc2c1ncn2C1OC(COP(=O)([O-])OP(=O)([O-])OCC2OCC(O)C2O)C(O)C1O,sweet
Nc1ncnc2c1ncn2C1OC(COP(=O)([O-])OP(=O)([O-])OP(=O)([O-])O)C([NH3+])C1O,sweet
CC1(C)CCC2(C(=O)[O-])CCC3(C)C(=CCC4C5(C)CCC(OC6OC(C(=O)[O-])C(O)C(OC7OC(CO)C(O)C(O)C7O)C6O)C(C)(C)C5CCC43C)C2C1,sweet
Nc1ncnc2c1ncn2C1OC(COP(=O)([O-])[O-])C([NH3+])C1O,sweet
Nc1ncnc2c1ncn2C1OC(COP(=O)([O-])N2CCOCC2)C(O)C1O,sweet
Nc1ncnc2c1ncn2C1OC(COP(=O)([O-])OP(=O)([O-])OCC(O)C(O)C(O)C[NH3+])C(O)C1O,sweet
OC1OC(COC2OC(O)C(O)C(O)C2O)C(O)C(O)C1O,sweet
CC1(C)CCC2(C(=O)[O-])CCC3(C)C(=CCC4C5(C)CCC(OC6OC(C(=O)[O-])C(OC7OC(CO)C(O)C(O)C7O)C(OC7OC(CO)C(O)C(O)C7O)C6O)C(C)(C)C5CCC43C)C2C1,sweet
CC1(C)CCC2(C(=O)O)CCC3(C)C(=CCC4C5(C)CCC(OC6OC(C(=O)O)C(OC7OC(CO)C(O)C(O)C7O)C(OC7OC(CO)C(O)C(O)C7O)C6O)C(C)(C)C5CCC43C)C2C1,sweet
CCC(C)C(NC(=O)C(C)NC(=O)C(Cc1ccccc1)NC(=O)C(NC(=O)C(CC(=O)O)NC(=O)C(N)CC(C)C)C(C)CC)C(=O)O,sweet
Nc1ncnc2c1ncn2C1CC(O)C(COP(=O)([O-])OP(=O)([O-])OP(=O)([O-])[O-])O1,sweet
COC(=O)C(Cc1ccccc1)NC(=O)C(CC(=O)[O-])NC(=O)OC(C)(C)C,sweet
COC(=O)C(Cc1ccccc1)NC(=O)C(CC(=O)[O-])[NH+](CCC(C)(C)C)CCC(C)(C)C,sweet
COC(=O)CC(C(=O)NC(Cc1ccccc1)C(=O)OC)[NH+](CCC(C)(C)C)CCC(C)(C)C,sweet
COC(=O)C(Cc1ccccc1)NC(=O)C(CC(=O)[O-])[NH2+]CCC(C)(C)C,sweet
COC(=O)C(Cc1ccccc1)NC(=O)C(CC(=O)[O-])NC(=O)C([NH3+])CC(=O)[O-],sweet
CC(C)(C)CC[NH2+]C(CC(=O)[O-])C(=O)NC(Cc1ccccc1)C(=O)[O-],sweet
COC(=O)C(Cc1ccccc1)NC(=O)C(CC(=O)[O-])NC(=O)C(F)(F)F,sweet
CCC(=O)OCCc1scnc1C,undefined
Nc1nc(Cl)nc2c1ncn2C1OC(COP(=O)([O-])[O-])C(O)C1O,sweet
O=S(=O)([O-])OC1C(O)C(CO)OC(OC2C(CO)OC(O)C(O)C2O)C1O,sweet
Cc1cc2nc3c(=O)[nH]c(=O)[nH]c3[n+](CC(O)C(O)C(O)CO)c2cc1C,bitter
COC(=O)C(Cc1ccccc1)NC(=O)C1CCC[NH2+]1,sweet
CCCCCC(O)CCOC1OC(CO)C(O)C(O)C1O,sweet
CC(O)C(O)CCCCCCCCCCCCCCCCC(OC1OC(CO)C(O)C(O)C1O)C(C)O,sweet
COc1c(-c2ccc(O)c(OC3OCC(O)C(O)C3O)c2)oc2cc(O)cc(O)c2c1=O,sweet
CCCOC1OC(CO)C(O)C(O)C1OC1OCC(O)C(O)C1O,sweet
CCCOC1OC(COC2OCC(O)C(O)C2O)C(O)C(O)C1O,sweet
CC(NC(=O)C([NH3+])CC(=O)[O-])C(=O)NC1C(C)(C)SC1(C)C,sweet
CN(C)CCOc1ccc([N+](=O)[O-])cc1N,sweet
COC(=O)C(Cc1ccccc1)NC(=O)C([NH3+])Cc1ccccc1,sweet
CCC(C)C([NH3+])C(=O)NC(Cc1ccccc1)C(=O)OC,sweet
CC(=O)NCC(=O)NC(Cc1ccccc1)C(=O)[O-],sweet
CC(C)OC(=O)C(Cc1ccccc1)NC(=O)C([NH3+])CC(=O)[O-],sweet
COC(=O)CNC(=O)C([NH3+])Cc1ccccc1,sweet
COC(=O)C(Cc1ccccc1)NC(=O)C[NH3+],sweet
[NH3+]C(CC(=O)[O-])C(=O)NC(C=O)Cc1ccccc1,sweet
CCC(C)(C)CC[NH2+]C(CC(=O)[O-])C(=O)NC(Cc1ccccc1)C(=O)OC,sweet
COC(=O)C(Cc1ccccc1)NC(=O)CC[NH3+],sweet
COC(=O)C(Cc1ccccc1)NC(=O)CCC[NH3+],sweet
COC(=O)C(Cc1ccccc1)NC(=O)C(C)[NH3+],sweet
COC(=O)C(Cc1ccccc1)NC(=O)C([NH3+])C(C)C,sweet
OCC1OC(OCCCCCCCl)C(O)C(O)C1O,sweet
COC(=O)C(Cc1cc[c]([Sn]([CH3])([CH3])[CH3])cc1)NC(C)=O,sweet
CC1OC(OC2CC(C)(C)CC3C4=CC(=O)C5C6(C)CCC(OC7OC(C(=O)OC8OCC(OC9OCC(O)C(O)C9O)C(O)C8O)C(O)C(O)C7O)C(C)(CO)C6CCC5(C)C4(C)CCC23C)C(O)C(O)C1O,sweet
O=c1[n-]sc2ccccc12,sweet
CCCOC1OC(C)C(O)C(O)C1OC1OC(C)C(O)C(OC2OC(CO)C(O)C(O)C2O)C1O,sweet
CC1OC(OC2C(O)COC(Oc3c(-c4ccc(O)c(O)c4)oc4cc(O)cc(O)c4c3=O)C2O)C(O)C(O)C1O,sweet
C[CH][CH][CH][CH]C(=O)NC(Cc1ccccc1)C(=O)OC.[C-]#[O+].[C-]#[O+].[C-]#[O+].[Fe],sweet
C[CH][CH][CH][CH]C(=O)NC(Cc1ccccc1)C(=O)OC,sweet
O=C(CCc1ccc(O)c(OC2OC(CO)C(O)C(O)C2O)c1)c1ccc(O)cc1O,sweet
[B-]P(=O)(OCC1OC(n2cnc3c(N)ncnc32)C(O)C1O)OP(=O)(O)CP(=O)(O)O,sweet
[B-][P+]([O-])(OCC1OC(n2cnc3c(N)ncnc32)C(O)C1O)OP(=O)(O)C[P+]([O-])(O)O,sweet
O=C(C=Cc1ccc(O)c(OC2OC(CO)C(O)C(O)C2O)c1)c1ccc(O)cc1O,sweet
O=C(C=Cc1ccc(O)c(OC2OC(CO)C(O)C(O)C2O)c1)c1ccc(O)cc1OC1OC(CO)C(O)C(O)C1O,sweet
O=C(C=Cc1ccc(O)c(O)c1)c1ccc(OC2OC(CO)C(OC3OCC(O)C(O)C3O)C(O)C2O)cc1O,sweet
COc1cc(C=CC(=O)c2ccc(O)cc2O)ccc1OC1OC(CO)C(O)C(O)C1O,sweet
COc1c(OC2OC(CO)C(O)C(O)C2O)ccc(C(=O)C=Cc2ccc(O)cc2)c1O,sweet
CC(=O)OCC1OC(Oc2ccc(C(=O)C=Cc3ccc(O)c(O)c3)c(O)c2O)C(OC(C)=O)C(O)C1OC(C)=O,sweet
COc1ccc(C=CC(=O)c2ccc(OC3OC(CO)C(O)C(O)C3O)c(O)c2O)cc1O,sweet
COc1ccc(C=CC(=O)c2ccc(OC3OC(COC4OCC(O)C(O)C4O)C(O)C(O)C3O)c(O)c2O)cc1O,sweet
COc1ccc(C=CC(=O)c2ccc(OC3OC(CO)C(O)C(O)C3O)c(O)c2O)cc1OC,sweet
COc1ccc(C=CC(=O)c2ccc(OC3OC(CO)C(O)C(O)C3O)c(OC)c2O)cc1OC,sweet
COc1cc(C=CC(=O)c2ccc(OC3OC(CO)C(O)C(O)C3O)c(OC)c2O)ccc1O,sweet
O=C(C=Cc1ccc(O)c(O)c1)c1c(O)cc(O)cc1OC1OC(CO)C(O)C(O)C1O,sweet
COc1cc(C=CC(=O)c2c(O)cc(O)cc2OC2OC(CO)C(O)C(O)C2O)ccc1O,sweet
O=C(C=Cc1cc(O)c(O)c(O)c1)c1c(O)cc(O)cc1OC1OC(CO)C(O)C(O)C1O,sweet
O=C(C=C(O)c1ccc(O)c(O)c1)c1c(O)cc(O)cc1OC1OC(CO)C(O)C(O)C1O,sweet
O=C1CC(c2ccc(O)c(OC3OC(CO)C(O)C(O)C3O)c2)Oc2cc(O)ccc21,sweet
CC1OC(Oc2ccc3c(c2O)OC(c2ccc(O)c(O)c2)CC3=O)C(O)C(O)C1O,sweet
COc1cc(C2CC(=O)c3ccc(O)c(O)c3O2)cc(OC)c1OC1OC(CO)C(O)C(O)C1O,sweet
Cc1c(OC2OC(CO)C(O)C(O)C2O)cc2c(c1O)C(=O)CC(c1ccc(O)c(O)c1)O2,sweet
CC1OC(Oc2cc(O)cc3c2C(=O)CC(c2ccc(O)c(O)c2)O3)C(O)C(O)C1O,sweet
O=C1CC(c2ccc(O)c(O)c2)Oc2cc(O)cc(OC3OC(CO)C(O)C(O)C3O)c21,sweet
CC1OC(Oc2cc(O)c3c(c2)OC(c2ccc(O)c(O)c2)CC3=O)C(O)C(O)C1O,sweet
O=C1CC(c2ccc(O)c(OC3OC(CO)C(O)C(O)C3O)c2)Oc2cc(O)cc(O)c21,sweet
O=C1CC(c2ccc(O)c(OC3OC(CO)C(O)C(O)C3O)c2)Oc2cc(O)cc(OC3OC(CO)C(O)C(O)C3O)c21,sweet
O=C1CC(O)(c2ccc(O)c(O)c2)Oc2cc(O)cc(OC3OC(CO)C(O)C(O)C3O)c21,sweet
CC(=O)OCC1OC(Oc2cc(O)c3c(c2)OC(c2ccc(O)c(O)c2)CC3=O)C(O)C(O)C1O,sweet
O=C1CC(c2ccc(O)c(O)c2)Oc2cc(OC3OC(COC4OC(CO)C(O)C4O)C(O)C(O)C3O)cc(O)c21,sweet
COc1ccc(C2CC(=O)c3c(O)cc(OC4OC(C)C(O)C(O)C4O)cc3O2)cc1O,sweet
COc1ccc(C2CC(=O)c3c(O)cc(OC4OC(COC5OC(C)C(O)C(O)C5O)C(O)C(O)C4OC4OC(C)C(O)C(O)C4O)cc3O2)cc1O,sweet
COc1ccc(C2CC(=O)c3c(O)cc(OC4OC(COC5OC(C)C(O)C(O)C5O)C(O)C(O)C4OC4OC(CO)C(O)C(O)C4O)cc3O2)cc1O,sweet
COc1ccc(C2CC(=O)c3c(cc(O)cc3OC3OC(CO)C(O)C(O)C3O)O2)cc1OC,sweet
COc1cc(OC2OCC(OC3OCC(O)C(O)C3O)C(O)C2O)cc2c1C(=O)CC(c1ccc(O)c(O)c1)O2,sweet
COc1cc(OC2OC(CO)C(OC3OC(CO)C(O)C(O)C3O)C(O)C2O)cc2c1C(=O)CC(c1ccc(O)c(O)c1)O2,sweet
COc1ccc(C2CC(=O)c3c(OC)cc(OC4OC(CO)C(O)C(O)C4O)cc3O2)cc1O,sweet
COc1cc(C2CC(=O)c3c(O)cc(OC4OC(CO)C(O)C(O)C4O)cc3O2)ccc1OC1OCC(O)(CO)C1O,sweet
COc1cc2c(c(OC3OC(CO)C(O)C(O)C3O)c1)C(=O)CC(c1ccc(OC)c(O)c1)O2,sweet
COc1cc(O)c2c(c1)OC(c1ccc(OC)c(OC3OC(CO)C(O)C(O)C3O)c1)CC2=O,sweet
O=C1CC(c2ccccc2)Oc2cc(OC3OC(CO)C(O)C(O)C3O)c(O)c(O)c21,sweet
O=C1CC(c2ccc(O)cc2)Oc2cc(O)c(O)c(OC3OC(CO)C(O)C(O)C3O)c21,sweet
CC1OC(Oc2cc(O)c3c(c2O)OC(c2ccc(O)cc2)CC3=O)C(O)C(O)C1O,sweet
O=C1CC(c2ccc(O)cc2)Oc2c(OC3OC(CO)C(O)C(O)C3O)c(O)cc(O)c21,sweet
Nc1ncnc2c1ncn2C1OC(COP(=O)([O-])OS(=O)(=O)O)C(O)C1O,sweet
C#CCOC1OC(CO)C(OC2OC(CO)C(O)C(O)C2O)C(O)C1O,sweet
CC1OC(O)CC(O)C1O.[H+].[H+].[H+],sweet
[CH2-]C1OC(O)CC(O)C1O.[H+],sweet
[CH2-]C1OC(O)CC(O)C1O.[H+].[H+],sweet
Nc1ncnc2c1ncn2C1OC(COP(=O)(O)OP(=O)(O)C[As](=O)(O)O)C(O)C1O,sweet
OCC1OC(O)C(O)C(OO)C1O,sweet
CCCC.CCCCOC1OC(CO)C(O)C(O)C1O,sweet
CCCCCC.CCOC1OC(CO)C(O)C(O)C1O,sweet
Nc1ncnc2c1ncn2C1OC(COP(=O)(O)[O+]2OP2(=O)OP(=O)(O)O)C(O)C1O,sweet
Nc1ncnc2c1ncn2C1OC(COP(=O)(O)O[P+](=O)O)C(O)C1OP(=O)(O)O,sweet
Nc1ncnc2c1ncn2C1OC(COP(=O)(O)OP(=O)(O)OP(=O)(O)[SH2+])C(O)C1O,sweet
CCCCCOC1C(O)OC(C)C(O)C1O,sweet
CC(O)C(O)COP(=O)(O)OP(=O)(O)OCC1OC(n2cnc3c(N)ncnc32)C(O)C1O,sweet
Nc1ncnc2c1ncn2C1OC(COP(=O)(O)[O+]2OP(=O)(O)OP2(=O)O)C(O)C1O,sweet
Nc1ncnc2c1ncn2C1OC(C2OP(=O)(O)OP(=O)(OP(=O)(O)O)O2)C(O)C1O,sweet
CCCCCCCOC1OC(CO)CC(O)C1O,sweet
OCC1OC(O)C(O)C(O)C12OO2,sweet
OCC1OC(O)C2(OO2)C(O)C1O,sweet
CCCCCCC.OCC1OC(O)C(O)C(O)C1O,sweet
CC=O.OCC1OC(O)CC(O)C1O,sweet
O=COC(CO)C(CO)OC1OC(CO)C(O)C(O)C1O,sweet
COC1OC(CO)C(O)CC1OC1OC(CO)C(O)C(O)C1O,sweet
COC1OC(CO)C(O)C(OC)C1OC1OC(CO)C(O)C(O)C1O,sweet
COC1OC(CO)CC(O)C1OC1OC(CO)C(O)C(O)C1O,sweet
COC1OC(CO)C(OC)C(O)C1OC1OC(CO)C(O)C(O)C1O,sweet
COCC1OC(OC)C(OC2OC(CO)C(O)C(O)C2O)C(O)C1O,sweet
CC1(C)CCC2(C(=O)OC3OC(C(=O)O)C(O)C(O)C3O)CCC3(C)C(=CCC4C5(C)CCC(O)C(C)(C)C5CCC43C)C2C1,sweet
[B]P(=O)(OCC1OC(n2cnc3c(N)ncnc32)C(O)C1O)OP(=O)(O)CP(=O)(O)O,sweet
C=C1CCC2(C(=O)OC3OC(CO)C(O)C(O)C3O)CCC3(C)C(=CCC4C5(C)CCC(OC6OC(C(=O)OC)C(O)C(O)C6O)C(C)(C)C5CCC43C)C2C1,sweet
Nc1ncnc2c1nc(NCCOP(=O)(O)O)n2C1OC(CO)C(O)C1O,sweet
CCCCc1ccc2c(c1)C(=O)NS2(=O)=O,sweet
CC=C(C)C(CCC(C)CCCC(C)CCCC(C)C)OC1C(CO)OC(Oc2cc(O)c3c(=O)c(O)c(-c4ccc(OC)c(OC)c4)oc3c2)C(O)C1O,sweet
COc1ccc(C2CC(=O)c3ccc(OC4OC(COC(=O)CC(C)CCCC(CO)CCCC(C)C)C(O)C(O)C4O)cc3O2)cc1O,sweet
CCCCOC(=O)C1OC(OC2CCC3(C)C(CCC4(C)C3CC=C3C5C(C)C(C)CCC5(C(=O)OC5OC(CO)C(O)C(O)C5O)CCC34C)C2(C)CO)C(O)C(O)C1O,sweet
COC(=O)C(Cc1ccccc1)NC(=O)C(C)NC(=O)C(C)(C)C,sweet
CC(=O)NCCC(=O)NC(Cc1ccccc1)C(=O)O,sweet
CC(=O)N(C)CC(=O)NC(Cc1ccccc1)C(=O)O,sweet
CC(C)(C)NC(=O)Nc1ccc(OCC#N)cc1,sweet
CCOC(=O)CCC(=O)NC(Cc1ccccc1)C(=O)O,sweet
N#CCOc1ccc(NC(N)=O)cc1,sweet
NCCOc1ccc(NC(N)=O)cc1,sweet
CCC(C)C(NC(=O)C(N)Cc1ccccc1)C(=O)OC,sweet
CCCOP(=O)([O-])OCC1OC(n2cnc3c(N)ncnc32)C(O)C1O,sweet
Nc1ncnc2c1ncn2C1OC(COP(=O)(O)O)C(OP(=O)(O)OCC2OCC(O)C2O)C1O,sweet
CC(C=CC=C(C)C=CC1=C(C)CCCC1(C)C)=CC=CC=C(C)C=CC=C(C)C=CC1=C(C)CC(O)CC1(C)C.COc1ccc(C2CC(=O)c3c(O)cc(OC4OC(COC5OC(C)C(O)C(O)C5O)C(O)C(O)C4O)cc3O2)cc1O,sweet
COC1OC(C(=O)OCCOC(=O)OC2CCC3(C)C(CCC4(C)C3CC=C3C5CC(C)(C)CCC5(C(=O)O)CCC34C)C2(C)C)C(O)C(O)C1O,sweet
COC1OC(C(=O)OCCCCCCOC(=O)C23CCC(C)(C)CC2C2=CCC4C5(C)CCC(O)C(C)(C)C5CCC4(C)C2(C)CC3)C(O)C(O)C1O,sweet
COP(=O)(O)OC1COC(Cn2cnc3c(N)ncnc32)C1O,sweet
CC(O)COC1C(O)C(CO)OC(OC2C(CO)OC(O)C(O)C2O)C1O,sweet
CC(O)COC1OC(C(C)O)C(O)C1O,sweet
Nc1nc(F)nc2c1ncn2C1OC(COP(=O)(O)OP(=O)(O)OCC2OCC(O)C2O)C(O)C1O,sweet
Nc1ncnc2c1ncn2C1OC(COP(=O)(O)OP(=O)(O)OCC2OCC(F)C2O)C(O)C1O,sweet
COc1cc(-c2oc3cc(OC4OC(CO)C(O)C(O)C4OC4OC(C)C(O)C(O)C4O)cc(O)c3c(=O)c2O)ccc1O,sweet
C#CCOCC1OC(OC)C(OCC#C)C(O)C1O,sweet
C#CCOC1C(OC2OC(CO)C(O)C(OCC#C)C2OCC#C)OC(CO)C(O)C1OCC#C,sweet
COc1c(O)cc2occ(-c3ccc(OC4OC(CO)C(O)C(O)C4O)cc3)c(=O)c2c1O,sweet
COc1cc(O)c2c(=O)c(-c3ccc(O)cc3)coc2c1OC1OC(CO)C(O)C(O)C1O,sweet
N=[N+]=Nc1nc2c(N)ncnc2n1C1OC(COP(=O)(O)OP(=O)(O)O)C(O)C1O,sweet
[N-]=[N+]=Nc1nc2c(N)ncnc2n1C1OC(COP(=O)(O)OP(=O)(O)OP(=O)([O-])O)C(O)C1O,sweet
CNc1ncnc2c1ncn2C1OC(COP(=O)([O-])[O-])C(O)C1O,sweet
OCC1OC(O)C(OO)C(O)C1O,sweet
OCC1OC(OC2C(O)COC(CO)C2OC2OC(CO)C(O)C(O)C2O)C(O)C(O)C1O,sweet
CCCCCC=CCCC=CC=O,undefined
CC([O-])C(=O)[O-].CC([O-])C(=O)[O-],bitter
CC1=CCC2(O1)C(C)=CC(=O)CC2(C)C,undefined
CCOC(=O)C1(c2ccccc2)CC2CCC1C2,undefined
CC1CO1.OCC1OC(OC2(CO)OC(CO)C(O)C2O)C(O)C(O)C1O.OCCO,sweet
Nc1ncnc2c1ncn2C1CC(O)C(COP(=O)([O-])OP(=O)([O-])O)O1,sweet
CC1CO1.OCC1OC(OC2(CO)OC(CO)C(O)C2O)C(O)C(O)C1O.OCCOCCO,sweet
COc1ccc(C2CC(=O)c3c(O)cc(OC4OC(CO)C(O)C(O)C4OC4OC(C)C(O)C(O)C4O)cc3O2)cc1OCc1ccccc1,sweet
CC1OC(OC2C(OC3OC(CO)C(O)C(O)C3O)OC(C(=O)OC3CCC4(C)C(CCC5(C)C4CC=C4C6CC(C)(C)C(O)CC6(C)CCC45C)C3(C)CO)C(O)C2O)C(O)C(O)C1O,sweet
CC(C)=CCCC(C)C1OCC(C)O1,undefined
CCCCCCCCCCCCC(O)C1OC(O)C(O)C(O)C1O,sweet
CC1OC(OCC2OC(Oc3c(-c4ccc(OCO)c(OCO)c4)oc4cc(OCO)cc(O)c4c3=O)C(O)C(O)C2O)C(O)C(O)C1O,sweet
Nc1ncnc2c1ncn2C1CC(O)C(COP(=O)([O-])OP(=O)([O-])OP(=O)(O)O)O1,sweet
Nc1ncnc2c1ncn2C1OC(COP(=O)(O)OP(=O)(O)O)C([O-])C1O,sweet
COc1cc(O)c2c(=O)c(OC3OC(CO)C(OC4OC(CO)C(O)C(O)C4O)C(O)C3O)c(-c3ccc(O)c(O)c3)oc2c1,sweet
CCCCCCCCCC(=O)OCCc1scnc1C,undefined
Nc1ncnc2c1ncn2C1OC(COP(=O)(OP(=O)([O-])O)OP(=O)([O-])O)C(O)C1O,sweet
CC(C)CC(N)C(=O)NC(Cc1ccccc1)C(=O)NC(CO)C(=O)NC(CC(=O)O)C(=O)NC(CCCCN)C(=O)O,sweet
CC=C(C)C(CCC(C)CCCC(C)CCCC(C)C)OC1C(CO)OC(Oc2c(-c3ccc(OC)c(OC)c3)oc3cc(O)cc(O)c3c2=O)C(O)C1O,sweet
COC(=O)NC1(C(=O)NC(Cc2ccccc2)C(=O)O)CCCCC1,sweet
CN(C)c1ncnc2c1ncn2C1OC(COP(=O)([O-])O)C(O)C1O,sweet
COc1ccc(-c2coc3cc(OC4OC(CO)C(O)C(O)C4O)c(OC4OC(CO)C(O)C(O)C4O)c(O)c3c2=O)cc1,sweet
O=c1c(-c2ccc(O)cc2)coc2cc(OC3OC(CO)C(O)C(O)C3O)c(O)c(O)c12,sweet
O=c1cc(-c2ccc(O)c(O)c2)oc2c(O)c(OC3OC(CO)C(O)C(O)C3O)cc(O)c12,sweet
Nc1ncnc2c1ncn2C1OC(COP(=O)(O)OP(=O)(O)O)C(O)C1OP(=O)(O)OP(=O)(O)O,sweet
COC1(C)OC2OC(C)C(O)C(OC3OC(CO)C(O)C(O)C3O)C2O1,sweet
Oc1ccc(CC2[NH2+]CCc3cc(O)c(O)cc32)cc1,sweet
[CH3][Ge]([CH3])([CH3])[CH2]CCCOCC1OC(O)C(O)C(O)C1O,sweet
CCC(C)C(N)C(=O)NC(Cc1ccccc1)C(=O)NC(CC(=O)O)C(=O)NCC(=O)NC(CCCCN)C(=O)O,sweet
CCC(C)C(NC(=O)CN)C(=O)NC(Cc1ccccc1)C(=O)NC(CC(=O)O)C(=O)NCC(=O)NC(CCCCN)C(=O)O,sweet
OCC1(O)COC(OCC2OC(O)C(O)C(O)C2O)C1O,sweet
Nc1ncnc2c1ncn2C1OC(COP(=O)([O-])OP(=O)([O-])OP(=O)([O-])OP(=O)([O-])OP(=O)([O-])[O-])C(O)C1O,sweet
COC(CO)C1OC(OC)C(OC)C1O,sweet
CCCC(NC(C)=O)C(=O)NC(Cc1ccccc1)C(=O)O,sweet
CC1(C)CCC2(C(=O)OC3OC(CO)C(O)C(O)C3O)CCC3(C)C(=CC(=O)C4C5(C)CCC(OC6OC(C(=O)O)C(O)C(O)C6OC6CC(CO)C(O)C(O)C6O)C(C)(C)C5CCC43C)C2C1,sweet
CC1(C)CCC2(C(=O)OC3OC(CO)C(O)C(O)C3O)CCC3(C)C(=CC(=O)C4C5(C)CCC(OC6OC(C(=O)O)C(O)C(O)C6OC(CC(O)C(=O)O)OCC(=O)O)C(C)(C)C5CCC43C)C2C1,sweet
CC1(C)CCC2(C(=O)OC3OC(CO)C(O)C(O)C3O)CCC3(C)C(=CC(=O)C4C5(C)CCC(OC6OC(C(=O)O)C(O)C(O)C6O)C(C)(C)C5CCC43C)C2C1,sweet
CC1(C)CCC2(C(=O)OC3OC(CO)C(O)C(O)C3O)CCC3(C)C(=CC(=O)C4C5(C)CCC(OC6OC(C(=O)O)C(O)C(O)C6OC6OC(CO)C(O)C(O)C6O)C(C)(C)C5CCC43C)C2C1,sweet
CCOC1C(O)C(O)OC(CO)C1O,sweet
COc1ccc(-c2coc3cc(OC4OC(CO)C(O)C(O)C4O)ccc3c2=O)cc1OC,sweet
COc1ccc(-c2coc3cc(OC4OC(CO)C(O)C(OC5OC(CO)C(O)C(O)C5O)C4O)ccc3c2=O)cc1OC,sweet
COc1ccc(-c2coc3cc(OC4OC(CO)C(O)C(O)C4O)ccc3c2=O)c(O)c1OC,sweet
COc1ccc(-c2coc3cc(OC4OC(CO)C(O)C(O)C4O)c(O)cc3c2=O)cc1,sweet
COc1ccc(-c2coc3c(O)c(OC4OC(CO)C(O)C(O)C4OC4OC(C)C(O)C(O)C4O)ccc3c2=O)cc1,sweet
COc1ccc(-c2coc3c(OC)c(OC4OC(CO)C(O)C(O)C4O)ccc3c2=O)cc1,sweet
COc1ccc(-c2coc3c(OC)c(OC4OC(CO)C(O)C(OC5OC(CO)C(O)C(O)C5O)C4O)ccc3c2=O)cc1,sweet
COc1ccc(-c2coc3c(O)c(OC4OC(CO)C(O)C(O)C4O)ccc3c2=O)cc1,sweet
COc1ccc(-c2coc3c(OC4OCC(O)C(O)C4O)c(O)ccc3c2=O)cc1,sweet
O=c1c(-c2ccc(O)c(O)c2)coc2cc(OC3OC(CO)C(O)C(O)C3OC3OC(CO)C(O)C(O)C3O)cc(O)c12,sweet
COc1cc(-c2coc3cc(OC4OC(CO)C(O)C(O)C4O)cc(O)c3c2=O)ccc1O,sweet
COc1ccc(-c2coc3cc(OC4OC(COC(=O)CC(=O)O)C(O)C(O)C4O)cc(O)c3c2=O)cc1O,sweet
COc1ccc(-c2coc3c(C)c(OC)cc(OC4OC(CO)C(O)C(O)C4OC4OC(C)C(O)C(O)C4O)c3c2=O)cc1OC,sweet
COc1c(OC2OC(C)C(O)C(O)C2O)cc2occ(-c3ccccc3)c(=O)c2c1O,sweet
COc1c(OC2OC(COC3OC(CO)C(O)C(O)C3O)C(O)C(O)C2O)cc2occ(-c3ccc(O)cc3)c(=O)c2c1O,sweet
COc1cc2occ(-c3ccc(OC4OC(CO)C(O)C(O)C4O)cc3)c(=O)c2c(O)c1OC,sweet
COc1cc2occ(-c3ccc(OC4OC(COC5OC(CO)C(O)C(O)C5O)C(O)C(O)C4O)cc3)c(=O)c2c(O)c1OC,sweet
COc1ccc(-c2coc3cc(OC4OC(C)C(O)C(O)C4O)c(OC)c(O)c3c2=O)cc1,sweet
COc1ccc(-c2coc3cc(OC4OC(COC5OC(CO)C(O)C(O)C5O)C(O)C(O)C4O)c(OC)c(O)c3c2=O)cc1O,sweet
COc1ccc(-c2coc3cc(OC4OC(CO)C(O)C(O)C4O)c(OC)c(O)c3c2=O)cc1OC,sweet
COc1cc(-c2coc3cc(OC4OC(CO)C(O)C(O)C4O)c(OC)c(O)c3c2=O)cc(OC)c1O,sweet
COc1c(OC2OC(CO)C(O)C(O)C2O)cc(O)c2c(=O)c(-c3ccc(O)cc3)coc12,sweet
COc1cc(-c2coc3c(OC)c(OC4OC(CO)C(O)C(O)C4O)cc(O)c3c2=O)ccc1O,sweet
CC1OC(OCC2OC(Oc3ccc4c(=O)cc(-c5ccc(O)c(O)c5)oc4c3)C(O)C(O)C2O)C(O)C(O)C1O,sweet
COc1cc(-c2cc(=O)c3ccc(OC4OC(CO)C(O)C(O)C4O)cc3o2)ccc1O,sweet
CC1OC(Oc2ccc3c(=O)cc(-c4cc(O)c(O)c(O)c4)oc3c2)C(O)C(O)C1O,sweet
O=c1cc(-c2cc(O)c(O)c(O)c2)oc2cc(OC3OC(CO)C(O)C(O)C3O)ccc12,sweet
COc1cc2c(=O)cc(-c3ccc(O)c(OC4OCC(O)C(O)C4O)c3)oc2cc1OC1OC(C)C(O)C(O)C1O,sweet
O=c1cc(-c2ccc(O)c(O)c2)oc2cc(O)c(C3OC(OC4OCC(O)C(O)C4O)C(O)C(O)C3O)c(O)c12,sweet
CC1OC(OC2C(c3c(O)cc4oc(-c5ccc(O)c(O)c5)cc(=O)c4c3O)OCC(O)C2O)C(O)C(O)C1O,sweet
O=c1cc(-c2ccc(OC3OC(CO)C(O)C(O)C3O)c(O)c2)oc2c(C3OC(CO)C(O)C(O)C3O)c(O)cc(O)c12,sweet
O=c1cc(-c2ccc(O)c(O)c2)oc2c(C3OC(CO)C(O)C(O)C3O)c(OC3OC(CO)C(O)C(O)C3O)cc(O)c12,sweet
CC1OC(Oc2cc(O)c3c(=O)cc(-c4ccc(O)c(O)c4)oc3c2C2OC(CO)C(O)C(O)C2O)C(O)C(O)C1O,sweet
O=c1cc(-c2ccc(OC3OC(CO)C(O)C(O)C3O)c(O)c2)oc2cc(O)c(C3OC(CO)C(O)C(O)C3O)c(O)c12,sweet
O=c1cc(-c2ccc(O)c(OC3OC(CO)C(O)C(O)C3O)c2)oc2cc(O)c(C3OC(CO)C(O)C(O)C3O)c(O)c12,sweet
O=c1cc(-c2ccc(O)c(OC3OC(CO)C(O)C(O)C3O)c2)oc2c(C3OC(CO)C(O)C(O)C3O)c(O)cc(O)c12,sweet
CC1OC(OC2C(c3c(O)cc(O)c4c(=O)cc(-c5ccc(OC6OC(CO)C(O)C(O)C6O)c(O)c5)oc34)OC(CO)C(O)C2O)C(O)C(O)C1O,sweet
O=c1cc(-c2ccc(OC3OC(CO)C(O)C(O)C3O)c(O)c2)oc2cc(O)c(C3OC(CO)C(O)C(O)C3OC3OC(CO)C(O)C(O)C3O)c(O)c12,sweet
O=c1cc(-c2ccc(O)c(OC3OC(CO)C(O)C(O)C3O)c2)oc2cc(O)c(C3OC(OC4OC(CO)C(O)C(O)C4O)C(O)C(O)C3O)c(O)c12,sweet
CC1OC(OCC2OC(Oc3cc4oc(-c5ccc(O)c(O)c5)cc(=O)c4c(O)c3C3OC(CO)C(O)C(O)C3O)C(O)C(O)C2O)C(O)C(O)C1O,sweet
CC1OC(OC2C(Oc3cc(-c4cc(=O)c5c(O)c(C6OC(CO)C(O)C(O)C6O)c(O)cc5o4)ccc3O)OC(CO)C(O)C2O)C(O)C(O)C1O,sweet
O=c1cc(-c2ccc(O)c(OC3OC(CO)C(O)C(O)C3OC3OC(CO)C(O)C(O)C3O)c2)oc2cc(O)c(C3OC(CO)C(O)C(O)C3O)c(O)c12,sweet
COc1cc(-c2oc3cc(O)cc(O)c3c(=O)c2OC2OC(CO)C(O)C(O)C2OC2OCC(O)C(O)C2O)ccc1O,sweet
COc1cc(-c2oc3cc(O)cc(O)c3c(=O)c2OC2OC(CO)C(O)C(O)C2OC2OC(CO)C(O)C(O)C2O)ccc1O,sweet
COc1cc(-c2oc3cc(O)cc(O)c3c(=O)c2OC2OC(CO)C(O)C(OC3OC(CO)C(O)C(O)C3O)C2O)ccc1O,sweet
COc1cc(-c2oc3cc(OC4OCC(O)C(O)C4O)cc(O)c3c(=O)c2OC2OC(CO)C(O)C(O)C2O)ccc1O,sweet
COc1ccc(-c2oc3cc(O)cc(O)c3c(=O)c2OC2OC(C)C(O)C(O)C2O)cc1O,sweet
COc1ccc(-c2oc3cc(OC4OC(CO)C(O)C(O)C4O)cc(O)c3c(=O)c2O)cc1O,sweet
COc1ccc(-c2oc3cc(O)cc(O)c3c(=O)c2OC2OC(CO)C(O)C(O)C2OC2OC(C)C(O)C(O)C2O)cc1OC,sweet
COc1ccc(-c2oc3cc(OC4OC(CO)C(O)C(O)C4O)cc(O)c3c(=O)c2O)cc1OC,sweet
CC1OC(Oc2cc(O)c3c(=O)cc(-c4ccc(O)c(O)c4)oc3c2C2OC(C)C(O)C(O)C2O)C(O)C(O)C1O,sweet
CC1OC(Oc2c(C3OC(CO)C(O)C(O)C3O)c(O)c3c(=O)cc(-c4ccc(O)c(O)c4)oc3c2C2OC(CO)C(O)C(O)C2O)C(O)C(O)C1O,sweet
O=c1cc(-c2ccc(O)c(OC3OC(CO)C(O)C(O)C3O)c2)oc2c(C3OC(CO)C(O)C(O)C3O)c(O)c(C3OC(CO)C(O)C(O)C3O)c(O)c12,sweet
CC1OC(Oc2cc3oc(-c4ccc(O)c(O)c4)cc(=O)c3c(O)c2C2OC(CO)C(O)C(O)C2O)C(O)C(O)C1O,sweet
Cc1c(-c2ccc(O)c(O)c2)oc2cc(O)cc(OC3OC(C)C(O)C(O)C3O)c2c1=O,sweet
O=c1cc(-c2ccc(O)c(O)c2)oc2cc(OC3OCC(O)C(O)C3O)cc(O)c12,sweet
CC1OC(Oc2cc(O)c3c(=O)cc(-c4ccc(O)c(O)c4)oc3c2)C(O)C(O)C1O,sweet
O=c1cc(-c2ccc(O)c(OC3OCC(O)C(O)C3O)c2)oc2cc(O)cc(O)c12,sweet
CC1OC(OC2C(Oc3cc(O)c4c(=O)cc(-c5ccc(OC6OC(CO)C(O)C(O)C6OC6OC(CO)C(O)C(O)C6O)c(O)c5)oc4c3)OC(CO)C(O)C2O)C(O)C(O)C1O,sweet
O=c1cc(-c2ccc(O)c(O)c2)oc2cc(OC3OC(COC4OC(CO)C(O)C4O)C(O)C(O)C3O)cc(O)c12,sweet
O=c1cc(-c2ccc(O)c(O)c2)oc2cc(OC3OC(CO)C(O)C(O)C3OC3OCC(O)C(O)C3O)cc(O)c12,sweet
O=c1cc(-c2ccc(O)c(O)c2)oc2cc(OC3OC(CO)C(O)C(OC4OC(CO)C(O)C(O)C4O)C3O)cc(O)c12,sweet
O=c1cc(-c2ccc(O)c(OC3OCC(O)C(O)C3O)c2)oc2cc(OC3OC(CO)C(O)C(O)C3O)cc(O)c12,sweet
CC1OC(OC2C(Oc3ccc(-c4cc(=O)c5c(O)cc(O)cc5o4)cc3O)OC(CO)C(O)C2O)C(O)C(O)C1O,sweet
CC1OC(OCC2OC(Oc3cc(O)c4c(=O)cc(-c5ccc(O)c(OC6OC(CO)C(O)C(O)C6O)c5)oc4c3)C(O)C(O)C2O)C(O)C(O)C1O,sweet
CC1OC(OC2C(Oc3cc(O)c4c(=O)cc(-c5ccc(OC6OC(CO)C(O)C(O)C6O)c(O)c5)oc4c3)OC(CO)C(O)C2O)C(O)C(O)C1O,sweet
CC1OC(OC2C(Oc3ccc(-c4cc(=O)c5c(O)cc(OC6OC(CO)C(O)C(O)C6O)cc5o4)cc3O)OC(CO)C(O)C2O)C(O)C(O)C1O,sweet
O=c1cc(-c2ccc(OC3OC(CO)C(O)C(O)C3O)c(O)c2)oc2cc(OC3OC(COC4OC(CO)C(O)C(O)C4O)C(O)C(O)C3O)cc(O)c12,sweet
CC1OC(OC2C(Oc3cc(O)c4c(=O)cc(-c5ccc(O)c(O)c5)oc4c3)OC(COC(=O)CC(=O)O)C(O)C2O)C(O)C(O)C1O,sweet
CC1OC(OCC2OC(Oc3ccc(-c4cc(=O)c5c(O)cc(O)cc5o4)cc3O)C(O)C(O)C2O)C(O)C(O)C1O,sweet
CCC(C)C(=O)OCC1OC(Oc2cc(O)c3c(=O)cc(-c4ccc(O)c(O)c4)oc3c2)C(O)C(O)C1O,sweet
O=c1cc(-c2ccc(O)c(O)c2)oc2cc(OC3OCC(OC4OC(CO)C(O)C(O)C4O)C(O)C3O)cc(O)c12,sweet
O=c1cc(-c2ccc(O)c(OC3OC(CO)C(O)C(O)C3OC3OCC(O)C(O)C3O)c2)oc2cc(O)cc(O)c12,sweet
O=c1cc(-c2ccc(O)c(O)c2)oc2cc(OC3OC(CO)C(O)C(O)C3OC3OC(CO)C(O)C(O)C3OC3OC(CO)C(O)C(O)C3O)cc(O)c12,sweet
CC=C(C)C(=O)Oc1ccc(-c2cc(=O)c3c(O)cc(OC4OC(CO)C(O)C(O)C4O)cc3o2)cc1O,sweet
COc1cc(-c2cc(=O)c3c(O)cc(O)c(C4OC(CO)C(O)C(O)C4OC4OCC(O)C(O)C4O)c3o2)ccc1O,sweet
COc1cc(-c2cc(=O)c3c(O)c(C4OC(CO)C(O)C(O)C4OC4OC(CO)C(O)C(O)C4O)c(O)cc3o2)ccc1O,sweet
COc1cc(-c2cc(=O)c3c(O)c(C4OC(CO)C(O)C(O)C4OC4OC(C)C(O)C(O)C4O)c(O)cc3o2)ccc1O,sweet
COc1cc(-c2cc(=O)c3c(O)cc(O)c(C4OC(CO)C(O)C(O)C4OC4OC(C)C(O)C(O)C4O)c3o2)ccc1O,sweet
COc1cc(-c2cc(=O)c3c(O)cc(O)c(C4OC(CO)C(O)C(O)C4OC4OC(CO)C(O)C(O)C4O)c3o2)ccc1O,sweet
COc1cc(-c2cc(=O)c3c(O)cc(O)c(C4OCC(O)C(O)C4OC4OC(CO)C(O)C(O)C4O)c3o2)ccc1O,sweet
COc1cc(-c2cc(=O)c3c(O)cc(O)c(C4OC(COC5OC(CO)C(O)C(O)C5O)C(O)C(O)C4O)c3o2)ccc1O,sweet
COc1cc(-c2cc(=O)c3c(O)c(C4OC(CO)C(O)C(O)C4O)c(O)cc3o2)ccc1OC1OC(CO)C(O)C(O)C1O,sweet
COc1cc(-c2cc(=O)c3c(O)c(C4OC(CO)C(O)C(O)C4O)c(OC4OC(CO)C(O)C(O)C4O)cc3o2)ccc1O,sweet
COc1cc(-c2cc(=O)c3c(O)cc(OC4OC(CO)C(O)C(O)C4O)c(C4OC(CO)C(O)C(O)C4O)c3o2)ccc1O,sweet
COc1cc(-c2cc(=O)c3c(OC4OC(CO)C(O)C(O)C4O)cc(O)cc3o2)ccc1O,sweet
COc1cc(-c2cc(=O)c3c(O)cc(OC4OC(C)C(O)C(O)C4O)cc3o2)ccc1O,sweet
COc1cc(-c2cc(=O)c3c(O)cc(OC4OC(CO)C(O)C(O)C4OC4OCC(O)C(O)C4O)cc3o2)ccc1O,sweet
COc1cc(-c2cc(=O)c3c(OC4OC(CO)C(O)C(O)C4O)cc(O)cc3o2)ccc1OC1OC(CO)C(O)C(O)C1O,sweet
COc1cc(-c2cc(=O)c3c(O)cc(OC4OCC(O)C(O)C4O)cc3o2)ccc1OC1OCC(O)C(O)C1O,sweet
COc1cc(-c2cc(=O)c3c(O)cc(OC4OC(CO)C(O)C(O)C4O)cc3o2)ccc1OC1OC(CO)C(O)C(O)C1O,sweet
COc1cc(-c2cc(=O)c3c(O)cc(OC4OC(CO)C(O)C(O)C4OC4OC(CO)C(O)C(O)C4OC4OC(CO)C(O)C(O)C4O)cc3o2)ccc1O,sweet
COc1cc(-c2cc(=O)c3c(O)cc(OC4OC(COC(=O)CC(=O)O)C(O)C(O)C4O)cc3o2)ccc1O,sweet
COc1cc(-c2cc(=O)c3c(O)cc(OC4OC(COC5OC(CO)C(O)C5O)C(O)C(O)C4O)cc3o2)ccc1O,sweet
COc1cc(-c2cc(=O)c3c(O)cc(OC4OC(COC5OCC(O)(CO)C5O)C(O)C(O)C4O)cc3o2)ccc1O,sweet
COc1cc(-c2cc(=O)c3c(O)cc(OC4OC(CO)C(O)C(O)C4OC4OC(C)C(O)C(O)C4O)cc3o2)ccc1O,sweet
COc1ccc(-c2cc(=O)c3c(O)cc(O)c(C4OC(CO)C(O)C(O)C4OC4OC(C)C(O)C(O)C4O)c3o2)cc1O,sweet
COc1ccc(-c2cc(=O)c3c(O)cc(O)c(C4OC(CO)C(OC5OC(C)C(O)C(O)C5O)C(O)C4O)c3o2)cc1O,sweet
COc1ccc(-c2cc(=O)c3c(O)c(C4OC(C)C(O)C(=O)C4OC4OC(C)C(O)C(O)C4O)c(O)cc3o2)cc1O,sweet
COc1ccc(-c2cc(=O)c3c(O)cc(OC4OC(COC5OC(CO)C(O)C5O)C(O)C(O)C4O)cc3o2)cc1O,sweet
COc1ccc(-c2cc(=O)c3c(O)cc(OC4OC(CO)C(O)C(O)C4OC4OC(CO)C(O)C(O)C4O)cc3o2)cc1O,sweet
COc1ccc(-c2cc(=O)c3c(O)cc(OC4OC(COC(=O)CC(=O)O)C(O)C(O)C4O)cc3o2)cc1O,sweet
COc1ccc(-c2cc(=O)c3c(O)cc(OC4OC(CO)C(OC5OC(C)C(O)C(O)C5O)C(O)C4OC4OC(C)C(O)C(O)C4O)cc3o2)cc1O,sweet
COc1ccc(-c2cc(=O)c3c(O)cc(OC4OC(C)C(O)C(O)C4O)cc3o2)cc1OC,sweet
CC(C)CCc1c(-c2cc(O)c(O)c(O)c2)oc2cc(O)cc(OC3OC(CO)C(O)C(O)C3OC3OC(C)C(O)C(O)C3O)c2c1=O,sweet
O=c1cc(-c2cc(O)c(O)c(O)c2)oc2cc(OC3OC(CO)C(O)C(O)C3O)cc(O)c12,sweet
O=c1cc(-c2cc(O)c(O)c(OC3OCC(O)C(O)C3O)c2)oc2cc(O)cc(O)c12,sweet
O=c1cc(-c2cc(OC3OC(CO)C(O)C(O)C3O)c(O)c(OC3OC(CO)C(O)C(O)C3O)c2)oc2cc(O)cc(O)c12,sweet
CC1OC(OC2C(C)OC(Oc3cc(-c4cc(=O)c5c(O)cc(O)cc5o4)cc(O)c3O)C(O)C2O)C(O)C(O)C1O,sweet
COc1cc(-c2cc(=O)c3c(O)cc(OC4OC(CO)C(O)C(O)C4O)cc3o2)cc(O)c1O,sweet
COc1cc(-c2cc(=O)c3c(O)c(C4OC(CO)C(O)C(O)C4O)c(OC4OC(CO)C(O)C(O)C4O)cc3o2)cc(OC)c1O,sweet
COc1cc(-c2cc(=O)c3c(O)cc(OC4OCC(O)C(O)C4O)cc3o2)cc(OC)c1O,sweet
COc1cc(-c2cc(=O)c3c(O)cc(OC4OC(CO)C(O)C(O)C4OC4OC(C)C(O)C(O)C4O)cc3o2)cc(OC)c1O,sweet
COc1cc(-c2cc(=O)c3c(O)cc(O)cc3o2)cc(OC)c1OC1OC(CO)C(O)C(O)C1O,sweet
COc1cc(-c2cc(=O)c3c(O)cc(OC4OC(COC5OC(C)C(O)C(O)C5O)C(O)C(O)C4O)cc3o2)cc(OC)c1O,sweet
COc1cc(-c2cc(=O)c3c(OC4OC(CO)C(O)C(O)C4O)cc(OC4OC(CO)C(O)C(O)C4O)cc3o2)cc(OC)c1O,sweet
COc1cc(-c2cc(=O)c3c(O)cc(OC4OC(COC5OC(C)C(O)C(O)C5O)C(O)C(O)C4O)cc3o2)cc(OC)c1OC1OC(CO)C(O)C(O)C1O,sweet
O=c1cc(-c2cc(OC3OC(CO)C(O)C(O)C3O)c(O)cc2O)oc2cc(O)cc(O)c12,sweet
COc1cc(OC2OC(CO)C(O)C(O)C2O)cc2oc(-c3ccc(O)c(O)c3)cc(=O)c12,sweet
COc1cc(OC2OC(COC3OCC(O)C(O)C3O)C(O)C(O)C2O)cc2oc(-c3ccc(O)c(O)c3)cc(=O)c12,sweet
COc1cc(O)cc2oc(-c3ccc(O)c(OC4OC(CO)C(O)C(O)C4O)c3)cc(=O)c12,sweet
COc1cc(-c2cc(=O)c3c(OC)cc(OC4OC(CO)C(O)C(O)C4O)cc3o2)ccc1O,sweet
COc1cc2oc(-c3ccc(O)c(O)c3)cc(=O)c2c(O)c1C1OC(CO)C(O)C(O)C1OC1OC(CO)C(O)C(O)C1O,sweet
COc1cc2oc(-c3ccc(O)c(O)c3)cc(=O)c2c(O)c1C1OC(CO)C(O)C(O)C1OC1OC(C)C(O)C(O)C1O,sweet
COc1cc2oc(-c3ccc(O)c(OC4OC(CO)C(O)C(O)C4O)c3)cc(=O)c2c(O)c1C1OC(CO)C(O)C(O)C1O,sweet
COc1cc2oc(-c3ccc(OC4OC(C)C(O)C(O)C4O)c(O)c3)cc(=O)c2c(O)c1C1OC(CO)C(O)C(O)C1O,sweet
COc1cc2oc(-c3ccc(O)c(OC4OC(COC5OC(CO)C(O)C(O)C5O)C(O)C(O)C4O)c3)cc(=O)c2c(O)c1C1OC(CO)C(O)C(O)C1O,sweet
COc1cc(O)c2c(=O)cc(-c3ccc(OC4OC(C)C(O)C(O)C4O)c(O)c3)oc2c1,sweet
COc1cc(OC2OC(C)C(O)C(O)C2O)c2c(=O)cc(-c3ccc(O)c(OC)c3)oc2c1,sweet
CCC1OC(Oc2cc(OC)cc3oc(-c4ccc(O)c(OC)c4)cc(=O)c23)C(O)C(O)C1O,sweet
COc1cc(O)c2c(=O)cc(-c3ccc(OC)c(OC4OC(CO)C(O)C(O)C4O)c3)oc2c1,sweet
COc1cc(OC2OC(COC3OCC(O)C(O)C3O)C(O)C(O)C2O)c2c(=O)cc(-c3ccc(OC)c(O)c3)oc2c1,sweet
COc1ccc(-c2cc(=O)c3c(O)c(C4OC(CO)C(O)C(O)C4OC4OC(C)C(O)C(O)C4O)c(OC)cc3o2)cc1OC,sweet
COc1cc(O)c2c(=O)cc(-c3cc(OC4OC(C)C(O)C(O)C4O)c(O)c(OC4OC(CO)C(O)C(O)C4O)c3)oc2c1,sweet
COc1cc(OC2OC(C)C(O)C(O)C2OC2OCC(O)C(O)C2O)c2c(=O)cc(-c3cc(OC)c(OC)c(OC)c3)oc2c1,sweet
COc1c(OC2OC(CO)C(O)C(O)C2O)cc2oc(-c3ccccc3O)cc(=O)c2c1O,sweet
COc1cc2oc(-c3c(O)cccc3OC3OC(CO)C(O)C(O)C3O)cc(=O)c2c(O)c1OC,sweet
CC1OC(Oc2cc3oc(-c4ccccc4)cc(=O)c3c(O)c2O)C(O)C(O)C1O,sweet
COc1c(O)cc2oc(-c3ccccc3)cc(=O)c2c1OC1OC(C)C(O)C(O)C1O,sweet
COc1c(OC2OC(C)C(O)C(OC3OC(CO)C(O)C(O)C3O)C2O)cc2oc(-c3ccccc3)cc(=O)c2c1O,sweet
COc1cc2oc(-c3ccccc3)cc(=O)c2c(O)c1OC1OCC(O)C(O)C1O,sweet
O=c1cc(-c2ccc(O)cc2)oc2cc(O)c(OC3OCC(O)C(O)C3O)c(O)c12,sweet
CC1OC(Oc2cc3oc(-c4ccc(O)cc4)cc(=O)c3c(O)c2O)C(O)C(O)C1OC1OCC(O)C(O)C1O,sweet
CC1OC(Oc2cc3oc(-c4ccc(O)cc4)cc(=O)c3c(O)c2O)C(O)C(O)C1OC1OC(CO)C(O)C(O)C1O,sweet
CC1OC(OC2C(Oc3cc4oc(-c5ccc(O)cc5)cc(=O)c4c(O)c3O)OC(CO)C(O)C2O)C(O)C(O)C1O,sweet
CC1OC(OC2C(Oc3c(O)cc4oc(-c5ccc(O)cc5)cc(=O)c4c3O)OC(CO)C(O)C2O)C(O)C(O)C1O,sweet
CC1OC(Oc2cc3oc(-c4ccc(O)cc4)cc(=O)c3c(O)c2OC2OCC(O)C(O)C2O)C(O)C(O)C1O,sweet
CC1OC(Oc2ccc(-c3cc(=O)c4c(O)c(O)c(OC5OC(C)C(O)C(O)C5O)cc4o3)cc2)C(O)C(O)C1O,sweet
COc1cc2oc(-c3ccc(OC4OC(COC5OC(C)C(O)C(O)C5O)C(O)C(O)C4O)cc3)cc(=O)c2c(O)c1OC,sweet
COc1ccc(-c2cc(=O)c3c(O)c(OC4OC(CO)C(O)C(O)C4O)c(OC)cc3o2)cc1,sweet
O=c1cc(-c2ccc(O)cc2)oc2cc(OC3OC(COC4OCC(O)C(O)C4O)C(O)C(O)C3O)c(O)c(O)c12,sweet
COc1c(OC2OC(CO)C(O)C(O)C2OC2OC(C)C(O)C(O)C2O)cc2oc(-c3ccc(O)cc3)cc(=O)c2c1O,sweet
COc1ccc(-c2cc(=O)c3c(O)c(OC4OC(CO)C(O)C(O)C4OC4OCC(O)C(O)C4O)c(OC)cc3o2)cc1,sweet
COc1c(OC2OC(COC3OC(C)C(O)C(O)C3O)C(O)C(O)C2O)cc2oc(-c3ccc(O)cc3)cc(=O)c2c1O,sweet
COc1cc2oc(-c3ccc(O)cc3)cc(=O)c2c(O)c1OC1OC(CO)C(O)C(O)C1O,sweet
COc1cc2oc(-c3ccc(O)cc3)cc(=O)c2c(O)c1OC1OCC(OC2OC(C)C(O)C(O)C2O)C(O)C1O,sweet
O=c1cc(-c2ccc(O)cc2)oc2cc(OC3OCC(O)C(O)C3OC3OCC(O)C(O)C3O)c(O)c(O)c12,sweet
COc1c(OC2OCC(O)C(O)C2OC2OCC(O)C(O)C2O)cc2oc(-c3ccc(O)cc3)cc(=O)c2c1O,sweet
COc1ccc(-c2cc(=O)c3c(O)c(O)c(OC4OC(COC5OC(C)C(O)C(O)C5O)C(O)C(O)C4O)cc3o2)cc1,sweet
COc1ccc(-c2cc(=O)c3c(OC)c(O)c(OC4OC(CO)C(O)C(O)C4O)cc3o2)cc1,sweet
O=c1cc(-c2ccc(O)c(O)c2)oc2cc(O)c(OC3OCC(O)C(O)C3O)c(O)c12,sweet
CC1OC(Oc2c(O)c(O)cc3oc(-c4ccc(O)c(O)c4)cc(=O)c23)C(O)C(O)C1O,sweet
O=c1cc(-c2ccc(O)c(O)c2)oc2cc(OC3OCC(O)C(O)C3O)c(O)c(O)c12,sweet
CC1OC(Oc2cc3oc(-c4ccc(O)c(O)c4)cc(=O)c3c(O)c2O)C(O)C(O)C1O,sweet
CC1OC(OC2COC(Oc3cc4oc(-c5ccc(O)c(O)c5)cc(=O)c4c(O)c3O)C(O)C2O)C(O)C(O)C1O,sweet
CC1OC(Oc2cc(-c3cc(=O)c4c(O)c(OC5OC(CO)C(O)C(O)C5O)c(O)cc4o3)ccc2O)C(O)C(O)C1O,sweet
CC1OC(OCC2OC(Oc3cc4oc(-c5ccc(O)c(O)c5)cc(=O)c4c(O)c3O)C(O)C(O)C2O)C(O)C(O)C1O,sweet
CC1OC(Oc2ccc(-c3cc(=O)c4c(O)c(O)c(OC5OCC(O)C(O)C5O)cc4o3)cc2O)C(O)C(O)C1O,sweet
COc1cc(-c2cc(=O)c3c(O)c(O)c(OC4OC(CO)C(O)C(O)C4OC4OC(CO)C(O)C(O)C4O)cc3o2)ccc1O,sweet
COc1ccc(-c2cc(=O)c3c(O)c(O)c(OC4OC(CO)C(O)C(O)C4OC4OC(CO)C(O)C(O)C4O)cc3o2)cc1O,sweet
CCC1OC(Oc2ccc(-c3cc(=O)c4c(O)c(OC)c(OC)cc4o3)cc2O)C(O)C(O)C1O,sweet
COc1ccc(-c2cc(=O)c3c(O)c(OC)c(OC4OC(CO)C(O)C(O)C4O)cc3o2)cc1O,sweet
COc1ccc(-c2cc(=O)c3c(O)c(OC)c(OC4OC(COC5OC(C)C(O)C(O)C5O)C(O)C(O)C4O)cc3o2)cc1O,sweet
COc1cc(-c2cc(=O)c3c(O)c(OC4OC(CO)C(O)C(O)C4O)c(OC)cc3o2)ccc1O,sweet
CC1OC(Oc2c(O)cc3oc(-c4ccc(O)c(O)c4)cc(=O)c3c2O)C(O)C(O)C1O,sweet
O=c1cc(-c2ccc(O)c(O)c2)oc2cc(OC3OCC(O)C(O)C3OC3OCC(O)C(O)C3O)c(O)c(O)c12,sweet
COc1c(O)cc2oc(-c3ccc(OC4OC(CO)C(O)C(O)C4O)c(O)c3)cc(=O)c2c1O,sweet
COc1c(OC2OC(C)C(O)C(O)C2O)cc2oc(-c3ccc(O)c(OC4OCC(O)C(O)C4O)c3)cc(=O)c2c1O,sweet
COc1cc(-c2cc(=O)c3c(OC4OC(C)C(O)C(O)C4O)c(OC)c(O)cc3o2)ccc1O,sweet
CC1OC(Oc2c(O)c(O)cc3oc(-c4cc(O)c(O)c(O)c4)cc(=O)c23)C(O)C(O)C1O,sweet
COc1cc(-c2cc(=O)c3c(O)c(OC)c(OC4OC(COC5OCC(O)C(O)C5O)C(O)C(O)C4O)cc3o2)cc(OC)c1O,sweet
COc1cc(-c2cc(=O)c3c(O)c(OC)c(O)cc3o2)cc(OC2OC(C)C(O)C(O)C2O)c1OC,sweet
COc1cc(-c2cc(=O)c3c(OC4OC(COC5OC(C)C(O)C(O)C5O)C(O)C(O)C4O)c(OC)c(OC)cc3o2)cc(OC)c1O,sweet
COc1cc(-c2cc(=O)c3c(OC4OC(C)C(O)C(O)C4O)c(OC)c(OC)cc3o2)cc(OC)c1O,sweet
COc1c(O)ccc(OC2OC(CO)C(O)C(O)C2O)c1-c1cc(=O)c2c(O)cc(O)c(OC)c2o1,sweet
COc1cc(O)c2c(=O)cc(-c3ccccc3OC3OC(CO)C(O)C(O)C3O)oc2c1OC,sweet
COc1c(OC2OC(CO)C(O)C(O)C2O)cc(O)c2c(=O)cc(-c3ccccc3)oc12,sweet
O=c1cc(-c2ccccc2)oc2c(O)c(O)cc(OC3OC(CO)C(O)C(O)C3O)c12,sweet
O=c1cc(-c2ccccc2)oc2c(O)c(OC3OC(CO)C(O)C(O)C3O)cc(O)c12,sweet
CC1OC(OC2C(Oc3cc(O)c4c(=O)cc(-c5ccc(O)cc5)oc4c3O)OC(CO)C(O)C2O)C(O)C(O)C1O,sweet
O=c1cc(-c2ccc(O)cc2)oc2c(O)c(OC3OC(CO)C(O)C(O)C3O)cc(O)c12,sweet
COc1ccc(-c2cc(=O)c3c(O)cc(OC4OC(CO)C(O)C(O)C4OC4OC(CO)C(O)C(O)C4O)c(O)c3o2)cc1,sweet
COc1ccc(-c2cc(=O)c3c(O)cc(O)c(OC4OC(CO)C(O)C(O)C4O)c3o2)cc1,sweet
COc1cc(-c2cc(=O)c3c(O)cc(OC4OC(CO)C(O)C(O)C4O)c(O)c3o2)ccc1O,sweet
COc1cc(-c2cc(=O)c3c(O)cc(OC4OC(CO)C(O)C(O)C4OC4OC(CO)C(O)C(O)C4O)c(O)c3o2)ccc1O,sweet
COc1ccc(-c2cc(=O)c3c(O)cc(OC4OC(CO)C(O)C(O)C4OC4OC(CO)C(O)C(O)C4O)c(O)c3o2)cc1O,sweet
COc1ccc(-c2cc(=O)c3c(O)cc(O)c(OC4OC(CO)C(O)C(O)C4O)c3o2)cc1O,sweet
CC1OC(Oc2c(O)cc(O)c3c(=O)cc(-c4ccc(O)c(O)c4)oc23)C(O)C(O)C1O,sweet
COc1cc(-c2cc(=O)c3c(O)cc(OC)c(O)c3o2)ccc1OC1OC(CO)C(O)C(O)C1O,sweet
COc1c(OC)c(O)c2c(=O)cc(-c3c(O)cccc3OC3OC(CO)C(O)C(O)C3O)oc2c1OC,sweet
COc1c(OC)c(O)c2c(=O)cc(-c3ccc(O)cc3)oc2c1OC1OC(CO)C(O)C(O)C1O,sweet
COc1ccc(-c2cc(=O)c3c(OC4OC(CO)C(O)C(O)C4O)c(OC)c(O)c(OC)c3o2)cc1,sweet
COc1ccc(-c2cc(=O)c3c(O)c(OC)c(OC4OC(CO)C(O)C(O)C4O)c(OC)c3o2)cc1,sweet
COc1ccc(-c2cc(=O)c3c(OC4OC(COC5OC(CO)C(O)C(O)C5O)C(O)C(O)C4O)c(OC)c(O)c(OC)c3o2)cc1,sweet
COc1ccc(-c2cc(=O)c3c(O)c(OC)c(OC4OC(COC5OC(C)C(O)C(O)C5O)C(O)C(O)C4O)c(OC)c3o2)cc1,sweet
COc1c(OC2OC(CO)C(O)C(O)C2O)c(OC)c2oc(-c3ccc(O)c(O)c3)cc(=O)c2c1O,sweet
COc1c(OC)c(O)c2c(=O)cc(-c3ccc(O)c(O)c3)oc2c1OC1OC(CO)C(O)C(O)C1O,sweet
COc1c(OC2OC(CO)C(O)C(O)C2O)c(O)c(O)c2c(=O)cc(-c3ccc(O)c(O)c3)oc12,sweet
COc1c(OC2OC(CO)C(O)C(O)C2O)c(O)c2c(=O)cc(-c3ccc(O)c(O)c3)oc2c1OC,sweet
O=c1cc(-c2ccc(O)c(O)c2)oc2c(O)c(OC3OC(CO)C(O)C(O)C3O)c(O)c(O)c12,sweet
O=c1c(O)c(-c2ccc(OC3OC(CO)C(O)C(O)C3O)c(O)c2)oc2cc(O)ccc12,sweet
CC1OC(OCC2OC(Oc3ccc4c(=O)c(O)c(-c5ccc(O)c(O)c5)oc4c3)C(O)C(O)C2O)C(O)C(O)C1O,sweet
COc1cc(-c2oc3cc(O)ccc3c(=O)c2O)ccc1OC1OC(CO)C(O)C(O)C1O,sweet
O=c1c(O)c(-c2ccc(O)c(O)c2)oc2cc(OC3OCC(O)C(O)C3O)cc(O)c12,sweet
CC1OC(Oc2cc(O)c3c(=O)c(OC4OCC(O)C(O)C4O)c(-c4ccc(O)c(O)c4)oc3c2)C(O)C(O)C1O,sweet
CC1OC(Oc2c(-c3ccc(O)c(O)c3)oc3cc(OC4OCC(O)C(O)C4O)cc(O)c3c2=O)C(O)C(O)C1O,sweet
CC1OC(OCC2OC(Oc3cc(O)c4c(=O)c(O)c(-c5ccc(O)c(O)c5)oc4c3)C(O)C(O)C2O)C(O)C(O)C1O,sweet
O=c1c(O)c(-c2ccc(OC3OC(O)C(O)C(O)C3O)c(O)c2)oc2cc(O)cc(O)c12,sweet
CC1OC(Oc2c(-c3ccc(O)c(OC4OC(CO)C(O)C(O)C4O)c3)oc3cc(O)cc(O)c3c2=O)C(O)C(O)C1O,sweet
COc1cc(-c2oc3cc(OC4OC(C)C(O)C(O)C4O)cc(O)c3c(=O)c2OC2OC(CO)C(O)C(O)C2O)ccc1O,sweet
COc1cc(-c2oc3cc(O)cc(O)c3c(=O)c2OC2OC(CO)C(O)C(O)C2O)ccc1OC1OC(C)C(O)C(O)C1O,sweet
CCC1OC(Oc2cc(O)cc3oc(-c4ccc(O)c(OC)c4)c(O)c(=O)c23)C(O)C(O)C1O,sweet
COc1cc(-c2oc3cc(O)cc(O)c3c(=O)c2OC2OC(C)C(O)C(O)C2OC2OCC(O)C(O)C2O)ccc1O,sweet
COc1cc(-c2oc3cc(O)cc(O)c3c(=O)c2OC2OC(C)C(O)C(O)C2OC2OC(C)C(O)C(O)C2O)ccc1O,sweet
COc1cc(-c2oc3cc(OC4OC(C)C(O)C(O)C4O)cc(O)c3c(=O)c2OC2OCC(O)C(O)C2O)ccc1O,sweet
COc1cc(-c2oc3cc(OC4OC(CO)C(O)C(O)C4O)cc(O)c3c(=O)c2OC2OC(C)C(O)C(O)C2O)ccc1O,sweet
COc1cc(-c2oc3cc(OC4OC(C)C(O)C(O)C4O)cc(O)c3c(=O)c2OC2OC(C)C(O)C(O)C2O)ccc1O,sweet
COc1cc(-c2oc3cc(O)cc(O)c3c(=O)c2O)ccc1OC1OC(CO)C(O)C(O)C1OC1OC(C)C(O)C(O)C1O,sweet
COc1ccc(-c2oc3c(CC=C(C)C)c(O)cc(O)c3c(=O)c2OC2OC(C)C(O)C(O)C2O)cc1O,sweet
COc1ccc(-c2oc3cc(OC4OC(CO)C(O)C(O)C4O)cc(O)c3c(=O)c2OC2OC(CO)C(O)C(O)C2O)cc1O,sweet
CC1OC(Oc2cc(-c3oc4cc(O)cc(O)c4c(=O)c3O)cc(O)c2O)C(O)C(O)C1O,sweet
COc1cc(-c2oc3cc(O)cc(O)c3c(=O)c2OC2OC(CO)C(O)C(O)C2O)cc(O)c1O,sweet
COc1cc(-c2oc3cc(O)cc(O)c3c(=O)c2OC2OC(COC3OC(C)C(O)C(O)C3O)C(O)C(O)C2O)cc(O)c1O,sweet
COc1cc(-c2oc3cc(O)cc(O)c3c(=O)c2OC2OC(C)C(O)C(O)C2O)cc(O)c1O,sweet
CCC1OC(Oc2c(-c3cc(OC)c(O)c(OC)c3)oc3cc(O)cc(O)c3c2=O)C(O)C(O)C1O,sweet
COc1cc(-c2oc3cc(O)cc(O)c3c(=O)c2OC2OCC(O)C(O)C2O)cc(OC)c1O,sweet
COc1cc(-c2oc3cc(O)cc(O)c3c(=O)c2OC2OC(C)C(O)C(O)C2O)cc(OC)c1O,sweet
COc1c(O)cc(-c2oc3cc(O)cc(O)c3c(=O)c2OC2OC(CO)C(OC3OC(CO)C(O)C(O)C3O)C(O)C2O)cc1O,sweet
COc1c(O)cc(-c2oc3cc(OC4OC(C)C(O)C(O)C4O)cc(O)c3c(=O)c2OC2OC(C)C(O)C(O)C2O)cc1O,sweet
COc1cc(-c2oc3cc(O)cc(O)c3c(=O)c2OC2OC(CO)C(O)C(O)C2O)cc(O)c1OC,sweet
COc1cc(O)cc2oc(-c3ccc(O)c(O)c3)c(OC3OC(CO)C(O)C(O)C3O)c(=O)c12,sweet
COc1cc(O)cc2oc(-c3ccc(O)c(O)c3)c(OC3OC(COC4OC(C)C(O)C(O)C4O)C(O)C(O)C3O)c(=O)c12,sweet
COc1cc(OC2OC(CO)C(O)C(O)C2O)cc2oc(-c3cc(O)c(O)c(O)c3)c(O)c(=O)c12,sweet
COc1cc(O)c2c(=O)c(OC3OC(COC4OC(CO)C(O)C(O)C4O)C(O)C(O)C3O)c(-c3ccc(O)c(O)c3)oc2c1,sweet
COc1cc(O)c2c(=O)c(OC3OC(CO)C(O)C(O)C3O)c(-c3ccc(O)c(OC4OC(C)C(O)C(O)C4O)c3)oc2c1,sweet
COc1cc(O)c2c(=O)c(OC3OC(CO)C(O)C(O)C3O)c(-c3ccc(OC4OC(CO)C(O)C(O)C4O)c(O)c3)oc2c1,sweet
COc1cc(O)c2c(=O)c(OC3OCC(O)C(O)C3O)c(-c3ccc(O)c(O)c3)oc2c1,sweet
COc1cc(OC2OC(CO)C(O)C(O)C2O)c2c(=O)c(O)c(-c3ccc(O)c(O)c3)oc2c1,sweet
COc1cc(O)c2c(=O)c(OC3OC(C)C(OC4OC(C)C(O)C(O)C4O)C(O)C3O)c(-c3ccc(O)c(O)c3)oc2c1,sweet
COc1cc(O)c2c(=O)c(OC3OC(CO)C(O)C(OC4OC(CO)C(O)C(O)C4O)C3O)c(-c3ccc(O)c(O)c3)oc2c1,sweet
COc1cc(O)c2c(=O)c(O)c(-c3ccc(OC4OC(CO)C(O)C(O)C4O)c(OC)c3)oc2c1,sweet
COc1cc(O)c2c(=O)c(OC3OC(CO)C(O)C(O)C3OC3OCC(O)C(O)C3O)c(-c3ccc(O)c(OC)c3)oc2c1,sweet
COc1cc(O)c2c(=O)c(OC3OC(CO)C(O)C(O)C3O)c(-c3ccc(OC)c(O)c3)oc2c1,sweet
COc1ccc(-c2oc3c(CC=C(C)C)c(OC)cc(O)c3c(=O)c2OC2OC(C)C(OC3OC(C)C(O)C(O)C3O)C(O)C2O)cc1O,sweet
COc1cc(O)c2c(=O)c(OC3OC(CO)C(O)C(O)C3OC3OC(C)C(O)C(O)C3O)c(-c3ccc(OC)c(O)c3)oc2c1,sweet
COc1cc(O)c2c(=O)c(OC3OCC(O)C(O)C3O)c(-c3ccc(OC)c(OC)c3)oc2c1,sweet
COc1cc(O)c2c(=O)c(OC3OC(C)C(O)C(O)C3O)c(-c3ccc(OC)c(OC)c3)oc2c1,sweet
COc1cc(O)c2c(=O)c(OC3OC(C)C(O)C(O)C3O)c(-c3cc(O)c(OC4OC(C)C(O)C(O)C4O)c(O)c3)oc2c1,sweet
COc1cc(O)c2c(=O)c(OC3OC(CO)C(O)C(O)C3O)c(-c3cc(O)c(OC)c(O)c3)oc2c1,sweet
COc1cc(O)c2c(=O)c(OC)c(-c3ccc(O)c(OC4OC(CO)C(O)C(O)C4OC4OC(C)C(O)C(O)C4O)c3)oc2c1,sweet
COc1c(-c2ccc(O)c(O)c2)oc2cc(OC3OC(C)C(O)C(O)C3O)cc(O)c2c1=O,sweet
COc1c(-c2ccc(O)c(OC3OC(CO)C(O)C(O)C3O)c2)oc2cc(O)cc(O)c2c1=O,sweet
COc1c(-c2ccc(OC3OC(CO)C(O)C(O)C3O)c(O)c2)oc2cc(O)cc(O)c2c1=O,sweet
COc1c(-c2ccc(O)c(OC3OCC(O)C(O)C3O)c2)oc2cc(OC3OC(C)C(O)C(O)C3O)cc(O)c2c1=O,sweet
COc1c(-c2ccc(O)c(O)c2)oc2cc(OC3OC(CO)C(O)C(O)C3O)cc(OC)c2c1=O,sweet
COc1cc(OC2OC(CO)C(O)C(O)C2O)c2c(=O)c(OC)c(-c3ccc(O)c(O)c3)oc2c1,sweet
COc1cc(O)c2c(=O)c(OC)c(-c3ccc(OC4OC(CO)C(O)C(O)C4O)c(O)c3)oc2c1,sweet
COc1c(-c2ccc(O)c(O)c2)oc2cc(OC3OC(CO)C(OC4OC(CO)C(O)C(O)C4O)C(O)C3O)cc(O)c2c1=O,sweet
COc1cc(-c2oc3cc(O)cc(O)c3c(=O)c2OC)ccc1OC1OC(CO)C(O)C(O)C1O,sweet
COc1cc(-c2oc3cc(OC4OC(COC5OC(C)C(O)C(O)C5O)C(O)C(O)C4O)cc(O)c3c(=O)c2OC)ccc1O,sweet
COc1ccc(-c2oc3cc(OC4OC(CO)C(O)C(O)C4O)cc(O)c3c(=O)c2OC)cc1O,sweet
COc1ccc(-c2oc3cc(OC4OC(C)C(O)C(O)C4O)cc(O)c3c(=O)c2OC)cc1O,sweet
COc1c(-c2cc(O)c(O)c(OC3OCC(O)C(O)C3O)c2)oc2cc(O)cc(O)c2c1=O,sweet
COc1c(-c2cc(O)c(O)c(OC3OC(CO)C(O)C(O)C3O)c2)oc2cc(O)cc(O)c2c1=O,sweet
COc1c(O)cc(-c2oc3cc(O)cc(O)c3c(=O)c2OC)cc1OC1OCC(O)C(O)C1O,sweet
COc1c(O)cc(-c2oc3cc(OC4OC(C)C(O)C(O)C4O)cc(O)c3c(=O)c2OC)cc1OC1OCC(O)C(O)C1O,sweet
COc1cc(-c2cc(=O)c3c(O)c(OC)c(OC)c(OC)c3o2)ccc1OC1OC(O)C(O)C(O)C1O,sweet
COC(=O)CCCNC(=O)C(Cc1ccccc1)NC(C)=O,sweet
CC(OP(=O)(O)OP(=O)(O)OP(=O)(O)O)C1OC(n2cnc3c(N)ncnc32)C(O)C1O,sweet
COC1C(COP(=O)(O)OP(=O)(O)O)OC(n2cnc3c(N)ncnc32)C1O,sweet
CCNc1nc2c(N)ncnc2n1C1OC(COP(=O)(O)OP(=O)(O)O)C(O)C1O,sweet
CCCNc1nc2c(N)ncnc2n1C1OC(COP(=O)(O)OP(=O)(O)O)C(O)C1O,sweet
CNc1nc(N)c2ncn(C3OC(COP(=O)(O)OP(=O)(O)O)C(O)C3O)c2n1,sweet
CNc1nc2c(N)ncnc2n1C1OC(COP(=O)(O)OP(=O)(O)O)C(O)C1O,sweet
COC(=O)C(Cc1ccccc1)NC(=O)C(NC(=O)CNC(=O)C(N)CC(C)C)C(C)C,sweet
COC(=O)C(Cc1ccccc1)NC(=O)C(NC(=O)CC=CC(N)CC(C)C)C(C)C,sweet
Nc1ncnc2c1ncn2C1OC(COP(=O)(O)C(F)F)C(O)C1O,sweet
CCOCC1(O)OCC(O)C(O)C1O,sweet
CC(C)CC(NC(C)C(=O)O)C(=O)NC(Cc1ccccc1)C(=O)O,sweet
CC(O)C(N)COP(=O)(O)OCC1OC(n2cnc3c(N)ncnc32)C(O)C1O,sweet
CCCCCCC(CC(=O)O)C(=O)NC(Cc1ccccc1)C(=O)NC,sweet
CCCCCCCCC(CC(=O)O)C(=O)NC(Cc1ccccc1)C(=O)NC,sweet
CCCCCCCCCCCCC(CC(=O)O)C(=O)NC(Cc1ccccc1)C(=O)NC,sweet
CCCCCCCC(CC(=O)O)C(=O)NC(Cc1ccccc1)C(=O)NC,sweet
CCCCCCCCCCC(CC(=O)O)C(=O)NC(Cc1ccccc1)C(=O)NC,sweet
CCCCCCCCCCCCCCCC(CC(=O)O)C(=O)NC(Cc1ccccc1)C(=O)NC,sweet
CCCCCCCCCCCCCCC(CC(=O)O)C(=O)NC(Cc1ccccc1)C(=O)NC,sweet
CCCCCCCCCC(CC(=O)O)C(=O)NC(Cc1ccccc1)C(=O)NC,sweet
CCCCOc1nc2c(N)ncnc2n1C1OC(COP(=O)([O-])OP(=O)([O-])OP(=O)([O-])[O-])C(O)C1O,sweet
CCCCNc1nc2c(N)ncnc2n1C1OC(COP(=O)([O-])OP(=O)([O-])OP(=O)([O-])[O-])C(O)C1O,sweet
CCCCOc1nc(N)c2ncn(C3OC(COP(=O)([O-])OP(=O)([O-])OP(=O)([O-])[O-])C(O)C3O)c2n1,sweet
CCCCNc1nc(N)c2ncn(C3OC(COP(=O)([O-])OP(=O)([O-])OP(=O)([O-])[O-])C(O)C3O)c2n1,sweet
COC(=O)CCNC(=O)C(CC1CCCCC1)NC(=O)C(CCCc1ccc(C)cc1)CC(=O)O,sweet
COC(=O)CCNC(=O)C(CC1CCCCC1)NC(=O)C(CCCc1ccccc1)CC(=O)O,sweet
Nc1ncnc2c1ncn2C1COC(COP(=O)(O)O)C1O,sweet
Nc1ncnc2c1ncn2C1OC(COP(=O)(O)OP(=O)(O)CCOCCP(=O)(O)O)C(O)C1O,sweet
C=CCc1ccc(OC2OC(CO)C(O)C(O)C2O)cc1,sweet
CNc1nc2c(N)ncnc2n1C1OC(COP(=O)(O)OP(=O)(O)OP(=O)(O)O)C(O)C1O,sweet
CCCCNc1ncnc2c1ncn2C1OC(COP(=O)(O)OP(=O)(O)OP(=O)(O)O)C(O)C1O,sweet
COC1C(COP(=O)(O)OP(=O)(O)OP(=O)(O)O)OC(n2cnc3c(N)ncnc32)C1O,sweet
COC(=O)C(Cc1ccccc1)NC(=O)C(N)CCCCN,sweet
CC1OC(OCC2OC(O)C(O)C(O)C2O)C(O)C(O)C1Oc1c(-c2ccc(O)c(O)c2)oc2cc(OCCO)cc(O)c2c1=O,sweet
NCCCCCNc1ncnc2c1ncn2C1OC(COP(=O)(O)OP(=O)(O)OP(=O)(O)O)C(O)C1O,sweet
CC(=O)NC(Cc1ccccc1)C(=O)NC(CC(C)C)C(=O)NC(CC(=O)O)C(=O)NC(C)C(=O)NC(CC(=O)O)C(=O)NC(Cc1ccccc1)C(=O)O,sweet
CC(=O)NC(CC(C)C)C(=O)NC(CC(=O)O)C(=O)NC(C)C(=O)NC(CC(=O)O)C(=O)NC(Cc1ccccc1)C(=O)O,sweet
CC(=O)NC(Cc1ccccc1)C(=O)NC(C)C(=O)NC(CC(C)C)C(=O)NC(CC(=O)O)C(=O)NC(C)C(=O)NC(CC(=O)O)C(=O)NC(Cc1ccccc1)C(=O)O,sweet
COC(=O)C(Cc1ccccc1)NC(=O)C(N)C(=O)O,sweet
COC(=O)C(Cc1ccccc1)NC(=O)C(NC(=O)C(F)(F)F)C(=O)O,sweet
Nc1ncnc2c1ncn2C1CC(O)C(COP(=O)(O)P(=O)(O)P(=O)(O)O)O1,sweet
CCCCNc1nc2c(N)ncnc2n1C1OC(COP(=O)([O-])[O-])C(O)C1O,sweet
CCCCOc1nc(N)c2ncn(C3OC(COP(=O)([O-])[O-])C(O)C3O)c2n1,sweet
CCCCNc1nc2c(N)ncnc2n1C1OC(COP(=O)(O)OP(=O)(O)O[P+]([O-])([O-])[O-])C(O)C1O,sweet
CCCCNc1nc(N)c2ncn(C3OC(COP(=O)([O-])[O-])C(O)C3O)c2n1,sweet
CCCCOc1nc(N)c2ncn(C3OC(COP(=O)(O)OP(=O)([O-])O[P+]([O-])([O-])[O-])C(O)C3O)c2n1,sweet
CCCCOc1nc(N)c2ncn(C3OC(COP(=O)(O)OP(=O)(O)O[P+]([O-])([O-])[O-])C(O)C3O)c2n1,sweet
CCCCOc1nc2c(N)ncnc2n1C1OC(COP(=O)([O-])[O-])C(O)C1O,sweet
CCCCNc1nc(N)c2ncn(C3OC(COP(=O)(O)OP(=O)(O)O[P+]([O-])([O-])[O-])C(O)C3O)c2n1,sweet
CCCCOc1nc2c(N)ncnc2n1C1OC(COP(=O)(O)OP(=O)([O-])O[P+]([O-])([O-])[O-])C(O)C1O,sweet
CCCCOc1nc2c(N)ncnc2n1C1OC(COP(=O)(O)OP(=O)(O)O[P+]([O-])([O-])[O-])C(O)C1O,sweet
C[B-](C)(C)P(=O)(OCC1OC(n2cnc3c(N)ncnc32)C(O)C1O)OP(=O)(O)OP(=O)(O)O,sweet
CC(C)CC(NC(=O)C(Cc1ccccc1)NCCC(=O)[O-])C(=O)[O-],sweet
CN(C)c1nc(N)c2ncn(C3OC(COP(=O)(O)O)C(O)C3O)c2n1,sweet
CCNc1nc(N)c2ncn(C3OC(COP(=O)(O)O)C(O)C3O)c2n1,sweet
CNc1nc(N)c2ncn(C3OC(COP(=O)(O)O)C(O)C3O)c2n1,sweet
CN(C)C(=O)C(Cc1ccccc1)NC(=O)C(N)CC(=O)O,sweet
C=C1CC23CCC4C(C)(C(=O)OC(CCC(=O)[O-])C(=O)O)CCCC4(C)C2CCC1(OC1OC(CO)C(O)C(O)C1OC1OC(CO)C(O)C(O)C1O)C3,sweet
C=C1CC23CCC4C(C)(C(=O)OC(CCC(=O)O)C(=O)O)CCCC4(C)C2CCC1(OC1OC(CO)C(O)C(O)C1OC1OC(CO)C(O)C(O)C1O)C3,sweet
C=C1CC23CCC4C(C)(C(=O)OCC(=O)O)CCCC4(C)C2CCC1(OC1OC(CO)C(O)C(O)C1OC1OC(CO)C(O)C(O)C1O)C3,sweet
C=C1CC23CCC4C(C)(C(=O)OC5OC(CO)C(O)C(O)C5O)CCCC4(C)C2CCC1(OC1OC(CO)C(OC2OC(CO)C(O)C(O)C2O)C(O)C1OC1OC(CO)C(O)C(O)C1O)C3,sweet
C=C1CC23CCC4C(C)(C(=O)[O-])CCCC4(C)C2CCC1(OC1OC(CO)C(O)C(O)C1OC1OC(CO)C(O)C(O)C1O)C3,sweet
C=C1CC23CCC4C(C)(C(=O)[O-])CCCC4(C)C2CCC1(OC1OC(CO)C(OC2OC(CO)C(O)C(O)C2O)C(O)C1OC1OC(CO)C(O)C(O)C1O)C3,sweet
C=C1CC23CCC4C(C)(C(=O)O)CCCC4(C)C2CCC1(OC1OC(CO)C(OC2OC(CO)C(O)C(O)C2O)C(O)C1OC1OC(CO)C(O)C(O)C1O)C3,sweet
C=C1CC23CCC4C(C)(C(=O)OCCCP(=O)([O-])O)CCCC4(C)C2CCC1(OC1OC(CO)C(O)C(O)C1OC1OC(CO)C(O)C(O)C1O)C3,sweet
C=C1CC23CCC4C(C)(C(=O)OCCCP(=O)(O)O)CCCC4(C)C2CCC1(OC1OC(CO)C(O)C(O)C1OC1OC(CO)C(O)C(O)C1O)C3,sweet
C=C1CC23CCC4C(C)(C(=O)OCCCS(=O)(=O)[O-])CCCC4(C)C2CCC1(OC1OC(CO)C(OC2OC(CO)C(O)C(O)C2O)C(O)C1OC1OC(CO)C(O)C(O)C1O)C3,sweet
C=C1CC23CCC4C(C)(C(=O)OCCCS(=O)(=O)O)CCCC4(C)C2CCC1(OC1OC(CO)C(OC2OC(CO)C(O)C(O)C2O)C(O)C1OC1OC(CO)C(O)C(O)C1O)C3,sweet
CCc1cc(O)c(C(=O)CCc2ccc3c(c2)OCCO3)c(OC2OC(CO)C(O)C(O)C2O)c1,sweet
Cc1cc(O)c(C(=O)CCc2ccc3c(c2)OCCO3)c(OC2OC(CO)C(O)C(O)C2O)c1,sweet
Nc1ncnc2c1ncn2C1OC(CO[P+]([O-])(S)OP(=O)([O-])OP(=O)([O-])[O-])C(O)C1O,sweet
[B-][P+]([O-])(OCC1OC(n2cnc3c(N)ncnc32)C(O)C1O)OP(=O)([O-])OP(=O)([O-])[O-],sweet
[B-][P+]([O-])(OCC1OC(n2cnc3c(N)nc(Cl)nc32)C(O)C1O)OP(=O)([O-])OP(=O)([O-])[O-],sweet
CCCCC#Cc1nc(N)c2ncn(C3OC(COP(=O)([O-])O)C(O)C3O)c2n1,sweet
CCCC(C(=O)NCC1CCCCC1)N1C(=O)CC1C(=O)NC(Cc1ccccc1)C(=O)OC,sweet
COC(=O)CN1CC1C(=O)NC(Cc1ccccc1)C(=O)OC,sweet
CCCCCCCCCCCCCCCCCCCCOC1C(O)C(O)OC(CO)C1O,sweet
CCCCCCCCCCCCCCOC1C(O)C(O)OC(CO)C1O,sweet
CCCCCCCOC1C(O)C(O)OC(CO)C1O,sweet
CCCCCCCCCOC1C(O)C(O)OC(CO)C1O,sweet
COc1cc(-c2cc(=O)c3c(O)cc(OC4OC(CO)C(O)C4OC4OCC(O)C(O)C4O)cc3o2)ccc1O,sweet
OCC1OC(O)(CO)C(OC2OCC(O)C(O)C2O)C1O,sweet
CC1OC(OC2C(O)C(CO)OC2(O)CO)C(O)C(O)C1O,sweet
OCC1OC(OC2C(CO)OC(OC3C(O)C(CO)OC3(O)CO)C(O)C2O)C(O)C(O)C1O,sweet
OCOC1OC(CO)C(O)C(OC2OC(CO)C(O)C(O)C2O)C1OC1OC(CO)C(O)C(O)C1O,sweet
CC(N)P(=O)(O)OC1C(O)C(CO)OC1n1cnc2c(N)ncnc21,sweet
CC(N)P(=O)(O)OC1C(CO)OC(n2cnc3c(N)ncnc32)C1O,sweet
OCC1OC2(CO)OC3OC(COOC1C2O)C(O)C(O)C3O,sweet
OCC1OC(OC2(CO)OC(C3CO3)C(O)C2O)C(O)C(O)C1O,sweet
OCC1OC(OC2(CO)OC3(CO)OOC3C2O)C(O)C(O)C1O,sweet
OCC1OC(O)C(O)C(O)C1O.[Sr+2],sweet
CCOC1OC(COC2OC(C)C(O)C(O)C2O)C(O)C(O)C1O,sweet
OCC1OC(OC2C(OC3C(CO)OC(O)C(O)C3O)OC(CO)C(O)C2O)C(O)C(O)C1O,sweet
CC(=O)OCC1OC(O)CC(OC(C)=O)C1O,sweet
CC(=O)OCC1OC(O)CC(O)C1OC(C)=O,sweet
OCC1OC(OC2(C(Cl)(Cl)OCl)OC(CO)C(O)C2O)C(O)C(O)C1O,sweet
CC(NC(=O)C1CCCN1C(=O)C(N)CCCCN)C(=O)NCC(=O)NC(CC(=O)O)C(=O)NC(Cc1ccccc1)C(=O)O,sweet
C#CC1OC(O)C(O)C(O)C1O,sweet
OCC1(O)OCC(OC2(CO)OCC(O)C(O)C2O)C(O)C1O,sweet
OCC1OC2(CCCO2)C(O)C(O)C1O,sweet
COC1OC2(CCCO2)C(O)C(O)C1O,sweet
COc1cc(-c2cc(=O)c3c(O)c(OC4CC(O)C(O)C(C)O4)c(O)cc3o2)ccc1O,sweet
C=C1CC23CCC4C(C)(C(=O)OC5OC(CO)C(O)C(O)C5O)CCCC4(C)C2CCC1(OC1OC(CO)C(O)C(O)C1OC1OC(CO)C(O)C(OC2OC(CO)C(O)C(O)C2O)C1O)C3,sweet
C=C1CC23CCC4C(C)(C(=O)OC5OC(CO)C(O)C(O)C5O)CCCC4(C)C2CCC1(OC1OC(C)C(O)C(O)C1OC1OC(CO)C(O)C(OC2OC(CO)C(O)C(O)C2O)C1O)C3,sweet
C=C1CC23CCC4C(C)(C(=O)OC5OC(CO)C(O)C(O)C5O)CCCC4(C)C2CCC1(OC1OC(C)C(O)C(O)C1OC1OC(CO)C(O)C(O)C1O)C3,sweet
CC1(C)CCC2(C(=O)O)CCC3(C)C(=CCC4C5(C)CC(O)C(OC6OC(C(=O)O)C(O)C(OC7OC(CO)C(O)C(O)C7O)C6O)C(C)(CO)C5CCC43C)C2C1,sweet
CC1(C)CCC2(C(=O)O)CCC3(C)C(=CCC4C5(C)CC(O)C(OC6OC(C(=O)O)C(O)C(OC7OC(CO)C(O)C(O)C7O)C6O)C(C)(C)C5CCC43C)C2C1,sweet
COC(=O)C1OC(OC2C(O)CC3(C)C(CCC4(C)C3CC=C3C5CC(C)(C)CCC5(C(=O)O)CCC34C)C2(C)C)C(O)C(OC2OC(CO)C(O)C(O)C2O)C1O,sweet
CC1(C)CCC2(C(=O)OC3OC(CO)C(O)C(O)C3O)CCC3(C)C(=CCC4C5(C)CCC(OC6OC(C(=O)O)C(O)C(OC7OC(CO)C(O)C(O)C7O)C6O)C(C)(CO)C5CCC43C)C2C1,sweet
CC1CCC2(C(=O)OC3OC(CO)C(O)C(O)C3O)CCC3(C)C(=CCC4C5(C)CCC(OC6OC(C(=O)O)C(O)C(O)C6O)C(C)(CO)C5CCC43C)C2C1C,sweet
COC(=O)C1OC(OC2CCC3(C)C(CCC4(C)C3CC=C3C5CC(C)(C)CCC5(C(=O)OC5OC(CO)C(O)C(O)C5O)CCC34C)C2(C)C)C(O)C(OC2OC(CO)C(O)C(O)C2O)C1O,sweet
COc1cc(-c2coc3cc(O)cc(O)c3c2=O)cc(OC2OC(CO)C(O)C(O)C2O)c1OC,sweet
O=C(CC(O)c1ccc(O)cc1)c1ccc(O)c(OC2OC(CO)C(O)C(O)C2O)c1O,sweet
CC1OC(OC2C(O)C(OC3CCC4(C)C(CCC5(C)C4CC=C4C6CC(C)(C)CCC6(C(=O)O)CCC45C)C3(C)C)OC(C(=O)O)C2O)C(O)C(O)C1O,sweet
CCCCCCCCOC1CC(O)C(O)C(CO)O1,sweet
CP(=O)(O)OC1CC(n2cnc3c(N)ncnc32)OC1CO,sweet
COc1cc(-c2oc3cc(O)ccc3c(=O)c2OC2OC(CO)C(O)C(O)C2O)ccc1O,sweet
COC(=O)C1OC(OC2CCC3(C)C(CCC4(C)C3CC=C3C5CC(C)(C)CC(=O)C5(C)CCC34C)C2(C)CO)C(OC2OCC(O)C(O)C2OC2OC(C)C(O)C(O)C2O)C(O)C1O,sweet
COC(=O)C1OC(OC2CCC3(C)C(CCC4(C)C3CC=C3C5CC(C)(C(=O)OC)CC(OC(C)=O)C5(C)CCC34C)C2(C)CO)C(OC2OCC(O)C(O)C2OC2OC(C)C(O)C(O)C2O)C(O)C1O,sweet
COc1c(O)ccc2c(=O)c3c(OC4OC(CO)C(O)C(O)C4O)cc(O)c(OC)c3oc12,sweet
COc1cc(OC2OC(COC3OCC(O)C(O)C3O)C(O)C(O)C2O)c2c(=O)c3c(OC)c(O)ccc3oc2c1,sweet
CC1(C)CCC2(C(=O)OC3OC(CO)C(O)C(O)C3O)CCC3(C)C(=CCC4C5(C)CC(O)C(OC6OC(C(=O)O)C(O)C(OC7OC(CO)C(O)C(O)C7O)C6O)C(C)(C)C5CCC43C)C2C1,sweet
CC1OC(OC2C(Oc3c(O)cc(O)c4c(=O)cc(-c5ccc(O)cc5)oc34)OC(CO)C(O)C2O)C(O)C(O)C1O,sweet
COC1C(O)COC(O)C1O,sweet
Nc1ncnc2c1nc(NCP(=O)(O)O)n2C1OC(CO)C(O)C1O,sweet
Nc1ncnc2c1nc(NCCP(=O)(O)O)n2C1OC(CO)C(O)C1O,sweet
Nc1ncnc2c1nc(NCCCP(=O)(O)O)n2C1OC(CO)C(O)C1O,sweet
C#CCOP(=O)(O)OP(=O)(O)OCC1OC(n2cnc3c(N)ncnc32)C(O)C1O,sweet
COc1ccc(-c2coc3cc(OC4OC(CO)C(O)C(O)C4O)ccc3c2=O)cc1[O-],sweet
O=COC(CO)COC1OC(CO)C(O)C(O)C1O,sweet
O=S(=O)(O)OCC1OC(CO)C(O)C1OC1OC(CO)C(O)C(O)C1O,sweet
CCC(C)C(NC(=O)C(CCCCN)NC(=O)C(C)NC(=O)C(CC(=O)O)NC(=O)C(N)CC(N)=O)C(=O)NC(C(=O)NC(Cc1ccccc1)C(=O)O)C(C)C,sweet
Nc1ncnc2c1ncn2C1OC(COP(=O)(O)OP(=O)(O)NP)C(O)C1O,sweet
COc1ccc(C=CC(=O)c2c(O)cc(OC3OC(CO)C(O)C(O)C3O)cc2OC)cc1OC,sweet
CC1OC(Oc2cc3occ(-c4ccc(O)c(O)c4)c(=O)c3c(O)c2O)C(O)C(OC2OC(CO)C(O)C(O)C2O)C1O,sweet
CP(=O)([O-])OP(=O)([O-])OCC1OC(n2cnc3c(N)ncnc32)C(O)C1O,sweet
O=C([O-])C1OC(OC2C(C(=O)O)OC(OC3C(C(=O)[O-])OC(O)C(O)C3O)C(O)C2O)C(O)C(O)C1O,undefined
Cc1cccc(NN=C(N=Nc2ccccc2)c2ccccc2)c1,sweet
CC(=O)NC(C(=O)NC(Cc1ccccc1)C(=O)O)C(C)C,sweet
CC1(C)CCC2(C(=O)OC3OC(CO)C(O)C(O)C3O)CCC3(C)C(=CCC4C5(C)CC(O)C(OC6OC(C(=O)O)C(O)C(OC7OC(CO)C(O)C(O)C7O)C6O)C(C)(CO)C5CCC43C)C2C1,sweet
C=C1C(O)C23CCC4C(C(=O)O)CC(OC5OC(CO)C(O)C(O)C5O)CC4(C)C2CCC1(O)C3,sweet
NCCCCNc1nc2c(N)ncnc2n1C1OC2COP(=O)(O)OC2C1O,sweet
NCCCCNc1ncnc2c1ncn2C1OC(COP(=O)(O)OP(=O)(O)OP(=O)(O)O)C(O)C1O,sweet
Nc1ncnc2c1nc(Cl)n2C1OC(COP(=O)(O)OP(=O)(O)O)C(O)C1O,sweet
Nc1ncnc2c1ncn2C1CC(O)C(COP(O)(=S)OP(=O)(O)O)O1,sweet
COC(=O)C(Cc1ccccc1)NC(=O)CC1NC(=O)C(Cc2ccccc2)NC1=O,sweet
O=C1N=S(=O)([O-])c2ccccc21,sweet
O=C1N=S(=O)(O)c2ccccc21,sweet
CC(C)COc1ccc(NC(N)=O)cc1,sweet
COC(=O)C(Cc1ccccc1)NC(C(=O)NC(C)(C)C)C(C)C,sweet
CCC(C)OC1CC(O)C(O)C(CO)O1,sweet
CC(C)COC1CC(O)C(O)C(CO)O1,sweet
CCCCOC1CC(O)C(O)C(CO)O1,sweet
CCOC1OC(CO)C(O)C(O)C1OC,sweet
COC(=O)OCC1OC(O)CC(O)C1O,sweet
COC1OC(CO)C(OC2OC(CO)C(O)C(O)C2O)C(O)C(O)C1O,sweet
COC1OC(COC2OC(CO)C(OC3OC(CO)C(O)C(O)C3O)C(O)C(O)C2O)C(O)C1O,sweet
CC(CCCCO)OC1OC(C)C(O)CC1O,sweet
CCCCCCOC1OC(C)C(O)CC1O,sweet
CC(C)CCOC1OC(C)C(O)CC1O,sweet
CC1OC(OC2C(O)C(O)OC(CO)C2O)C(O)CC1O,sweet
C#CCCCOP(=O)(O)OP(=O)(O)OP(=O)(O)OCC1OC(n2cnc3c(N)ncnc32)C(O)C1O,sweet
CC1(C(=O)O)CCC2(C)CCC3(C)C(=CC(=O)C4C3CCC3C(C)(C)C(OC5OC(C(=O)O)C(O)C(O)C5OC5OC(C(=O)O)C(O)C(O)C5O)CCC43C)C2C1,sweet
[N-]=[N+]=NCCOP(=O)(O)OP(=O)(O)OP(=O)(O)OCC1OC(n2cnc3c(N)ncnc32)C(O)C1O,sweet
CC1OC(OCC2OC(Oc3cc(O)c4c(c3)OC(c3ccc(O)c(O)c3)CC4=O)C(O)C(O)C2O)C(O)C(O)C1C,sweet
COc1cc2occ(-c3ccc(OC4OC(COC5OC(CO)C(O)C(O)C5O)C(O)C(O)C4O)c(O)c3)c(=O)c2c(OC)c1O,sweet
COc1cc(OC2OC(CO)C(O)C(O)C2O)c2c(c1)OC(c1ccc(O)c(OC)c1)C(O)C2=O,sweet
CC1OC(OC2C(O)C(C(=O)O)OC(OC3CCC4(C)C(CCC5(C)C4CC=C4C6CC(C)(C)CCC6(C(=O)O)CCC45C)C3(C)C)C2OC2OC(CO)C(O)C(O)C2O)C(O)C(O)C1O,sweet
CC1OC(OC2C(O)C(C(=O)O)OC(OC3CCC4(C)C(CCC5(C)C4CC=C4C6CC(C)(C)CCC6(C(=O)O)CCC45C)C3(C)C)C2OC2OCC(O)C(O)C2O)C(O)C(O)C1O,sweet
COC(=O)C1(C)CCC2(C(=O)OC3OC(CO)C(O)C(O)C3O)CCC3(C)C(=CCC4C5(C)CCC(OC6OC(C(=O)O)C(O)C(O)C6O)C(C)(CO)C5CCC43C)C2C1,sweet
CC1(CO)CCC2(C(=O)OC3OC(CO)C(O)C(O)C3O)CCC3(C)C(=CCC4C5(C)CCC(OC6OC(C(=O)O)C(O)C(O)C6O)C(C)(C)C5CCC43C)C2C1,sweet
CC1(C)CC2C3=CCC4C5(C)CCC(OC6OC(C(=O)O)C(O)C(O)C6O)C(C)(C)C5CCC4(C)C3(C)CCC2(C(=O)OC2OC(CO)C(O)C(O)C2O)CC1O,sweet
CC(CCC(=O)C(C)C1C(=O)CC2C3CCC4CC(OC5OC(CO)C(O)C(OC6OCC(O)C(O)C6OC6OC(C)C(O)C(O)C6O)C5O)CCC4(C)C3CCC21C)COC1OC(CO)C(O)C(O)C1O,sweet
CC1OC(OC2C(O)C(CO)OC(OC3C(OC4CCC5(C)C(CCC6(C)C5CC=C5C7CC(C)(C)CCC7(C(=O)O)CCC56C)C4(C)C)OC(C(=O)O)C(O)C3O)C2O)C(O)C(O)C1O,sweet
CC1OC(OC2C(OC3C(OC4CCC5(CO)C(CCC6(C)C5CC=C5C7CC(C)(C)CC(O)C7(C)CCC56C)C4(C)C)OC(C(=O)O)C(O)C3O)OCC(O)C2O)C(O)C(O)C1O,sweet
OCC(O)C1OC(O)C(O)C(O)C1OC1OC(CO)C(O)C(O)C1O,sweet
COC1C(C)OC(OC2C(C)OC(O)C(OC)C2O)C(O)C1O,sweet
COCC1OC(OC2C(C)OC(O)C(OC)C2OC)C(O)C(OC)C1O,sweet
COC1C(OC2C(O)OC(C)C(O)C2OC)OC(C)C(O)C1OC,sweet
O=c1cc(-c2ccc(O)c(O)c2)oc2cc(OCCOCC3OC(O)C(O)C(O)C3O)cc(O)c12,sweet
CC1OC(Oc2c(O)cc3oc(-c4ccc(O)cc4)cc(=O)c3c2O)C(O)C(O)C1O,sweet
CC1=CC(=O)N=S(=O)([O-])O1,sweet
COC(=O)C1(C)CCC2(C(=O)OC3OC(CO)C(O)C(O)C3O)CCC3(C)C(=CCC4C5(C)CCC(OC6OC(C(=O)O)C(O)C(O)C6OC6OC(CO)C(O)C(O)C6O)C(C)(C)C5CCC43C)C2C1,sweet
CC(=O)OC1CC(C)(C(=O)O)CC2C3=CC(=O)C4C5(C)CCC(OC6OC(C(=O)O)C(O)C(O)C6OC6OC(C(=O)O)C(O)C(O)C6O)C(C)(C)C5CCC4(C)C3(C)CCC12C,sweet
O=c1cc(-c2ccc(O)c(O)c2)oc2c(O)c(OC3OC(CO)C(O)C(O)C3O)ccc12,sweet
Nc1ncnc2c1ncn2C1OC(COP(=O)([O-])OP(=O)([O-])[O-])C([O-])C1[O-],sweet
CC1(C(=O)[O-])CCC2(C)CCC3C(=CC(=O)C4C3(C)CCC3C(C)(C)C(OC5OC(C(=O)[O-])C(OC6OC(C(=O)[O-])C(O)C(O)C6O)C(O)C5O)CCC34C)C2C1,sweet
Nc1ncnc2c1ncn2C1OC(COP(=O)([O-])OP(=O)([O-])OP(=O)([O-])OP(=O)([O-])O)C(O)C1O,sweet
Nc1nc(N)c2ncn(C3CC(O)C(COP(=O)([O-])OP(=O)([O-])OP(=O)([O-])[O-])O3)c2n1,sweet
Nc1ncnc2c1ncn2C1OC(COP(=O)([O-])OP(=O)([O-])OP(=O)([O-])OP(=O)([O-])OP(=O)([O-])O)C(O)C1O,sweet
Nc1ncnc2c1ncn2C1OC(COP(=O)([O-])OP(=O)([O-])OP(=O)([O-])[O-])CC1O,sweet
Nc1ncnc2c1ncn2C1OC(COP(=O)([O-])OP(=O)([O-])OP(=O)([O-])[O-])C(OP(=O)([O-])OP(=O)([O-])O)C1O,sweet
CC1(C)CCC2(C(=O)O)CCC3(C)C(=CCC4C5(C)CCC(OC6OC(C(=O)OC7OC(O)C(O)C(O)C7CO)C(OC7OC(CO)C(O)C7O)C(O)C6O)C(C)(C)C5CCC43C)C2C1,sweet
CCCOc1ccc([N+]#N)cc1[N+](=O)[O-],sweet
Nc1ncnc2c1ncn2C1OC(COP(=O)(CP(=O)(O)O)OP(=O)(O)O)C(O)C1O,sweet
COc1cc2c(c(OC3OC(CO)C(O)C(O)C3O)c1)C(=O)CC(c1ccc(O)c(O)c1)O2,sweet
COC1OC(CO)C(O)C(O)C1OC1C(O)C(O)OC(CO)C1O,sweet
COC1OC(CO)C(O)C(OC2C(O)C(O)OC(CO)C2O)C1O,sweet
C=C1CCC2(C(=O)O)C(O)CC3(C)C(=CCC4C5(C)CCC(OC6OC(C(=O)O)C(O)C(O)C6O)C(C)(C)C5CCC43C)C2C1,sweet
COc1cc(-c2oc3cc(O)cc(O)c3c(=O)c2OC2OC(CO)C(O)C(OC3OC(C)C(O)C(O)C3O)C2O)ccc1O,sweet
CC(C)OC1OC(COC2OC(CO)C(O)C2O)C(O)C(O)C1O,sweet
CNc1nc(Cl)nc2c1ncn2C1OC(COP(=O)(O)O)C(O)C1O,sweet
COCC1OC(OC2C(C)OC(O)C(O)C2O)C(O)C(OC)C1O,sweet
COC(=O)C1OC(OC2CCC3(C)C(CCC4(C)C3C(=O)C=C3C5CC(C)(C(=O)O)CCC5(C)CCC34C)C2(C)C)C(OC2OC(C(=O)O)C(O)C(O)C2O)C(O)C1O,sweet
COC(=O)C1OC(OC2C(OC3CCC4(C)C(CCC5(C)C4C(=O)C=C4C6CC(C)(C(=O)O)CCC6(C)CCC45C)C3(C)C)OC(C(=O)O)C(O)C2O)C(O)C(O)C1O,sweet
COC(=O)C1OC(OC2CCC3(C)C(CCC4(C)C3C(=O)C=C3C5CC(C)(C(=O)OC6OC(CO)C(O)C(O)C6O)CCC5(C)CCC34C)C2(C)C)C(OC2OC(C(=O)O)C(O)C(O)C2O)C(O)C1O,sweet
COC(=O)C1OC(OC2C(OC3CCC4(C)C(CCC5(C)C4C(=O)C=C4C6CC(C)(C(=O)OC7OC(CO)C(O)C(O)C7O)CCC6(C)CCC45C)C3(C)C)OC(C(=O)O)C(O)C2O)C(O)C(O)C1O,sweet
COC(=O)C1(C)CCC2(C)CCC3(C)C(=CCC4C5(C)CCC(OC6OC(C(=O)O)C(O)C(O)C6OC6OC(C(=O)O)C(O)C(O)C6O)C(C)(C)C5CCC43C)C2C1,sweet
COc1ccc(-c2cc(=O)c3c(O)cc(OC4OC(CO)C(O)C(O)C4OC4OC(O)C(O)C(O)C4O)cc3o2)cc1O,sweet
CCCCOC(=O)C1OC(OC2C(OC3CCC4(C)C(CCC5(C)C4C(=O)C=C4C6CC(C)(C(=O)OCCCC)CCC6(C)CCC45C)C3(C)C)OC(C(=O)OCCCC)C(O)C2O)C(O)C(O)C1O,sweet
CC(=O)OC1C(OC2C(OC3CCC4(C)C(CCC5(C)C4C(=O)C=C4C6CC(C)(C(=O)O)CCC6(C)CCC45C)C3(C)C)OC(C(=O)O)C(OC(C)=O)C2OC(C)=O)OC(C(=O)O)C(OC(C)=O)C1OC(C)=O,sweet
CC(C)O.COC1OC(CO)C(O)C(O)C1O,sweet
COc1ccc(C2CC(=O)c3c(OC)cc(OC4OC(COC5OC(C)C(O)C(O)C5O)C(O)C(O)C4O)cc3O2)cc1O,sweet
CC1OC(OCC2OC(Oc3c(-c4ccc(O)c(O)c4)oc4cc(O)cc(O)c4c3=O)C(O)C(O)C2O)C(O)C(O)C1C,sweet
Cc1nc(N)c2ncn(C3OC(COP(=O)(O)OP(=O)(O)OP(=O)(O)O)C(O)C3O)c2n1,sweet
OCC(O)C(O)C(O)CO.[Fe+3],sweet
O=C1CC(c2ccc(O)c(O)c2)Oc2cc(OC3OC(COC4OC(CO)C(O)C(O)C4O)C(O)C(O)C3O)cc(O)c21,sweet
COc1cc(-c2cc(=O)c3c(O)c(CC=C(C)CCC(O)C(C)(C)O)c(O)cc3o2)ccc1OC1OC(C)C(O)C(O)C1O,sweet
COc1cc(-c2cc(=O)c3c(O)c(CC=C(C)C)c(OC4OC(CO)C(OC)C(O)C4O)cc3o2)ccc1O,sweet
CC(OP(=O)(O)OP(=O)(O)O)C1OC(n2cnc3c(N)ncnc32)C(O)C1O,sweet
Nc1ncnc2c1ncn2C1OC(COP2(=O)OCOP(=O)(OP(=O)(O)O)O2)C(O)C1O,sweet
COP(C)(=O)OCC1OC(n2cnc3c(N)ncnc32)C(O)C1O,sweet
[B-][P+]([O-])(OCC1OC(n2cnc3c(N)nc(Cl)nc32)C(O)C1O)OP(=O)(O)OP(=O)(O)O,sweet
CCC(OP(=O)(O)O)C1OC(n2cnc3c(N)ncnc32)C(O)C1O,sweet
[B][P+](O)(OCC1OC(n2cnc3c(N)ncnc32)C(O)C1O)OP(=O)(O)OP(=O)(O)O,sweet
Nc1ncnc2c1ncn2C1OC(CO[P+](O)(S)OP(=O)(O)OP(=O)(O)O)C(O)C1O,sweet
[B][P+](O)(OCC1OC(n2cnc3c(N)nc(Cl)nc32)C(O)C1O)OP(=O)(O)OP(=O)(O)O,sweet
Nc1ncnc2c1ncn2C1OC(COP(=O)([O-])OC=O)C(O)C1O,sweet
Nc1ncnc2c1ncn2C1OC(COP(=O)(O)OC=O)C(O)C1O,sweet
CC(=O)C1(C)C(OC2OC(C(=O)O)C(O)C(O)C2O)CCC2(C)C1CCC1(C)C2CC=C2C3CC(C)(C)CCC3(C(=O)OC3OC(CO)C(O)C(O)C3O)CCC21C,sweet
COc1ccc(CCC(=O)c2c(O)cc(OC3OC(C)(CO)C(C)(O)C(C)(O)C3(C)OC3(C)OC(C)(C)C(C)(O)C(C)(O)C3O)cc2O)cc1O,sweet
CC1(C)CCC2(C)CCC3(C)C(=CC(=O)C4C5(C)CCC(OC6OC(C(=O)O)C(O)C(O)C6OC6OC(C(=O)O)C(O)C(O)C6O)C(C)(C)C5CCC43C)C2C1,sweet
CC1OC(Oc2c(O)c(OC3OCC(O)C(O)C3O)c3oc(-c4ccc(O)cc4)cc(=O)c3c2O)C(O)C(O)C1O,sweet
CC1OC(Oc2c(O)c(OC3OC(CO)C(O)C(O)C3O)c(O)c3c(=O)cc(-c4ccc(O)cc4)oc23)C(O)C(O)C1O,sweet
CC1OC(Oc2c(O)c(OC3OCC(O)C(O)C3O)c(O)c3c(=O)cc(-c4ccc(O)cc4)oc23)C(O)C(O)C1O,sweet
CC1OC(Oc2c(O)c(OC3(CO)OCC(O)C(O)C3O)c(O)c3c(=O)cc(-c4ccc(O)cc4)oc23)C(O)C(O)C1O,sweet
CC1OC(Oc2c(O)c(OC3OC(CO)C(O)C(O)C3O)c3oc(-c4ccc(O)cc4)cc(=O)c3c2O)C(O)C(O)C1O,sweet
CC1OC(c2c(OC3OC(CO)C(O)C(O)C3O)cc3oc(-c4ccc(O)c(O)c4)cc(=O)c3c2O)CC(O)C1O,sweet
CC1OC(c2c(O)cc3oc(-c4ccc(OC5OC(CO)C(O)C(O)C5O)c(O)c4)cc(=O)c3c2O)CC(O)C1O,sweet
CC(C)CC1NC(CC(C)C)SC(CC(C)C)S1,undefined
CC1CCC2(C(=O)O)CCC3(C)C(=CCC4C5(C)CCC(OC6OC(C(=O)O)C(O)C(O)C6O)C(C)(C)C5CCC43C)C2C1C,sweet
OCC1(O)OC(COC2(CO)OCC(O)C(O)C2O)C(O)C1O,sweet
CC(C)(O)CCc1c(OC2OC(CO)C(O)C(O)C2O)cc2c(c1O)C(=O)C(O)C(c1ccc(O)c(O)c1)O2,sweet
COC(=O)C(Cc1ccccc1)NC(=O)C([NH-])CC(=O)O.[Ag+],sweet
O=C1[N-]S(=O)(=O)c2ccccc21.[Ag+],sweet
OCC1(O)CC(O)C(O)CO1,sweet
CCN(CC)CC.Nc1ncnc2c1ncn2C1OC(COP(=O)(O)O)C(O)C1O,sweet
OCC1OC(OC2(CO)OC(CO)C(O)C2O)C(O)C(O)C1O.[Fe],sweet
COc1cc(O)c2c(=O)c3c(OC4OC(COC5OCC(O)C(O)C5O)C(O)C(O)C4O)c(O)ccc3oc2c1,sweet
Nc1ncnc2c1ncn2C1OC(COP(O)(=S)P(=O)(O)O)C(O)C1O,sweet
Nc1ncnc2c1ncn2C1OC(COP(=O)([O-])OS(=O)(=O)[O-])C(O)C1O,sweet
COc1ccc2c(=O)c(-c3ccc(O)cc3)coc2c1OC1OC(CO)C(O)C(O)C1O,sweet
CNc1ncnc2c1ncn2C1CC(O)C(COP(=O)(O)O)O1,sweet
COc1cc(C2Cc3cc(O)cc(O)c3C(=O)O2)ccc1O,sweet
CC1CCC2(C(=O)O)CCC3(C)C(=CCC4C5(C)CCC(OC6OC(C(=O)O)C(O)C(O)C6OC6OC(CO)C(O)C(O)C6O)C(C)(C)C5CCC43C)C2C1C,sweet
COC(=O)C1OC(OC2CCC3(C)C(CCC4(C)C3CC=C3C5C(C)C(C)CCC5(C(=O)O)CCC34C)C2(C)C)C(O)C(O)C1O,sweet
CCCCOC(=O)C1OC(OC2CCC3(C)C(CCC4(C)C3CC=C3C5C(C)C(C)CCC5(C(=O)O)CCC34C)C2(C)C)C(O)C(O)C1O,sweet
OCC1OC(OC2OC(CO)C(F)C(O)C2O)C(O)C(O)C1O,sweet
Nc1cc([N+](=O)[O-])ccc1OCC(F)F,sweet
COc1cc2oc(-c3ccc(O)c(OC4OC(CO)C(O)C(O)C4O)c3)cc(=O)c2c(O)c1O,sweet
OCC(O)C(O)C(O)C(O)CO.[Ga+3],sweet
COC(=O)C1OC(OC2CCC3(C)C(CCC4(C)C3CC=C3C5CC(C)(C)CCC5(C(=O)O)CCC34C)C2(C)C)C(OC2OCC(O)C(O)C2O)C(O)C1O,sweet
CC1OC(OC(CO)C(O)C(O)CO)C(O)C(O)C1O,sweet
CC1OC(OC(C(O)CO)C(O)CO)C(O)C(O)C1O,sweet
CCN(CC)CC.Nc1ncnc2c1nc(N)n2C1OC(COP(=O)(O)O)C(O)C1O,sweet
CNc1nc2c(N)ncnc2n1C1OC(COP(=O)(O)O)C(O)C1O,sweet
CN(C)c1nc2c(N)ncnc2n1C1OC(COP(=O)(O)O)C(O)C1O,sweet
COc1nc2c(N)ncnc2n1C1OC(COP(=O)(O)O)C(O)C1O,sweet
Nc1ncnc2c1nc(N1CCCCC1)n2C1OC(COP(=O)(O)O)C(O)C1O,sweet
O=S1(=O)N=C([O-])c2ccccc21.O=S1(=O)N=C([O-])c2ccccc21.[Fe+2],sweet
O=S1(=O)N=C([O-])c2ccccc21.O=S1(=O)N=C([O-])c2ccccc21.[Co+2],sweet
O=S1(=O)N=C([O-])c2ccccc21.O=S1(=O)N=C([O-])c2ccccc21.[Ni+2],sweet
O=S1(=O)N=C([O-])c2ccccc21.O=S1(=O)N=C([O-])c2ccccc21.[Cd+2],sweet
Nc1ncnc2c1ncn2C1OC(CO)C(O)C1O.[Sn],sweet
COC1C(COP(=O)(O)OP(=O)(O)OP(=O)(O)O)OC(n2cnc3c(N)nc(N)nc32)C1O,sweet
[B]P(=O)(OCC1OC(n2cnc3c(N)ncnc32)C(O)C1O)OP(=O)(O)OP(=O)(O)O,sweet
CP(=O)(OCC1OC(n2cnc3c(N)ncnc32)C(O)C1O)OP(=O)(O)OP(=O)(O)O,sweet
Nc1ncnc2c1nc(Cl)n2C1CC(O)C(COP(=O)(O)OP(=O)(O)OP(=O)(O)O)O1,sweet
Nc1nc(N)c2ncn(C3OC(COP(=O)(O)OP(=O)(O)OP(=O)(O)O)CC3O)c2n1,sweet
Nc1ncnc2c1ncn2C1OC(COP(O)(=S)OP(=O)(O)OP(=O)(O)O)CC1O,sweet
[B]P(=O)(OCC1CC(O)C(n2cnc3c(N)ncnc32)O1)OP(=O)(O)OP(=O)(O)O,sweet
CP(=O)(OCC1CC(O)C(n2cnc3c(N)ncnc32)O1)OP(=O)(O)OP(=O)(O)O,sweet
O=C(c1ccc(OC2OC(CO)C(O)C(O)C2O)c(O)c1)c1c(O)cccc1O,sweet
COC1C(O)C(C)OC(Oc2c(-c3ccc(O)c(O)c3)oc3cc(O)cc(O)c3c2=O)C1O,sweet
Nc1ncnc2c1ncn2C1OC(C(O)CO)C(OCP(=O)(O)O)C1O,sweet
COCC1OC(OC2C(COC)OC(OC)C(OC)C2OC)C(OC)C(OC)C1OC,undefined
CCC(O)CCCOC1OC(CO)C(O)C(O)C1O,sweet
CC(=O)OC1CC(C)(C)CC2C3=CCC4C5(C)CCC(OC6OC(C(=O)O)C(O)C(O)C6OC6OC(CO)C(O)C(O)C6O)C(C)(C)C5CCC4(C)C3(C)CC(O)C12C,sweet
CC1OC(OC2C(OC3C(OC4CCC5(C)C(CCC6(C)C5CC=C5C7CC(C)(C)CC(O)C7(C)CCC56C)C4(C)C)OC(C(=O)O)C(O)C3O)OC(C(=O)O)C(O)C2O)C(O)C(O)C1O,sweet
CC1OC(OC(C(O)CO)C(O)C(O)CO)C(O)C(O)C1O,sweet
COC1C(C)OC(OC2C(O)C(C)OC(O)C2O)C(OC)C1OC,sweet
OCC(O)C1OC(OCC2OC(O)C(O)C(O)C2O)C(O)C1O,sweet
CC(C)=CCC1C(=O)C(C(=O)CC(C)C)=C(O)C(CC=C(C)C)(CC=C(C)C)C1=O,bitter
CC(O)C(O)C(O)C(OCCO)Oc1ccc(C(=O)C=Cc2ccc3c(c2)OCCO3)c(O)c1,sweet
CC(O)C(O)C(O)C(OCCO)Oc1ccc2c(c1)OC(c1ccc3c(c1)OCCO3)CC2=O,sweet
COc1ccc(-c2coc3cc(OC4OC(COC(C)=O)C(O)C(O)C4O)ccc3c2=O)cc1O,sweet
COc1ccc(-c2coc3cc(O)ccc3c2=O)cc1OC1OC(CO)C(O)C(O)C1O,sweet
OCC1OC(CO)(OCC2OC(O)C(O)C(O)C2O)C(O)C(O)C1O,sweet
COC1C(CO)OC(O)C(OC2OC(C)C(O)C(O)C2OC)C1O,sweet
COc1ccc(-c2oc3cc(OC4OC(CO)C(O)C(O)C4O)cc(O)c3c(=O)c2OC2OC(CO)C(O)C(O)C2O)cc1OC,sweet
CCC1C(OC2(C)CCC(C)CO2)CC2C3CCC4CC(OC5OC(CO)C(OC6OC(CO)C(O)C(O)C6OC6OC(CO)C(O)C(O)C6O)C(O)C5O)CCC4(C)C3CC(=O)C12C,sweet
CCC1C(OC2(C)CCC(C)CO2)CC2C3CCC4CC(OC5OC(CO)C(OC6OC(CO)C(O)C(OC7OCC(O)C(O)C7O)C6OC6OC(CO)C(O)C(O)C6O)C(O)C5O)CCC4(C)C3CC(=O)C12C,sweet
CCC1C(OC2(C)CCC(C)CO2)CC2C3CCC4CC(OC5OC(CO)C(OC6OC(CO)C(O)C(O)C6OC6OC(CO)C(O)C(OC7OC(C)C(O)C(O)C7O)C6O)C(O)C5O)CCC4(C)C3CC(=O)C12C,sweet
CCC1C(OC2(C)CCC(C)CO2)CC2C3CCC4CC(OC5OC(CO)C(OC6OC(CO)C(O)C(OC7OCC(O)C(O)C7O)C6OC6OC(CO)C(O)C(OC7OC(C)C(O)C(O)C7O)C6O)C(O)C5O)CCC4(C)C3CC(=O)C12C,sweet
CCC1C(OC2(C)CCC(C)CO2)CC2C3CCC4CC(OC5OC(CO)C(OC6OC(CO)C(O)C(OC7OCC(O)C(O)C7O)C6OC6OC(CO)C(O)C(OC7OCC(O)C(O)C7O)C6O)C(O)C5O)CCC4(C)C3CC(=O)C12C,sweet
COC(=O)C1OC(OC2CCC3(C)C(CCC4(C)C3CC=C3C5CC(C)(C)CCC5(C(=O)OC5OC(CO)C(O)C(O)C5O)CCC34C)C2(C)C)C(O)C(O)C1OC1OC(CO)C(O)C1O,sweet
Nc1ncnc2c1ncn2C1OC(COP(=O)([O-])CP(=O)([O-])OP(=O)(O)O)C(O)C1O,sweet
COC(=O)C1OC(OC2CCC3(C)C(CCC4(C)C3CC=C3C5CC(C)(C)CCC5(C(=O)OC5OC(CO)C(O)C(O)C5O)CCC34C)C2(C)C)C(OC2OCC(O)C(O)C2O)C(O)C1O,sweet
COc1cc2oc(-c3ccc(O)c(OC4OC(CO)C(O)C(O)C4O)c3)c(C)c(=O)c2c(O)c1O,sweet
CC(C)=CCc1cc(-c2oc3cc(OC4OC(CO)C(O)C(O)C4OC4OC(CO)C(O)C(O)C4O)cc(O)c3c(=O)c2CO)cc(O)c1OC1OC(CO)C(O)C(O)C1O,sweet
CC(C)=CCc1cc(-c2oc3cc(OC4OC(CO)C(O)C(O)C4O)cc(O)c3c(=O)c2CO)cc(O)c1OC1OC(CO)C(O)C(O)C1O,sweet
CC(C)=CCc1cc(-c2oc3cc(OC4OC(CO)C(O)C(O)C4OC4OC(CO)C(O)C(O)C4O)cc(O)c3c(=O)c2CO)cc(O)c1O,sweet
CC(C)=CCc1cc(-c2oc3cc(OC4OC(CO)C(O)C(O)C4O)cc(O)c3c(=O)c2CO)cc(O)c1O,sweet
O=c1c(CO)c(-c2ccc(OC3OC(CO)C(O)C(O)C3O)c(O)c2)oc2cc(OC3OC(CO)C(O)C(O)C3OC3OC(CO)C(O)C(O)C3O)cc(O)c12,sweet
O=c1c(CO)c(-c2ccc(OC3OC(CO)C(O)C(O)C3O)c(O)c2)oc2cc(OC3OC(CO)C(O)C(O)C3O)cc(O)c12,sweet
O=c1c(CO)c(-c2ccc(O)c(O)c2)oc2cc(OC3OC(CO)C(O)C(O)C3O)cc(O)c12,sweet
CCCCOC(=O)C1OC(OC2CCC3(C)C(CCC4(C)C3CC=C3C5CC(C)(C)CCC5(C(=O)OC5OC(CO)C(O)C(O)C5O)CCC34C)C2(C)C)C(OC2OCC(O)C(O)C2O)C(O)C1O,sweet
CCCCOC(=O)C1OC(OC2CCC3(C)C(CCC4(C)C3CC=C3C5CC(C)(C)CCC5(C(=O)OC5OC(CO)C(O)C(O)C5O)CCC34C)C2(C)C)C(O)C(O)C1OC1OC(CO)C(O)C1O,sweet
CC1(C)CCC2(C(=O)OC3OC(CO)C(O)C(O)C3O)CCC3(C)C(=CCC4C5(C)CCC(OC6OC(C(=O)O)C(O)C(O)C6OC6OC(CO)C(O)C6O)C(C)(C)C5CCC43C)C2C1,sweet
COc1ccc(C2CC(=O)c3c(OC)cc(OC4OC(COC5CC(C)C(O)C(O)C5O)C(O)C(O)C4O)cc3O2)cc1O,sweet
CC1OC(OC(=O)C23CCC(C)(C)CC2C2=CCC4C5(C)CCC(OC6OC(CO)C(O)C(O)C6O)C(C)(C(=O)O)C5CCC4(C)C2(C)CC3)C(OC2OC(C)C(OC3OC(C(=O)O)C(O)C(O)C3O)C(O)C2O)C(O)C1O,sweet
OCC(O)C1OC(OC2C(O)OC(CO)C(O)C2O)C(O)C1O,sweet
CC1(C)CC(=O)C2(C)CCC3(C)C(=CCC4C5(C)CCC(OC6OC(C(=O)O)C(O)C(O)C6O)C(C)(CO)C5CCC43C)C2C1,sweet
CC1(C)CC(=O)C2(C)CCC3(C)C(=CCC4C5(C)CCC(OC6OC(C(=O)[O-])C(O)C(O)C6O)C(C)(CO)C5CCC43C)C2C1,sweet
CCOP(=O)(O)OP(=O)(O)OCC1OC(n2cnc3c(N)ncnc32)C(O)C1OP(=O)(O)O,sweet
COc1ccc(-c2cc(=O)c3c(O)c(OC)c(OC4OC(CO)C(OC5OC(C)C(O)C(O)C5O)C(O)C4O)cc3o2)cc1,sweet
c1ccc(C2=NN(c3ccccc3)N(c3ccccc3)[NH2+]2)cc1,sweet
CCCCOC(=O)C1OC(OC2CCC3(C)C(CCC4(C)C3CC=C3C5CC(C)(C)CCC5(C(=O)O)CCC34C)C2(C)C)C(OC2OC(CO)C(O)C(O)C2O)C(O)C1O,sweet
CC1(C(=O)O)CCC2(C)CCC3(C)C(=CC(=O)C4C5(C)CCC(OC6OC(C(=O)O)C(O)C(O)C6OC6COC(O)C(O)C6O)C(C)(C)C5CCC43C)C2C1,sweet
NOCCOCCONc1ncnc2c1ncn2C1OC(COP(=O)(O)O)C(O)C1O,sweet
CC1OC(OC2C(C)OC(OC3C(C(=O)O)OC(O)C(O)C3O)C(O)C2O)C(O)C(O)C1OC(=O)C12CCC(C)(C)CC1C1=CCC3C4(C)CCC(OC5OC(CO)C(O)C(O)C5O)C(C(=O)O)C4CCC3(C)C1(C)CC2,sweet
CCCCCCCC(=O)OCCc1scnc1C,undefined
CC(C)(C)COP(=O)(O)OP(=O)(O)OCC1OC(n2cnc3c(N)ncnc32)C(O)C1OP(=O)(O)O,sweet
COc1cc(-c2coc3cc(OC4OC(CO)C(O)C(O)C4O)ccc3c2=O)ccc1OC1OC(CO)C(O)C(O)C1O,sweet
CC1(C)CCC2(C(=O)OC3OC(CO)C(O)C(O)C3O)C(O)CC3(C)C(=CCC4C5(C)CCC(OC6OC(C(=O)O)C(O)C(OC7OCC(O)C(O)C7O)C6O)C(C)(C)C5CCC43C)C2C1,sweet
CC1(C)CCC2(C(=O)OC3OC(CO)C(O)C(O)C3O)C(O)CC3(C)C(=CCC4C5(C)CCC(OC6OC(C(=O)O)C(O)C(OC7OCC(O)C(O)C7OC7OCC(O)C(O)C7O)C6O)C(C)(C)C5CCC43C)C2C1,sweet
CC1OC(OC2C(OC3C(O)C(OC4CCC5(C)C(CCC6(C)C5CC=C5C7CC(C)(C)CCC7(C(=O)OC7OC(CO)C(O)C(O)C7O)C(O)CC56C)C4(C)C)OC(C(=O)O)C3O)OCC(O)C2O)C(O)C(O)C1O,sweet
OCC1OC(OC2C(CO)OC(OCCF)C(O)C2O)C(O)C(O)C1O,sweet
Nc1ncnc2c1ncn2C1OC(COP(=O)([O-])OP(=O)([O-])O)C(O)C1O.[Ba+2],sweet
Nc1ncnc2c1ncn2C1OC(COP(=O)([O-])OP(=O)([O-])OP(=O)([O-])[O-])C(O)C1O.[Ba+2].[Ba+2],sweet
C(=Cc1ccc(N=NC(=NNc2ccccc2)c2ccccc2)cc1)c1ccccc1,sweet
c1ccc(N=Nc2ccc(N=NC(=NNc3ccccc3)c3ccccc3)cc2)cc1,sweet
CC1OC(Oc2ccc(-c3cc(=O)c4c(O)cc(O)cc4o3)cc2O)C(O)C(O)C1O,sweet
CC1(C)CCC2(C)CCC3(C)C(=CC(=O)C4C5(C)CCC(OC6OC(C(=O)O)C(O)C(O)C6OCC6OC(C(=O)O)C(O)C(O)C6O)C(C)(C)C5CCC43C)C2C1,sweet
Cc1ccccc1C(N=Nc1ccccc1)=NNc1ccccc1,sweet
[O-]CC([O-])C([O-])C(O)C(O)CO,sweet
CCCCCCOC(C)OCCC(C)C,sweet
c1coc(Cc2coc(Cc3ccco3)c2)c1,undefined
CCCSSSCC,undefined
CC(=O)C1=C(C)OC(C)C1=O,undefined
CCCCCC1COC(=O)CO1,undefined
CC1=C(O)C(=O)CC(OC2CC(C)(C)CC3C4=CCC5C6(C)CCC(OC7OC(C(=O)O)C(O)C(O)C7OC7OC(CO)C(O)C(O)C7OC7OC(C)C(O)C(O)C7O)C(C)(CO)C6CCC5(C)C4(C)CCC23C)C1,sweet
CC1=C(O)C(=O)CC(OC2CC(C)(C)CC3C4=CCC5C6(C)CCC(OC7OC(C(=O)O)C(O)C(O)C7OC7OCC(O)C(O)C7OC7OC(C)C(O)C(O)C7O)C(C)(CO)C6CCC5(C)C4(C)CCC23C)C1,sweet
CC1=C(O)C(=O)CC(OC2CC(C)(C)CC3C4=CCC5C6(C)CCC(OC7OC(C(=O)O)C(O)C(O)C7OC7OC(CO)C(O)C(O)C7O)C(C)(CO)C6CCC5(C)C4(C)CCC23C)C1,sweet
CC1=C(O)C(=O)CC(OC2CC(C)(C)CC3C4=CCC5C6(C)CCC(OC7OC(C(=O)O)C(O)C(O)C7OC7OCC(O)C(O)C7O)C(C)(CO)C6CCC5(C)C4(C)CCC23C)C1,sweet
CC1=C(O)C(=O)CC(OC2CC(C)(C)CC3C4=CCC5C6(C)CCC(OC7OC(C(=O)O)C(O)C(O)C7OC7OC(CO)C(O)C(O)C7OC7OC(CO)C(O)C(O)C7O)C(C)(CO)C6CCC5(C)C4(C)CCC23C)C1,sweet
[N-]=[N+]=Nc1nc(N)c2ncn(C3OC(CO[P+](=O)OP(=O)(O)O[P+](=O)O)C(O)C3O)c2n1,sweet
Nc1ncnc2c1ncn2C1OC(CO[P+](=O)OP(=O)(O)O[P+](=O)O)CC1O,sweet
Nc1ncnc2c1ncn2C1CC(O)C(CO[P+](=O)SP(=O)(O)O[P+](=O)O)O1,sweet
CC1(C)CC(O)C2(C)CCC3(C)C(=CCC4C5(C)CCC(OC6OC(C(=O)[O-])C(O)C(O)C6OC6OC(CO)C(O)C(O)C6O)C(C)(CO)C5CCC43C)C2C1,sweet
OCC1OC(OC2(O)C(CO)OC(OC3(O)C(CO)OC(O)C(O)C3O)C(O)C2O)C(O)C(O)C1O,undefined
COc1c(OC2OC(CO)C(O)C(O)C2O)cc2c(c1O)C(=O)C(c1ccc(O)cc1)CO2,sweet
COc1cc(O)c2c(=O)cc(-c3ccc(O)c(O)c3)oc2c1C1OC(CO)C(O)C(O)C1OC1OC(C)C(O)C(O)C1O,sweet
CC1(C(=O)O)CCC2(C)CCC3(C)C(=[C+]C(=O)C4C5(C)CCC(OC6OC(C(=O)O)C(O)C(O)C6OC6OC(C(=O)O)C(O)C(O)C6O)C(C)(C)C5CCC43C)C2C1,sweet
Nc1ncnc2c1ncn2C1OC(COP(=O)(O)CO)C(O)C1O,sweet
CCC(OC1OC(CO)C(O)CC1O)OC1OC(CO)C(O)CC1O,sweet
CC(C)(OC1OC(CO)C(O)C(O)C1O)OC1OC(CO)C(O)C(O)C1O,sweet
Nc1ncnc2c1ncn2C1OC(C(OOP(=O)(O)O)OP(=O)(O)O)C(O)C1O,sweet
Nc1ncnc2c1ncn2C1OC(COP(=O)(O)OP(=O)(O)OO)C(O)C1O,sweet
CCCCCCCCCCCOc1ccc(NC(N)=O)cc1,sweet
CC1OC(OC2C(O)COC(CO)C2O)C(O)C(O)C1O,sweet
OCC1OC(OCC2OCC(O)C(O)C2O)C(O)C1O,sweet
CCCCOCC(O)COC1OC(CO)C(O)C(O)C1O,sweet
CCCCCCCCCOc1ccc(NC(N)=O)cc1,sweet
OCC(O)CC(O)(O)O,sweet
OCC1OC(OC2(C(O)F)OC(CO)C(O)C2O)C(O)C(O)C1O,sweet
OCC1OC(OC2OC(CO)C(O)C(O)(F)C2O)C(O)C(O)C1O,sweet
Nc1ncnc2c1nc(Br)n2C1OC(COP(=O)(O)O)C(OP(=O)(O)O)C1O,sweet
OCC1OC(OCOC2OC(CO)C(O)C(O)C2O)C(O)C(O)C1O,sweet
Nc1nc(F)nc2c1ncn2C1OC(CO)C(O)C1OP(=O)(O)O,sweet
O=C(C(=O)C(O)C(O)CO)C(O)CO,sweet
O=C(CC(O)C(O)CO)C(O)F,sweet
OCC(O)C(O)C(O)COO,sweet
Nc1ncnc2c1ncn2C1OC(C(F)OP(=O)(O)OP(=O)(O)OP(=O)(O)O)C(O)C1O,sweet
COc1ccc(C2CC(=O)c3c(O)cc(OC4OC(COC5OC(C)C(O)C(O)C5O)CC(O)C4O)cc3O2)cc1O,sweet
[B]OC(C=O)C(O)C(O)C(O)CO,sweet
O=C(C(O)CO)C(O)CCO,sweet
COC(=O)CC(NC(C)=O)C(=O)NC(Cc1ccccc1)C(=O)OC,sweet
Nc1ncnc2c1ncn2C1OC(C(O)OP(=O)(O)OP(=O)(O)O)C(O)C1O,sweet
Nc1ncnc2c1ncn2C1OC(CO)C(F)C1OP(=O)(O)O,sweet
[N-]=[N+]=NOC(OP(=O)(O)O)C1OC(n2cnc3c(N)ncnc32)C(O)C1O,sweet
CC1OC(Oc2cc3oc(-c4ccccc4)cc(=O)c3c(O)c2OC2OC(C)C(O)C(O)C2O)C(O)C(O)C1O,sweet
Nc1ncnc2c1ncn2C1OC(CO)C(O[P+](=O)O)C1O[P+](=O)O,sweet
Nc1ncnc2c1ncn2C1OC(CO)C(O[P+](=O)O)C1O,sweet
OCC1OC(O)C(O)C(O)C1OC1OC(COB(O)O)C(O)C(O)C1O,sweet
COC1C(O)COC(OC2C(C)OC(O)C(O)C2O)C1O,sweet
Nc1nc(F)nc2c1ncn2CC1OC(COP(=O)(O)O)C(O)C1O,sweet
Nc1ncnc2c1ncn2C1OC(COP(N)(=O)OP(=O)(O)O)C(O)C1O,sweet
OCC1OC(OC2(COO)OC(CO)C(O)C2O)C(O)C(O)C1O,sweet
Nc1ncnc2c1ncn2C1OC(CO)C(O)(OP(=O)(O)O)C1O,sweet
Nc1ncnc2c1ncn2C1OC(C(=S)OP(=O)(O)O)C(O)C1O,sweet
O=c1c2ccc(O)c(O)c2oc2cc(OC3OC(CO)C(O)C(O)C3O)cc(O)c12,sweet
Nc1ncnc2c1ncn2C1OC(C(OP(=O)(O)O)OP(=O)(O)O)C(O)C1O,sweet
Nc1ncnc2c1ncn2C1OC(C(O)P2(=O)OCCCO2)C(O)C1O,sweet
Nc1ncnc2c1ncn2C1OC(COP(=O)(O)OP(=O)(O)OP(=O)(O)O)C(N)(O)C1O,sweet
Nc1ncnc2c1ncn2C1OC(COP(N)O)C(O)C1O,sweet
COC1OC(O)C(OCC2OC(O)C(O)C(O)C2O)C(O)C1O,sweet
CC(C(N)=O)N(C(=O)C(N)CC(=O)O)C1C(C)(C)SC1(C)C,sweet
OCCOCC1OC(O)C(O)C(O)C1O,sweet
CC(C)(C)CCN(C(=O)C(N)CC(=O)O)C(Cc1ccccc1)C(=O)O,sweet
CCCOCC(=O)NC(CC(=O)O)C(=O)NC(Cc1ccccc1)C(=O)OC,sweet
CC1OC(Oc2cc(O)c3c(=O)cc(-c4ccc(O)c(O)c4)oc3c2)C(O)C(O)C1OC1OC(CO)C(O)C(O)C1O,sweet
Nc1ncnc2c1ncn2C1OC(COP(=O)(O)O)C(OCC(O)CO)C1O,sweet
Nc1ncnc2c1ncn2C1OC(CO)C(O)C1(O)OP(=O)(O)O,sweet
O=C(Cc1ccc(OC2OC(CO)C(O)C(O)C2O)cc1)C(=O)c1ccc(O)c(O)c1O,sweet
Nc1ncnc2c1ncn2C1OC(COP(=O)(O)OP(N)(=O)OP(=O)(O)O)C(O)C1O,sweet
Nc1ncnc2c1ncn2C1OC(COO)C(O)C1O,sweet
O=C(c1ccc(O)cc1)c1c(O)c(O)c(OC2OC(CO)C(O)C(O)C2O)c(O)c1O,sweet
CCOC(=O)CCCSC(C)=O,undefined
Nc1ncnc2c1ncn2C1OC(COP(=O)(O)CCBr)C(O)C1O,sweet
OCC1OC(OC2(COCC3CO3)OC(CO)C(O)C2O)C(O)C(O)C1O,sweet
COC(=O)C(CC(=O)NC(Cc1ccccc1)C(=O)OC)NC(C)=O,sweet
OC1COC(COC2OCC(O)C(O)C2O)C(O)C1O,sweet
Nc1ncnc2c1ncn2C1OC(COP(O)O)C(OP(O)O)C1O,sweet
Nc1ncnc2c1ncn2C1OC(CO)C(OP(O)O)C1O,sweet
Nc1ncnc2c1ncn2C1OC(C(O)OP(=O)(O)OP(=O)(O)OP(=O)(O)O)C(O)C1O,sweet
CCOP(=O)(O)OCC1OC(n2cnc3c(N)ncnc32)C(O)C1O,sweet
Nc1ncnc2c1ncn2C1OC(COP(=O)(O)Br)C(O)C1O,sweet
NOCC1OC(n2cnc3c(N)ncnc32)C(O)C1O,sweet
CNc1nc(N)nc2c1ncn2C1OC(COP(=O)(O)O)C(O)C1O,sweet
OCC1OC(OC2(COC3CO3)OC(CO)C(O)C2O)C(O)C(O)C1O,sweet
Nc1ncnc2c1ncn2C1OC(C(F)OP(=O)(O)OP(=O)(O)O)C(O)C1O,sweet
Nc1ncnc2c1ncn2C1OC(COP(=O)(O)N=S)C(O)C1O,sweet
CC(C(=O)O)C(NC=O)C(=O)NC(Cc1ccccc1)C(=O)O,sweet
CNC(=O)C(C)N(C(=O)C(N)CC(=O)O)C1C(C)(C)SC1(C)C,sweet
OCC1OC(OC2(COB(O)O)OC(CO)C(O)C2O)C(O)C(O)C1O,sweet
O=P(O)(O)OP(=O)(O)OP(=O)(O)OCC1OC(n2cnc3c(NO)ncnc32)C(O)C1O,sweet
Nc1nc(F)nc2c1ncn2C1OC(C(O)OP(=O)(O)O)C(O)C1O,sweet
CC(OC1OC(CO)C(O)C(O)C1O)OC1OC(CO)C(O)C(O)C1O,sweet
Nc1ncnc2c1ncn2C1OC(CO)C(OP(=O)(O)O)C1OP(=O)(O)O,sweet
COC(=O)C(Cc1ccccc1)NC(=O)C(CC(=O)O)NCCCc1ccccc1,sweet
OCC1OC(OC2OC(CO)C(O)C(OB(O)O)C2O)C(O)C(O)C1O,sweet
COC(=O)C(CC(N)=O)NC(=O)C(N)Cc1ccccc1,sweet
COc1cc(O)c2c(=O)c(OC)c(-c3ccc(OC4OC(CO)C(O)C(O)C4O)c(OC)c3)oc2c1,sweet
CC.O=C1NS(=O)(=O)c2ccccc21,sweet
OCC(O)C(O)C(O)C(O)COC1(O)OC(CO)C(O)C(O)C1O,sweet
COC(=O)C(Cc1ccccc1)NC(=O)C(CC(=O)O)NC(=O)C(C)NC(=O)OC(C)(C)C,sweet
CCCC(O)OCC1OC(OC2C(CO)OC(O)C(O)C2O)C(O)C(O)C1O,sweet
CCCCCCCCCCOc1ccc(NC(N)=O)cc1,sweet
CC1OC(n2cnc3c(N)ncnc32)C(O)(OP(=O)(O)O)C1O,sweet
Nc1ncnc2c1ncn2C1OC(CO)C(O)C1OP(N)O,sweet
OCC(COC1OC(CO)C(O)C(O)C1O)OC1OC(CO)C(O)C(O)C1O,sweet
COc1ccc(C2CC(=O)c3c(O)cc(OC4OC(COC5OC(C)C(O)C(O)C5O)C(OC)C(O)C4O)cc3O2)cc1O,sweet
O=C(CO)C(O)(F)C(O)C(O)CO,sweet
CCCCC(=O)N(C(=O)C(N)CC(=O)O)C(Cc1ccccc1)C(=O)O,sweet
CN(C)c1ncnc2c1ncn2C1OC(COP(=O)(O)OP(=O)(O)OP(=O)(O)O)C(O)C1O,sweet
CC(O)C(O)C(O)C(O)COC1OC(CO)C(O)C(O)C1O,sweet
O=C1c2ccccc2S(=O)(=O)N1S,sweet
CC1OC(OC2C(Oc3cc(O)c4c(=O)c5ccc(O)c(O)c5oc4c3)OC(CO)C(O)C2O)C(O)C(O)C1O,sweet
Nc1ncnc2c1ncn2C1CC(O)C(COP(=O)(O)OP(N)(=O)OP(=O)(O)O)O1,sweet
CSC(C)CC(=O)OCC(C)C,sweet
Nc1ncnc2c1ncn2C1OC(COP(=O)(O)OS(=O)(=O)OP(=O)(O)O)C(O)C1O,sweet
CC(C(=O)O)C(N)C(=O)NC(Cc1ccccc1)C(=O)O,sweet
Nc1ncnc2c1ncn2C1OC(COP(=O)(O)O)C(OP(=O)(O)OP(=O)(O)OP(=O)(O)O)C1O,sweet
CC1OC(Oc2c(O)cc3oc(-c4ccccc4)cc(=O)c3c2O)C(O)C(O)C1O,sweet
CC1OC(OC(C)(C)OC2OC(C)C(O)C(O)C2O)C(O)C(O)C1O,sweet
Nc1ncnc2c1ncn2C1OC(C(O)OP(=O)(O)O)C(O)C1O,sweet
CC(COC1OC(CO)C(O)C(O)C1O)OC1OC(CO)C(O)C(O)C1O,sweet
Nc1ncnc2c1ncn2C1OC(COS)C(O)C1O,sweet
COC(=O)C(Cc1ccccc1)NC(=O)C(N)C(C)C(=O)O,sweet
COC1C(O)C(COOP(C)(=O)O)OC1n1cnc2c(N)ncnc21,sweet
O=c1cc(-c2ccc(O)c(O)c2)oc2cc(OC3OC(CO)C(O)C(O)C3O)cc(OC3OC(CO)C(O)C(O)C3O)c12,sweet
Nc1ncnc2c1ncn2C1OC(CO)CC1OP(=O)(O)OP(=O)(O)OP(=O)(O)O,sweet
CCCCOP(=O)(O)OCC1OC(n2cnc3c(N)ncnc32)C(O)C1O,sweet
CC1OC(C)(O)C(O)C(O)C1O,sweet
COC(=O)CC(N)C(=O)NC(Cc1ccccc1)C(=O)OC(=O)C(N)CC(=O)O,sweet
CC(=O)N(C(=O)CC(N)C(=O)O)C(Cc1ccccc1)C(=O)O,sweet
COC(=O)C(Cc1ccccc1)NC(=O)C(CC(=O)O)NC(=O)C(N)C(C)C(=O)O,sweet
OCC(O)COCC1OC(OC2C(CO)OC(O)C(O)C2O)C(O)C(O)C1O,sweet
O=C1c2c(O)cc(OC3OC(O)C(O)C(O)C3O)cc2OC(c2ccc(O)c(O)c2)C1O,sweet
Nc1ncnc2c1ncn2C1OC(C(Br)OP(=O)(O)O)C(O)C1O,sweet
COC1OC(OC2OC(CO)C(O)C(O)C2O)C(O)C(O)C1O,sweet
OCC1OC(OC2C(O)COCC2O)C(O)C(O)C1O,sweet
Nc1ncnc2c1ncn2C1OC(COP(=O)(O)O)C(OS(=O)(=O)O)C1O,sweet
Nc1ncnc2c1ncn2C1OC(COP(=O)(O)OS(=O)(=O)OP(=O)(O)O)C(OP(=O)(O)O)C1O,sweet
CCOC(=O)C(Cc1ccccc1)NC(=O)C(CC(=O)O)NCCC(C)(C)C,sweet
Nc1ncnc2c1ncn2C1OC(COP(=O)(O)OP(N)(=O)OP(=O)(O)OP(=O)(O)O)C(O)C1O,sweet
Nc1nc(F)nc2c1ncn2C1OC(C(O)OP(=O)(O)OP(=O)(O)OP(=O)(O)O)C(O)C1O,sweet
O=CC(O)(O)C(O)C(O)C(O)CO,sweet
OCC12OC(COCC(O)C(O)C(O)C(O)COCC3OC(O1)C(O)C(O)C3O)C(O)C2O,sweet
O=C1CC(c2ccc(O)cc2)Oc2cc(O)c(OC3OC(CO)C(O)C(O)C3O)c(O)c21,sweet
CCCCOP(=O)(O)OP(=O)(O)OP(=O)(OCCCC)OCC1OC(n2cnc3c(N)ncnc32)C(O)C1O,sweet
CC1OC(n2cnc3c(N)ncnc32)C(O)C1OP(=O)(O)O,sweet
Nc1ncnc2c1ncn2C1OC(COP(=O)(O)OCCCl)C(O)C1O,sweet
CC1OC(OC2C(CO)OCC(O)C2O)C(O)C(O)C1O,sweet
CCCCOP(=O)(O)OP(=O)(OCCCC)OCC1OC(n2cnc3c(N)ncnc32)C(O)C1O,sweet
Nc1nc(N)c2ncn(C3OC(C(O)OP(=O)(O)O)C(O)C3O)c2n1,sweet
COC(=O)C(Cc1ccccc1)NC(=O)C(NC=O)C(C)C(=O)O,sweet
OCC1OC(OC2(CO[Si](O)(O)O)OC(CO)C(O)C2O)C(O)C(O)C1O,sweet
COP(=O)(O)OCC1OC(n2cnc3c(N)ncnc32)CC1O,sweet
CNc1ncnc2c1ncn2C1OC(COP(=O)(O)O)C(OP(=O)(O)O)C1O,sweet
CCCCCOCC(O)COC1OC(CO)C(O)C(O)C1O,sweet
COc1cc(-c2cc(=O)c3c(O)c(C4CC(O)C(O)C(O)O4)c(OC4OC(CO)C(O)C(O)C4O)cc3o2)ccc1O,sweet
OCC1OC(OC2C(CO)OCC(O)(O)C2O)C(O)C(O)C1O,sweet
COc1c(-c2ccc(OC3OC(CO)C(O)C(O)C3O)c(O)c2)oc2cc(OC3OC(CO)C(O)C(O)C3O)cc(O)c2c1=O,sweet
O=c1c(CO)c(-c2ccc(OC3OC(CO)C(O)C(O)C3O)c(O)c2)oc2cc(O)cc(O)c12,sweet
COc1cc(-c2oc3cc(O)cc(O)c3c(=O)c2OC2OCC(O)C(O)C2O)cc(O)c1O,sweet
O=C1NS(=O)(=O)c2ccccc21.[Zn+2],sweet
Nc1ncnc2c1ncn2C1OC(COP(=O)(O)O)C(O)C1O.[Zn+2],sweet
Nc1ccccc1C(=O)OCC=Cc1ccccc1,undefined
O=C1NS(=O)(=O)c2ccccc21.[Mn],sweet
O=S(=O)(O)NC1CCCCC1.[Ba+2],sweet
OCC1OC(OC2OC(CO)C(O)C(O)C2O)C(O)C(O)C1O.[Sr+2],sweet
CC(=O)CC(=O)OCC=C(C)CCC=C(C)C,sweet
COc1cc(OC2OC(CO)C(O)C(O)C2O)c2c(=O)c3ccc(OC)c(OC)c3oc2c1,sweet
CCCCCCCCCCCCCCCC(=O)OCC(O)C1OC(=O)C(O)=C1O,undefined
CC(=O)c1c(O)cc(C)oc1=O,undefined
NC(=O)OP(=O)(O)OCC1OC(n2cnc3c(N)ncnc32)C(O)C1O,sweet
COc1ccc(-c2oc3c(CC=C(C)C)c(O)cc(O)c3c(=O)c2OC2OC(C)C(O)C(O)C2OC2OC(C)C(O)C(O)C2O)cc1O,sweet
COC(=O)C1OC(OC2CCC3(C)C(CCC4(C)C3CC=C3C5CC(C)(C)CCC5(C(=O)O)CCC34C)C2(C)C)C(O)C(OC2OC(COC3OCC(O)C(O)C3O)C(O)C(O)C2O)C1O,sweet
COc1cc(C2CC(=O)c3c(O)cc(OC4OC(COC(=O)CC(C)O)C(O)C(O)C4O)cc3O2)ccc1O,sweet
COc1cc(C2CC(=O)c3c(O)cc(OC4OC(CO)C(O)C(O)C4OC4OC(COC(=O)CC(C)O)C(O)C(O)C4O)cc3O2)ccc1O,sweet
COc1cc(C2CC(=O)c3c(O)cc(OC4OC(CO)C(O)C(O)C4O)cc3O2)ccc1OC1OCC(O)(CO)C1(C)O,sweet
COC(=O)C1OC(OC2CCC3(C)C(CCC4(C)C3CC=C3C5CC(C)(C)CCC5(C(=O)OC5OC(CO)C(O)C(O)C5O)CCC34C)C2(C)C)C(OC2OCC(O)C(O)C2O)C(OC2OCC(O)C(O)C2O)C1O,sweet
Nc1ncnc2c1ncn2C1OC(COP(=O)(O)OP(=O)([O-])O)C(O)C1O.[Be+2].[F-].[F-].[F-],sweet
Nc1ncnc2c1ncn2C1OC(COP(=O)(O)OP(=O)(O)O)C(O)C1O.[Be+2].[F-].[F-].[F-],sweet
O=c1c([O-])c(-c2ccc(OC3OC(CO)C(O)C(O)C3O)c(O)c2)oc2cc(O)cc(O)c12,sweet
COc1ccc(C2Oc3cc(OCCO)cc(O)c3C(=O)C2OC2OC(COC3OC(C)C(O)C(O)C3O)C(O)C(O)C2O)cc1O,sweet
CCCCCCCOc1ccc([N+](=O)[O-])cc1N,sweet
CCCc1nc(CC)sc1CC,undefined
COC1OC(COCOCCOC2OC(CO)C(O)C(O)C2O)C(O)C(O)C1O,sweet
COC1OC(CO)C(O)C(O)C1OCOCCOC1OC(CO)C(O)C(O)C1O,sweet
OCC1OC(O)C(OC2OC(CO)C(O)C(O)C2(O)F)C(O)C1O,sweet
COC1C(CO)OC(O)C(OC2OC(CO)C(O)C(O)C2O)C1O,sweet
COCC1OC(OC2C(O)OC(CO)C(O)C2OC)C(O)C(O)C1O,sweet
OCC1OC(OC2OC(CO)C(O)C(O)C2O)CC(O)C1O,sweet
COC1C(O)C(CO)OC(OC2C(CO)OC(O)C(O)C2O)C1O,sweet
COC1C(CO)OC(OC2COC(CO)C(O)C2O)C(O)C1O,sweet
COc1cc(-c2cc(=O)c3c(O)cc(OC4OC(C)C(O)C(O)C4O)cc3o2)cc(OC)c1O,sweet
COC1C(O)C(CO)OC(OC2C(O)OC(CO)C(O)C2O)C1O,sweet
COC1C(O)C(CO)OC(OC2COC(CO)C(O)C2O)C1O,sweet
COCC1OC(OC2C(O)OC(CO)C(O)C2O)C(O)C(O)C1O,sweet
COCC1OC(O)C(OC2OC(CO)C(O)C(O)C2O)C(O)C1OC,sweet
COCC1OC(O)C(OC2OC(CO)C(O)C(O)C2O)C(O)C1O,sweet
COC1C(OC2C(O)OC(CO)C(O)C2O)OC(CO)C(O)C1O,sweet
COC1C(O)C(CO)OC(O)C1OC1OC(CO)C(O)C(O)C1O,sweet
OCC1CC(O)C(OC2OC(CO)C(O)C(O)C2O)C(O)O1,sweet
COC1C(CO)OC(OC2C(O)OC(CO)C(O)C2O)C(O)C1O,sweet
O=P(O)(O)OCC1OC(n2cnc3c(NC4CCCC4)ncnc32)C(O)C1O,sweet
O=c1cc(-c2cccc(O)c2)oc2cc(O)c(OC3OC(CO)C(O)C(O)C3O)c(O)c12,sweet
Nc1nc(Cl)c2ncn(C3OC(COP(=O)(O)O)C(O)C3O)c2n1,sweet
CC(O)C(O)COP(=O)(O)OP(=O)(O)OCC1OC(n2cnc3c(N)ncnc32)C(OP(=O)(O)O)C1O,sweet
C=C1CCC2(C(=O)OC3OC(CO)C(O)C(O)C3O)CCC3(C)C(=CCC4C5(C)CC(O)C(OC6OC(C(=O)O)C(O)C(O)C6O)C(C)(C(=O)O)C5CCC43C)C2C1,sweet
COc1cc(-c2cc(=O)c3c(O)cc(OC4OC(COC5OC(C)C(O)C(O)C5O)C(O)C(O)C4O)cc3o2)cc(OC)c1OC,sweet
CC1(OC2OC(CO)C(O)C(O)C2O)CCC2(C(=O)O)C(O)CC3(C)C(=CCC4C5(C)CCC(OC6OC(C(=O)O)C(O)C(O)C6OC6OC(CO)C(O)C(O)C6O)C(C)(C)C5CCC43C)C2C1,sweet
CC1(C(=O)O)CC(O)C2(C)CCC3(C)C(=CCC4C5(C)CCC(OC6OC(CO)C(O)C(O)C6OC6OC(C(=O)O)C(O)C(O)C6O)C(C)(C)C5CCC43C)C2C1,sweet
CC1(C)CCC2(C(=O)O)C(O)CC3(C)C(=CCC4C5(C)CCC(OC6OC(C(=O)O)C(O)C(O)C6O)C(C)(CO)C5C(O)CC43C)C2C1,sweet
CC1(C)CCC2(C(=O)OC3OC(CO)C(O)C(O)C3O)C(O)CC3(C)C(=CCC4C5(C)CCC(OC6OC(C(=O)O)C(O)C(O)C6O)C(C)(C)C5C(O)CC43C)C2C1,sweet
COc1cc(O)c2c(c1OC)OC(c1c(O)cccc1OC1OC(CO)C(O)C(O)C1O)CC2=O,sweet
COc1c(O)c2c(c(OC)c1OC)OC(c1c(O)cccc1OC1OC(CO)C(O)C(O)C1O)CC2=O,sweet
CCC1SC(CC(C)C)N=C1C,undefined
COc1ccc(C(=O)OCC(=O)[O-])cc1,undefined
Nc1ncnc2c1nc(Br)n2C1OC(COP(=O)(O)OP(=O)([O-])O)C(O)C1O,sweet
O[C]C(O)C(O)C(O)C(O)[C]O,sweet
Nc1ncnc2c1ncn2C1OC(COP(=O)(O)OS(=O)(=O)[O-])C(O)C1O,sweet
Nc1ncnc2c1nc(Cl)n2C1OC(COP(=O)([O-])OP(=O)([O-])OP(=O)([O-])[O-])C(O)C1O,sweet
Nc1nc(Cl)nc2c1ncn2C1OC(COP(=O)(O)O)CC1O,sweet
COC(=O)C1OC(OC2CCC3(C)C4CC=C5C6CC(C)(C)CCC6(C(=O)OC6OC(CO)C(O)C(O)C6O)CCC5(C)C4CCC3C2(C)C)C(O)C(O)C1O,sweet
COC1(O)C(O)C(O)OC(CO)C1O,sweet
O=P(O)(O)OCC1OC(n2cnc3c(N4CCCC4)ncnc32)C(O)C1O,sweet
OCC1OC(OC2(O)OC(CO)C(O)C(O)C2O)C(O)C(O)C1O,sweet
Nc1ncnc2c1ncn2C1OC(CO)C(O)C1OCl,sweet
CCOc1ccc(N(S)C(N)=O)cc1,sweet
OCC1OC(OC2(O)COC(CO)C(O)C2O)C(O)C(O)C1O,sweet
Nc1ncnc2c1ncn2C1OC(CO)CC1OP(=O)(O)O,sweet
Nc1nc(F)nc2c1ncn2C(O)C1OCC(OP(=O)(O)O)C1O,sweet
OCC1OC(O)(OC2(CO)OC(CO)C(O)C2O)C(O)C(O)C1O,sweet
OCC1OC(O)C(O)C(O)(O)C1O,sweet
COC1CC(OC2C(C)OC(O)CC2OC)OC(C)C1O,sweet
Nc1ncnc2c1ncn2C1OC(COP(=O)(O)O)C(O)C1OF,sweet
CCCC(C)OC(=O)C(C)CCC,undefined
OCC1OC(O)(OC2(O)OC(CO)C(O)C(O)C2O)C(O)C(O)C1O,sweet
CC1OC(OC2(CO)OC(CCl)C(O)C2O)C(O)C(O)C1O,sweet
NC(=O)Nc1ccc(OC(F)C(F)(F)F)cc1,sweet
OCC(O)COC1C(O)C(CO)OC(OC2C(CO)OC(O)C(O)C2O)C1O,sweet
COc1ccc(NC(=O)NS)cc1,sweet
COC1C(O)C(C(O)CO)OC1(OC)OC1OC(CO)C(O)C(O)C1O,sweet
OC(O)C1OCC(O)C(O)C1O,sweet
Nc1ncnc2c1ncn2C1OC(COBr)C(O)C1O,sweet
NOC1C(CO)OC(n2cnc3c(N)ncnc32)C1O,sweet
CPOCC1OC(n2cnc3c(N)ncnc32)C(O)C1O,sweet
OCC1OC(O)CC(F)C1O,sweet
Nc1ncnc2c1ncn2C1OC(CO[P+](=O)O[P+](=O)OP(=O)(O)O)C(O)C1O,sweet
OCC1OCC(O)C(O)C1(O)O,sweet
CC1(OC2OC(CO)C(Cl)C(O)C2O)OC(C(Cl)Cl)C(O)C1O,sweet
OC1CC(O)C(O)C(CF)O1,sweet
NOC1C(COP(=O)(O)OP(=O)(O)OP(=O)(O)O)OC(n2cnc3c(N)ncnc32)C1O,sweet
OCC1OC(OCC2OC(O)C(O)C(O)C2O)C(OO)C(O)C1O,sweet
OCC1OC(OBr)CC(O)C1O,sweet
OOCCC(O)COO,sweet
OCC1OC(OC2OC(C(O)F)C(O)C(O)C2O)C(O)C(O)C1O,sweet
CCC(CC)OC1OC(CO)C(O)C(O)C1O,sweet
Nc1ncnc2c1ncn2C1OC(COF)C(O)C1O,sweet
CCCOC1OC(CO)C(O)C(O)C1OC,sweet
CC1OC(Oc2cc(-c3oc4cc(O)cc(O)c4c(=O)c3O)ccc2O)C(O)C(O)C1O,sweet
Nc1nc(N2CCCC2)c2ncn(C3OC(COP(=O)(O)O)C(O)C3O)c2n1,sweet
OCC1OCC(O)C(O)(O)C1O,sweet
CCCc1ccn(-c2ccccc2)n1,undefined
COc1cc(-c2oc3cc(O)cc(OC4OC(CO)C(O)C(O)C4O)c3c(=O)c2O)ccc1O,sweet
OCCOC1C(O)OC(CO)C(O)C1O,sweet
COC(=O)COC(OC1C(O)C(OC2CCC3(C)C(CCC4(C)C3CC=C3C5CC(C)(C)CCC5(C(=O)OC5OC(CO)C(O)C(O)C5O)CCC34C)C2(C)C)OC(C(=O)O)C1O)C(O)C(=O)OC,sweet
[N-]=[N+]=Nc1nc2c(N)ncnc2n1C1OC(CO[P+](=O)O[P+](=O)O)C(O)C1O,sweet
Nc1ncnc2c1nc(Br)n2C1OC(COP(=O)([O-])OP(=O)([O-])[O-])C(O)C1O,sweet
Nc1nc(Cl)nc2c1ncn2C1CC(O)C(CO[P+](=O)OP(=O)(O)O[P+](=O)O)O1,sweet
Nc1ncnc2c1ncn2C1CC(O)C(COP(=O)(O)O[P+](=O)N[P+](=O)[O-])O1,sweet
CC1(O)C(CO[P+](=O)O[P+](=O)O)OC(n2cnc3c(N)ncnc32)C1O,sweet
Nc1ncnc2c1ncn2C1OC(CO[P+](=O)O[P+](=O)O)C(O)C1O,sweet
Nc1ncnc2c1ncn2C1OC(COC(=[P+]([O-])O)P(=O)(O)O)C(O)C1O,sweet
NCCCCCCNc1ncnc2c1ncn2C1OC(CO[P+](=O)O)C(O)C1O,sweet
CCCCC(CC=O)SC,undefined
Nc1ncnc2c1ncn2C1OC(CO[P+](=S)O[P+](=O)O)C(O)C1O,sweet
Nc1ncnc2c1ncn2C1OC(CO[P+](=O)SP(=O)(O)O[P+](=O)O)C(O)C1O,sweet
Nc1ncnc2c1ncn2C1CC(O)C(CO[P+](=S)OP(=O)(O)O[P+](=O)O)O1,sweet
Nc1ncnc2c1ncn2C1OC(COP(=O)([O-])OP(=O)([O-])OP(=O)([O-])[O-])C(O)C1O.[Zn+2].[Zn+2],sweet
Nc1nc(N)c2ncn(C3CC(O)C(CO[P+](=O)OP(=O)(O)O[P+](=O)O)O3)c2n1,sweet
CCCCCCOC(CCCCC)OCCC(C)C,sweet
Nc1ncnc2c1ncn2C1OC(CO[P+](=O)OP(=O)(O)O[P+](=O)O)C(O)C1O,sweet
C12=C3C4C1=C1C2C3C14,undefined
C=CC(C=CC)SSC(C=C)C=CC,undefined
COc1cc(C2OC(C)C(C)O2)ccc1O,undefined
NCC(O)C(O)C(O)COP(=O)(OCC1OC(n2cnc3c(N)ncnc32)C(O)C1O)OP(=O)([O-])O,sweet
NCC(O)C(O)C(O)COP(=O)(OCC1OC(n2cnc3c(N)ncnc32)C(O)C1O)OP(=O)(O)O,sweet
COc1ccc(C2CC(=O)c3c(O)cc(OC4OCCCC4OC4CCCC(C)O4)cc3O2)cc1O,sweet
OCC1OC(OCC(O)C(O)C(O)C(O)O)C(O)C(O)C1O,sweet
Nc1nc(Cl)nc2c1ncn2C1OC(CO[P+](=O)O)C(O)C1O,sweet
Nc1ncnc2c1nc(Br)n2C1OC(COP(=O)([O-])[O-])C(O)C1O,sweet
COc1ccc(-c2coc3cc(OC4OC(COC(=O)CC(=O)O)C(O)C(O)C4O)ccc3c2=O)cc1O,sweet
CCCCCOC1C(CO)OC(OC)C(O)C1O,sweet
CCCCCOCC1OC(OC)C(O)C(O)C1O,sweet
Nc1ncnc2c1ncn2C1OC(COP(=O)(O)OP(=O)(O)O[As](=O)(O)O)C(O)C1O,sweet
CC1OC(OCC2OC(Oc3cc(O)cc4oc(-c5ccc(O)c(O)c5)c(O)c(=O)c34)C(O)C(O)C2O)C(O)C(O)C1O,sweet
CCOP(=O)(OCC)c1nc(N)nc2c1ncn2C1OC(CO)C(O)C1(C)O,sweet
CCOP(=O)(O)c1nc(N)nc2c1ncn2C1OC(CO)C(O)C1(C)O,sweet
COP1(=O)OC(C)C2OC(n3cnc4c(N)ncnc43)C(O)C2O1,sweet
[CH2]C(O)C(O)C(O)C(O)CO,sweet
[CH2]C(O)C(O)C(O)CO,sweet
Nc1ncnc2c1ncn2C1OC(CO)C(O)C1O.[Zn],sweet
Nc1ncnc2c1ncn2C1OC(CO[P](=O)O)C([O])C1O,sweet
Nc1ncnc2c1ncn2C1OC(COP(=O)([O-])[O-])C(OP(=O)(O)O)C1O,sweet
Nc1ncnc2c1ncn2C1OC(CO[P](=O)O)C(O)C1O,sweet
Nc1ncnc2c1ncn2C1OC(CO)C(O)C1O.[Cu],sweet
Nc1ncnc2c1ncn2C1OC(COP(=O)([O-])OP(=O)([O-])OP(=O)([O-])[O-])C(O)C1O.[Mn],sweet
Nc1ncnc2c1ncn2C1OC(COP(=O)([O-])OP(=O)([O-])[O-])C(O)C1O.[Mn],sweet
Nc1ncnc2c1ncn2C1OC(COP(=O)([O-])[O-])C(O)C1O.[Mn],sweet
NOP(=O)(OCC1OC(n2cnc3c(N)ncnc32)C(O)C1O)OP(=O)([O-])OP(=O)([O-])[O-].[Mn],sweet
NOP(=O)(OCC1OC(n2cnc3c(N)ncnc32)C(O)C1O)OP(=O)(O)OP(=O)(O)O,sweet
NOP(=O)(OCC1OC(n2cnc3c(N)ncnc32)C(O)C1O)OP(=O)([O-])[O-].[Mn],sweet
NOP(=O)(OCC1OC(n2cnc3c(N)ncnc32)C(O)C1O)OP(=O)(O)O,sweet
NOP(=O)([O-])OCC1OC(n2cnc3c(N)ncnc32)C(O)C1O.[Mn],sweet
NOP(=O)(O)OCC1OC(n2cnc3c(N)ncnc32)C(O)C1O,sweet
OCC1OC(CO)(OC(O)C2(O)OCC(O)C(O)C2O)C(O)C1O,sweet
[O-]OCC1OC(OC2(CO)OC(CO)C(O)C2O)C(O)C(O)C1O,sweet
OCC1OC(CO)(OC2OC(COO)C(O)C(O)C2O)C(O)C1O,sweet
COc1ccc(-c2cc(=O)c3c(O)cc(OC4OC(C(O)C5OC(C)C(O)C(O)C5O)C(O)C(O)C4O)cc3o2)cc1O,sweet
CCCC1CC(C)(OC(C)=O)CCO1,undefined
NC(=O)NOP(=O)([O-])OCC1OC(n2cnc3c(N)ncnc32)C(O)C1O,sweet
NC(=O)NOP(=O)(O)OCC1OC(n2cnc3c(N)ncnc32)C(O)C1O,sweet
Nc1ncnc2c1ncn2C1OC(COP(=O)(OCC2OCC(O)C2O)OP(=O)(O)O)C(O)C1OP(=O)(O)O,sweet
CC1OCC(O)C(O)C1O.COc1ccc(C2CC(=O)c3c(O)cc(OC4OC(CO)C(O)C(O)C4O)cc3O2)cc1O,sweet
OCC(O)COC1C(O)OC(CO)C(O)C1O,sweet
O=C1NS([O-])([O-])c2ccccc21,sweet
OCC1OC(CO)(OC2OC(C[O][Ge])C(O)C(O)C2O)C(O)C1O,sweet
OCC1OC(OC2C(CO)O[CH]C(O)C2O)C(O)C(O)C1O,sweet
CCC(=O)OCC=Cc1ccccc1,sweet
CC=C(C=O)CSC,undefined
COC1OC(COC2OC(CO)C(O)C2O)C(O)C(O)C1O,sweet
OCCOCC1OC(OC2(CO)OC(CO)C(O)C2O)C(O)C(O)C1O,sweet
CC1OC(OC2C(C(=O)O)OC(OC3CCC4(C)C(CCC5(C)C4CC=C4C6CC(C)(C)CCC6(C(=O)OC6OC(CO)C(O)C(O)C6O)CCC45C)C3(C)C)C(OC3OC(CO)C(O)C(O)C3O)C2O)C(O)C(O)C1O,sweet
CC1OC(OC2C(C(=O)O)OC(OC3CCC4(C)C(CCC5(C)C4CC=C4C6CC(C)(C)CCC6(C(=O)O)CCC45C)C3(C)C)C(O)C2O)C(O)C(O)C1O,sweet
COc1cc(C2CC(=O)c3c(O)cc(OC4OC(CO)C(O)C(O)C4OC4OC(C)C(O)C(O)C4O)cc3O2)ccc1O,sweet
Nc1ncnc2c1ncn2C1OC(CO)C(O)C1OF,sweet
Nc1ncnc2c1ncn2C1OC(COP(=O)([O-])OP(=O)([O-])OP([O-])(O)=S)C(O)C1O,sweet
OCC1OC(O)[CH]C(O)C1O,sweet
OCC1OC(O)C(O)[CH]C1O,sweet
OCC1OC(O)C(O)(O)C(O)(O)C1O,sweet
CNc1ncnc2c1ncn2C1OC(COP(=O)([O-])O)C(N)C1O,sweet
CNc1ncnc2c1ncn2C1OC(COP(=O)(O)O)C(N)C1O,sweet
CC(C)(C)P(=O)([O-])OP(=O)([O-])OP(=O)([O-])OCC1OC(n2cnc3c(N)ncnc32)C(O)C1O,sweet
NCCCP(=O)([O-])OP(=O)([O-])OP(=O)([O-])OCC1OC(n2cnc3c(N)ncnc32)C(O)C1O,sweet
CCCCCP(=O)([O-])OP(=O)([O-])OP(=O)([O-])OP(=O)([O-])OCC1OC(n2cnc3c(N)ncnc32)C(O)C1O,sweet
CC1OC(CCl)(OC2OC(CO)C(Cl)C(O)C2O)C(O)C1O,sweet
CC(C)OC1OC(CO)C(O)(OC2OC(CO)C(O)C(O)C2O)C(O)C1O,sweet
CC(C)OCC1OC(CO)(OC2OC(CO)C(O)C(O)C2O)C(O)C1O,sweet
CC1OC(Oc2cc(O)c3c(=O)c(O)c(-c4cc(O)c(O)c(O)c4)oc3c2)C(O)C(O)C1O,sweet
CCOP(=O)(O)P(=O)(O)OP(=O)(O)OCC1OC(n2cnc3c(N)ncnc32)C(O)C1O,sweet
COP(=O)(O)P(=O)(O)OP(=O)(O)OCC1OC(n2cnc3c(N)ncnc32)C(O)C1O,sweet
OCC(CO)OC1OC(CO)C(OC2OC(CO)C(O)C(O)C2O)C(O)C1O,sweet
OCC(CO)OC1OC(CO)C(OC2(CO)OC(CO)C(O)C2O)C(O)C1O,sweet
OCC(O)COC1OC(CO)C(OC2(CO)OC(CO)C(O)C2O)C(O)C1O,sweet
OCC(O)COC1OC(CO)C(OC2OC(CO)C(O)C(O)C2O)C(O)C1O,sweet
COC1C(O)OC(C)(OC)C(O)C1O,sweet
CC1(C(=O)[O-])CCC2(C)CCC3(C)C(=CC(=O)C4C5(C)CCC(OC6OC(C(=O)[O-])C(O)C(O)C6OC6OC(C(=O)O)C(O)C(O)C6O)C(C)(C)C5CCC43C)C2C1,sweet
CCCOC1OC(COC)C(O)C(O)C1O,sweet
CC(C)OC1OC(CO)CC(O)C1O,sweet
COC1CC(OC(C)C)OC(C)C1O,sweet
CCC(C)OC1OC(C)C(O)CC1O,sweet
CCCOC1C(O)C(C)OC(OC)C1O,sweet
CC(C)OCC1OC(CO)(OC2OC(CO)[CH]C(O)C2O)C(O)C1O,sweet
OCC1CCCC(OC2CCCOC2)O1,sweet
COc1ccc(C2CC(=O)c3c(O)cc(OC4OC(COC5OC(C)C(O)C(C)C5O)C(C)C(O)C4O)cc3O2)cc1O,sweet
COc1ccc(C2CC(=O)c3c(C)cc(OC4OC(COC5OC(C)C(O)C(O)C5O)C(O)C(O)C4O)cc3O2)cc1O,sweet
COC1OC(CO)C(OC)C(O)C1OCCO,sweet
COC1C(COC2OC(CO)C(O)C(O)C2O)OCC(O)C1O,sweet
O=C1[NH2+]S(=O)(=O)c2ccccc21,sweet
OCC1OC2OC3C(CO)OC(OC1C(O)C2O)C(O)C3O,sweet
COCC1CC(O)C(O)C(OC(C)C)O1,sweet
CC1(C(=O)O)CCC2(C)CCC3(C)C(=CC(=O)C4C5(C)CCC(OC6CC(O)C(O)C(C(=O)O)O6)C(C)(C)C5CCC43C)C2C1,sweet
CC(C)=CCC1=C(O)C(CC=C(C)C)(CC=C(C)C)C(=O)C(C(=O)C(C)C)C1=O,bitter
CC1OC(OC2(CO)OC(C)C(O)C2O)C(O)C(O)C1O,sweet
COc1ccc(CCC(=O)c2c(O)cc(OC3OC(CO)C(O)C(O)C3OC3OC(C)C(O)C(C)C3O)cc2O)cc1O,sweet
O=S1(=O)N=C([O-])c2cc(F)ccc21,sweet
CCCOC1OC(CO)C(O)(O)C(O)C1O,sweet
[CH2-]OC1OC(CO)C(O[CH2-])C(O[CH2-])C1O[CH2-].[Rf].[Rf].[Rf].[Rf],sweet
CC1(OC=O)CCC2(C)CCC3(C)C(=CC(=O)C4C5(C)CCC(OC6OC(C(=O)O)C(O)C(O)C6OC6OC(OC=O)C(O)C(O)C6O)C(C)(C)C5CCC43C)C2C1,sweet
CC1(C(=O)O)CCC2(C)CCC3(C)C(=CC(=O)C4C5(C)CCC(OC6OC([C-]=O)C(O)C(O)C6OC6OC([C-]=O)C(O)C(O)C6O)C(C)(C)C5CCC43C)C2C1,sweet
CC1(C(=O)O)CCC2(C)CCC3(C)C(=CC(=O)C4C5(C)CCC(OC6OC(C=O)C(O)C(O)C6OC6OC(C=O)C(O)C(O)C6O)C(C)(C)C5CCC43C)C2C1,sweet
[CH]C(O)C(O)C(O)C(O)CO,sweet
CC1CCC2(C)CCC3(C)C(=CC(=O)C4C5(C)CCC(OC6OC(C(=O)O)C(O)C(O)C6OC6OC(C(=O)O)C(O)C(O)C6O)C(C)(C)C5CCC43C)C2C1,sweet
Nc1ncnc2c1ncn2C1CC(O)C(COP(O)(=S)OP(=O)([O-])OP(=O)([O-])O)O1,sweet
OCC1OC(OC2COC(O)(CO)C2O)C(O)C(O)C1O,sweet
OCC1OC(CO)(OC2O[CH]C(O)C(O)C2O)C(O)C1O,sweet
OCC1CC(O)(OC2OC(CO)C(O)C(O)C2O)C(O)C(O)O1,sweet
OCCOCC1OC(OC2C(COCCO)OC(O)C(O)C2OCCO)C(O)C(O)C1O,sweet
OCC(O)C(O)C(O)C(O)COC1OCC(O)C(O)C1O,sweet
CCCC(CO)OC(CC)OC1C(CO)OC(O)C(O)C1O,sweet
NCCCCCNOP(=O)(O)OCC1OC(n2cnc3c(N)ncnc32)C(O)C1O,sweet
NCCNOP(=O)(O)OCC1OC(n2cnc3c(N)ncnc32)C(O)C1O,sweet
COC1C(OC(C)C)OC(CO)C(O)C1O,sweet
COc1ccc(C2CC(=O)c3c(O)cc(OC4OC(COC5OC(O)C(O)C(O)C5O)C(O)C(O)C4O)cc3O2)cc1O,sweet
COCCOCCOCC1OC(O)C(O)C(O)C1O,sweet
CCOC1OC(CO)C(O)C(O)C1OC1OC(CO)C(O)C(O)C1O,sweet
COCC1OC(OOCC2OC(OC)C(O)C(O)C2O)C(O)C(OC)C1O,sweet
OCC1OC(O)C(O)CC1OC1OC(CO)C(O)C(O)C1O,sweet
C#COC1OC(CO)C(OC2OC(CO)C(O)C(O)C2O)C(O)C1O,sweet
COc1ccc(C2CC(=O)c3c(O)cc(OC4OC(COC5OC(C)CC(O)C5O)C(O)C(O)C4O)cc3O2)cc1O,sweet
COc1ccc(C=CC(=O)c2c(O)cc(OC3OC(COC4OC(C)C(O)C(O)C4O)C(O)C(O)C3O)cc2O)cc1O,sweet
CC1OC(OCC2OC(Oc3c(-c4ccc(O)c(O)c4)oc4cc(O)cc(O)c4c3=O)C(O)C(O)C2C)C(O)C(O)C1O,sweet
COP(=O)([O-])OP(=O)([O-])OP(=O)([O-])OCC1OC(n2cnc3c(N)ncnc32)C(O)C1O,sweet
Nc1ncnc2c1ncn2C1OC(COCCP(=O)(O)O)C(O)C1O,sweet
O=C1[N-]S(=O)(=O)c2ccccc21.[W],sweet
O=C1[N-]S(=O)(=O)c2ccccc21.[CH3-].[W+2],sweet
CC1(C(=O)O)CCC2(C)CCC3(C)C(=CC(=O)C4C5(C)CCC(OC6OC(C(=O)O)C(O)C(O)C6COCC6OC(C(=O)O)C(O)C(O)C6O)C(C)(C)C5CCC43C)C2C1,sweet
OCC1CC(O)C(O)C(OC2C(CO)OC(OC(C(O)CO)C(O)C(O)CO)C(O)C2O)O1,sweet
C=C1CC23CCC4C(C)(C(=O)OC5OC(CO)C(OC6OC(CO)C(O)C(O)C6O)C(O)C5O)CCCC4(C)C2CCC1(OC1OC(CO)C(O)C(OC2OC(CO)C(O)C(O)C2O)C1OC1OC(CO)C(OC2OC(CO)C(O)C(O)C2O)C(O)C1O)C3,sweet
COP(=O)(O)OP(=O)(OC)OP(=O)(OC)OCC1OC(n2cnc3c(N)ncnc32)[CH]C1O,sweet
CC(O)C(O)C(O)COC1OC(CO)C(O)C(O)C1O,sweet
CC(C)OC1OC(CO)C(OC(C)C)C(O)C1O,sweet
COP(=O)(O)OP(=O)(OC)OP(=O)(OC)OCC1OC(n2cnc3c(N)ncnc32)CC1O,sweet
CNP(=O)(O)OP(=O)(O)OP(=O)(O)OCC1OC(n2cnc3c(N)ncnc32)C(O)C1O,sweet
[CH]C1OC(O)CC(O)C1O,sweet
[CH]C1OC(O)C(O)C(O)C1O,sweet
[N-]=[N+]=NCNP(=O)([O-])OP(=O)([O-])OP(=O)([O-])OCC1OC(n2cnc3c(N)ncnc32)C(O)C1O,sweet
COC(C(O)CO)C(OC)C(O)COC1OC(CO)C(O)C(O)C1O,sweet
COCOC1C(OC)OC(COC)C(O)C1OC,sweet
COc1cc(C=CC(C)=O)ccc1O,sweet
CC1OCC(OC2OC(CO)C(O)C(O)C2O)C(O)C1O,sweet
COc1cc(C(=O)OCC2OC(Oc3cc(O)ccc3C(=O)CCc3ccc(O)cc3)C(O)C(O)C2O)cc(OC)c1O,sweet
Nc1ncnc2c1ncn2C1OC(CO)C(OP=O)C1O,sweet
CCOC1OC(CO)C(O)C(O)C1O.[Ac].[Ac].[Ac].[Ac],sweet
CCC(C)OC1OC(CO)C(O)C(O)C1O.[Ac].[Ac].[Ac].[Ac],sweet
CC1OC(COCC2OC(Oc3c(-c4ccc(O)c(O)c4)oc4cc(O)cc(O)c4c3=O)C(O)C(O)C2O)C(O)C(O)C1O,sweet
OCC1OC(OC2C(CO)OC(O)C(O)C2O)C(O)C(O)C1O.[Ac].[Ac].[Ac].[Ac].[Ac].[Ac].[Ac].[Ac],sweet
CCCOC1OC(CO)C(O)C(O)C1O.[Ac].[Ac].[Ac].[Ac],sweet
COP(=O)(O)OC1CC(n2cnc3c(N)ncnc32)OC1CO,sweet
Nc1nc(F)nc2c1ncn2C1OC(CO)C(OP(=O)(O)O)C1O,sweet
COCC1OC(O)CC(O)C1O,sweet
COC1C(O)CC(O)OC1CO,sweet
CCC(C)C(CC(O)CC(=O)OC(CC(O)CC(=O)OC1C(O)C(C)OC(OC(=O)C23CCC(C)(C)CC2C2=CCC4C5(C)CCC(OC6OC(C(=O)O)C(O)C(OC)C6OC)C(C)(C=O)C5CCC4(C)C2(C)CC3O)C1OC)C(C)CC)OC,sweet
[CH]OC1OC(CO)C(O)C(O)C1O,sweet
[CH]P(=O)(O)OP(=O)(O)OCC1OC(n2cnc3c(N)ncnc32)C(O)C1O,sweet
[CH]P(=O)(O)CP(=O)(O)OCC1OC(n2cnc3c(N)ncnc32)C(O)C1O,sweet
[CH]OP(=O)(O)OP(=O)(O)OCC1OC(n2cnc3c(N)ncnc32)C(O)C1O,sweet
OCC1OC(OCC2O[CH-]C(O)C2O)C(O)C(O)C1O.[U],sweet
OCC1OC(OCC2OCC(O)C2O)C(O)C(O)C1O,sweet
CCOCCOCCOCCOCCOCCOCCO[P+]([O-])(O)OCC1OC(n2cnc3c(N)ncnc32)C(O)C1O,sweet
CC(C)O[P+]([O-])(O)OCC1OC(n2cnc3c(N)ncnc32)C(O)C1O,sweet
OCC(O)C(O)C[OH2+],sweet
CC1(C(=O)O)CCC2(C)CCC3(C)C(=CC(=O)C4C5(C)CCC(OCC6OC(C(=O)O)C(O)C(O)C6OC6OC(C(=O)O)C(O)C(O)C6O)C(C)(C)C5CCC43C)C2C1,sweet
C=C1CC23CCC4C(C)(C(=O)OC5CC(O)C(O)C(CO)O5)CCCC4(C)C2CCC1(OC1OC(CO)C(O)C(OC2OC(CO)C(O)C(O)C2O)C1OC1(C)OC(CO)C(O)C(O)C1O)C3,sweet
COC1OC(CO)C(O)C(O)C1O[CH-]C(O)C(O)C(O)[CH-]CO,sweet
COC1OC(CO)C(O)C(O)C1OCC(O)C(O)C(O)CCO,sweet
CC1(C(=O)[O-])CCC2(C)CCC3(C)C(=CC(=O)C4C5(C)CCC(OC6OC(C(=O)[O-])C(O)C(O)C6O)C(C)(C)C5CCC43C)C2C1,sweet
OCC1OC(OC2COC(O)C(O)C2)C(O)C(O)C1O,sweet
O=c1cc(-c2ccc(O)c(O)c2)oc2cc(OC3OC(COS)C(O)C(O)C3O)cc(O)c12,sweet
OCC1OC(OC2OC(CO)C(O)C(O)C2OSOOO)C(O)C(O)C1O,sweet
COc1ccc(C=CC(=O)c2c(O)cc(OC3OC(COC4CC(C)C(O)C(O)C4O)C(O)C(O)C3O)cc2OC)cc1O,sweet
COc1ccc(C2CC(=O)c3c(O)cc(OC4OC(COC5OC(C)C(O)C(O)C5O)C(COCC5OC(CO)C(O)C(O)C5O)C(O)C4O)cc3O2)cc1O,sweet
CCCOC1OC(C)C(O)C(OC2OC(CO)C(O)C(O)C2O)C1O,sweet
[CH2-]COC1OC(CO)C(O)C(O)C1O.[Rf],sweet
[CH2-]OC1OC(CO)C(OC2OC(CO)C(O)C(O)C2O)C(O)C1O.[Rf],sweet
COCC1OC(O)C(O)C(O)C1OC1OC(CO)C(O)C(O)C1O,sweet
O=C(C=Cc1ccc(O)c(O)c1)c1ccc2c(c1O)OC1C(O2)OC(CO)C(O)C1O,sweet
OCC1CC(OC2OC(CO)C(O)C(O)C2O)C(O)C(O)O1,sweet
C=C1CC23CCC4C(C)(C(=O)O)CCCC4(C)C2CCC1(OC1OC(COC(C)=O)C(OC(C)=O)C(OC2OC(COC(C)=O)C(OC(C)=O)C(OC(C)=O)C2OC(C)=O)C1OC1OC(COC(C)=O)C(OC(C)=O)C(OC(C)=O)C1OC(C)=O)C3,sweet
CN(CN)P(=O)(O)OP(=O)(O)OP(=O)(O)OCC1OC(n2cnc3c(N)ncnc32)C(O)C1O,sweet
CCCCCOC1OC(CO)C(O)(O)C(O)C1O,sweet
CCCOCCOCCOCC1OC(O)C(O)C(O)C1O,sweet
COC1C(OC(C)C)OC(C)C(O)C1OC,sweet
COC1C(C)OC(OC2C(C)OC(C)C(O)C2O)C(O)C1O,sweet
CC1(C(=O)[O-])CCC2CCC3(C)C(=CC(=O)C4C5(C)CCC(OC6OC(C(=O)[O-])C(O)C(O)C6OC6OC(C(=O)O)C(O)C(O)C6O)C(C)(C)C5CCC43C)C2C1,sweet
CC1(C(=O)O)CCC2CCC3(C)C(=CC(=O)C4C5(C)CCC(OC6OC(C(=O)O)C(O)C(O)C6OC6OC(C(=O)O)C(O)C(O)C6O)C(C)(C)C5CCC43C)C2C1,sweet
O=CC(O)(O)C(O)(O)C(O)C(O)CO,sweet
OCC1OC(OCCCCCCOC2OC(CO)C(O)C(O)C2O)C(O)C(O)C1O,sweet
COC1OC(CO)C(O)C(OC2OC(CO)C(OC)C(O)C2O)C1O,sweet
COCC1OC(OCC2OC(OC)C(O)C(O)C2O)C(O)C(O)C1O,sweet
COc1ccc(-c2cc(=O)c3c(O)cc(OC4OCC(O)(COC5OC(C)C(O)C(O)C5O)C(O)C4O)cc3o2)cc1O,sweet
CCOP(=O)(COCC1OC(n2cnc3c(N)nc(F)nc32)C(O)C1O)OCC,sweet
COc1cc(-c2oc3cc(O)cc(O)c3c(=O)c2OC2OC(CO)C(C)C(O)C2O)ccc1O,sweet
Nc1ncnc2c1ncn2C1OC(COP(=S)(Cl)Cl)C(O)C1O,sweet
CP1(=O)OCC2OC(n3c(Br)nc4c(N)ncnc43)C(O)C2O1,sweet
[CH][P+]1(OC)OCC2OC(n3cnc4c(N)ncnc43)C(O)C2O1,sweet
COP1(=S)OCC2OC(n3cnc4c(N)ncnc43)C(O)C2O1,sweet
COP(=O)([O-])OP(=O)([O-])OP(=O)([O-])OCC1OC(n2cnc3c(N)ncnc32)CC1O,sweet
O=C1NS(=O)(=O)c2ccc(B(O)O)cc21,sweet
COP(=O)(O)OC1C(O)C(COP(=O)(O)O)OC1n1cnc2c(N)ncnc21,sweet
OCC(O)C(O)C(OC1OC(CO)C(O)C(O)C1O)C(O)CO.[Ac].[Ac].[Ac].[Ac].[Ac].[Ac].[Ac].[Ac].[Ac],sweet
CC(O)C(O)C(O)C(O)COC1OC(CO)C(O)C(O)C1O.[Ac].[Ac].[Ac].[Ac].[Ac].[Ac].[Ac].[Ac],sweet
COC1CC(CO)OC(OC)C1O,sweet
COCC1CC(OC)C(O)C(OC)O1,sweet
COC(=O)C(Cc1ccccc1)NC(=O)C(CC(=O)O)[NH2+]CCC(C)(C)C,sweet
CNC(CC(=O)OC)C(=O)NC(Cc1ccccc1)C(=O)OC,sweet
Nc1ncnc2c1ncn2CC1OC2COP(=O)(O)OC2C1O,sweet
CC1OC(C)C(OC2OC(CO)C(O)C(O)C2O)C(O)C1O,sweet
CCC(C)C(CC(O)CC(=O)OC(CC(O)CC(O)OC1C(O)C(C)OC(OC(O)C23CCC(C)(C)CC2C2=CCC4C5(C)CCC(OC6OC(C(=O)O)C(O)C(OC)C6OC)C(C)(C=O)C5CCC4(C)C2(C)CC3O)C1OC)C(C)CC)OC,sweet
OCC(O)C(O)C(O)(O)C(O)CO,sweet
COc1ccc(-c2cc(=O)c3c(O)c(O)c(OC4OC(C)C(O)C(O)C4O)cc3o2)cc1,sweet
O=c1cc(-c2ccc(O)cc2)oc2cc(OC3OC(O)C(O)C(O)C3O)c(O)c(O)c12,sweet
Nc1ncnc2c1ncn2C1OC(CO)C(OP(=O)=O)C1O,sweet
NCCCCCNc1nc2c(N)ncnc2n1C1OC2COP(=O)([O-])OC2C1O,sweet
NCCCCCNc1nc2c(N)ncnc2n1C1OC2COP(=O)(O)OC2C1O,sweet
CCOCCOCCOCCOCCO[P+]([O-])(O)OCC1OC(n2cnc3c(N)ncnc32)C(O)C1O,sweet
COC1C(CO)OC(OC(C(O)CO)C(O)C(C)O)C(O)C1O,sweet
COC1OC(C[O-])C(OC2OC(C[O-])C(OC)C(O)C2O)C(O)C1O,sweet
CC(O)COP(=O)(O)OP(=O)(O)OCC1OC(n2cnc3c(N)ncnc32)C(O)C1O,sweet
Nc1nc(Cl)nc2c1ncn2C1OC(COP(=O)([O-])OP(=O)([O-])OP(=O)([O-])O)C(O)C1O,sweet
COP(=O)([O-])OCC1OC(n2cnc3c(N)ncnc32)CC1O,sweet
CC(O)C(O)C(OC1OC(CO)C(O)C(O)C1O)C(O)CO,sweet
CCC(C)C(CC(O)CC(=O)OC(CC(O)CC(=O)CC1C(O)C(C)OC(OC(=O)C23CCC(C)(C)CC2C2=CCC4C5(C)CCC(OC6OC(C(=O)O)C(O)C(OC)C6OC)C(C)(C=O)C5CCC4(C)C2(C)CC3O)C1OC)C(C)CC)OC,sweet
O[CH]CC(O)C(O)CO,sweet
COc1cc(OC2OC(CO)C(O)C(O)C2O)c2c(=O)c3c(O)ccc(OC)c3oc2c1,sweet
CC=C(C)C(=O)C1C(OC(=O)C(C)CC)C2(CO)C(O)CC3(C)C(=CCC4C5(C)CCC(OC6OC(C(=O)O)C(O)C(OC7OCC(O)C(O)C7OC7OCC(O)C(O)C7O)C6OC6OC(CO)C(O)C(O)C6O)C(C)(CO)C5CCC43C)C2CC1(C)C,sweet
O=C1CC(c2cc(O)cc(O)c2)Oc2cc(OC3OC(CO)C(O)C(O)C3O)c(O)c(O)c21,sweet
COc1c(OC2OC(CO)C(O)C(O)C2O)cc2c(c1O)C(=O)CC(c1cc(O)cc(O)c1)O2,sweet
Nc1ncnc2c1ncn2C1OC([CH+]OP(=O)(O)OP(=O)(O)O)C(O)C1O,sweet
OCC1OC(O)C(O)C(O)C1OC1(CO)OCC(O)C(O)C1O,sweet
OCC1OC(OC2(CO)OC(O)C(O)C2O)C(O)C(O)C1O,sweet
CC1(C(=O)O)CCC2(C)CCC3(C)C(=CC(=O)C4C5(C)CCC(OC6OC(C(=O)O)C(O)C(O)C6OC6OC(C(=O)[O-])C(O)C(O)C6O)C(C)(C)C5CCC43C)C2C1,sweet
O=C1NS(=O)(=O)c2ccccc21.[Po],sweet
C=CCOc1ccc([N+](=O)[O-])cc1N,sweet
O=C1NS(=O)(=S)c2ccccc21,sweet
CC(O)C(O)C(O)COP(=O)(O)OP(=O)(O)OCC1OC(n2cnc3c(N)ncnc32)C(O)C1O,sweet
NCCOc1ccc([N+](=O)[O-])cc1[N+](=O)[O-],sweet
COCCC(N)C(=O)NC(Cc1ccccc1)C(=O)O,sweet
COCCC(N)C(=O)NC(Cc1ccccc1)C(=O)OC,sweet
Nc1cc([N+](=O)[O-])ccc1OC1CCCCC1,sweet
Nc1cc([N+](=O)[O-])ccc1OC1CCCC1,sweet
Nc1cc([N+](=O)[O-])ccc1OCC(F)(F)C(F)F,sweet
Nc1cc([N+](=O)[O-])ccc1OCC(F)(F)F,sweet
CC(C)CC(C)Oc1ccc([N+](=O)[O-])cc1N,sweet
COCCCOc1ccc([N+](=O)[O-])cc1N,sweet
Nc1cc([N+](=O)[O-])ccc1OCC1CC1,sweet
Nc1cc([N+](=O)[O-])ccc1OC1CCOCC1,sweet
CC(C)(C)Oc1ccc([N+](=O)[O-])cc1N,sweet
CCC(C)(C)Oc1ccc([N+](=O)[O-])cc1N,sweet
CCCCCCC(C)Oc1ccc([N+](=O)[O-])cc1N,sweet
Nc1cc([N+](=O)[O-])ccc1OC1CCC1,sweet
CC(C)CCCOc1ccc([N+](=O)[O-])cc1N,sweet
CCCCCCCCOc1ccc([N+](=O)[O-])cc1N,sweet
CCCOCCOc1ccc([N+](=O)[O-])cc1N,sweet
CC(C)(N)COc1ccc([N+](=O)[O-])cc1[N+](=O)[O-],sweet
CCC(C)(N)COc1ccc([N+](=O)[O-])cc1[N+](=O)[O-],sweet
CC(C)(C)CCOc1ccc([N+](=O)[O-])cc1N,sweet
CC(Oc1ccc([N+](=O)[O-])cc1N)C(F)(F)F,sweet
COc1cc(C(OC2OC(CO)C(O)C(O)C2O)C(CO)Oc2c(OC)cc(-c3cc(=O)c4c(O)cc(O)cc4o3)cc2OC)ccc1O,sweet
COc1cc(C(O)C(COC2OC(CO)C(O)C(O)C2O)Oc2c(OC)cc(-c3cc(=O)c4c(O)cc(O)cc4o3)cc2OC)ccc1O,sweet
C=C1CCC2(C(=O)OC3OC(CO)C(O)C(O)C3O)CCC3(C)C(=CCC4C5(C)CCC(OC6OC(C(=O)OCCCC)C(O)C(O)C6O)C(C)(C)C5CCC43C)C2C1,sweet
CC(C)C(OC1OC(C)C(O)C(O)C1O)C(O)CC(C)C1C(O)CC2C3CC(=O)C4CC(OC5OC(COC6OC(CO)C(O)C(O)C6O)C(O)C(O)C5O)CCC4(C)C3CCC21C,sweet
CC(C)C(O)C(O)CC(C)C1C(OC2OC(CO)C(O)C(O)C2O)CC2C3CC(=O)C4CC(OC5OC(COC6OC(CO)C(O)C(O)C6O)C(O)C(O)C5O)CCC4(C)C3CCC21C,sweet
Nc1ncnc2c1ncn2C1OC(COP(=O)(O)CP(=O)(O)OP(O)(O)=S)C(O)C1O,sweet
COC1C(CO)OC(Oc2ccc3c(c2O)OC(c2ccccc2)CC3=O)C(O)C1O,sweet
COc1cc(C2Oc3cc(OC4OC(C)C(O)C(O)C4O)cc(O)c3C(=O)C2OC2OC(CO)C(O)C(O)C2O)ccc1O,sweet
[B][P+]1(O)OCC2OC(n3c(N)nc4c(N)ncnc43)C(O)C2O1,sweet
COc1cc(O)c2c(=O)c(OC3OC(COC4OC(C)C(O)C(O)C4O)C(O)C(O)C3O)c(-c3ccc(OC)c(OC)c3)oc2c1,sweet
OCC1OC(OC2C(CO)OC(O)C(O)C2O)C(O)C(O)C1O.[H+],sweet
OCC(O)OCC1(OC2OC(CO)C(O)C(O)C2O)OC(CO)C(O)C1O,sweet
Nc1ncnc2c1ncn2C1CC(O)C(COP(N)(=O)O)O1,sweet
COCCOCCOC1OC(CO)C(O)C(O)C1O,sweet
CCO.OCC1OC(OC2(CO)OC(CO)C(O)C2O)C(O)C(O)C1O,sweet
CCOC(=O)CC(N)C(=O)NC(Cc1ccccc1)C(=O)O,sweet
C.O=C1NS(=O)(=O)c2ccccc21,sweet
OCC1OC(OC2OC(CO)C(O)C(O)C2O)C(O)C(O)C1O.O[Si](O)O,sweet
CC(O)C(O)C(O)C(O)C1OC(Oc2cc(O)c3c(=O)cc(-c4ccc(O)c(O)c4)oc3c2)C(O)C(O)C1O,sweet
O=C1NS(=O)(=O)c2ccccc21.[Fe],sweet
OCC1OC(CO)(OC2OC(COCl)C(O)C(O)C2O)C(O)C1O,sweet
CC(C)(N)CO.Nc1ncnc2c1ncn2C1OC(COP(=O)(O)O)C(O)C1O,sweet
OCC1OC(O)C(O)C(O)C1OC1OC(COCF)C(O)C(O)C1O,sweet
CC(OC(CO)C(O)CO)C(C)OC1OC(CO)C(O)C(O)C1O,sweet
CCCOC1OC(CO)CC(O)C1O,sweet
CC(COC1OC(CO)C(O)C(O)C1O)OC(CO)C(O)CO,sweet
OCC1OC(O)C(O)C(O)C1O.[Mn],sweet
OCC1OC(O)C(O)C(O)C1O.[Cu],sweet
OCC1OC(O)C(O)C(O)C1O.[Zn],sweet
OCC(O)CO.OCC1OC(OC2OC(CO)C(O)C(O)C2O)C(O)C(O)C1O,sweet
O=P(O)(O)OCC1OC(n2cnc3c(F)ncnc32)C(O)C1O,sweet
Nc1ncnc2c1ncn2C1OC(COP(=O)(O)O)C(O)C1O.O=S(O)O,sweet
COCCN(CCOC)CCOC1C(O[P+](=O)O)C(CO)OC1n1cnc2c(N)ncnc21,sweet
COC(C)COC1C(O[P+](=O)O)C(CO)OC1n1cnc2c(N)ncnc21,sweet
COCCOC1C(O[P+](=O)O)C(CO)OC1n1cnc2c(N)ncnc21,sweet
CCCOC1OC(COC2OC(CO)C(O)C(O)C2O)C(O)C(O)C1O,sweet
CC(OP(N)(=O)O)C1OC(n2cnc3c(N)ncnc32)C(O)C1O,sweet
NC(=O)O.Nc1ncnc2c1ncn2C1OC(COP(=O)(O)O)C(O)C1O,sweet
COC1(O)C(O)C(COP(=O)(O)O)OC1n1cnc2c(N)ncnc21,sweet
OCC(O)COC1C(O)C(CO)OC(OC2OC(CO)C(O)C(O)C2O)C1O,sweet
OCC1OC(O)C(O)C(O)C1OC1(O)C(CO)OCC(O)C1O,sweet
OCCOC(CO)OCC1(OC2OC(CO)C(O)C(O)C2O)OC(CO)C(O)C1O,sweet
OCCC(O)OCC1OC(OC2(CO)OC(CO)C(O)C2O)C(O)C(O)C1O,sweet
OCC1OC(O)C(O[Si])C(O)C1O,sweet
OCC1OC(OC2(CO)OC(CO)C(O)C2O)C(O)C(O)C1O.OCCOCCO,sweet
OCCOCCOCC1OC(OC2(CO)OC(CO)C(O)C2O)C(O)C(O)C1O,sweet
CC1(C(=O)O)CCC2(C)CCC3(C)C(=CC(=O)C4C5(C)CCC(OC6OC(C(=O)O)C(O)C(O)C6OC6OC(C(=O)O)C(O)C(O)C6O)C(C)(C)C5CCC43C)C2C1.[Al],sweet
CCCCCNC(CC(=O)O)C(=O)NC(Cc1ccccc1)C(=O)O,sweet
CCC(N)CO.Nc1ncnc2c1ncn2C1OC(COP(=O)(O)O)C(O)C1O,sweet
CO[P+]1(C)OCC2OC(n3cnc4c(N)ncnc43)C(O)C2O1,sweet
OCC(O)C(O)C(O)CO.OCC1OC(OC2(CCl)OC(CCl)C(O)C2O)C(O)C(O)C1Cl,sweet
OCC(O)C1OC(OC2OC(CO)C(O)C(O)C2O)C(O)C1O,sweet
COc1ccc(-c2oc3cc(O)cc(O)c3c(=O)c2OC2OC(CO)C(O)C(O)C2O)cc1OC,sweet
CCCCCOP(=O)(O)OCC1OC(n2cnc3c(N)ncnc32)C(O)C1O,sweet
CC1OC(n2cnc3c(N)ncnc32)C(O)C1O,sweet
COC(C)C1OC(n2cnc3c(N)ncnc32)C(O)C1OP(=O)(O)O,sweet
CCC(O)CN.Nc1ncnc2c1ncn2C1OC(COP(=O)(O)O)C(O)C1O,sweet
O=C1NS(=O)(=O)c2c(F)cccc21,sweet
COC(=O)C(Cc1ccccc1)NC(=O)C(N)CC(=O)O.O=C1NCCNC1=O,sweet
NCCCCCOP(=O)(O)OCC1OC(n2cnc3c(N)ncnc32)C(O)C1O,sweet
CCO.Nc1ncnc2c1ncn2C1OC2COP(=O)(O)OC2C1O,sweet
COCC1OC(OC)(OC2OC(CO)C(O)C(O)C2O)C(O)C(O)C1O,sweet
OCC1OC(O)C(OC2OC(CF)C(O)C(O)C2O)C(O)C1O,sweet
OCC(O)C(O)C(O)C(O)C(O)COC1OC(CO)C(O)C(O)C1O,sweet
COc1ccc(-c2cc(=O)c3c(O)cc(OC4OC(C(O)C(O)C(O)C(C)O)C(O)C(O)C4O)cc3o2)cc1O,sweet
COC(=O)C(Cc1ccccc1)NC(=O)C(N)CC(=O)O.COC(=O)C(N)Cc1ccccc1,sweet
O=C(c1ccccc1)c1ccc(O)c(O)c1OC1OC(CO)C(O)C(O)C1O,sweet
O=C(C=Cc1ccc(OC2OC(CO)C(O)C(O)C2O)c(O)c1)c1c(O)cc(O)cc1O,sweet
O=c1c(O)c(-c2cc(O)c(OC3OC(CO)C(O)C(O)C3O)c(O)c2)oc2cc(O)cc(O)c12,sweet
OCC1OC(OC2C(CO)OC(O)C(O)C2O)C(O)C(O)C1O.[Fe],sweet
OCC1OC(OC2C(CO)OC(O)C(O)C2O)C(O)C(O)C1O.[Fe].[Fe],sweet
O=C1NS(=O)(=O)c2ccccc21.[Si],sweet
O=C1c2ccccc2S(=O)(=O)N1[Si],sweet
CC(O)CN.Nc1ncnc2c1ncn2C1OC(COP(=O)(O)O)C(O)C1O,sweet
O=C(O)OC1C(O)C(CO)OC(OC2C(CO)OC(O)C(O)C2O)C1O,sweet
OCOC1OC(CO)C(O)CC1O,sweet
OCC(O)CO.OCC1OC(OC2C(CO)OC(O)(CO)C2O)C(O)C(O)C1O,sweet
NP(=O)(O)O.Nc1ncnc2c1ncn2C1OC(CO)C(O)C1O,sweet
NCC1OC(n2cnc3c(N)ncnc32)C(O)C1OP(=O)(O)O,sweet
OCC1OC(O)C(OC2(O)C(O)COC(CO)C2O)C(O)C1O,sweet
OCC1OC(O)C(O)C(O)C1O.OCC1OC(O)C(O)C(O)C1O,sweet
COC1C(O)OC(CO)C(O)C1O.COC1C(O)OC(CO)C(O)C1O,sweet
OCC(O)COC1(O)C(O)OC(CO)C(O)C1O,sweet
C=C1CC23CCC4C(C)(C(=O)OC5OC(CO)C(O)C(O)C5O)CCCC4(C)C2CCC1(OC1OC(CO)C(O)C(O)C1OC1OCC(O)C(O)C1O)C3,sweet
Nc1ncnc2c1ncn2C1OC(CON[P+](=O)O)C(O)C1O,sweet
Nc1ncnc2c1ncn2C1OC(CO)C(O)C1O.[Mn],sweet
OCOCC1OC(OC2C(CO)OC(O)C(O)C2O)C(O)C(O)C1O,sweet
NCCCO.Nc1ncnc2c1ncn2C1OC(COP(=O)(O)O)C(O)C1O,sweet
COc1nc2c(N)ncnc2n1C1OC(COP(N)O)C(O)C1O,sweet
COc1nc2c(N)ncnc2n1C1OC(CO)C(O)C1O.NP(O)O,sweet
NP(O)O.Nc1ncnc2c1ncn2C1OC(CO)C(O)C1O,sweet
O=C1NS(=O)(=O)c2ccccc21.[Zn],sweet
Nc1nc(N)c2ncn(C3OC(CO)C(O)C3OF)c2n1,sweet
COC(CO)C(OC1OC(CO)C(O)C(O)C1O)C(O)CO,sweet
OCC1OC(OCCOCCOCl)C(O)C(O)C1O,sweet
OCC1OC(OC2(CO)OCC(O)C2O)C(O)C(O)C1O,sweet
OCC(O)C(O)C(OC1OC(CO)C(O)C(O)C1O)C(O)CO.OCC(O)C(O)CO,sweet
O=C1NS(=O)(=O)c2ccccc21.[N-]=[N+]=N,sweet
CCC(O)OC1OC(CO)C(O)C(O)C1O,sweet
CC(O)CO.OCC(O)C(O)C(OC1OC(CO)C(O)C(O)C1O)C(O)CO,sweet
Nc1ncnc2c1ncn2C1OC(C(F)OP(=O)(O)O)C(O)C1O,sweet
Nc1ncnc2c1ncn2C1(F)OC(COP(=O)(O)O)C(O)C1O,sweet
[O-]C1CC(OC2OC(CO)C(O)C(O)C2O)OC(CO)C1O,sweet
CCCOC1OC(CO)C(O)C(OC)C1O,sweet
COC(=O)C(Cc1ccccc1)N(CCO)C(=O)C(CC(=O)O)NCCC(C)(C)C,sweet
CCCCN(C(=O)C(N)CC(=O)O)C(C)(C(=O)O)C(C)c1ccccc1,sweet
OCC1OC(O)CC(O)C1O.OCC1OC(O)CC(O)C1O,sweet
[O-]CC1OC(OC2(CO)OC(CO)C(O)C2O)C(O)C(O)C1O,sweet
CP(=O)(O)O.Nc1ncnc2c1ncn2C1CC(O)C(CO)O1,sweet
OCC1OC(OC2(CO)OC(CO)C(O)C2O)C(O)C(O)C1O.[Mn],sweet
COc1ccc(-c2cc(=O)c3c(OS(=O)(=O)O)cc(OC4OC(COC5OC(C)C(O)C(O)C5O)C(O)C(O)C4O)cc3o2)cc1O,sweet
Nc1ncnc2c1ncn2C1OC(COP(=O)(O)O)C(O)C1O.OCCN(CCO)CCO,sweet
OCC1OC(OCC2CC(O)C(O)C(O)(CO)O2)C(O)C(O)C1O,sweet
CCCC[N+](CCCC)(CCCC)CCCC.Nc1ncnc2c1ncn2C1OC(COP(=O)(O)O)C(O)C1O,sweet
Nc1ncnc2c1ncn2C1OC(CO)C(O[P+](O)(O)O)C1O,sweet
NC(CC(=O)O)C(=O)N(C(=O)C(N)CC(=O)O)C(Cc1ccccc1)C(=O)O,sweet
O=C(O)OCC1(O)OC(COC2OC(CO)C(O)C(O)C2O)C(O)C1O,sweet
OCC1OC(OC2C(CO)OC(O)C(O)C2O)C(O)C(O)C1O.OCCO,sweet
CC(N)CO.Nc1ncnc2c1ncn2C1OC(COP(=O)(O)O)C(O)C1O,sweet
CCNc1ncnc2c1ncn2C1OC(COP(=O)(O)O)C(O)C1O,sweet
OC1COC(O)(C(O)F)C(O)C1O,sweet
COC.OCC1OC(OC2C(CO)OC(O)C(O)C2O)C(O)C(O)C1O,sweet
CCO.Nc1ncnc2c1ncn2C1OC(COP(=O)(O)O)C(O)C1O,sweet
OC1OC(COF)C(O)C(O)C1O,sweet
OC(F)C1OC(O)C(O)C(O)C1O,sweet
OCC(O)COC(CO)OCC1OC(OC2(CO)OC(CO)C(O)C2O)C(O)C(O)C1O,sweet
C=O.O=C1NS(=O)(=O)c2ccccc21,sweet
COC(=O)C(Cc1ccccc1)NC(=O)C(N)CC(=O)O.NC=O,sweet
CCCCCOc1c(N)cccc1[N+](=O)[O-],sweet
NC(CO)(CO)CO.Nc1ncnc2c1ncn2C1OC(COP(=O)(O)O)C(O)C1O,sweet
CC1OCC(O)C(C(O)C(C)O)O1,sweet
Nc1ncnc2c1ncn2C1OC(CO)C(OP2(=O)O[B]O2)C1O,sweet
Nc1ncnc2c1ncn2C1OC(CO)CC1OP1(=O)O[B]O1,sweet
CC1OC(OC2C(O)OC(CO)C2O)C(O)C(O)C1O,sweet
CNC(CC(=O)O)C(=O)NC(Cc1ccccc1)C(=O)O,sweet
CC(C)(N)CO.Nc1ncnc2c1ncn2C1OC2COP(=O)(O)OC2C1O,sweet
OCC(O)C1OC(OC2C(O)OC(C(O)CO)C(O)C2O)C(O)C(O)C1O,sweet
OCC(O)C1OC(OC2OC(C(O)CO)C(O)C(O)C2O)C(O)C(O)C1O,sweet
CCCCCOCC1OC(OCC)C(O)C(O)C1O,sweet
CC(C)OP(C)OCC1OC(n2cnc3c(N)ncnc32)C(O)C1O,sweet
CNCCCN.Nc1ncnc2c1ncn2C1OC(COP(=O)(O)O)C(O)C1O,sweet
OCOC1C(O)OC(CO)C(O)C1O,sweet
COCC1OC(OC2C(CO)OCC(O)C2OC)C(O)C(O)C1O,sweet
CCO.OCC1OC(OC2C(CO)OC(O)(CO)C2O)C(O)C(O)C1O,sweet
Nc1ncnc2c1ncn2C1CC(OP2(=O)O[B]O2)C(CO)O1,sweet
CCC(N)(CO)CO.Nc1ncnc2c1ncn2C1OC(COP(=O)(O)O)C(O)C1O,sweet
CC(O)C(O)C(O)C(O)C1OC(Oc2cc(OC3OC(CO)C(O)C(O)C3O)c3c(=O)cc(-c4ccc(O)c(O)c4)oc3c2)C(O)C(O)C1O,sweet
OCC1OC(O)C(O)C(O)C1O.OCl,sweet
COC(=O)C(Cc1ccccc1)N(C(=O)C(N)CC(=O)O)C1CC1C(C)(C)C,sweet
Nc1ncnc2c1ncn2C1OC(COP(=O)(O)O)C(O)C1O.OCC(O)C(O)C(O)C(O)CO,sweet
Nc1nc(N)nc(N)n1.Nc1ncnc2c1ncn2C1OC(COP(=O)(O)O)C(O)C1O,sweet
COC1C(OCC2(O)OC(O)C(O)C(O)C2O)OC(CO)C(O)C1O,sweet
CCP(=O)(O)O.Nc1ncnc2c1ncn2C1OC(CO)C(O)C1O,sweet
OCC1OC(OC2(CO)OC(CO)C2O)C(O)C(O)C1O,sweet
CC1(C)CCC2(C)CCC3(C)C(=CC(=O)C4C5(C)CCC(OC6OC(C(=O)O)C(O)C(O)C6O)C(C)(C)C5CCC43C)C2C1,sweet
CC(C)OP1(=O)OC(C)C2OC(n3cnc4c(N)ncnc43)C(O)C2O1,sweet
CC1(C(=O)O)CCC2(C)CCC3(C)C(=CC(=O)C4C5(C)CCC(OC6OC(C(O)O)C(O)C(O)C6OC6OC(C(=O)O)C(O)C(O)C6O)C(C)(C)C5CCC43C)C2C1,sweet
CC(=O)C1(C)CCC2(C)CCC3(C)C(=CC(=O)C4C5(C)CCC(OC6OC(C(O)O)C(O)C(O)C6OC6OC(C(=O)O)C(O)C(O)C6O)C(C)(C)C5CCC43C)C2C1,sweet
CCC1OC(Oc2ccc3c(c2)OC(c2ccc(OC)c(OC)c2)CC3=O)C(O)C(O)C1O,sweet
C=C(CCC=C(C)C)CCC=C(C)CC(=O)OCC1OC(Oc2cc(O)c3c(c2)OC(c2ccc(OC)c(OC)c2)CC3=O)C(O)C(O)C1O,sweet
CC=C(C)C(CCC(C)CCCC(C)C(C)CCC(C)C)OC1C(CO)OC(Oc2cc(O)c3c(=O)c(O)c(-c4ccc(OC)c(OC)c4)oc3c2)C(O)C1O,sweet
COC1(OC2OC(CO)C(O)C(O)C2O)OC(CO)C(O)C1O,sweet
COC1C(CO)OC(OC2C(CO)OC(OC(C)C)C(O)C2O)C(O)C1O,sweet
CCOCCOCCOC1OC(CO)C(O)CC1O,sweet
OCCOC1CC(O)C(O)C(CO)O1,sweet
CSP1(=O)OCC2OC(n3cnc4c(N)ncnc43)C(O)C2O1,sweet
CC(C)O.OCC1OC(OC2C(CO)OC(O)C(O)C2O)C(O)C(O)C1O,sweet
CC1OCC(O)CC1OC1OC(CO)C(O)C(O)C1O,sweet
CC(O)Cc1nc2c(N)ncnc2n1C1OC(COP(=O)(O)O)C(O)C1O,sweet
O=C(O)OC1C(OC2C(CO)OC(O)C(O)C2O)OC(CO)C(O)C1O,sweet
CO.OCC1OC(O)C(O)C(O)C1O,sweet
Nc1ncnc2c1ncn2C1OC(COP(=O)(O)O)C(O)C1O.[Si],sweet
CCCCCOc1ccc(NC(=O)NC(F)(F)F)cc1,sweet
CCOc1ccc(NC(N)=[Si])cc1,sweet
OCC1OC(OCC(O)C(O)C(O)O)C(O)C(O)C1O,sweet
C=C1CC23CCC4C(C)(C(=O)OC5OC(CO)C(O)C(O)C5O)CCCC4(C)C2CCC1(OC)C3,sweet
COC(=O)CC(Cc1ccccc1)NC(=O)C(N)CC(=O)O,sweet
COC(=O)CC(Cc1ccccc1)NC(=O)C(CC(=O)O)NCCC(C)(C)C,sweet
CCCCOC1C(C)OC(OC)C(O)C1OCCCC,sweet
CCCCOC1C(C)OC(OC)C(O)C1O,sweet
CC1(OC2OC(CO)C(Cl)C(O)C2O)OC(CCl)C(O)C1O,sweet
CCOCC1OC(CO)(OC2OC(CO)C(O)C(O)C2O)C(O)C1O,sweet
COc1cc(-c2oc3cc(O)cc(O)c3c(=O)c2OC2CC(C)C(O)CO2)ccc1O,sweet
CC(OCC1OC(Oc2c(-c3ccc(O)c(O)c3)oc3cc(O)cc(O)c3c2=O)C(O)C(O)C1O)OC(C)C(O)C(O)CO,sweet
OCC1OC(OC2OC(CO)C(O)C(O)C2O)C(O)CC1O,sweet
OCC1OC(OC2(CO)OC(CO)C(O)C2O)C(O)C(O)C1O.[Zn],sweet
COC1CC(C)OC(C)C1OC1OC(CO)C(O)C(O)C1O,sweet
COCC1CC(O)C(O)C(OC)O1,sweet
OCC1OC(CO)(OC2OC(CO)C(O)C(O)C2O)CC1O,sweet
COC(CO)OC(CO)C(OC1OC(CO)C(OC)C(O)C1O)C(C)O,sweet
CC(C)OC1OC(C)C(O)CC1O,sweet
CC(O)C(O)C(CO)OCOC1OC(CO)C(O)C(O)C1O,sweet
COC1CC(O)C(OC2C(CO)OC(OC)C(O)C2O)OC1CO,sweet
CCC(C)OC1OC(CO)CC(O)C1O,sweet
OCC1OC(OC2(CCl)OCC(O)C2O)C(O)C(O)C1Cl,sweet
OCCOC(OC1C(CO)OCC(O)C1O)C(O)C(O)COC1OC(CO)C(O)CC1O,sweet
CCC(O)C(O)C(OCCO)OC1CC(O)COC1CO,sweet
OCC(O)C(CO)OCOC1CC(O)C(O)C(CO)O1,sweet
OC1COC(O)C(O)C1O.OCC1OC(O)(CO)C(O)C1O,sweet
CCO.OCC(O)C(O)C(OC1OC(CO)C(O)C(O)C1O)C(O)CO,sweet
CCCC(CO)OC1OC(CO)C(O)C(O)C1O,sweet
CCCOC1OC(CO)C(OC2OC(CO)C(OC)C(O)C2O)C(O)C1O,sweet
O=C(O)OCC1OC(OC2(CO)OC(CO)C(O)C2O)C(O)C(O)C1O,sweet
OCCCOCC1OC(OC2(CO)OC(CO)C(O)C2O)C(O)C(O)C1O,sweet
COC1C(O)CC(CO)OC1O,sweet
NO.Nc1ncnc2c1ncn2C1OC(COP(=O)(O)O)C(O)C1O,sweet
O=c1c(O)c(-c2ccc(O)c(OC3OC(CO)C(O)C(O)C3O)c2)oc2cc(OC3OC(CO)C(O)C(O)C3O)cc(O)c12,sweet
NC(N)=O.Nc1ncnc2c1ncn2C1OC(CO)C(O)C1O,sweet
O=c1c(-c2ccc(O)c(O)c2)coc2cc(OC3OC(CO)C(O)C(O)C3O)ccc12,sweet
Nc1ncnc2c1ncn2C1OC(CO)C(O)C1O.O=[P+](O)O,sweet
CC(O)CC(O)OCC1OC(OC2(CO)OC(CO)C(O)C2O)C(O)C(O)C1O,sweet
Nc1ncnc2c1ncn2C1OC(COP(=O)(O)O)C(O)C1O.[Cu+2],sweet
Nc1ncnc2c1ncn2C1OC(COP(=O)(O)O)C(O)C1O.[Cu],sweet
Nc1ncnc2c1ncn2C1OC(COP(=O)([O-])[O-])C(O)C1O.[Cu],sweet
COc1cc(-c2oc3cc(O)cc(O)c3c(=O)c2OC2OC(OC(=O)O)C(O)C(O)C2O)ccc1O,sweet
COc1ccc(-c2oc3cc(O)cc(O)c3c(=O)c2OC2(O)C(OC(=O)O)OCC(O)C2O)cc1O,sweet
O=C(O)OC1OC(Oc2cc(-c3oc4cc(O)cc(O)c4c(=O)c3O)ccc2O)C(O)C(O)C1O,sweet
COc1ccc(-c2oc3cc(O)cc(O)c3c(=O)c2O)cc1OC1(O)C(OC(=O)O)OCC(O)C1O,sweet
COc1cc(-c2oc3cc(O)cc(O)c3c(=O)c2O)ccc1OC1OC(OC(=O)O)C(O)C(O)C1O,sweet
COc1ccc(C2CC(=O)c3c(O)cc(OC4OC(C(O)C5OC(C)C(O)C(O)C5O)C(O)C(O)C4O)cc3O2)cc1O,sweet
COc1ccc(C2CC(=O)c3c(OC(C)=O)cc(OC4OC(COC5OC(C)C(O)C(O)C5O)C(O)C(O)C4O)cc3O2)cc1O,sweet
CCO.OCC1OC(OC2C(CO)OC(O)C(O)C2O)C(O)C(O)C1O,sweet
COc1ccc(-c2oc3cc(O)cc(O)c3c(=O)c2O)cc1OC1OC(OC(=O)O)C(O)C(O)C1O,sweet
COc1ccc(-c2oc3cc(OC4OC(OC(=O)O)C(O)C(O)C4O)cc(O)c3c(=O)c2O)cc1O,sweet
COc1ccc(-c2oc3cc(O)cc(O)c3c(=O)c2OC2OC(OC(=O)O)C(O)C(O)C2O)cc1O,sweet
COc1ccc(-c2oc3cc(OC4OC(OC(=O)O)C(O)C(O)C4O)cc(O)c3c(=O)c2O)cc1OC,sweet
O=C(O)OC1OC(Oc2ccc(-c3oc4cc(O)cc(O)c4c(=O)c3O)cc2O)C(O)C(O)C1O,sweet
COc1cc(-c2oc3cc(OC4OC(OC(=O)O)C(O)C(O)C4O)cc(O)c3c(=O)c2O)ccc1O,sweet
Nc1nc(F)nc2c1ncn2C1OC(C(O)P(=O)(O)O)C(O)C1O,sweet
CC1OC(Oc2cc(O)c3c(=O)cc(-c4ccc(OC5OC(CO)C(O)C(O)C5O)c(O)c4)oc3c2)C(O)C(O)C1O,sweet
OCC1OC(OCC2OC(O)C(O)C(O)C2O)C(OCl)C(O)C1O,sweet
Nc1ncnc2c1ncn2C1OC(COP(=O)(O)OF)C(O)C1O,sweet
OCC1CC(OCl)C(O)C(OC2(CO)OC(CO)C(O)C2O)O1,sweet
COc1ccc(-c2oc3cc(OC4OC(CO)C(O)C(O)C4O)ccc3c(=O)c2O)cc1O,sweet
O=C(O)OC1C(O)C(CO)OC(OC2OC(CO)C(O)C(O)C2O)C1O,sweet
COc1c(O)c(OC2OC(C)C(O)C(O)C2O)c(O)c2c(=O)c(-c3ccc(O)cc3)coc12,sweet
CC(C)CCOC(=O)CCCc1ccco1,sweet
OCC(O)C(O)C(O)C(O)COC1CC(O)C(O)C(CO)O1,sweet
OCCC1OC(OC2C(O)OC(CO)C(O)C2O)C(O)C(O)C1O,sweet
OCCC1OC(OC2OC(C(O)CO)C(O)C(O)C2O)C(O)C(O)C1O,sweet
OCC1OC(OC2C(O)C(CO)OC(OF)C2O)C(O)C(O)C1O,sweet
OCC1OC(OC2C(O)C(CO)OC(O)(F)C2O)C(O)C(O)C1O,sweet
Nc1ncnc2c1ncn2C1OC(C(O)P(=O)(O)O)C(O)C1O,sweet
COC1C(OC(CO)C(C)O)OC(C)C(O)C1OC,sweet
OC1COC(O)(COC(O)C2(O)OCC(O)C(O)C2O)C(O)C1O,sweet
CCCCCN(C(=O)C(N)CC(=O)O)C(Cc1ccccc1)C(=O)O,sweet
CC1OC(O)(COC2OC(CCl)C(Cl)C(O)C2O)C(OCl)C1O,sweet
CC1OC(COCl)(OC2OC(CCl)C(Cl)C(O)C2O)C(O)C1O,sweet
CCCCCO.COc1ccc(C2CC(=O)c3c(O)cc(OC4OC(COC5OC(C)C(O)C(O)C5O)C(O)C(O)C4O)cc3O2)cc1O,sweet
OCC1OC(OCC(O)C2(O)OCC(O)C2O)C(O)C(O)C1O,sweet
CC1OC(Oc2cc(-c3oc4cc(O)cc(O)c4c(=O)c3O)cc(O)c2O)C(O)C(OC2OC(CO)C(O)C(O)C2O)C1O,sweet
CCCCCOc1ccc(NC(N)=O)cc1F,sweet
O=C1NS(=O)(=O)c2ccccc21.[Si]O[Si],sweet
OCC1OC(OI)C(O)C(O)C1O,sweet
OCCCCOC1C(O)OC(CO)C(O)C1O,sweet
NCCCCCCOP(N)(=O)OCC1OC(n2cnc3c(N)ncnc32)C(O)C1O,sweet
NCCOCCOP(N)(=O)OCC1OC(n2cnc3c(N)ncnc32)C(O)C1O,sweet
NCCCCOP(N)(=O)OCC1OC(n2cnc3c(N)ncnc32)C(O)C1O,sweet
OCC(O)COCC1OC(OC2(CO)OC(CO)C(O)C2O)C(O)C(O)C1O,sweet
NCCO.Nc1ncnc2c1ncn2C1OC(COP(=O)(O)O)C(O)C1O,sweet
Nc1ncnc2c1ncn2C1OC(C(O)NCCOP(N)(=O)O)C(O)C1O,sweet
COC1C(O)OC(C(O)CO)C1O.COC1C(O)OC(CO)C(O)C1O,sweet
OCC1CC(O)C(O)C(OC2(CCl)OC(CCl)C(O)C2O)O1,sweet
COc1ccc(-c2cc(=O)c3c(O)cc(O)c(OC4OC(C)C(O)C(O)C4O)c3o2)cc1O,sweet
COc1cc(C=CCC2(O)C(O)C(CO)OC(Oc3cc(OC4OC(C)C(O)C(O)C4O)cc4oc(-c5ccc(O)c(O)c5)cc(=O)c34)C2O)ccc1O,sweet
COc1ccc(C2CC(=O)c3c(O)cc(OC4OC(C(O)C(O)C(O)C(C)O)C(O)C(O)C4O)cc3O2)cc1O,sweet
COc1cc(OC2OC(C(O)C(O)C(O)C(C)O)C(O)C(O)C2O)cc2c1C(=O)CC(c1ccc(O)c(O)c1)O2,sweet
OCC1OC(OC2(CO)OC(CO)C(O)C2O)C(O)C(O)C1O.OCCO,sweet
O=C1NS(=O)(=O)c2ccccc21.S,sweet
OCC(O)C(O)CO.OCC1OC(OC2(CO)OC(CO)C(O)C2O)C(O)C(O)C1O,sweet
CC(O)CN.NCCO.Nc1ncnc2c1ncn2C1OC(COP(=O)(O)O)C(O)C1O,sweet
CCCCCCCOc1ccc(NC(N)=O)cc1,sweet
C[N+](C)(C)CC(O)P(=O)(O)O.Nc1ncnc2c1ncn2C1OC(CO)C(O)C1O,sweet
C[N+](C)(C)CCOP(=O)([O-])OCC1OC(n2cnc3c(N)ncnc32)C(O)C1O,sweet
C[N+](C)(C)CCOP(=O)(O)OCC1OC(n2cnc3c(N)ncnc32)C(O)C1O,sweet
C[N+](C)(C)CCOP(=O)(O)O.Nc1ncnc2c1ncn2C1OC(CO)C(O)C1O,sweet
OCC1OC(O)C(O)C(O)C1(O)F,sweet
OCC(O)C1OC(O)C(O)C1O.OCC1OC(O)C(O)C(O)C1O,sweet
OCC1OC(OC2C(CO)OC(CO)C2O)C(O)C(O)C1O,sweet
OCC1OC(CO)C(OC2OCC(O)C(O)C2O)C1O,sweet
OCC1OC(O)C(OF)C(OF)C1O,sweet
CC1(OC2OC(CO)C(O)C2O)OCC(O)C(O)C1O,sweet
Nc1ncnc2c1ncn2C1OC(COP2(=O)O[B]O2)C(O)C1O,sweet
OCC1OC(OC2(CO)OC(CO)C(O)C2O)C(O)C(O)C1O.[Al],sweet
CCCC[P+](=O)OC1C(CO)OC(n2cnc3c(N)ncnc32)C1O,sweet
CC1OC(Oc2cc(OC3OC(C)C(O)C(O)C3O)c3c(=O)cc(-c4ccc(O)c(O)c4)oc3c2)C(O)C(O)C1O,sweet
CO.OCC1OC(OC2C(CO)OC(O)C(O)C2O)C(O)C(O)C1O,sweet
CC1OC(C)(OC2OC(CO)C(Cl)C(O)C2O)C(O)C1O,sweet
CC(OC1OC(O)C(O)C(O)C1O)C1OC(Oc2cc3oc(-c4ccc(O)c(O)c4)cc(=O)c3c(O)c2O)C(O)C(O)C1O,sweet
CCCOC(O)C1(OC2OC(CO)C(O)C(O)C2O)OC(CO)C(O)C1O,sweet
Nc1ncnc2c1ncn2C1OC(COP2(=O)OSO2)C(O)C1O,sweet
CCC(C)CCNC(CC(=O)O)C(=O)NC(Cc1ccccc1)C(=O)OC,sweet
OCC(O)CC(O)OCC1OC(OC2(CO)OC(CO)C(O)C2O)C(O)C(O)C1O,sweet
CC(Oc1ccc([N+](=O)[O-])cc1N)N(C)C,sweet
CCOc1ccc([N+](=O)[O-])cc1N.CNC,sweet
CCC(C)(N)CO.Nc1ncnc2c1ncn2C1OC(COP(=O)(O)O)C(O)C1O,sweet
Nc1ncnc2c1ncn2C1OC(CO)C(N)C1O,sweet
Nc1ncnc2c1nc(Br)n2C1OC(CO)C(O)C1O,sweet
COC1(O)C(CO)OC(O)C(O)C1O,sweet
CCCCOC1OC(CO)CC(O)C1O,sweet
C=O.OCC1OC(OC2(CO)OC(CO)C(O)C2O)C(O)C(O)C1O,sweet
COc1ccc(-c2cc(=O)c3c(OC4OC(CO)C(O)C(O)C4O)cc(O)cc3o2)cc1O,sweet
OCC1OC(O)C(OC2(CCl)OC(CCl)C(O)C2O)C(O)C1OCl,sweet
CCOC1OC(CO)C(O)C(OC2OC(CO)C(O)C(O)C2O)C1O,sweet
COC1(OC2OC(CO)C(O)C(O)C2O)OC(CO)C(O)C(O)C1O,sweet
CCC(C)(CC)CCNC(CC(=O)O)C(=O)NC(Cc1ccccc1)C(=O)OC,sweet
CCOC(C)OCC.OCC1OC(O)C(O)C(O)C1O,sweet
CCC(C)(CC)CCNC(CC(=O)O)C(=O)NC(Cc1ccccc1)C(=O)O,sweet
CC(C)(C)CCNC(=O)C(N)CC(=O)O.NC(Cc1ccccc1)C(=O)O,sweet
OCC1OC(OC2(CO)OC(CCl)C(O)C2O)CCC1O,sweet
COC(=O)C(CCC(C)(C)C)(Cc1ccccc1)NC(=O)C(N)CC(=O)O,sweet
OC1COC(O)C(O)C1O.OCC1(O)OCC(O)C(O)C1O,sweet
OC1COC(OC(O)C2(O)OCC(O)C(O)C2O)C(O)C1O,sweet
OCC1OC(CO)(OC2OC(COB(O)O)C(O)C(O)C2O)C(O)C1O,sweet
C1CC1.OCC1OC(OC2C(CO)OC(O)C(O)C2O)C(O)C(O)C1O,sweet
CC1CC(C(O)CO)OC(C(O)CO)O1,sweet
OCC1OC(O)C(O)(OC2C(CO)OCC(O)C2O)C(O)C1O,sweet
COCC(O)C1OC(OC)(OC2OC(CO)C(O)C(O)C2O)C(O)C1O,sweet
OCC(O)C(O)C(OC1OC(CO)C(O)C(O)C1O)C(O)CO.OCCOCCO,sweet
CC(C)(C)OCC1OC(n2cnc3c(N)ncnc32)C(O)C1OP(=O)(O)OC(C)(C)C,sweet
CCCCCN(C(=O)C(N)CC(=O)O)C(Cc1ccccc1)C(=O)OC,sweet
Nc1ncnc2c1nc(Cl)n2C1OC(CO)C(O)C1O,sweet
CCCCCC(N)(CC(=O)O)C(=O)NC(Cc1ccccc1)C(=O)O,sweet
CCCCCC(C(=O)O)C(N)C(=O)NC(Cc1ccccc1)C(=O)O,sweet
F.O=C1NS(=O)(=O)c2ccccc21,sweet
O=C1NS(=O)(=O)c2ccccc21.[Al],sweet
F.OCC1OC(O)C(O)C(O)C1O,sweet
OC1COC(O)C(O)C1O.OCC1OC(O)C(O)C(O)C1O,sweet
CCOC1OC(CO)C(O)C(O)C1OCCO,sweet
CCCCCNC(CC(=O)O)C(=O)NC(Cc1ccccc1)C(=O)OC,sweet
CC(C)(C)Oc1ccc(NC(N)=O)cc1,sweet
Nc1ncnc2c1ncn2C1(Br)OC(COP(=O)(O)O)C(O)C1O,sweet
COC(=O)C(Cc1ccccc1)NC(=O)C(CC(=O)O)NC(=O)C(C)CN,sweet
COC(=O)C(Cc1ccccc1)NC(=O)C(CC(=O)O)NC(=O)CCCN,sweet
CCCC(=O)NC(CC(=O)O)C(=O)NC(Cc1ccccc1)C(=O)OC,sweet
COC(=O)C(Cc1ccccc1)NC(=O)CC(NC(=O)C(N)CO)C(=O)O,sweet
COC(=O)C(Cc1ccccc1)N(C(=O)C(N)CC(=O)O)C1CCCC1,sweet
COC(=O)C(Cc1ccccc1)N(C(=O)C(N)CC(=O)O)C1CCC1,sweet
Nc1ncnc2c1ncn2C1OC(CO)C(O)C1O.O=P(O)(O)OC(CO)CO,sweet
Nc1ncnc2c1ncn2C1OC(COP(=O)(O)O)C(O)C1O.OCC(O)CO,sweet
COC(=O)C(Cc1ccccc1)N(C(=O)C(CC(=O)O)NC(C)(C)C)C1CCCC1,sweet
COC(=O)C(Cc1ccccc1)NC(=O)C([NH-])CC(=O)O.[Fe],sweet
Nc1ncnc2c1nc(I)n2C1OC(COP(=O)(O)O)C(O)C1O,sweet
F.O=S(=O)(O)NC1CCCCC1,sweet
CCOC1OC(COC2(O)C(O)COC(C)C2O)C(O)C(O)C1O,sweet
NC(N)=O.O=C1NS(=O)(=O)c2ccccc21,sweet
CC(C)=O.COc1ccc(-c2cc(=O)c3c(O)cc(OC4OC(COC5OC(C)C(O)C(O)C5O)C(O)C(O)C4O)cc3o2)cc1O,sweet
CC(C)=O.CC1OC(OCC2OC(Oc3c(-c4ccc(O)c(O)c4)oc4cc(O)cc(O)c4c3=O)C(O)C(O)C2O)C(O)C(O)C1O,sweet
CC(C)=O.CC1OC(Oc2c(-c3ccc(O)c(O)c3)oc3cc(O)cc(O)c3c2=O)C(O)C(O)C1O,sweet
CC(C)=O.COc1ccc(C2CC(=O)c3c(O)cc(OC4OC(COC5OC(C)C(O)C(O)C5O)C(O)C(O)C4O)cc3O2)cc1O,sweet
CCCCOCCOCCOc1ccc([N+](=O)[O-])cc1N,sweet
CCOCCOCCOc1ccc([N+](=O)[O-])cc1N,sweet
COCCOCCOCCOc1ccc([N+](=O)[O-])cc1N,sweet
Nc1nc(N)c2ncn(C3OC(C(O)OP(=O)([O-])[O-])C(O)C3O)c2n1,sweet
COC(=O)C(Cc1ccccc1)NC(=O)C(N)C(Cc1ccccc1)C(=O)O,sweet
COC1C(CO)OC(OC2C(CO)OC(O)C(O)C2O)C(O)C1O,sweet
CC(C)OC1OCC(O)C(O)C1OC1OC(C)C(O)C(O)C1O,sweet
OCC1OC(OC2C(CO)OCC(O)C2O)C(O)CC1O,sweet
Nc1nc(F)nc2c1ncn2C1OC(COP(=O)(O)OP(=O)(O)OP(=O)(O)OP(=O)(O)O)C(O)C1O,sweet
COC(=O)C1OC(OC2CCC3(C)C(CCC4(C)C3CC=C3C5C(C)C(C)CCC5(C(=O)O)CCC34C)C2(C)C)C(O)C(OC2OC(CO)C(O)C(O)C2O)C1O,sweet
COC(=O)C1OC(OC2CCC3(C)C(CCC4(C)C3C(=O)C=C3C5CC(C)(C(=O)O)CCC5(C)CCC34C)C2(C)C)C(O)C(OC2OC(CO)C(O)C(O)C2O)C1O,sweet
COc1ccc(C2CC(=O)c3c(O)cc(O)cc3O2)cc1OC1OC(COC2OC(C)C(O)C(O)C2O)C(O)C(O)C1O,sweet
CC1(C(=O)[O-])CCC2(C)CCC3(C)C(=CC(=O)C4C5(C)CCC(OC6OC(C(=O)O)C(O)C(O)C6OC6OC(CO)C(O)C(O)C6O)C(C)(C)C5CCC43C)C2C1,sweet
CC1(C(=O)O)CCC2(C)CCC3(C)C(=CC(=O)C4C5(C)CCC(OC6OC(C(=O)O)C(O)C(O)C6OC6OC(CO)C(O)C(O)C6O)C(C)(C)C5CCC43C)C2C1,sweet
CC1(C)CCC2(C(=O)O)CCC3(C)C(=CCC4C5(C)CCC(OC6OC(C(=O)OC7OC(CO)C(O)C(O)C7O)C(OC7OC(CO)C(O)C7O)C(O)C6O)C(C)(C)C5CCC43C)C2C1,sweet
OCCC1OC(O)C(O)C(OC2OC(CO)C(O)C2O)C1O,sweet
Nc1ncnc2c1ncn2C1OC(COP(=O)(OP(=O)([O-])[O-])OP(=O)(O)O)C(O)C1O,sweet
CC(C)OCC1OC(CO)(OC2OC(CO)C(O)C(O)C2O)CC1O,sweet
CC(O)C(O)C(OC1OC(CO)C(O)C(O)C1O)C(C)O,sweet
CCOC1OC(CO)C(OCC)C(O)C1O,sweet
CC(C)OCC1OC(CO)(OC2OC(CO)CC(O)C2O)C(O)C1O,sweet
COCC1OC(CO)(OC2OC(CO)CC(O)C2O)C(O)C1O,sweet
COC1OC(CO)C(OC(C)C)C(O)C1O,sweet
CC1OC(O)CC(OC2OC(CO)C(O)C(O)C2O)C1O,sweet
CCCOC1CC(OC2CC(O)C(O)C(C)O2)C(O)C(C)O1,sweet
CCCOC1CC(OC2OC(CO)C(O)C(O)C2O)C(O)C(C)O1,sweet
CCCOC1OC(CO)C(OC2OC(CO)C(OC)CC2O)C(O)C1O,sweet
COP(=O)(O)OC1C(C)OC(n2cnc3c(N)ncnc32)C1O,sweet
CC1OCC(O)C(OC2OC(CO)C(O)C(O)C2O)C1O,sweet
CCCOC1CC(OC)OC(C)C1O,sweet
OCCCOC1C(O)OC(CO)C(O)C1O,sweet
OCC1OC(O)C(OI)C(O)C1O,sweet
CC(O)C(O)COC1CC(O)C(O)C(C)O1,sweet
CCCCCOC1CC(O)C(O)C(C)O1,sweet
COc1ccc(C2CC(=O)c3ccc(OC4OC(COC(=O)CC(C)=CCCC(CO)CCC=C(C)C)C(O)C(O)C4O)cc3O2)cc1O,sweet
CC(C)O[P+](O)(O)OCC1OC(n2cnc3c(N)ncnc32)C(O)C1O,sweet
CCOCCOCCOCCOCCOCCOCCO[P+](O)(O)OCC1OC(n2cnc3c(N)ncnc32)C(O)C1O,sweet
CC(C)O[P+](O)(ON)OCC1OC(n2cnc3c(N)ncnc32)C(O)C1O,sweet
OCC1OC(OCCOCCOCCOC2OC(CO)C(O)C(O)C2O)C(O)C(O)C1O,sweet
CCC(O)CCOC1OC(CO)C(O)C(O)C1O,sweet
CCCC(O)CCOC1OC(CO)C(O)C(O)C1O,sweet
Nc1nc(N)c2ncn(C3CC(OP(=O)(O)O)C(CO)O3)c2n1,sweet
OCC1CC(O)C(CO)(OC2OC(CO)C(O)C(O)C2O)O1,sweet
COC(O)C(OC1OC(C)C(O)C(O)C1O)C(O)C(O)CCO,sweet
COC1OCC(O)C(OC2OC(CO)C(O)C(O)C2O)C1O,sweet
CCC(C)OC1OC(C)C(O)C(O)C1OC1OC(C)C(O)C(O)C1O,sweet
COC1C(CO)OC(OC(C)C)C(O)C1O,sweet
CCOC1C(CO)OC(OC)C(O)C1O,sweet
COc1ccc(C2CC(=O)c3c(O)cc(OC4OC(COC(C)CC(CO)C(O)C(C)O)C(O)C(O)C4O)cc3O2)cc1O,sweet
O=C(O)OCCOC1OC(CO)C(O)C(O)C1O,sweet
OCC(CO)OC1CC(O)C(O)C(CO)O1,sweet
CCCCOC1C(OC)OC(CO)C(O)C1OCCCC,sweet
COCC(OC1OC(C)C(O)C(O)C1O)C(O)CO,sweet
COCC(OC1OC(C)C(O)C(O)C1O)C(C)O,sweet
COc1ccc(C2CC(=O)c3c(O)cc(OC4OCC(O)(COC5OC(C)C(O)C(O)C5O)C(O)C4O)cc3O2)cc1O,sweet
CC(O)OC(CO)C(OC1OC(CO)C(O)C(O)C1O)C(O)CO,sweet
CC1OC(OC2(CO)CC(O)C(CO)O2)C(O)C(O)C1O,sweet
COC(=O)NC(CC(=O)O)C(=O)NC(Cc1ccccc1)C(=O)O,sweet
COC1OC(CO)C(OC2(CO)OC(CO)C(O)C2O)C(O)C1O,sweet
CCC(C)OC1OC(CO)C(OC)C(O)C1O,sweet
COCC(O)C(O)C(C)OC1OC(CO)C(O)C(O)C1O,sweet
COc1ccc(C2CC(=O)c3c(O)cc(OC4OC(COC5OC(C)C(O)C(O)C5O)C(COCC5CC(O)C(O)C(CO)O5)C(O)C4O)cc3O2)cc1O,sweet
COC1OC(OC2(CO)OC(CO)C(O)C2O)C(O)C(O)C1O,sweet
COc1ccc(C2CC(=O)c3c(O)cc(OC4OC(COC5OC(C)C(O)C(C)C5O)C(O)C(O)C4O)cc3O2)cc1O,sweet
OCC1OC(OC2(O)C(CO)OC(O)C(O)C2O)C(O)C(O)C1O,sweet
COP(=O)(O)OCC1CC(O)C(n2cnc3c(N)ncnc32)O1,sweet
OCC(O)OC(COC1OC(CO)C(O)C(O)C1O)C(O)CO,sweet
CC1OC(OCC(O)C(O)C(O)CO)C(O)C(O)C1O,sweet
CC1CCC(OC2CC(O)C(O)C(CO)O2)CO1,sweet
CC1OC(OCCO)C(O)C(O)C1O,sweet
CCNC(CC(=O)O)C(=O)NC(CC(=O)OC)Cc1ccccc1,sweet
COC(COC1OC(C)C(O)C(O)C1O)C(CO)OC(C)O,sweet
COC1C(COC2OC(CO)C(O)C(O)C2O)OC(O)C(O)C1O,sweet
OCOC1C(O)COC(OC(C(O)CO)C(O)C(O)CO)C1O,sweet
OCOCC1OC(O)C(OC2OC(CO)C(O)C(O)C2O)C(O)C1O,sweet
CCOC1OC(COCO)C(O)C(O)C1OC1OC(CO)C(O)C(O)C1O,sweet
OCOCC1OC(OC2C(O)OC(CO)C(O)C2O)C(O)C(O)C1O,sweet
CCOC1OC(CO)C(O)C(O)C1OC1OC(COCO)C(O)C(O)C1O,sweet
OCC1(O)OCC(OI)C(O)C1O,sweet
CC1OC(OC2C(C)OCC(O)C2O)C(O)CC1O,sweet
COC(C(O)CO)C(CO)OC1OC(C)C(O)C(O)C1O,sweet
CCC(C)(CC)COc1ccc(NC(N)=O)cc1,sweet
OCC(O)C(OC1OC(CO)C(O)C(O)C1O)C(O)CO,sweet
OCC(O)CC(OC1OC(CO)CC(O)C1O)C(O)CO,sweet
OCC1CC(OC2OC(CO)CC(O)C2O)C(O)C(O)O1,sweet
CC(OC1OC(C)C(O)C(O)C1O)C(O)C(O)CO,sweet
NC(CC(=O)O)C(=O)N(CC(=O)O)C(=O)C(N)Cc1ccccc1,sweet
CC1(C)CC(O)C2(C)CCC3(C)C(=CCC4C5(C)CCC(OC6OC(C(=O)O)C(O)C(O)C6OC6OCC(O)C(O)C6OC6OCC(O)C(O)C6O)C(C)(CO)C5CCC43C)C2C1,sweet
CCCOCCOCCOC1OC(CO)C(O)C(O)C1O,sweet
Nc1ncnc2c1ncn2C1OC(COP(=O)(O)CP(=O)([O-])O)C(O)C1O,sweet
C.OCC1OC(OC2(CO)OC(CO)C(O)C2O)C(O)C(O)C1O,sweet
Nc1ncnc2c1ncn2C1OC(COP(=O)(O)OP(=O)([O-])CP(=O)([O-])O)C(O)C1O,sweet
NC(CO)(CO)CO.Nc1ncnc2c1ncn2C1OC2COP(=O)(O)OC2C1O,sweet
[N-]=[N+]=Nc1nc2c(N)ncnc2n1C1OC(COP(=O)([O-])OP(=O)([O-])OP(=O)([O-])[O-])C(O)C1O,sweet
Fc1ccccc1N=NC(=NNc1ccccc1)c1ccccc1,sweet
Ic1ccc(C(N=Nc2ccccc2)=NNc2ccccc2)cc1,sweet
Fc1ccccc1C(N=Nc1ccccc1)=NNc1ccccc1,sweet
CCOC1C(COP(=O)(O)O)OC(n2cnc3c(N)ncnc32)C1O,sweet
CC(C)(O)c1nc2c(N)ncnc2n1C1OC(COP(=O)(O)O)C(O)C1O,sweet
CCC[CH2][Sn]([CH2]CCC)([CH2]CCC)[O]P(=O)(OCC1OC(n2cnc3c(N)ncnc32)C(O)C1O)[O][Sn]([CH2]CCC)([CH2]CCC)[CH2]CCC,sweet
CONC(=O)Nc1ccc(OC)cc1,sweet
CCN(CC)CC.Nc1ncnc2c1ncn2C1OC(COP(=O)(O)O)CC1O,sweet
NCCCCCNc1nc2c(N)ncnc2n1C1OC(COP(=O)(O)O)C(O)C1O,sweet
NCCCCNc1nc2c(N)ncnc2n1C1OC(COP(=O)(O)O)C(O)C1O,sweet
Nc1ncnc2c1ncn2C1OC(COCP(=O)(O)O)C(O)C1O,sweet
C=C(C)C1CCC(C)=C(OO)C1,undefined
Nc1ncnc2c1ncn2C1OC(CO)C(O)(P(=O)([O-])[O-])C1O,sweet
CC(C)COP(=O)(O)OP(=O)(O)OCC1OC(n2cnc3c(N)ncnc32)C(O)C1OP=O,sweet
CC1[CH][CH][CH]C(OC2[CH]OC(O)C(O)C2O)O1,sweet
O[C]C1(O)OCC(O)C(O)C1O,sweet
COC1O[CH]C(OC2[CH][CH][CH]C(C)O2)C(O)C1O,sweet
Nc1ncnc2c1ncn2C1CC(O)C(COP(=O)(O)OP(=O)([O-])NP(=O)([O-])[O-])O1,sweet
Nc1ncnc2c1ncn2C1OC(COP(=O)([O-])OP(=O)([O-])OP(=O)([O-])[O-])C(O)C1O.[Cu],sweet
Nc1ncnc2c1ncn2C1OC(COP(=O)(O)SP(=O)(O)OP(=O)(O)O)C(O)C1O,sweet
NCC(O)CNc1nc2c(N)ncnc2n1C1OC(COP(=O)(O)O)C(O)C1O,sweet
NCCCNc1nc2c(N)ncnc2n1C1OC(COP(=O)(O)O)C(O)C1O,sweet
[B-]P(=O)(OCC1OC(n2cnc3c(N)ncnc32)C(O)C1O)OP(=O)([O-])[O-],sweet
N=P([O-])(OP(=O)([O-])[O-])OP(=O)([O-])OCC1OC(n2cnc3c(N)ncnc32)C(O)C1O,sweet
Nc1ncnc2c1ncn2C1OC(COP(=O)(O)OP(=O)(O)O)C(O)C1O.[Ba].[Ba].[Ba],sweet
NC(=O)OP(=O)([O-])OCC1OC(n2cnc3c(N)ncnc32)C(O)C1O,sweet
COc1cc(OC2OC(COC3OCC(O)C(O)C3O)C(O)C(O)C2O)c2c(=O)cc(-c3ccc(O)c(OC)c3)oc2c1,sweet
COc1cc(-c2cc(=O)c3cc(O)c(OC4OC(CO)C(O)C(O)C4O)cc3o2)ccc1O,sweet
COc1cc(C2CC(=O)c3c(O)cc(OC4OC(CO)C(O)C(O)C4O)cc3O2)cc(OC)c1O,sweet
COc1cc(-c2cc(=O)c3c(O)cc(OC4OC(OC5OC(CO)C(O)C(O)C5O)C(O)C(O)C4O)cc3o2)ccc1O,sweet
C=C1CC23CCC4C(C)(C(=O)O)CCCC4(C)C2CCC1(OC1OC(CO)C(O)C(OC2OC(CO)C(O)C(O)C2OC2OC(CO)C(O)C(O)C2O)C1O)C3,sweet
C=C1CC23CCC4C(C)(C(=O)OC5OC(COC6OC(O)C(O)C(O)C6CO)C(O)C(O)C5O)CCCC4(C)C2CCC1(OC1OC(CO)C(O)C(O)C1OC1OC(CO)C(O)C(O)C1O)C3,sweet
C=C1CC23CCC4C(C)(C(=O)OC5OC(CO)C(O)C(OC6OC(CO)C(O)C(O)C6O)C5O)CCCC4(C)C2CCC1(OC1OC(CO)C(O)C(O)C1OC1OC(CO)C(O)C(O)C1O)C3,sweet
COc1cc(C2CC(=O)c3c(O)cc(OC4OC(COC5OC(C)C(O)C(O)C5O)C(OCC5OC(CO)C(O)C(O)C5O)C(O)C4O)cc3O2)ccc1O,sweet
CC(CCC(=O)C(C)C1CCC2C3CCC4CC(OC5OC(CO)C(O)C(O)C5OC5OC(C)C(O)C(O)C5O)CCC4(C)C3CCC12C)COC1OC(CO)C(O)C(O)C1O,sweet
CC1(C(=O)[O-])CCC2(C)CCC3(C)C(=CC(=O)C4C5(C)CCC(OC6OC(C(=O)[O-])C(O)C(O)C6OC6OC(C(=O)[O-])C(O)C(O)C6O)C(C)(C)C5CCC43C)C2C1.[Al+3],sweet
COc1c(OC2OC(CO)C(O)C(O)C2O)cc2c(c1O)C(=O)CC(c1ccc(O)cc1)O2,sweet
CCCCCOP(=O)(O)OP(=O)(O)OP(=O)(O)OCC1OC(n2cnc3c(N)ncnc32)C(O)C1O,sweet
CC1(C)CCC2(C(=O)OC3OC(COC4OC(CO)C(O)C(O)C4O)C(O)C(O)C3O)CCC3(C)C(=CCC4C5(C)CCC(OC6OC(C(=O)O)C(O)C(O)C6O)C(C)(C)C5CCC43C)C2C1,sweet
COc1cc(C2Oc3cc(O)cc(O)c3C(=O)C2OC2OC(COC3OC(CO)C(O)C(O)C3O)C(O)C(O)C2O)ccc1O,sweet
CC1(C)CC(O)C2(C)CCC3(C)C(=CCC4C5(C)CCC(OC6OC(C(=O)O)C(O)C(O)C6OC6OC(CO)C(O)C(O)C6OC6OCC(O)C(O)C6O)C(C)(C)C5CCC43C)C2C1,sweet
COc1cc(-c2coc3cc(OC4OC(CO)C(O)C(O)C4O)cc(OC)c3c2=O)ccc1O,sweet
CC1OC(OC2C(OC3C(OC4CCC5(C)C(CCC6(C)C5CC=C5C7CC(C)(C(=O)OC8OC(CO)C(O)C(O)C8O)CC(O)C7(C)CCC56C)C4(C)CO)OC(C(=O)O)C(O)C3O)OCC(O)C2O)C(O)C(O)C1O,sweet
CC1OC(OC2C(OC3C(OC4CCC5(C)C(CCC6(C)C5CC=C5C7CC(C)(C(=O)OC8OC(CO)C(O)C(O)C8O)CC(O)C7(C)CCC56C)C4(C)CO)OC(C(=O)O)C(O)C3O)OC(CO)C(O)C2O)C(O)C(O)C1O,sweet
CC1(C(=O)OC2OC(CO)C(O)C(O)C2O)CC(O)C2(C)CCC3(C)C(=CCC4C5(C)CCC(OC6OC(C(=O)O)C(O)C(O)C6OC6OC(CO)C(O)C(O)C6O)C(C)(CO)C5CCC43C)C2C1,sweet
COc1c(O)cc(C2Oc3cc(O)cc(O)c3C(=O)C2OC2OC(C)C(O)CC2O)cc1O,sweet
CC1OC(Oc2cc(O)c3c(c2)OC(c2cc(O)c(O)c(O)c2)CC3=O)C(O)C(O)C1O,sweet
COc1ccc(-c2cc(=O)c3c(OC)cc(OC4OC(C)C(O)C(O)C4O)cc3o2)cc1O,sweet
C=C(C)C1C=CC2=CC(=O)CC(C)C2(C)C1,undefined
O=C1Oc2ccccc2C2CC12,undefined
C=C(C)C(CC(=O)O)CC(=O)O,undefined
COc1ccc(-c2oc3cc(OC4OC(C)C(O)C(O)C4O)cc(O)c3c(=O)c2OC2OC(CO)C(O)C(O)C2O)cc1OC,sweet
O=C1c2c(O)cc(O)cc2OC(c2ccc(OC3OC(CO)C(O)C(O)C3O)c(O)c2)C1O,sweet
CC(C)CC1OCC(CO)O1,undefined
Cc1scnc1CCOC=O,undefined
C=CCSC(=O)CCCCC,undefined
CCC=CCC=CCCOC(C)=O,sweet
CCCCCC(=O)OC(C)(C)Cc1ccccc1,undefined
O=C1c2c(OC3OC(CO)C(O)C(O)C3O)cc(O)cc2OC(c2ccc(O)c(O)c2)C1O,sweet
CC1(C(=O)O)CCC2(C)CCC3(C)C(=CC(=O)C4C3CCC3C(C)(C)C(OC5OC(C(=O)O)C(OC6OC(C(=O)O)C(O)C(O)C6O)C(O)C5O)CCC43C)C2C1,sweet
C.C=C1CC23CCC4C(C)(C(=O)O)CCCC4(C)C2CCC1(OC1OC(COC(=O)O)C(OC(=O)O)C(OC(=O)O)C1OC1OC(COC(C)=O)C(OC(=O)O)C(OC(=O)O)C1OC(=O)O)C3,sweet
C=C1CC23CCC4C(C)(C(=O)O)CCCC4(C)C2CCC1(OC1OC(COC(=O)O)C(OC(=O)O)C(OC(=O)O)C1OC1OC(COC(C)=O)C(OC(=O)O)C(OC(=O)O)C1OC(=O)O)C3,sweet
Nc1ncnc2c1ncn2C1OC(COP(=O)(O)O)C(O)C1O.[V],sweet
CC(C)=CCc1cc(C2Oc3c(CC=C(C)C)c(OC4OC(CO)C(O)C(O)C4O)cc(O)c3C(=O)C2O)cc(O)c1O,sweet
CCOc1c(N)cccc1[N+](=O)[O-],sweet
COc1cc2c(=O)c(-c3ccc(O)cc3)coc2cc1OC1OC(CO)C(OC)C(O)C1O,sweet
COc1cc(O)c(C(=O)c2ccc(O)c(OC)c2)c(OC2OC(CO)C(O)C(O)C2O)c1,sweet
CC1OC(OC2C(OC3CCC4(C)C(CCC5(C)C4CC=C4C6CC(C)(CO)CCC6(C(=O)O)CCC45C)C3(C)CO)OC(CO)C(O)C2O)C(O)C(OC2OC(C(=O)O)C(O)C(O)C2O)C1O,sweet
C#Cc1nc(N)c2ncn(C3OC(COP(=O)([O-])[O-])C(O)C3O)c2n1,sweet
C#Cc1nc(N)c2ncn(C3OC(CO[PH](=O)O)C(O)C3O)c2n1,sweet
C#Cc1nc(N)c2ncn(C3OC(CO[PH](=O)[O-])C(O)C3O)c2n1,sweet
C#Cc1nc(N)c2ncn(C3OC(COP(=O)(O)O)C(O)C3O)c2n1,sweet
COc1cc(C2CC(=O)c3c(O)cc(OC4OC(CO)C(O)C(O)C4C)cc3O2)ccc1O,sweet
COc1ccc(C=CC(=O)c2ccc(OC3OC(CO)C(O)C(O)C3O)c(OC)c2O)cc1O,sweet
COc1c(O)ccc2c1C(=O)OC(CCCC(C)O)C2,sweet
COC(=O)C1OC(OC2CCC3(C)C(CCC4(C)C3C(=O)C=C3C5CC(C)(C(=O)OC)CCC5(C)CCC34C)C2(C)C)C(O)C(O)C1O,sweet
COC(=O)C1OC(OC2C(OC3CCC4(C)C(CCC5(C)C4C(=O)C=C4C6CC(C)(C(=O)O)CCC6(C)CCC45C)C3(C)C)OC(C(=O)OC)C(OC(C)=O)C2OC(C)=O)C(OC(C)=O)C(OC(C)=O)C1OC(C)=O,sweet
COc1ccc(-c2cc(=O)c3c(O)cc(OC4OC(COC5OC(C)C(O)C(O)C5O)C(O)C(O)C4OC4OC(CO)C(O)C(O)C4OC4OC(CO)C(O)C(O)C4O)cc3o2)cc1O,sweet
CCC=CCC=CCC=CCC=CCC=CCC=CCCOCC1OC(Oc2c(-c3ccc(O)c(O)c3)oc3cc(O)cc(O)c3c2=O)C(O)C(O)C1O,sweet
CCC=CCC=CCC=CCC=CCC=CCCCOCC1OC(Oc2c(-c3ccc(O)c(O)c3)oc3cc(O)cc(O)c3c2=O)C(O)C(O)C1O,sweet
Nc1ncnc2c1ncn2C1OC(COP(=O)([O-])[O-])C(O)C1O.[Fe+2],sweet
Nc1ncnc2c1ncn2C1OC(COP(=O)([O-])[O-])C(O)C1O.[Zn+2],sweet
[B]=P([O-])(OCC1OC(n2cnc3c(N)nc(Cl)nc32)C(O)C1O)OP(=O)(O)O,sweet
[B-]P(=O)(OCC1OC(n2cnc3c(N)nc(Cl)nc32)C(O)C1O)OP(=O)(O)O,sweet
COC1C(O)C(COP(=O)([O-])OP(=O)([O-])OP(=O)([O-])O)OC1n1cnc2c(N)ncnc21,sweet
CC(C)OP1(=S)OCC2OC(n3cnc4c(N)nc(N)nc43)C(O)C2O1,sweet
COc1cc(O)c2c(=O)c3c(O)c(OC4OC(CO)C(O)C(O)C4OC4OC(C)C(O)C(O)C4O)ccc3oc2c1,sweet
COc1cc(OC2OC(CO)C(O)C(O)C2O)c2c(=O)c3c(OC)c(O)ccc3oc2c1O,sweet
COc1ccc(-c2cc(=O)c3c(O)c(I)c(OC4OC(COC5OC(C)C(O)C(O)C5O)C(O)C(O)C4O)cc3o2)cc1O,sweet
CC(CCC(=O)C(C)C1CCC2C3CC(=O)C4CC(OC5OC(COC6OC(CO)C(O)C(O)C6O)C(O)C(O)C5O)CCC4(C)C3CCC12C)COC1OC(CO)C(O)C(O)C1O,sweet
COc1cc(OC2OC(COC3OCC(O)C(O)C3O)C(O)C(O)C2O)c2c(=O)c3c(O)c(OC)ccc3oc2c1,sweet
COc1ccc(C2Oc3cc(O)cc(O)c3C(=O)C2OC2OC(C)C(O)C(O)C2O)cc1O,sweet
C=C1CC23CCC4C(C)(C(=O)OC5OC(CO)C(O)C(O)C5O)CCCC4(C)C2CCC1(OC1OC(CO)C(OC2OC(CO)C(O)C(O)C2O)C(O)C1OC1OC(C)C(O)C(O)C1O)C3,sweet
Nc1ncnc2c1ncn2C1OC(COP(=O)(O)OP(=O)([O-])O)C(O)C1O.[Be+2].[F-].[F-].[O-]F,sweet
CC1OC(OCC2CC(O)C(O)CO2)C(O)C(O)C1O,sweet
COc1cc(-c2cc(=O)c3c(O)c(C4OC(CO)C(O)C(O)C4OC4OCC(O)C(O)C4O)c(O)cc3o2)ccc1O,sweet
COc1cc(-c2cc(=O)c3c(O)c(C4OC(CO)C(O)C(O)C4O)c(OC4OC(CO)C(O)C(O)C4OC4OC(C)C(O)C(O)C4O)cc3o2)ccc1O,sweet
CC1OC(OC2C(Oc3cc4oc(-c5ccc(O)c(O)c5)cc(=O)c4c(O)c3C3OC(CO)C(O)C(O)C3O)OC(CO)C(O)C2O)C(O)C(O)C1O,sweet
COc1cc(-c2cc(=O)c3c(O)cc(OC4OC(COC5OC(CO)C(O)C(O)C5O)C(O)C(O)C4O)cc3o2)ccc1O,sweet
CCC(CC)OC1CC(O)C(O)C(CO)O1,sweet
CCC(CC)OC1CC(O)C(O)C(C)O1,sweet
CC1OC(Oc2c(O)cc(O)c3c(=O)cc(-c4ccc(O)cc4)oc23)C(O)C(O)C1O,sweet
Nc1ncnc2c1ncn2C1OC(COP(=O)([O-])OP(=O)([O-])OCC2OCC(O)C2O)C(O)C1OP(=O)([O-])[O-],sweet
Nc1ncnc2c1ncn2C1OC(COP([O-])(O)=S)C(O)C1O,sweet
Nc1ncnc2c1ncn2C1OC(COP(=O)(O)OP(=O)(O)O[P+](O)(O)O)C(O)C1O,sweet
COc1c(OC2OC(CO)C(O)C(O)C2O)ccc2c(=O)c3c(O)cccc3oc12,sweet
Nc1cc([N+](=O)[O-])ccc1OC1CC1,sweet
Nc1ccc(OC2CC2)c([N+](=O)[O-])c1,sweet
COc1cc(C(=O)c2c(O)cc(O)cc2OC2OC(CO)C(O)C(O)C2O)ccc1O,sweet
COc1cc(C2Oc3cc(OC4OC(CO)C(O)C(O)C4O)cc(O)c3C(=O)C2O)ccc1O,sweet
COc1cc(C2Oc3cc(O)cc(O)c3C(=O)C2O)ccc1OC1OC(CO)C(O)C(O)C1O,sweet
COc1cc(-c2oc3cc(OC4OC(CO)C(OC5OC(CO)C(O)C(O)C5O)C(O)C4O)cc(O)c3c(=O)c2O)ccc1O,sweet
COc1cc(-c2oc3cc(OC4OC(CO)C(O)C(O)C4O)cc(O)c3c(=O)c2O)ccc1OC1OC(CO)C(O)C(O)C1O,sweet
C=C1CCC2(C(=O)OC3OC(CO)C(O)C(O)C3O)CCC3(C)C(=CCC4C5(C)CCC(OC6OC(C(=O)OCCCC)C(O)C(O)C6O)C(C)(CO)C5CCC43C)C2C1,sweet
CC1OC(Oc2cc(O)cc(O)c2C(=O)CCc2ccc(O)c(O)c2)C(O)C(O)C1O,sweet
COc1cc2oc3ccc(O)cc3c(=O)c2c(O)c1OC1OC(CO)C(O)C(O)C1O,sweet
CC1OC(OCC2OC(Oc3c(-c4ccc(OCCO)c(O)c4)oc4cc(O)cc(O)c4c3=O)C(O)C(O)C2O)C(O)C(O)C1O,sweet
CC1OC(OCC2OC(Oc3c(-c4ccc(O)c(OCCO)c4)oc4cc(OCCO)cc(O)c4c3=O)C(O)C(O)C2O)C(O)C(O)C1O,sweet
CC1OC(OCC2OC(Oc3c(-c4ccc(OCCO)c(OCCO)c4)oc4cc(O)cc(O)c4c3=O)C(O)C(O)C2O)C(O)C(O)C1O,sweet
CC1OC(OCC2OC(Oc3c(-c4ccc(O)c(OCCO)c4)oc4cc(O)cc(OCCO)c4c3=O)C(O)C(O)C2O)C(O)C(O)C1O,sweet
CC1OC(OCC2OC(Oc3c(-c4ccc(OCCO)c(O)c4)oc4cc(O)cc(OCCO)c4c3=O)C(O)C(O)C2O)C(O)C(O)C1O,sweet
CC1OC(OCC2OC(Oc3c(-c4ccc(O)c(OCCO)c4)oc4cc(O)cc(O)c4c3=O)C(O)C(O)C2O)C(O)C(O)C1O,sweet
O=c1c2ccc(O)cc2oc2c(OC3OC(CO)C(O)C(O)C3O)c(O)cc(O)c12,sweet
C=C1CC23CCC4C(C)(C(=O)OC5OC(O)C(O)C(O)C5O)CCCC4(C)C2CCC1(OC1OC(O)C(O)C(O)C1O)C3,sweet
CC1(C(=O)O)CCC2(C)CCC3(C)C(=CC(=O)C4C5(C)CCC(OC6OC(C(=O)O)C(O)C(O)C6OC6OC(C(=O)O)C(O)C(O)C6O)C(C)(C)C5CCC43C)C2C1.[Sr+2],sweet
OCC(O)C(O)C(O)C(O)COC1OC(CO)C(O)C(O)C1O.[Fe+3],sweet
[B]P(=O)(OCC1OC(n2cnc3c(N)nc(Cl)nc32)C(O)C1O)OP(=O)(O)O,sweet
CC1OC(Oc2cc(-c3oc4cc(O)cc(O)c4c(=O)c3OC3OC(C)C(O)C(O)C3O)ccc2O)C(O)C(O)C1O,sweet
[B]P(=O)(OCC1OC(n2cnc3c(N)ncnc32)CC1O)OP(=O)(O)OP(=O)(O)O,sweet
COc1ccc(-c2coc3c(CC=C(C)C)c(OC4OC(CO)C(O)C(O)C4O)cc(O)c3c2=O)cc1O,sweet
O=c1c2cc(O)ccc2oc2cc(O)c(OC3OC(CO)C(O)C(O)C3O)c(O)c12,sweet
O=c1c2cc(O)ccc2oc2c(OC3OC(CO)C(O)C(O)C3O)c(O)cc(O)c12,sweet
Nc1ncnc2c1ncn2C1OC(COP(=O)([O-])[O-])C(O)C1F,sweet
O=c1c(-c2ccc(OC3OC(CO)C(O)C(O)C3O)c(O)c2)coc2cc(O)cc(O)c12,sweet
CN(C)c1ncnc2c1nc(C#N)n2C1OC(COP(=O)(O)O)C(O)C1O,sweet
CN(C)c1ncnc2c1nc(Br)n2C1OC(COP(=O)(O)O)C(O)C1O,sweet
CC1(C(=O)[O-])CCC2(C)CCC3(C)C(=CC(=O)C4C5(C)CCC(OC6OC(C(=O)[O-])C(O)C(O)C6OC6OC(C(=O)[O-])C(O)C(O)C6O)C(C)(C)C5CCC43C)C2C1.[H+],sweet
CCC1SC(C(C)CC)N=C1C,undefined
O=c1c(O)c(-c2ccc(OCC3OC(O)C(O)C(O)C3O)c(O)c2)oc2cc(O)cc(O)c12,sweet
C=C1CCC2(C(=O)O)CCC3(C)C(=CCC4C5(C)CCC(OC6OC(C(=O)OCCCC)C(O)C(O)C6O)C(C)(CO)C5CCC43C)C2C1,sweet
COc1ccc(C(=O)C(=O)c2ccc(OC3OC(COC4OCC(O)C(O)C4O)C(O)C(O)C3O)cc2O)cc1O,sweet
COc1ccc(-c2coc3cc(OC4OC(COC5OCC(O)(CO)C5O)C(O)C(O)C4O)ccc3c2=O)cc1O,sweet
COc1cc(-c2coc3cc(OC4OC(COC5OCC(O)C(O)C5O)C(O)C(O)C4O)ccc3c2=O)ccc1O,sweet
COc1ccc(-c2coc3cc(OC4OC(COC5OCC(O)C(O)C5O)C(O)C(O)C4O)ccc3c2=O)cc1O,sweet
COc1ccc(C(=O)C(=O)c2ccc(OC3OC(COC4OCC(O)(CO)C4O)C(O)C(O)C3O)cc2O)cc1O,sweet
Nc1ncnc2c1ncn2C1OC(COP(=O)(O)OP(=O)(O)OCC2OCCC2O)C(O)C1O,sweet
COc1cc(-c2oc3cc(OC4OC(C)C(O)C(O)C4O)ccc3c(=O)c2OC2OC(CO)C(O)C(O)C2O)ccc1O,sweet
O=c1cc(-c2ccc(O)cc2)oc2c(O)c(O)c(OC3OC(CO)C(O)C(O)C3O)c(O)c12,sweet
COc1ccc2c(=O)c3c(O)c(OC4OC(CO)C(O)C(O)C4O)ccc3oc2c1OC,sweet
COC(=O)C1OC(OC2CCC3(C)C(CCC4(C)C3CC=C3C5C(C)C(C)CCC5(C(=O)OC5OC(CO)C(O)C(O)C5O)CCC34C)C2(C)CO)C(O)C(O)C1O,sweet
CC1OC(OC2C(=O)c3c(O)cc(O)cc3OC2c2ccc(O)c(O)c2)C(O)C(OO)C1O,sweet
CC1(Oc2cc3c(c(O)c2O)C(=O)CC(c2ccc(O)c(O)c2)O3)OCC(O)C(O)C1O,sweet
CC1OC(OCC2OCC(O)C(O)C2O)C(O)C(O)C1Oc1c(-c2ccc(O)c(O)c2)oc2cc(O)cc(O)c2c1=O,sweet
I[IH]I.OCC1OC(OC2C(CO)OC(O)C(O)C2O)C(O)C(O)C1O,sweet
COC(=O)CCC(=O)NC(Cc1ccccc1)C(=O)OC,sweet
CCOC(=O)C1OC(OC2C(OC3CCC4(C)C(CCC5(C)C4C(=O)C=C4C6CC(C)(C(=O)O)CCC6(C)CCC45C)C3(C)C)OC(C(=O)OCC)C(O)C2O)C(O)C(O)C1O,sweet
OCC(O)C(O)C(OC1OC(COC2OCC(O)C(O)C2O)C(O)C(O)C1O)C(O)CO,sweet
CC1(C)CCC2(C(=O)O)CCC3(C)C(=CCC4C5(C)CCC(OC6OC(C(=O)O)C(OC7OC(COC8OC(CO)C(O)C(O)C8O)C(O)C7O)C(O)C6O)C(C)(C)C5CCC43C)C2C1,sweet
COc1ccc([N+](=O)[O-])cc1N.[H+],sweet
CC1CCCC(OC2CCOC(O)C2O)O1,sweet
OCCOC1C(O)C(O)OC(CO)C1O,sweet
CCC1OC(Oc2c(-c3ccc(O)c(O)c3)oc3cc(O)cc(O)c3c2=O)C(O)C(O)C1O,sweet
CCC1OC(Oc2c(-c3ccc(O)c(OC)c3)oc3cc(O)cc(O)c3c2=O)C(O)C(O)C1O,sweet
CC1OC(OC2C(OC3C(OC4C(OC5CCC6(C)C(CCC7(C)C6CC=C6C8CC(C)(C(=O)O)CCC8(C)CCC67C)C5(C)CO)OC(C(=O)O)C(O)C4O)OC(C(=O)O)C(O)C3O)OC(C(=O)O)C(O)C2O)C(O)C(O)C1O,sweet
CC1OC(OC2C(OC3C(OC4C(OC5CCC6(C)C(CCC7(C)C6CC=C6C8CC(C)(C(=O)O)CCC8(C)CCC67C)C5(C)C)OC(C(=O)O)C(O)C4O)OC(C(=O)O)C(O)C3O)OC(C(=O)O)C(O)C2O)C(O)C(O)C1O,sweet
COc1c(OC2OC(CO)C(O)C(O)C2O)cc(O)c2c(=O)c3c(O)ccc(O)c3oc12,sweet
O=c1c2c(O)cc(OC3OC(CO)C(O)C(O)C3O)cc2oc2c(O)ccc(O)c12,sweet
CC1OC(OC2C(O)COC(OC3C(OC4CCC5(C)C(CCC6(C)C5CC=C5C7CC(C)(C)CCC7(C(=O)OC7OC(CO)C(O)C(O)C7O)CCC56C)C4(C)C)OC(C(=O)O)C(O)C3O)C2O)C(O)C(O)C1O,sweet
COC(=O)C1OC(OC2CCC3(C)C(CCC4(C)C3CC=C3C5C(C(=O)OC6OC(CO)C(O)C(O)C6O)(CCC(C)C5(C)O)CCC34C)C2(C)CO)C(O)C(O)C1O,sweet
COc1cc(O)c(C(=O)c2ccc(O)cc2)cc1OC1OC(CO)C(O)C(O)C1O,sweet
COc1cc(O)cc2c1C(=O)C(OC1OC(C)C(O)C(O)C1O)C(c1cc(O)c(OC)c(O)c1)O2,sweet
Nc1ncnc2c1ncn2C1OC(COP(=O)(O)OP(=O)(O)OC2CCCC2)C(O)C1O,sweet
COc1ccc(C2CC(=O)c3c(OC)cc(OC4OC(C)C(O)C(O)C4O)cc3O2)cc1O,sweet
COc1ccc(C2CC(=O)c3c(O)cc(OC4OC(CO)C(O)C(O)C4O)cc3O2)cc1OC,sweet
Nc1ncnc2c1ncn2C1OC(F)(COP(=O)(O)OP(=O)(O)OP(=O)(O)O)C(O)C1O,sweet
CC1(C(=O)O)CCC2(C)CCC3(C)C(=CC(=O)C4C5(C)CCC(OC6OC(C(=O)O)C(O)C(O)C6OC6OC(C(=O)O)C(O)C(O)C6O)C(C)(C)C5CCC43C)C2C1.[Zn+2],sweet
COc1nc(N)c2ncn(C3OC(COP(=O)(O)O)C(O)C3O)c2n1,sweet
COC(=O)C1(C)CCC2(C)CCC3(C)C(=CC(=O)C4C5(C)CCC(OC6OC(C(=O)[O-])C(O)C(O)C6OC6OC(C(=O)[O-])C(O)C(O)C6O)C(C)(C)C5CCC43C)C2C1,sweet
CC1OC(OC2C(OC3C(OC4CCC5(C)C(CCC6(C)C5C(=O)C=C5C7CC(C)(C)CC(OC8OC(CO)C(O)C(O)C8O)C7(C)CCC56C)C4(C)C)OC(C(=O)O)C(O)C3O)OC(C(=O)O)C(O)C2O)C(O)C(O)C1O,sweet
CC1(C)CC(OC2OC(CO)C(O)C(O)C2O)C2(C)CCC3(C)C(=CC(=O)C4C5(C)CCC(OC6OC(C(=O)O)C(O)C(O)C6OC6OC(C(=O)O)C(O)C(O)C6O)C(C)(C)C5CCC43C)C2C1,sweet
CC1OC(Oc2ccc(-c3coc4cc(O)cc(O)c4c3=O)cc2O)C(O)C(O)C1O,sweet
[N-]=[N+]=Nc1nc2c(N)ncnc2n1C1OC(COP(=O)([O-])OP(=O)([O-])[O-])C(O)C1O,sweet
Nc1ncnc2c1ncn2C1OC(CO[P+](O)(O)O[P+](O)(O)O)C(O)C1O,sweet
Nc1ncnc2c1ncn2C1OC(CO[P+](O)(O)O)C(O)C1O,sweet
Nc1ncnc2c1ncn2C1OC(CO[P+](O)(O)O[P+](O)(O)N[P+](O)(O)O)C(O)C1O,sweet
Nc1ncnc2c1ncn2C1OC(CO[P+](O)(O)OS(O)(O)O)C(O)C1O,sweet
Nc1ncnc2c1ncn2C1OC(CO[P+](O)(O)O[P+](O)(O)O[P+](O)(O)O)C(O)C1O,sweet
Nc1ncnc2c1ncn2C1OC(CO[P+](O)(O)O[P+](O)(O)C[P+](O)(O)O)C(O)C1O,sweet
Nc1ncnc2c1ncn2C1OC(CO[P+](O)(O)O[P+](O)(O)O[P+](O)(O)S)C(O)C1O,sweet
Nc1ncnc2c1ncn2C1OC2CO[P+](O)(O)OC2C1O,sweet
CC1OC(OC2C(O)C(CO)OC(OC3C(OC4CCC5(C)C(CCC6(C)C5CC=C5C7CC(C)(C)CCC7(C(=O)OC7OC(CO)C(O)C(O)C7O)CCC56C)C4(C)C)OC(C(=O)O)C(O)C3O)C2O)C(O)C(O)C1O,sweet
Nc1ncnc2c1ncn2C1OC(CO[P+](O)(O)OP(=O)(O)O)C(O)C1O,sweet
COC1CC(OC)C(OC2COC(OC)C(O)C2)OC1CO,sweet
CC(C)Oc1ccc(NC(=O)NC(C)(C)C)cc1,sweet
COCCOc1ccc(NC(=O)NC(C)(C)C)cc1,sweet
NOC1=NS(=O)(=O)c2ccccc21,sweet
CC(C)C(C)Oc1ccc([N+](=O)[O-])cc1N,sweet
CCOc1ccc(NC(N)=O)cc1F,sweet
CC(C)Oc1ccc(NC(N)=O)cc1F,sweet
NC(=O)Nc1ccc(OC2CCCC2)cc1,sweet
NCCOc1ccc([N+](=O)[O-])cc1N,sweet
NC(=S)COc1ccc([N+](=O)[O-])cc1N,sweet
Nc1cc([N+](=O)[O-])ccc1OCCCC(F)(F)F,sweet
Nc1cc([N+](=O)[O-])ccc1OCCC(F)(F)F,sweet
CC1OC(OC2CC(C)(CO)CC3C4=CC(=O)C5C6(C)CCC(OC7OC(C(=O)O)C(OC8OC(C(=O)O)C(O)C(O)C8O)C(O)C7O)C(C)(C)C6CCC5(C)C4(C)CCC23C)C(O)C(O)C1O,sweet
CCOc1ccc(NC(=O)NC(C)=O)cc1,sweet
Nc1ccc(Oc2ccc([N+](=O)[O-])cc2N)cc1,sweet
C=C1CC23CCC4C(C)(C(=O)OC5OC(CO)C(O)C(OC6OC(CO)C(O)C(O)C6O)C5OC5OC(CO)C(O)C(O)C5O)CCCC4(C)C2CCC1(OC1OC(CO)C(O)C(OC2OC(CO)C(O)C(O)C2O)C1OC1OC(C)C(O)C(O)C1O)C3,sweet
C=C1CC23CCC4C(C)(C(=O)OC5OC(CO)C(OC6OC(CO)C(O)C(O)C6O)C(O)C5OC5OCC(O)C(O)C5O)CCCC4(C)C2CCC1(OC1OC(CO)C(O)C(OC2OC(CO)C(O)C(O)C2O)C1OC1OC(CO)C(O)C(O)C1O)C3,sweet
C=C1CC23CCC4C(C)(C(=O)OC5OC(CO)C(O)C(OC6OC(CO)C(O)C(O)C6O)C5OC5OC(CO)C(C)C(O)C5O)CCCC4(C)C2CCC1(OC1OC(CO)C(O)C(OC2OC(CO)C(O)C(O)C2O)C1OC1OC(CO)C(O)C(O)C1O)C3,sweet
CC(=O)OC1CC(C)(C(=O)O)CC2C3=CC(=O)C4C5(C)CCC(OC6OC(C(=O)O)C(O)C(O)C6OC6OC(C(=O)O)C(O)C(O)C6O)C(C)(CO)C5CCC4(C)C3(C)CCC12C,sweet
CC1(CO)CC(O)C2(C)CCC3(C)C(=CC(=O)C4C5(C)CCC(OC6OC(C(=O)O)C(O)C(O)C6OC6OC(C(=O)O)C(O)C(O)C6O)C(C)(C)C5CCC43C)C2C1,sweet
CC1(C=O)CCC2(C)CCC3(C)C(=CC(=O)C4C5(C)CCC(OC6OC(C(=O)O)C(O)C(O)C6OC6OC(C(=O)O)C(O)C(O)C6O)C(C)(C)C5CCC43C)C2C1,sweet
CC1OC(OC2C(OC3C(OC4CCC5(C)C(CCC6(C)C5C(=O)C=C5C7CC8(C)CC(OC8=O)C7(C)CCC56C)C4(C)C)OC(C(=O)O)C(O)C3O)OC(C(=O)O)C(O)C2O)C(O)C(O)C1O,sweet
O=C(C=Cc1ccc([O-])c(O)c1)c1c(O)cc(OC2OC(CO)C(O)C(O)C2O)cc1O,sweet
O=c1cc(-c2ccc([O-])c(O)c2)oc2cc(OC3OC(CO)C(O)C(O)C3O)cc(O)c12,sweet
COc1ccc(-c2cc(=O)c3ccc(OC4OC(CO)C(OC5OC(CO)C(O)C(O)C5O)C(O)C4O)cc3o2)cc1OC,sweet
CCOC1C(COC2OC(C)C(O)C(O)C2O)OC(O)C(O)C1O,sweet
COc1ccc(C=CC(=O)c2c(OC)cc(OC3OC(COC4OC(C)C(O)C(O)C4O)C(O)C(OC)C3OC)cc2OC)cc1OC,sweet
COc1ccc(C=CC(=O)c2c(O)cc(OC3OC(COC4OC(C)C(O)C(O)C4O)C(O)C(O)C3OC)cc2OC)cc1OC,sweet
COc1ccc(C=CC(=O)c2c(O)cc(OC3OC(COC4OC(C)C(O)C(O)C4O)C(O)C(O)C3O)cc2OC)cc1OC,sweet
COc1ccc(C2CC(=O)c3c(O)cc(OC4OC(COC5OC(C)C(O)C(O)C5OC)C(O)C(O)C4OC)cc3O2)cc1OC,sweet
COc1ccc(C2CC(=O)c3c(O)cc(OC4OC(COC5OC(C)C(O)C(O)C5OC)C(O)C(O)C4O)cc3O2)cc1OC,sweet
OCC1OC(OC2C(CF)OC(O)C(O)C2O)C(O)C(O)C1O,sweet
CCCOC(=O)C=Cc1ccccc1,undefined
CCCC(=O)OCC=Cc1ccccc1,undefined
Nc1ncnc2c1ncn2C1OC2COP(=O)(O)OC2C1[O-],sweet
COc1cc(C2CC(=O)c3c(O)cc(OC4OC(CO)C(O)C(O)C4O)cc3O2)ccc1O.[Au],sweet
[B]P(=O)(OCC1OC(n2cnc3c(N)ncnc32)C(OC)C1O)OP(=O)(O)OP(=O)(O)O,sweet
COc1cc(C2Oc3cc(O)cc(O)c3C(=O)C2OC2OC(CO)C(O)C(O)C2O)ccc1O,sweet
Nc1ncnc2c1ncn2C1OC(COP(=O)(O)OP(=O)(O)OP(=O)(O)O)C(O)C1O.[Cr],sweet
O=C1NS(=O)(=O)c2ccccc21.[Pd],sweet
OCC(O)C(O)C(O)CO.[Ga],sweet
OCC(O)C(O)C(O)CO.[Cr],sweet
C=C(C)[O-].CC1OC(OCC2OC(Oc3c(-c4ccc(O)c(O)c4)oc4cc(O)cc(O)c4c3=O)C(O)C(O)C2O)C(O)C(O)C1O,sweet
COC(=O)C(Cc1ccccc1)NC(=O)C(N)(CC(=O)O)NC(=O)C(C)C,sweet
C.Nc1ncnc2c1ncn2C1OC(COP(=O)(O)OP(=O)(O)O)C(O)C1O,sweet
O=C(CO)C(O)C(O)C(O)CO.[Fe],sweet
OCC(O)C(O)C(O)C(O)CO.[Fe],sweet
[O-][O+]=CC(O)C(O)C(O)C(O)CO,sweet
C.O=CC(O)C(O)C(O)C(O)CO,sweet
OCC1OC(CO)(OC2OC(COO)C(O)C(O)C2O)C(O)C1O.[Fe],sweet
Nc1ncnc2c1ncn2C1(P(=O)(O)O)OC(COP(=O)(O)O)C(O)C1O,sweet
Nc1n[c]([SnH3])nc2c1ncn2C1OC(CO)C(O)C1O,sweet
NCP(=O)(O)O.Nc1ncnc2c1ncn2C1OC(COP(=O)(O)O)C(O)C1O,sweet
O=C1NS(=O)(=O)c2ccccc21.[Pb],sweet
O=CC(O)C(O)(F)C(O)C(O)CO,sweet
OCC(O)C(O)C(O)C(O)CO.[Pb],sweet
OCC(O)C(O)C(O)C(O)[CH](O)[Pb],sweet
Nc1ncnc2c1ncn2C1OC(COSP(=O)(O)OP(=O)(O)O)C(O)C1O,sweet
Nc1ncnc2c1ncn2C1OC(CO[P+](=O)OP(=O)(O)OP(=O)(O)O)C(O)C1O,sweet
OCC1OC(OC2(C3OCCO3)OC(CO)C(O)C2O)C(O)C(O)C1O,sweet
O=CC(O)C(O)C(O)C(O)C(O)F,sweet
O=CC(O)C(O)C(O)(F)C(O)CO,sweet
O=CC(O)C(O)C(O)C(O)COBr,sweet
CSP(=O)(OCC1OC(n2cnc3c(N)ncnc32)C(O)C1O)OP(=O)(O)O,sweet
OCC1OC(O)C(O)C(O)C1OC1OC(C(O)(O)O)C(O)C(O)C1O,sweet
Nc1ncnc2c1nc(N)n2C1OC(COP(=O)(O)OP(=O)(O)OP(=O)(O)O)C(O)C1O,sweet
Nc1nc(Cl)nc2c1ncn2C1OC(COP(=O)(O)C(P(=O)(O)O)P(=O)(O)O)C(O)C1O,sweet
Nc1ncnc2c1ncn2C1(P(=O)(O)O)OC(CO)C(O)C1O.O=P(O)(O)OP(=O)(O)O,sweet
Nc1ncnc2c1ncn2C1(P(=O)(O)O)OC(COP(=O)(O)OP(=O)(O)O)C(O)C1O,sweet
COOC1C(O)C(COP(=O)(O)O)OC1n1cnc2c(N)ncnc21,sweet
Nc1ncnc2c1ncn2C1OC(C(O)P(=O)(O)OP(=O)(O)O)C(O)C1OP(=O)(O)O,sweet
Nc1ncnc2c1ncn2C1OC(C(O)P(=O)(O)OP(=O)(O)O)C(OP(=O)(O)O)C1O,sweet
Nc1ncnc2c1ncn2C1OC(COP(=O)(O)OP(=O)(O)OP(=O)(O)O)C(O)C1O.[Mn],sweet
Nc1ncnc2c1ncn2C1OC(COP(=O)(O)OP(=O)(O)OP(=O)(O)O)C(O)C1O.[Zn],sweet
Nc1ncnc2c1ncn2C1OC(COP(=O)(O)OP(=O)(O)OP(=O)(O)O)C(O)C1O.[Cu],sweet
OCC(O)COOCC1OC(OC2(CO)OC(CO)C(O)C2O)C(O)C(O)C1O,sweet
COc1nc(N)c2ncn(C3CC(O)C(COP(=O)(O)OP(=O)(O)OP(=O)(O)O)O3)c2n1,sweet
CCOCC1OC(n2cnc3c(N)ncnc32)C(O)C1OP(=O)(O)OP(=O)(O)OP(=O)(O)O,sweet
O=CC(O)C(O)C(O)C(O)CO.[Au],sweet
O=C(CO)C(O)C(O)C(O)CO.[H+],sweet
Nc1ncnc2c1ncn2C1OC(COP(=O)(O)OP(=O)(O)O)C(O)C1O.O=P(O)(O)OP(=O)(O)OP(=O)(O)O,sweet
OCC(O)C1OC(OC2(O)OC(CO)C(O)C(O)C2O)C(O)C1O,sweet
C.O=C(CO)C(O)C(O)C(O)CO,sweet
OCC1OC(O)([Se])C(O)C(O)C1O,sweet
Nc1ncnc2c1ncn2C1OC(COP(=O)(O)OP(=O)(O)OP(=O)(O)O)C(O)C1OP(=O)(O)O,sweet
Nc1ncnc2c1ncn2C1OC(COP(=O)(O)O)C(O)C1O.O=[PH](O)O,sweet
O=CC(O)C(O)C(O)C(O)CO.P,sweet
O=CC(O)C(O)C(O)C(O)CO.[Si],sweet
CC(O)N(C)C.Nc1ncnc2c1ncn2C1OC(COP(=O)(O)OP(=O)(O)OP(=O)(O)O)C(O)C1O,sweet
COOC(C(O)C=O)C(O)C(O)CO,sweet
CCCCN(C(C)O)C(C)O.Nc1ncnc2c1ncn2C1OC(COP(=O)(O)OP(=O)(O)OP(=O)(O)O)C(O)C1O,sweet
CCCCN(C(C)O)C(C)O.Nc1ncnc2c1ncn2C1OC(COP(=O)(O)OP(=O)(O)O)C(O)C1O,sweet
CC(O)N(C)C.Nc1ncnc2c1ncn2C1OC(COP(=O)(O)OP(=O)(O)O)C(O)C1O,sweet
CC(N)O.Nc1ncnc2c1ncn2C1OC(COP(=O)(O)OP(=O)(O)O)C(O)C1O,sweet
CC(N)O.Nc1ncnc2c1ncn2C1OC(COP(=O)(O)OP(=O)(O)OP(=O)(O)O)C(O)C1O,sweet
CN(CC1CO1)P(=O)(O)OCC1OC(n2cnc3c(N)ncnc32)CC1O,sweet
Nc1ncnc2c1ncn2C1OC(C(O)P(=O)(O)OP(=O)(O)O)C(O)C1O,sweet
C=C1CC23CCC4C(C)(C(=O)OC5OC(CO)C(O)C(O)C5O)CCCC4(C)C2CCC1(OC1OC(CO)C(O)C(O)C1OC1OC(COC2OC(CO)C(O)C(O)C2O)C(O)C(O)C1O)C3,sweet
C=C1CC23CCC4C(C)(C(=O)OC5OC(CO)C(O)C(O)C5O)CCCC4(C)C2CCC1(OC1OC(CO)C(O)C(OC2OC(CO)C(O)C(O)C2O)C1OC1OC(CO)C(O)C(OC2OC(CO)C(O)C(O)C2O)C1O)C3,sweet
C=C1CC23CCC4C(C)(C(=O)OC5OC(CO)C(OC6OC(CO)C(O)C(O)C6OC6OC(CO)C(O)C(O)C6O)C(O)C5O)CCCC4(C)C2CCC1(OC1OC(CO)C(O)C(O)C1OC1OC(CO)C(O)C(O)C1O)C3,sweet
C=C1CC23CCC4C(C)(C(=O)OC5OC(CO)C(O)C(O)C5O)CCCC4(C)C2CCC1(OC1OC(CO)C(O)C(OC2OCC(O)C(O)C2O)C1OC1OC(CO)C(O)C(O)C1O)C3,sweet
C=C1CC23CCC4C(C)(C(=O)OC5OC(CO)C(O)C(O)C5O)CCCC4(C)C2CCC1(OC1OC(CO)C(O)C(OC2OC(CO)C(OC4OC(CO)C(O)C(O)C4O)C(O)C2O)C1OC1OC(CO)C(O)C(O)C1O)C3,sweet
C=C1CC23CCC4C(C)(C(=O)OC5OC(COC6OCC(O)C(O)C6O)C(O)C(O)C5O)CCCC4(C)C2CCC1(OC1OC(CO)C(O)C(O)C1OC1OC(CO)C(O)C(O)C1O)C3,sweet
Nc1ncnc2c1ncn2C1OC(COP2(=O)O[B]OP(=O)(O)OP(=O)(O)O2)C(O)C1O,sweet
OCC(O)C(O)C(O)CO.[Fe],sweet
O[CH-]C(O)C(O)C(O)C(O)CO.[Fe],sweet
Nc1ncnc2c1ncn2C1OC(COP(=O)(O)OP(=O)(O)OP(=O)(O)OCCCO)C(O)C1O,sweet
CCCC(CC)OP(=O)(O)OP(=O)(O)OP(=O)(O)OCC1OC(n2cnc3c(N)ncnc32)C(O)C1O,sweet
CC(C)(C)OP(=O)(O)OP(=O)(O)OP(=O)(O)OCC1OC(n2cnc3c(N)ncnc32)C(O)C1O,sweet
Nc1ncnc2c1ncn2C1OC(COP(=O)(O)OP(=O)(O)OP(=O)(O)OCCCCO)C(O)C1O,sweet
C#CCOP(=O)(O)OP(=O)(O)OP(=O)(O)OCC1OC(n2cnc3c(N)ncnc32)C(O)C1O,sweet
CCCOP(=O)(OCC1OC(n2cnc3c(N)ncnc32)C(O)C1O)OP(=O)(O)OP(=O)(O)OC,sweet
NCCCOP(=O)(O)OP(=O)(O)OP(=O)(O)OCC1OC(n2cnc3c(N)ncnc32)C(O)C1O,sweet
NCCCCOP(=O)(O)OP(=O)(O)OP(=O)(O)OCC1OC(n2cnc3c(N)ncnc32)C(O)C1O,sweet
Nc1ncnc2c1ncn2C1OC(COP(=O)(O)OP(=O)(O)OP(=O)(O)OCCO)C(O)C1O,sweet
O=CC(O)C(O)C(O)C(O)CO.[Tc],sweet
Nc1ncnc2c1ncn2C1OC(CO)C(O)C1O.O=P(O)(O)OP(=O)(O)OP(=O)(O)O,sweet
O=C(CCO)C(O)C(O)C(O)CO,sweet
Nc1ncnc2c1ncn2C1OC(CO)C(O)C1O.O=P([O-])([O-])OP(=O)(O)O.[Mn+2],sweet
Nc1ncnc2c1ncn2C1OC(COP(=O)(O)OP(=O)(O)O)C(O)C1O.[Mn],sweet
Nc1ncnc2c1ncn2C1OC(COP(=O)([O-])OP(=O)([O-])[O-])C(O)C1O.[Mn+3],sweet
OCC1OC(CO)(OC2OC(COO)C(O)C(O)C2O)C(O)C1O.[Al],sweet
COOc1c(-c2ccc(O)c(O)c2)oc2cc(O)cc(OC3OC(CO)C(O)C(O)C3O)c2c1=O,sweet
C=C1CC23CCC4C(C)(C(=O)OC5OC(CO)C(O)C(O)C5O)CCCC4(C)C2CCC1(OC1OC(CO)C(O)C(OC2(CO)OC(CO)C(O)C2O)C1OC1OC(CO)C(O)C(O)C1O)C3,sweet
Nc1ncnc2c1ncn2C1OC(COP(=O)(O)O)C(O)C1O.O=P(O)(O)OP(=O)(O)OP(=O)(O)O,sweet
Nc1ncnc2c1ncn2C1OC(COP(=O)(OP(=O)(O)O)OP(=O)(O)OP(=O)(O)O)C(O)C1O,sweet
O=CC(O)C(O)C(O)C(O)CO.[Ba],sweet
Nc1ncnc2c1ncn2C1OC(CO)C(O)C1O.O=P([O-])(O)OP(=O)(O)O,sweet
[F-].c1ccc(C2=NN(c3ccccc3)N(c3ccccc3)[NH2+]2)cc1,sweet
OCC1OC(CO)(OC2OC(COCC3CO3)C(O)C(O)C2O)C(O)C1O,sweet
Nc1ncnc2c1ncn2C1OC(CO[Se](=O)P(=O)=O)C(O)(P(=O)(O)O)C1O,sweet
Nc1ncnc2c1ncn2C1OC(CO[Se](=O)(=O)OP(=O)(O)O)C(O)C1O,sweet
NOP(=O)(O)OP(=O)(O)OP(=O)(O)OCC1OC(n2cnc3c(N)ncnc32)CC1O,sweet
O=C(CO)C(O)C(O)C(O)CO.[Zr],sweet
OCC(O)C(O)C(O)C(O)CO.[Zr],sweet
O=C(CO)C(O)C(O)C(O)CO.[Ti],sweet
OCC(O)C(O)C(O)C(O)CO.[Ti],sweet
OOCC1OC(O)C(OO)C(O)C1O,sweet
OCC(O)CC(O)CO.OCCO,sweet
OCC1OC(OC2(CO)OC(CO)C(O)C2O)C(O)C(O)C1O.[Pb],sweet
Nc1ncnc2c1ncn2C1OC(COP(=O)(O)OP(=O)(O)OP(=O)(O)O)C(O)C1O.[H-],sweet
Nc1ncnc2c1ncn2C1OC(COP(=O)([O-])OP(=O)(O)OP(=O)(O)O)C(O)C1O,sweet
OCC1OC(OC2(CO)OC(CO)C(O)C2O)C(O)C(O)C1O.[Fe].[Pb],sweet
OCC1OC(CO)(OC2OC(C[O][Pb])C(O)C(O)C2O)C(O)C1O.[Fe],sweet
OCC1OC(CO)(OC2OC(C[O][Pb])C(O)C(O)C2O)C(O)C1O,sweet
Nc1ncnc2c1ncn2C1CC(O)C(COP(=O)(O)OP(=O)(O)OP(=O)(O)OP(=O)(O)O)O1,sweet
Nc1ncnc2c1ncn2C1OC(CO[P+](=O)OP(=O)(O)OP(=O)(O)OP(=O)(O)O)C(O)C1O,sweet
Nc1ncnc2c1ncn2C1OC2COP(=O)(O)OC2C1O.P,sweet
Nc1ncnc2c1ncn2C1OC(C(O)P(=O)(O)O)C(O)(P(=O)(O)O)C1O,sweet
Nc1ncnc2c1ncn2C1CC(O)C(CO)O1.O=P(O)(O)OP(=O)(O)OP(=O)(O)O,sweet
Nc1ncnc2c1ncn2C1OC(CO)C(O)C1O.[Pb],sweet
CCCCCOc1ccc(N(S)C(N)=O)cc1,sweet
COc1ccc([N+](=O)[O-])cc1[NH-],sweet
Nc1ncnc2c1ncn2C1OC(COP(=O)(O)N(P(=O)(O)O)P(=O)(O)O)C(O)C1O,sweet
NCCOP(=O)(O)O.Nc1ncnc2c1ncn2C1OC(COP(=O)(O)OP(=O)(O)O)C(O)C1O,sweet
Nc1ncnc2c1ncn2C1OC(COP(=O)(O)O)C(O)C1O.O=P(O)(O)[Se],sweet
[N-]=[N+]=NOCC1OC(n2cnc3c(N)ncnc32)C(O)C1OP(=O)(O)OP(=O)(O)OP(=O)(O)O,sweet
Nc1ncnc2c1ncn2C1OC(CO)C(O)C1O.O=P(O)(O)OP(=O)(O)OCOP(=O)(O)OP(=O)(O)O,sweet
Nc1ncnc2c1ncn2C1OC(COP(=O)(O)P(=O)(O)N[P+](=O)O)C(O)C1O,sweet
O=CC(O)C(O)(O)C(O)C(O)CO,sweet
N#CN(C(=O)C(N)CC(=O)O)C(Cc1ccccc1)C(=O)O,sweet
OCC1OC(O)(OC2OCC(O)C(O)C2O)C(O)C(O)C1O,sweet
COC(=O)C(Cc1ccccc1)NC(=O)C(N)C(CC=C(C)C=CC=C(C)C=CC1=C(C)CCCC1(C)C)C(=O)O,sweet
CSP(=O)(O)OP(=O)(O)OP(=O)(O)OCC1OC(n2cnc3c(N)ncnc32)C(O)C1O,sweet
OCC(O)C(O)C(OC1OC(CO)C(O)C(O)C1O)C(O)CO.[Pb],sweet
O=C(CO)C(O)C(O)C(O)CO.[Pb],sweet
Nc1ncnc2c1ncn2C1OC2COP(=O)(O)OC2C1O.[Pb],sweet
CC1=CC(=O)NS(=O)(=O)O1.COC(=O)C(Cc1ccccc1)NC(=O)C(CC(=O)O)NCCC(C)(C)C,sweet
CC1(C(=O)O)CCC2(C)CCC3(C)C(=CC(=O)C4C5(C)CCC(OC6OC(C(=O)O)C(O)C(O)C6OC6OC(C(=O)O)C(O)C(O)C6O)C(C)(C)C5CCC43C)C2C1.OCC(O)C(O)CO,sweet
NCCCCNc1nc2c(N)ncnc2n1C1OC(COP(=O)(O)OP(=O)(O)OP(=O)(O)O)C(O)C1O,sweet
NCCCCc1nc2c(N)ncnc2n1C1(N)OC(COP(=O)(O)OP(=O)(O)OP(=O)(O)O)C(O)C1O,sweet
CC1(C(=O)O)CCC2(C)CCC3(C)C(=CC(=O)C4C5(C)CCC(OC6OC(C(=O)O)C(O)C(OC(=O)CC(O)(C(=O)O)C(O)C(=O)O)C6OC6OC(C(=O)O)C(O)C(O)C6O)C(C)(C)C5CCC43C)C2C1,sweet
CC1(C(=O)O)CCC2(C)CCC3(C)C(=CC(=O)C4C5(C)CCC(OC6OC(C(=O)O)C(O)C(OC(=O)C(O)C(O)C(O)C(O)CO)C6OC6OC(C(=O)O)C(O)C(O)C6O)C(C)(C)C5CCC43C)C2C1,sweet
CC1(C(=O)O)CCC2(C)CCC3(C)C(=CC(=O)C4C5(C)CCC(OC6OC(C(=O)O)C(O)C(OC(=O)C(O)C(O)C(O)C(O)C=O)C6OC6OC(C(=O)O)C(O)C(O)C6O)C(C)(C)C5CCC43C)C2C1,sweet
CC1(C(=O)O)CCC2(C)CCC3(C)C(=CC(=O)C4C5(C)CCC(OC6OC(C(=O)O)C(O)C(OC(=O)C(O)C(O)C(O)C(O)C(O)CO)C6OC6OC(C(=O)O)C(O)C(O)C6O)C(C)(C)C5CCC43C)C2C1,sweet
CC1(C(=O)O)CCC2(C)CCC3(C)C(=CC(=O)C4C5(C)CCC(OC6OC(C(=O)O)C(O)C(OC(=O)C(O)C(O)C(O)C(O)C(=O)O)C6OC6OC(C(=O)O)C(O)C(O)C6O)C(C)(C)C5CCC43C)C2C1,sweet
Nc1ncnc2c1ncn2C1OC(COOO)C(O)C1O,sweet
O=C1NS(=O)(=O)c2ccccc21.[Ag],sweet
Nc1ncnc2c1ncn2C1OC(COS(=O)(=O)OP(=O)(O)O)C(OP(=O)(O)O)C1O,sweet
Nc1ncnc2c1ncn2C1OC(COP(=O)(O)O)C(O)(OS(=O)(=O)O)C1O,sweet
Nc1ncnc2c1ncn2C1OC(COP(=O)(O)O)C(OP(=O)(O)NP(=O)(O)O)C1O,sweet
Nc1ncnc2ncn(C3OC(COP(=O)(O)CP(=O)(O)O)C(O)C3O)c12,sweet
Nc1ncnc2ncn(C3OC(COC(=[P+]([O-])O)P(=O)(O)O)C(O)C3O)c12,sweet
O=C(C(O)F)C(O)C(O)C(O)CO,sweet
Nc1ncnc2c1ncn2C1OC(COP(=O)(O)O)C(O)C1O.O=P(O)(O)OP(=O)(O)O,sweet
O=CC(O)C(O)C(O)C(O)(O)CO,sweet
CP(=O)(O)O.Nc1ncnc2c1ncn2C1OC(COP(=O)(O)O)C(O)C1O,sweet
O=CC(OI)C(OI)C(O)C(O)CO,sweet
O=C(CO)C(O)C(O)C(O)CO.S,sweet
Nc1ncnc2c1ncn2C1OC(COP(=O)(O)SP(=O)(O)O)C(O)C1O,sweet
O=CC(O)C(O)C(O)C(O)CO.[Fe],sweet
Nc1ncnc2c1ncn2C1OC(CO)C(O)C1O.OP(O)(O)=S,sweet
OCC(O)C(O)C(O)C(O)CO.[Ar],sweet
Nc1ncnc2c1ncn2C1OC(COP(=O)(O)OP(=O)(O)O)C(O)C1(O)P(=O)(O)O,sweet
O=CC(OS)C(O)C(O)C(O)CO,sweet
Nc1ncnc2c1ncn2C1OC(CO)C(O)C1OO,sweet
OCC1OC(OC2(C(O)(O)O)OC(CO)C(O)C2O)C(O)C(O)C1O,sweet
OCC1OC(CO)(OC2OC(COC3CO3)C(O)C(O)C2O)C(O)C1O,sweet
N=C=O.O=C1NS(=O)(=O)c2ccccc21,sweet
C=O.O=CC(O)C(O)C(O)C(O)CO,sweet
COC1OC(CO)C(OC2OC(CCOS)C(O)C2O)C(O)C1O,sweet
Nc1ncnc2c1ncn2C1OC(CO[P+](=O)OCO[P+](=O)O)C(O)C1O,sweet
OCCOOCC1OC(OC2(CO)OC(CO)C(O)C2O)C(O)C(O)C1O,sweet
O=C(COO)C(O)C(O)C(O)CO,sweet
O=C(CO)C(O)C(OF)C(O)CO,sweet
O=C(CO)C(O)C(O)(F)C(O)CO,sweet
NCCCCNCCCOP(=O)(OCC1OC(n2cnc3c(N)ncnc32)C(O)C1O)OP(=O)(O)O,sweet
Nc1ncnc2c1ncn2C1OC(CO)C(O)C1O.[Cr+3],sweet
Nc1ncnc2c1ncn2C1OC(COP(=O)(O)O)C(O)C1O.[Cr],sweet
Nc1ncnc2c1ncn2C1OC(CO)C(O)C1O.[Cr],sweet
OCC(O)C1OC(O)(OC2OC(CO)C(O)C(O)C2O)C(O)C1O,sweet
OCC1OC(O)C(O)C(O)C1O.[Se]S[Se],sweet
O=CC(O)C(CC(O)CO)O[As],sweet
Nc1ncnc2c1ncn2C1OC(CO)C(O)C1O.O=P(O)(O)OCOP(=O)(O)OOP(=O)(O)O,sweet
O=CC(O)C(O)C(O)C(O)CO[B]O,sweet
Nc1nc(F)nc2c1ncn2C1OC(COP(=O)(O)O)C(O)C1OP(=O)(O)O,sweet
OCC1OC(OC2C(CO)OC(O)C(O)C2O)C(O)C(OO)C1O,sweet
Nc1ncnc2c1ncn2C1OC(COP)C(OP(=O)(O)O)C1O,sweet
OCC1OC(O)C(O)C(O)C1O.[Bi],sweet
COC(=O)C(Cc1ccccc1)NC(=O)C(NC=O)C(CC=C(C)C=CC=C(C)C=CC1=C(C)CCCC1(C)C)C(=O)O,sweet
OCC(O)C(O)C(O)C(O)C(O)(O)OC1OC(CO)C(O)C(O)C1O,sweet
Nc1ncnc2c1ncn2C1OC(COP(=O)(O)OP(=O)(O)OP(=O)(O)O)C(O)C1O.O=P(O)(O)OP(=O)(O)OP(=O)(O)O,sweet
Nc1ncnc2c1ncn2C1OC(COP(=O)(OP(=O)(O)OP(=O)(O)O)OP(=O)(O)OP(=O)(O)OP(=O)(O)O)C(O)C1O,sweet
OCC1OC(CO)(OC2OC(C[O][Al])C(O)C(O)C2O)C(O)C1O,sweet
OCC(O)C(O)C(O)C(O)CO.[Sn],sweet
Nc1ncnc2c1ncn2C1OC(CO)C(O)C1O.[Tc],sweet
Nc1ncnc2c1ncn2C1OC(COP(=O)(O)OP2(=O)OCO2)C(O)C1O,sweet
OCC1OC(O)C([As])C(O)C1O,sweet
OCC1OC([OH2+])C(O)C(O)C1O,sweet
Ic1cccc(C(N=Nc2ccccc2)=NNc2ccccc2)c1,sweet
Nc1ncnc2c1nc(I)n2C1CC(O)C(COP(=O)(O)OP(=O)(O)OP(=O)(O)O)O1,sweet
O=CC(O)C(O)C(O)C(O)(F)CO,sweet
OCC1OC(OC2([C](O)=[Sn])OC(CO)C(O)C2O)C(O)C(O)C1O,sweet
OCC1OC(OC2(CO)OC(CO)C(O)C2O)C(O)C(O)C1O.[Sn],sweet
OCC1OC(O)C(O)C(O)C1O.[Gd],sweet
Nc1ncnc2c1ncn2C1OC(CO)C(O)C1O.[Tl],sweet
O=CC(O)C(O)C(O)C(O)CO.[Zn],sweet
C.Nc1ncnc2c1ncn2C1OC(COP(=O)(O)OP2(=O)OP(=O)(O)O2)C(O)C1O,sweet
Nc1ncnc2c1ncn2C1OC(COP(=O)(O)OP2(=O)OP(=O)(O)O2)C(O)C1O,sweet
O=C(CO)C(O)C(O)C(O)CO.[Au],sweet
OCC(O)C(O)C(O)C(O)CO.[Au],sweet
O[CH-]C(O)C(O)C(O)C(O)CO.[Au+],sweet
CC1(C(=O)O)CCC2(C)CCC3(C)C(=CC(=O)C4C5(C)CCC(OC6OC(C(=O)O)C(O)C(O)C6OC6OC(C(=O)O)C(O)C(O)C6O)C(C)(C)C5CCC43C)C2C1.O=C(O)C(O)C(O)C(O)C(O)CO,sweet
CCCCOc1ccc(NC(=O)N=O)cc1,sweet
O=CC(O)C(O)C(O)C(O)CO.[Cr],sweet
O=C1NS(=O)(=O)c2ccccc21.[Ba],sweet
Nc1ncnc2c1ncn2C1OC(CO)C(OP(=O)(OP(=O)(O)O)OP(=O)(O)O)C1O,sweet
Nc1ncnc2c1ncn2C1OC(CO)C(O)C1OP(=O)(OP(=O)(O)O)OP(=O)(O)O,sweet
OCC1OC(OCCOOC2OC(CO)C(O)C(O)C2O)C(O)C(O)C1O,sweet
COCC1OC(n2cnc3c(N)ncnc32)C(O)C1OP(C)(=O)O,sweet
COC1C(O)C(COP(C)(=O)O)OC1n1cnc2c(N)ncnc21,sweet
Nc1ncnc2c1ncn2C1OC(COP(=O)(O)O[P+](=O)OCO[P+](=O)O)C(O)C1O,sweet
C.OCC1OC(O)C(O)C(O)C1O,sweet
NCCCNP(=O)(O)OCC1OC(n2cnc3c(N)ncnc32)CC1O,sweet
Nc1ncnc2c1ncn2C1OC(C(OO)OP(=O)(O)OP(=O)(O)OP(=O)(O)O)C(O)C1O,sweet
OCC1OC(OC2OC(CO)C(O)C(O)C2O)C(O)C1O.[Ge],sweet
C1CO1.OCC1OC(OC2(CO)OC(CO)C(O)C2O)C(O)C(O)C1O,sweet
COOC1OC(C)C(O)C(O)C1O,sweet
O=C(COF)C(O)C(O)C(O)CO,sweet
COOC(C=O)C(O)C(O)C(O)CO,sweet
O=C1NS(=O)(=O)c2ccccc21.[Ni],sweet
OCC1OC(OC2(C3(O)OCCO3)OC(CO)C(O)C2O)C(O)C(O)C1O,sweet
O=C(CO)C(O)C(O)C(O)CO.[B],sweet
OCC(O)C(O)C(O)C(O)CO.[B],sweet
O=C(CO)C(O)C(O)C(O)CO.[F-],sweet
OCC1OC(OC2(C[O][Sn][O][Sn])OC(CO)C(O)C2O)C(O)C(O)C1O,sweet
OCC1OC(CO)(OC2OC(C[O][Sn][O][Sn])C(O)C(O)C2O)C(O)C1O,sweet
Nc1nc(Cl)nc2c1ncn2C1OC(CO[P+](=O)OCO[P+](=O)O)C(O)C1O,sweet
O=C(CO)C(O)C(O)C(O)CO.[Cu],sweet
O[CH-]C(O)C(O)C(O)C(O)CO.[Cu+],sweet
O[CH-]C(O)C(O)C(O)C(O)CO,sweet
OCC(O)C(O)C(O)C(O)(O)CO,sweet
OCC1OC(O)(OC2C(CO)OC(O)C(O)C2O)C(O)C(O)C1O,sweet
CC1(C)CCC2(CO)C(O)CC3(C)C(=CCC4C5(C)CCC(OC6(O)OC(CO)C(O)C(O)C6OC(=O)C6OC(O)C(O)C(O)C6O)C(C)(C)C5CCC43C)C2C1,sweet
O=C1NS(=O)(=O)c2ccccc21.[Ge],sweet
COC(=O)C(Cc1ccccc1)NC(=O)C(CC(=O)O)NC(=O)C(CC(=O)O)NC=O,sweet
O=C(CO)C(O)C(O)C(O)CO.[Al],sweet
OCC(O)C(O)C(O)C(O)CO.[Al],sweet
OCC1OC(O)C(O)C(O)C1O.[Pb],sweet
OCC1OC(OC2(CO)OC(CO)C(O)C2O)C(O)C(O)C1O.[O]=[Ti]=[O],sweet
Nc1ncnc2c1nc(Cl)n2C1OC(CO)C(O)C1O.O=P(O)(O)OP(=O)(O)O,sweet
OCC(O)C(O)COS,sweet
CC(=O)OC1C(OC(C)=O)C2(CO)C(OC(C)=O)CC3(C)C(=CCC4C5(C)CCC(OC6OC(C(C)=O)C(O)C(OC7OC(CO)C(O)C(O)C7O)C6O)C(C)(C)C5CCC43C)C2CC1(C)C,sweet
C=C1CC23CCC4C(C)(C(=O)OC5OC(CO)C(O)C(C)C5OC5OC(CO)C(O)C(O)C5O)CCCC4(C)C2CCC1(OC1OC(CO)C(O)C(OC2OC(CO)C(O)C(O)C2O)C1OC1OC(CO)C(C)C(O)C1O)C3,sweet
Nc1ncnc2c1ncn2C1OC(CO[P+](=O)OP(=O)(O)O)C(O)C1O,sweet
Nc1nc(Cl)nc2c1ncn2C1CC(O)C(COP(=O)([O-])O)O1,sweet
Nc1nc(Cl)nc2c1ncn2C1CC(O)C(COP(=O)([O-])[O-])O1.[Ba+2],sweet
Nc1ncnc2c1ncn2C1OC(COP(=O)(O)O)C(O)C1O.OP(O)(O)=S,sweet
Nc1ncnc2c1ncn2C1OC(CO)C(OP(=O)([O-])OP(=O)(O)OP(=O)([O-])O)C1O,sweet
O=C(CO)C(O)C(O)C(O)CO.[Ba].[Ti],sweet
O=C1NS(=O)(=O)c2ccccc21.[Bi],sweet
O=C(CO)C(O)C(O)C(O)CO.[Zn],sweet
OCC(O)C(O)C(O)C(O)CO.[Zn],sweet
Nc1ncnc2c1ncn2C1OC(C(O)P(=O)(O)O)C(O)C1(O)P(=O)(O)O,sweet
COC(=O)C(Cc1ccccc1)NC(=O)C(N)CC(=O)O.[Pb],sweet
O=CC(O)C(O)C(O)C(O)C(O)(O)O,sweet
Nc1nc(I)nc2c1ncn2C1CC(O)C(COP(=O)(O)O)O1,sweet
Nc1nc(I)nc2c1ncn2C1CC(O)C(COP(=O)([O-])O)O1,sweet
CCCCCCCCCCCCCCCCCC(=O)OC1C(O)C(C(=O)O)OC(OC2CCC3(C)C(CCC4(C)C3C(=O)C=C3C5CC(C)(C(=O)O)CCC5(C)CCC34C)C2(C)C)C1OC1OC(C(=O)O)C(O)C(O)C1O,sweet
Nc1ncnc2c1ncn2C1OC(COP(=O)(OP(=O)(O)O)OS(=O)(=O)O)C(O)C1O,sweet
O=CC(O)C(O)C(O)C(O)CO.[Cu],sweet
O=CC(O)C(O)C(O)C(O)CO.[Fe].[Fe],sweet
OCC(O)C(O)CO.OCCO,sweet
OCC1OC(O)(OO)C(O)C(O)C1O,sweet
N=P(O)(O)OP(=O)(O)O.Nc1ncnc2c1ncn2C1OC(COP(=O)(O)O)C(O)C1O,sweet
NOC(OP(=O)(O)OP(=O)(O)OP(=O)(O)O)C1OC(n2cnc3c(N)ncnc32)C(O)C1O,sweet
Nc1ncnc2c1ncn2C1(N)OC(COP(=O)(O)OP(=O)(O)OP(=O)(O)O)C(O)C1O,sweet
C=C1CC23CCC4C(C)(C(=O)OC5OC(CO)C(O)C(O)C5O)CCCC4(C)C2CCC1(OC1OC(CO)C(O)C(O)C1OC1OC(CO)C(O)C(O)C1O)C3.OCC1OC(OC2C(O)OC(CO)C(O)C2O)C(O)C(O)C1O,sweet
O=C(CO)C(O)C(O)C(O)CO.[Ni],sweet
OCC(O)C(O)C(O)C(O)CO.[Ni],sweet
O=CC(O)C(O)C(O)C(O)CO.[Ag].[Cl][Ag],sweet
[O]=[Ge][O]CC(O)C(O)C(O)C(=O)CO,sweet
O=C(CO)C(O)C(O)C(O)CO.[O]=[Ge][OH],sweet
OCC1OC(OC2C(CO)OC(O)C(O)C2O)C(O)C(O)C1O.[Ti],sweet
OCC1OC(OC2C(CO)OC(O)C(O)C2O)C(O)C(OS)C1O,sweet
CCC(C)Oc1ccc([N+](=O)[O-])cc1[N+](=O)[O-],sweet
OCCC(O)C(O)(O)O,sweet
O=CC(O)C(O)C(O)C(O)CO.S,sweet
OCC1OC(O)C(O)C(O)C1OC1OC(COCCF)C(O)C(O)C1O,sweet
Nc1ncnc2c1ncn2C1CC(O)C(COP=O)O1,sweet
COC(=O)C(Cc1ccccc1)NC(=O)C(CC(=O)O)NCl,sweet
CCN(CC)c1ncnc2c1ncn2C1OC(COP(=O)(O)O[P+](=O)O)C(O)C1O,sweet
OCC(O)C(CO)OO,sweet
OCC1OC(OC2C(CO)OC(O)(O)C2O)C(O)C(O)C1O,sweet
Nc1ncnc2c1ncn2C1OC(COP(O)(O)=S)C(O)C1OO,sweet
CCOc1ccc(N(O)O)cc1[N+](=O)[O-],sweet
CCCOC1CC(O)C(O)C(C)O1,sweet
CC1OC(O)CC(OC(CO)OC(CO)C(O)CO)C1O,sweet
CCC(O)C(O)C(O)COCC1OC(Oc2c(-c3ccc(O)c(O)c3)oc3cc(O)cc(O)c3c2=O)C(O)C(O)C1O,sweet
COc1ccc(C=CC(=O)c2c(O)cc(OC3CC(O)C(O)C(COC(C)CC(C)C(O)C(O)CO)O3)cc2OC)cc1O,sweet
COc1cc(O)c2c(c1)OC(c1ccc(O)c(O)c1)C(OC1OC(C)C(O)C(OO)C1O)C2=O,sweet
CP(=O)(O)OP(=O)(O)OCC1OC(n2cnc3c(N)ncnc32)C(O)C1OP(=O)(O)O,sweet
CC(OC(CO)C(O)C(O)CO)OC1C(CO)OC(O)C(O)C1O,sweet
OCC1OC(OC2(CCl)CC(O)C(CCl)O2)C(O)C(O)C1Cl,sweet
O=COCC1OC(OC2(CCl)CC(O)C(CCl)O2)C(O)C(O)C1Cl,sweet
CC1OC(OCC2OC(Cc3c(-c4ccc(O)c(O)c4)oc4cc(O)cc(O)c4c3=O)C(O)C(O)C2O)C(O)C(O)C1O,sweet
CCOC1OC(COC(CO)OC(CO)C(O)CO)C(O)C(O)C1O,sweet
CC1CCC2(C(=O)O)C(O)CC3(C)C(=CCC4C5(C)CCC(OC6OC(C(=O)O)C(O)C(O)C6OC6OC(CO)C(O)C(O)C6O)C(C)(C=O)C5CCC43C)C2C1,sweet
COOCC1OC(O)C(O)C(O)C1O,sweet
CCC1OC(CCl)(OC2OC(CO)C(Cl)C(O)C2O)C(O)C1O,sweet
OCC1OC(OC2C(O)C(CO)OC2(O)O)C(O)C(O)C1O,sweet
CC(Cl)C1OC(CCl)(OC2OC(CO)C(Cl)C(O)C2O)C(O)C1O,sweet
CC(C)P(=O)(O)OP(=O)(O)OCC1OC(n2cnc3c(N)ncnc32)C(O)C1O,sweet
CP(=O)(O)CP(=O)(O)OCC1CC(O)C(n2cnc3c(N)ncnc32)O1,sweet
CP(=O)(O)OP(=O)(O)OCC1CC(O)C(n2cnc3c(N)ncnc32)O1,sweet
Cc1nc2c(N)ncnc2n1C1OC2COP(O)(=S)OC2C1O,sweet
CC(C)Oc1ccc(N)cc1[N+](=O)[O-],sweet
CCC(O)(CO)C(O)C(C)OCC1OC(Oc2cc(O)c3c(=O)c(-c4ccc(O)c(O)c4)coc3c2)C(O)C(O)C1O,sweet
C=C1CC23CCC4C(C(C)CCC4(C)C(=O)OC4OC(CO)C(O)C(O)C4O)C2CCC1(OC1OC(CO)C(O)C(O)C1OC1OC(CO)C(O)C(O)C1O)C3,sweet
CCC(OC(C)OCC1OC(O)C(O)C(O)C1O)C(O)C(C)O,sweet
Nc1ncnc2c1ncn2C1OC(COP(=O)(O)OP(=O)(O)OP(=O)(O)OP(=O)(O)OCC2OCC(O)C2O)C(O)C1O,sweet
O[CH-]C(O)C(O)C(O)C(O)CO.[Ti],sweet
[B]c1nc2c(N)ncnc2n1C1OC2COP(O)(=S)OC2C1O,sweet
[B]c1nc2c(N)ncnc2n1C1OC2COP(=O)(O)OC2C1O,sweet
OCCC(O)C(O)(O)CO,sweet
OCC(CO)OCOC1C(CO)OC(O)C(O)C1O,sweet
CC(OCC1OC(O)C(O)C(O)C1O)OC(CO)C(O)C(O)CO,sweet
OCCOC(OC1OC(CO)C(O)C(O)C1O)C(O)C(O)CO,sweet
CC(CO)OC(C)Oc1cc(O)cc(O)c1C(=O)CCc1ccc(O)c(O)c1,sweet
CC1OC(OC2C(=O)c3c(O)cc(OO)cc3OC2c2ccc(O)c(O)c2)C(O)C(OO)C1O,sweet
COCOC1CC(O)CC(CO)O1,sweet
OCC(O)C(O)CO.OCC1OC(OC2(CCl)OC(CCl)C(O)C2O)C(O)C(O)C1Cl,sweet
CCOC1OC(C)C(O)CC1O,sweet
CC1(C)CC(O)C2(C)CCC3(C)C(=CCC4C5(C)CCC(OC6OC(C(=O)O)C(O)C(O)C6OC6OCC(O)C(O)C6OC6OC(CO)C(O)C(O)C6O)C(C)(CO)C5CCC43C)C2C1,sweet
Nc1ncnc2c1ncn2C1(P(=O)(O)O)OC(CO)C(O)(P(=O)(O)O)C1(OP(=O)(O)O)P(=O)(O)O,sweet
Nc1ncnc2c1ncn2C1(P(=O)(O)OP(=O)(O)OP(=O)(O)O)OC(CO)C(O)C1O,sweet
COOc1ccc(-c2cc(=O)c3c(O)cc(OC4OC(C(O)C(O)C(O)C(C)O)C(O)C(O)C4O)cc3o2)cc1O,sweet
CNc1nc(N)nc2c1ncn2C1OC(COP(=O)(O)OP(=O)(O)OP(=O)(O)O)C(O)C1O,sweet
COP(=O)(O)OP(=O)(O)OP(=O)(O)OCC1OC(n2c(N=[N+]=[N-])nc3c(N)ncnc32)C(O)C1O,sweet
CC(O)C(OC1OC(CO)C(O)C(O)C1O)C1COC(CO)O1,sweet
COC1CC(OC2CC(O)C(O)C(C)O2)C(O)C(C)O1,sweet
CCC(OC(C)C(O)CO)OC1CC(OC)OC(C)C1O,sweet
Nc1ncnc2c1ncn2C1OC2COP(=O)(O)OC2C1O.OP(O)(O)=S,sweet
C=C1CC23CCC4C(C)(C(=O)OC5OC(CO)C(O)C(O)C5O)CCCC4(C)C2CCC1(OC1OC(CO)C(O)C(O)C1OC1OC(CO)C(O)C(O)C1O)C3.OCC1OC(OC2(CO)OC(CO)C(O)C2O)C(O)C(O)C1O,sweet
OCC(O)C(O)C(O)CO.[H+],sweet
CCCOCCOC1OC(CO)C(O)C(O)C1O,sweet
COC1OC(COCCOCCO)C(OC)C(O)C1O,sweet
COC1OC(COCCOCO)C(OC)C(O)C1O,sweet
CCCOCCOCC1OC(OC)C(O)C(O)C1OC,sweet
CCCCOCCCNc1ncnc2c1ncn2C1OC(COP(=O)(O)O)C(O)C1O,sweet
CNc1nc(C)nc2c1ncn2C1OC(COP(=O)(O)O)C(O)C1O,sweet
Nc1ncnc2c1ncn2C1OC(CO[PH](=S)I)C(O)C1O,sweet
CCC1OC(OC2C(CC)OC(OC3CCC4(C)C(CCC5C4CC(OC4OC(CC)C(OC6OC(CC)C(O)C(O)C6O)C(O)C4O)C4(C)C(C(C)CCC(=O)O)CCC54)C3)C(O)C2O)C(O)C(O)C1O,sweet
CNc1ncnc2c1ncn2C1OC(COP(=O)(Cl)Cl)C(O)C1O,sweet
COCCOCCOCC1OC(OC)C(O)C(O)C1OC,sweet
CNc1nc(N)nc2c1ncn2C1OC(COP(=O)(OC)OP(=O)(O)OP(=O)(O)O)C(O)C1O,sweet
CC(O)COCC1OC(OC2(CO)OC(CO)C(O)C2O)C(O)C(O)C1O,sweet
CNc1nc(C)nc2c1ncn2C1OC(COP(=O)(O)OP(=O)(O)OP(=O)(O)O)C(O)C1O,sweet
NCCCOCCOCCOCCOCCOCCCNc1ncnc2c1ncn2C1OC(COP(=O)(O)O)C(O)C1O,sweet
C=C1CC23CCC4C(C)(C(=O)OC5OC(CO)C(O)C(O)C5O)CCCC4(C)C2CCC1(OC1OC(CO)C(O)C(OC2OC(CO)C(O)C(O)C2O)C1OC1OC(CO)C(O)C(O)(C2OC(CO)C(O)C(O)C2O)C1O)C3,sweet
Nc1ncnc2c1ncn2C1OC(COP(=O)(O)OP(=O)(O)OP(=O)(O)O)C(O)C1O.O=P(O)(O)OCC(O)CO,sweet
Nc1c2ncn(C3OC(COP(=O)(O)OP(=O)(O)OP(=O)(O)O)C(O)C3O)c2nc[n+]1O,sweet
CNc1ncnc2c1ncn2C1OC(COP(=O)(O)OP(=O)(O)OP(=O)(O)OC)C(O)C1O,sweet
CCCCOC1C(C)OC(OC)C(OCCCC)C1O,sweet
O=[Si](O)OC1C(O)C(CO)OC1(CO)OC1OC(CO)C(O)C(O)C1O,sweet
COc1ccc(C2CC(=O)c3c(O)cc(OC4OC(COC(CO)CC5CCC(O)C5O)C(O)C(O)C4O)cc3O2)cc1O,sweet
CO[n+]1cnc2c(ncn2C2OC(COP(=O)(O)OC)C(O)C2O)c1N,sweet
CNc1nc(N)nc2c1ncn2C1OC(COP(=O)(OC)OP(=O)(O)OP(=O)(O)OC)C(O)C1O,sweet
CNc1ncnc2c1ncn2C1OC(COP(=O)(OC)OP(=O)(O)OP(=O)(O)O)C(O)C1O,sweet
COP(=O)(OP(=O)(O)O)OP(=O)(O)OCC1OC(n2cnc3c(N)ncnc32)C(O)C1O,sweet
CCC(C)OC1OC(CO)C(OC2OC(CO)C(O)C(O)C2O)C(O)C1O,sweet
COCC1OC(OC2C(CO)OC(O)C(OC)C2O)C(OC)C(O)C1O,sweet
OC1C2COCCOCCOCCOCCOCCOC(O2)C(O)C1O,sweet
COCC1OC(n2cnc3c(N)ncnc32)C(O)C1OP(=O)(O)OP(=O)(O)OP(=O)(O)O,sweet
CCCCCOCC1OC(n2cnc3c(N)ncnc32)C(O)C1OP(=O)(O)O,sweet
Fc1cccc(F)c1N=NC(=NNc1ccccc1)c1ccccc1,sweet
OCC1OC(O)(CO)C(O)CC1O,sweet
OCC(O)C(CO)OS,sweet
COCC1OC(OC2C(CO)OC(O)C(OC)C2O)C(OC)C(O)C1OO,sweet
C[n+]1cnc2c(ncn2C2OC(COP(=O)(O)O)C(O)C2O)c1N,sweet
Nc1ncnc2c1ncn2C1OC(COP(=O)(O)SSSSP(=O)(O)O)C(O)C1O,sweet
COCC1OC(OC)C(OCCO)C(O)C1O,sweet
CCOC1C(OC)OC(COC)C(O)C1O,sweet
NCCCOCCCNc1ncnc2c1ncn2C1OC(COP(=O)(O)O)C(O)C1O,sweet
C=C(O)C1OC(OC2CCC3(C)C(CCC4(C)C3C(=O)C=C3C5CC(C)(C(=O)O)CCC5(C)CCC34C)C2(C)C)C(OC2OC(C(=O)O)C(O)C(O)C2O)C(O)C1O,sweet
Nc1ncnc2c1ncn2C1OC(CO)C(OP(O)(O)=S)C1(O)F,sweet
COCCOC1C(OP(=O)(O)O)C(CO)OC1n1cnc2c(N)ncnc21,sweet
Nc1ncnc2c1ncn2C1OC(CO)C(OP(=O)(O)O)C1(O)F,sweet
COCCOC1C(OP(O)(O)=S)C(CO)OC1n1cnc2c(N)ncnc21,sweet
Nc1ncnc2c1ncn2C1OC(CO)C(OP(O)(O)=S)C1O,sweet
COC1C(OP(O)(O)=S)C(CO)OC1n1cnc2c(N)ncnc21,sweet
O=COCC1OC(OC2(CCl)OC(CCl)C(O)C2O)C(O)C(O)C1Cl,sweet
COCCCOC1C(COC)OC(OC)C(O)C1O,sweet
O=CC(O)C(O)C(O)C(O)CO.[Ag],sweet
OCC(O)C1OC(OCC(O)C2OC(O)C(O)C(O)C2O)C(O)C(O)C1O,sweet
CP(=O)(O)OP(=O)(O)OP(=O)(O)OCC1OC(n2cnc3c(N)ncnc32)C(O)C1O,sweet
OC1CC(OI)C(OC2C(O)C(O)OC(COI)C2O)OC1COI,sweet
COC1OC(C)C(OC2OC(COO)C(OC)C(O)C2O)C(OC)C1O,sweet
COC1COC(OC2C(C)OC(OC)C(O)C2OC)C(O)C1O,sweet
CCOC1OC(CO)C(O)CC1OC1OC(CO)C(O)C(O)C1O,sweet
CCOC(O)C(OC1OC(CO)C(O)C(O)C1O)C(O)C(O)CCO,sweet
C=C1CC23CCC4C(C)(C(=O)OC5OC(CO)C(O)C(O)C5O)CCCC4(C)C2CCC1(OC1OC(CO)C(O)C(O)C1OC1OC(CO)C(O)C(O)C1O)C3.O=CO,sweet
OCC(O)C(O)C(O)C(CO)OF,sweet
CC1(C(=O)O)CCC2(C)CCC3C(=CC(=O)C4C3CCC3C(C)(C)C(OC5OC(C(=O)O)C(OC6OC(C(=O)O)C(O)C(O)C6O)C(O)C5O)CCC43C)C2C1,sweet
C[B]P1(=O)OCC2OC(n3cnc4c(N)ncnc43)C(O)C2O1,sweet
[B][P+]1(O)OCC2OC(n3cnc4c(N)ncnc43)C(O)C2O1,sweet
COC1C(O)C(CO)OC(OC2C(O)COC(CO)C2O)C1O,sweet
Nc1nc(P(=O)(O)O)nc2c1ncn2C1(P(=O)(O)O)OC(CO)C(O)C1O,sweet
Nc1ncnc2c1ncn2C1(P(=O)(O)OP(=O)(O)O)OC(CO)C(O)C1O,sweet
COC1(O)C(O)C(COP(=O)(O)OP(=O)(O)OP(=O)(O)O)OC1n1cnc2c(N)ncnc21,sweet
COC(O)CCCOC1OC(C)C(O)C(O)C1O,sweet
CCC(C)OC1OC(C)C(O)C(O)C1O,sweet
OCC1OC(OC2OC(CO)C(O)C(OO)C2O)C(O)C(O)C1O,sweet
Nc1ncnc2c1ncn2C1OC(CO)C(OF)C1O,sweet
Nc1nc(I)nc2c1ncn2C1CC(O)C(COP(=O)(O)OP(=O)(O)OP(=O)(O)O)O1,sweet
Nc1nc(I)nc2c1ncn2C1OC(COP(=O)(O)OP(=O)(O)OP(=O)(O)O)C(O)C1O,sweet
Nc1nc(Br)nc2c1ncn2C1OC(COP(=O)(O)OP(=O)(O)OP(=O)(O)O)C(O)C1O,sweet
C=C1CC23CCC4C(C)(C(=O)OC5OC(CO)C(O)C(O)C5O)CCCC4(C)C2CCC1(OC1CC(CO)C(O)C(OC2OC(CO)C(O)C(O)C2O)C1OC1OC(CO)C(O)C(O)C1O)C3,sweet
C=C1CC23CCC4C(C)(C(=O)OC5OC(CO)C(O)C(O)C5OC5OC(CO)C(O)C(O)C5O)CCCC4(C)C2CCC1(OCC1OC(CO)C(O)C(COCC2OC(CO)C(O)C(O)C2O)C1OC1OC(CO)C(O)C(O)C1O)C3,sweet
Nc1ncnc2c1ncn2C1CC(O)C(COP(=O)(O)NCCO)O1,sweet
Nc1ncnc2c1ncn2C1CC(O)C(COP(=O)(O)OCCOCCOCCOCCO)O1,sweet
Nc1ncnc2c1ncn2C1CC(O)C(COP(=O)(O)OCC(N)(O)CO)O1,sweet
Nc1ncnc2c1ncn2C1CC(O)C(COP(=O)(O)OCC(N)(CO)CO)O1,sweet
Nc1ncnc2c1ncn2C1CC(O)C(COP(=O)(O)OC(CO)CO)O1,sweet
CC(O)C(O)C(OC1OC(CO)C(O)C(O)C1O)C(O)OCCO,sweet
CNc1nc(N)nc2c1ncn2C1OC(CO[P+](O)(O)OP(=O)(O)OP(=O)(O)O)C(O)C1O,sweet
CNP(=O)(O)OCC1OC(n2cnc3c(N)ncnc32)C(O)C1O,sweet
CCC(O)COC1OC(COC2OC(CO)C(O)C(O)C2O)C(O)C(O)C1O,sweet
CC1CC(OC2OC(CO)C(O)C(O)C2O)C(O)C(C)O1,sweet
COC1C(O)C(CO)OC(OC2C(CO)OC(OC(C)C)C(O)C2O)C1O,sweet
CC(O)C(OC(CO)C(O)CO)OC1C(CO)OC(O)C(O)C1O,sweet
CC(=O)C1OC(OC2C(OC3CCC4(C)C(CCC5(C)C4C(=O)C=C4C6CC(C)(C(=O)O)CCC6(C)CCC45C)C3(C)C)OC(C(=O)O)C(O)C2O)C(O)C(O)C1O,sweet
OCC1CCC(O)C(O)(O)O1,sweet
OCC1OC(O)C(O)C(OCl)C1O,sweet
C=C1CC23CCC4C(C)(C(=O)OC5OC(CO)C(O)C(OC6OC(CO)C(OI)C(O)C6O)C5OC5OC(CO)C(O)C(O)C5O)CCCC4(C)C2CCC1(OC1OC(CO)C(O)C(OC2OC(CO)C(O)C(O)C2O)C1OC1OC(C)C(O)C(O)C1O)C3,sweet
C=C1CC23CCC4C(C)(C(=O)OC5OC(CO)C(O)C(OC6OC(CO)C(O)C(O)C6O)C5OC(O)C(O)C(OC5OC(CO)C(O)C(O)C5O)C(O)C(C)I)CCCC4(C)C2CCC1(OC1OC(CO)C(O)C(OC2OC(CO)C(O)C(O)C2O)C1OC1OC(CO)C(O)C(O)C1O)C3,sweet
C=C1CC23CCC4C(C)(C(=O)OC5OC(CO)C(O)C(OC6OC(CO)C(O)C(O)C6O)C5OC(O)C(O)C(O)C(O)C(C)I)CCCC4(C)C2CCC1(OC1OC(CO)C(O)C(OC2OC(CO)C(O)C(O)C2O)C1OC1OC(CO)C(O)C(O)C1O)C3,sweet
CC(O)C(O)OC(CO)C(CO)OC1OC(CO)C(O)C(O)C1O,sweet
CC1OC(OC(O)C(O)CO)C(O)C(O)C1O,sweet
OCC1OC(O)C(O)C(O)C1O.[Nb].[Sn],sweet
Nc1ncnc2c1nc(Cl)n2C1OC(COP(=O)([O-])[O-])C(O)C1O,sweet
Nc1ncnc2c1ncn2C1OC(CO)C(OP([O-])([O-])=S)C1O,sweet
Nc1ncnc2c1ncn2C1OC(COP(=O)(O)OOS(=O)(=O)OO)C(OP(=O)(O)O)C1O,sweet
Nc1ncnc2c1ncn2C1OC(COP(=O)(O)OOS(=O)(=O)OO)C(O)C1O,sweet
CCCCOP(=O)(O)C1(O)C(CO)OC(n2cnc3c(N)ncnc32)C1O,sweet
Nc1ncnc2c1ncn2C1OC(COP(=O)(O)OP(=O)([O-])O)C(O)C1OP(=O)(O)O,sweet
C=C1CC23CCC4C(C)(C(=O)OC5OC(CO)C(O)C(O)C5O)CCCC4(C)C2CCC1(OC1OC(CO)C(O)C(OC2OC(CO)C(O)C(O)C2OC2OC(C)C(O)C(O)C2O)C1O)C3,sweet
Nc1ncnc2c1ncn2C1OC(CO)C(O)C1O.O=P([O-])([O-])OP(=O)([O-])OP(=O)([O-])[O-].O=P([O-])([O-])OP(=O)([O-])OP(=O)([O-])[O-].[Zn+2].[Zn+2].[Zn+2].[Zn+2].[Zn+2],sweet
CC(OP(=O)(O)OCC1OC(n2cnc3c(N)ncnc32)C(O)C1O)C(O)C(O)CO,sweet
C=CC(CCCCC)OOOCC(CCCCCC)OO,undefined
Nc1ncnc2c1ncn2C1OC(CO)C(O)C1O.O=P([O-])([O-])OP(=O)([O-])[O-].O=P([O-])([O-])OP(=O)([O-])[O-].O=P([O-])([O-])OP(=O)([O-])[O-].[Cr+3].[Cr+3].[Cr+3].[Cr+3],sweet
Nc1ncnc2c1ncn2C1OC2COP(O)OC2C1O,sweet
Nc1ncnc2c1nc(Br)n2C1OC(COP(=O)(O)OP(=O)(O)OP(=O)([O-])O)C(O)C1O,sweet
Nc1ncnc2c1ncn2C1OC(COP(=O)(O)OP(=O)(O)CP(=O)(Cl)Cl)C(O)C1O,sweet
CC1(C(=O)[O-])CCC2(C)CCC3(C)C(=CC(=O)C4C5(C)CCC(OC6OC(C(=O)[O-])C(O)C(O)C6OC6OC(C(=O)[O-])C(O)C(O)C6O)C(C)(C)C5CCC43C)C2C1.[H+].[H+],sweet
CCOC1OC(COC2OCC(O)C(O)C2O)C(O)C(O)C1O,sweet
C=C1CC23CCC4C(C)(C(=O)OC5OC(CO)C(O)C(O)C5O)CCCC4(C)C2CCC1(OCC1OC(CO)C(O)C(O)C1OC1OC(CO)C(COCC2OC(CO)C(O)C(O)C2O)C(O)C1O)C3,sweet
Fc1cccc(C(N=Nc2ccccc2)=NNc2ccccc2)c1,sweet
Nc1ncnc2c1ncn2C1OC(COP(=O)([O-])O[Se](=O)(=O)O)C(O)C1O,sweet
CC1OC(OC2C(c3c(O)cc4oc(-c5ccc(O)c(O)c5)cc(=O)c4c3[O-])OC(CO)C(O)C2O)C(O)C(O)C1O,sweet
COc1cc(O)c2c(=O)c(OC)c(-c3ccc(OC)c(OC)c3OC3OC(CO)C(O)C(O)C3O)oc2c1,sweet
CC1(C)CCC2(C(=O)OC3OC(CO)C(O)C(O)C3O)CCC3(C)C(=CCC4C5(C)CCC(OC6OC(C(=O)[O-])C(O)C(O)C6OC6OC(CO)C(O)C(O)C6O)C(C)(C)C5CCC43C)C2C1,sweet
COc1cc(O)c2c(=O)c(OC)c(-c3ccc(OC)c(O)c3OC3OC(CO)C(O)C(O)C3O)oc2c1,sweet
CC1(C)CCC2(C(=O)OC3OC(CO)C(O)C(O)C3O)CCC3(C)C(=CCC4C5(C)CCC(OC6OC(C(=O)[O-])C(O)C(O)C6O)C(C)(C)C5CCC43C)C2C1,sweet
CC1(C)CCC2(C(=O)[O-])CCC3(C)C(=CCC4C5(C)CCC(OC6OC(C(=O)[O-])C(O)C(O)C6O)C(C)(C)C5CCC43C)C2C1,sweet
Nc1ncnc2c1ncn2C1OC(COP(=O)(O)OP(=O)(O)C(F)P(=O)(O)O)C(O)C1O,sweet
Nc1nc(C(F)(F)F)nc2c1ncn2C1OC(COP(=O)(O)O)C(O)C1O,sweet
Nc1nc(Cl)nc2c1ncn2C1OC(COP([O-])([O-])=S)C(O)C1O,sweet
Nc1nc(Cl)nc2c1ncn2C1OC(COP(O)(O)=S)C(O)C1O,sweet
Cc1nc(N)c2ncn(C3OC4COP(=O)(O)OC4C3O)c2n1,sweet
CCCCc1nc(N)c2ncn(C3OC4COP(=O)(O)OC4C3O)c2n1,sweet
C=C1CC23CCC4C(C)(C(=O)OC5OC(CO)C(O)C(O)C5OC5OC(CO)C(O)C(O)C5O)CCCC4(C)C2CCC1(OC1OC(CO)C(O)C(O)C1O)C3,sweet
CCCOCCOCCOC1CC(O)C(O)C(CO)O1,sweet
OC(O)C1OC(O)C(O)C(O)(O)C1O,sweet
Nc1ncnc2c1ncn2C1OC(COP(N)O)C(OP(N)O)C1O,sweet
COc1ccc(-c2oc3cc(OC4OCC(O)C(O)C4O)cc(O)c3c(=O)c2O)cc1OC,sweet
COc1cc(-c2cc(=O)c3c(O)c(OC4OC(CO)C(O)C(O)C4O)c(O)c(OC4OC(CO)C(O)C(O)C4O)c3o2)cc(OC)c1O,sweet
CC1OC(C2(O)C(Oc3cc(O)c4c(=O)cc(-c5ccc(O)c(O)c5)oc4c3)OC(CO)C(O)C2O)C(O)C(O)C1O,sweet
COCC1OC(OC)C(O)C(O)C1OC1(O)COC(CO)C(O)C1O,sweet
Nc1ncnc2c1ncn2C1OC(COP(=O)(O)OCOB(O)O)C(O)C1O,sweet
CC1OC(CCC2OC(Oc3c(-c4ccc(O)c(O)c4)oc4cc(O)cc(O)c4c3=O)C(O)C(O)C2O)C(O)C(O)C1O,sweet
N#[N+]Nc1nc2c(N)ncnc2n1C1OC(COP(=O)(O)OP(=O)(O)O)C(O)C1O,sweet
COC1OC(COC2OC(CO)C(OC)C(OC)C2O)C(O)C(O)C1O,sweet
Nc1ncnc2c1ncn2C1OC(COP(=O)(O)OC(=O)O)C(O)C1O,sweet
Nc1ncnc2c1nc(Br)n2C1OC(COP(N)O)CC1O,sweet
OCC1OC(O)C(O)C(O)C1OC1OC(C(O)F)C(O)C(O)C1O,sweet
COc1cc2oc(-c3ccc(O)c(O)c3)cc(=O)c2c(OC2OC(CO)C(O)C(O)C2O)c1OC,sweet
Nc1ncnc2c1ncn2C1OC(COP(=O)(O)OC2COC(CO)C2O)C(O)C1O,sweet
CCC.CCC(C)C(CC(O)CC(=O)OC(CC(O)CC(=O)OC1C(O)C(C)OC(OC(=O)C23CCC(C)(C)CC2C2=CCC4C5(C)CCC(OC6OC(C(=O)O)C(O)C(OC)C6OC)C(C)(C=O)C5CCC4(C)C2(C)CC3O)C1OC)C(C)CC)OC,sweet
Nc1ncnc2c1ncn2C1OC(COP(=O)(O)O)C(OP(O)(=S)OP(=O)(O)O)C1O,sweet
COCCOCCOCCOC1OC(CO)C(O)C(O)C1O,sweet
O=P(O)(O)OP(=O)(O)OP(=O)(O)OC1C(O)C(CO)OC1n1cnc2c(NO)ncnc21,sweet
CC1OC(Oc2c(-c3ccc(O)c(O)c3)oc3cc(O)cc(OC4OC(C)C(O)C(O)C4O)c3c2=O)C(O)C(O)C1O,sweet
O=C1CC(c2ccc(O)c(OOC3OC(CO)C(O)C(O)C3O)c2)Oc2cc(O)cc(O)c21,sweet
CC.CC.CCC(C)C(CC(O)CC(=O)OC(CC(O)CC(O)OC1C(O)C(C)OC(OC(O)C23CCC(C)(C)CC2C2=CCC4C5(C)CCC(OC6OC(C(=O)O)C(O)C(OC)C6OC)C(C)(C=O)C5CCC4(C)C2(C)CC3O)C1OC)C(C)CC)OC,sweet
O=c1cc(-c2ccccc2)oc2cc(OC3OC(CO)C(O)C(O)C3O)c(O)c(OC3OC(CO)C(O)C(O)C3O)c12,sweet
CCCCOC1C(CO)OC(OCCC)C(O)C1O,sweet
O=c1cc(-c2ccc(O)c(O)c2)oc2cc(OC3OCC(O)C(O)C3O)cc(OC3OC(CO)C(O)C(O)C3O)c12,sweet
Nc1ncnc2c1ncn2C1OC(COP(=O)(O)OS(=O)O)C(OP(=O)(O)O)C1O,sweet
O=P(O)(O)OC1C(O)C(CO)OC1n1cnc2c(NO)ncnc21,sweet
N#CCCOP(=O)(O)OCC1OC(n2cnc3c(N)ncnc32)C(O)C1O,sweet
CCC.CCC(C)C(CC(O)CC(=O)OC(CC(O)CC(=O)CC1C(O)C(C)OC(OC(=O)C23CCC(C)(C)CC2C2=CCC4C5(C)CCC(OC6OC(C(=O)O)C(O)C(OC)C6OC)C(C)(C=O)C5CCC4(C)C2(C)CC3O)C1OC)C(C)CC)OC,sweet
Nc1ncnc2c1ncn2C1OC(COP(O)(O)=S)C(O)C1OP(O)(O)=S,sweet
CC(O)C(O)C(O)C(O)C1OC(Oc2cc3oc(-c4ccc(O)cc4)cc(=O)c3c(O)c2O)C(O)C(O)C1O,sweet
COc1cc(O)c2c(=O)cc(-c3ccc(OOC4OC(CO)C(O)C(O)C4O)c(OC)c3)oc2c1,sweet
COCCOC1C(O[P+](=O)O)C(CO)OC1[n+]1cn(C)c2c(N)ncnc21,sweet
Nc1ncnc2c1ncn2C1OC(COP(=O)(O)OP(=O)(O)O)C(OP(O)(O)=S)C1O,sweet
OCC1(O)OCC(O)CC1O,sweet
OCC1CC(O)C(O)C(OCOC2OC(CO)C(O)C(O)C2O)O1,sweet
Nc1ncnc2c1ncn2C1OC(COP(=O)(O)OP(=O)(O)OP(=O)(O)OP(=O)(O)OP(=O)(O)OP(=O)(O)OP(=O)(O)OP(=O)(O)O)C(O)C1O,sweet
OCC1OC(O)C(OC2(O)COC(CO)C(O)C2O)C(O)C1O,sweet
Nc1ncnc2c1ncn2C1OC(CO)C(OP)C1O,sweet
CP(=O)(O)CP(=O)(O)OCC1OC(n2cnc3c(N)ncnc32)C(O)C1O,sweet
OCC1OC(O)(C(Cl)(Cl)OC2OC(CO)C(Cl)C(O)C2O)C(O)C1O,sweet
CC(O[P+](O)(O)OP(=O)(O)OP(=O)(O)O)C1OC(n2cnc3c(N)ncnc32)C(O)C1O,sweet
COc1cc(OC2OC(CO)C(O)C(O)C2O)c2c(=O)cc(-c3ccc(O)c(OC)c3)oc2c1,sweet
[N-]=[N+]=NC(OP(=O)(O)O)C1OC(n2cnc3c(N)ncnc32)C(O)C1O,sweet
Nc1ncnc2c1ncn2C1OC(COP(=O)(O)OP(=O)(O)O)C(N)(O)C1O,sweet
CSP(=O)(O)OP(=O)(O)OCC1OC(n2cnc3c(N)ncnc32)C(O)C1O,sweet
OCC1OC(OC2C(CO)OC(O)C(O)C2O)C(O)C(O[Si])C1O,sweet
CO.OCC1OC(OC2COC(O)C(O)C2)C(O)C(O)C1O,sweet
OCC1(OC2OC(CCl)C(Cl)C(O)C2O)OC(C(O)Cl)C(O)C1O,sweet
COc1ccc(-c2cc(=O)c3c(O)c(OC4OC(CO)C(O)C(O)C4O)c(O)c(OC4OC(CO)C(O)C(O)C4O)c3o2)cc1O,sweet
OCC1CC(O)C(O)C(OCl)O1,sweet
OCC1CC(O)C(OC2OC(CO)C(O)C(O)C2O)O1,sweet
CCCCCOC1OC(CO)CC(O)C1O,sweet
COc1c(O)cc2c(c1O)C(=O)OC(c1ccccc1)C2,sweet
O=C(O)OCC1OC(OC2C(CO)OC(O)C(O)C2O)C(O)C(O)C1O,sweet
OCOCC1(OC2OC(CO)C(O)C(O)C2O)OC(CO)C(O)C1O,sweet
COc1c(OC2OC(C(O)C(O)C(O)C(C)O)C(O)C(O)C2O)cc2oc(-c3ccc(O)cc3)cc(=O)c2c1O,sweet
CCC(C)C(=O)OC1C(O)C2(CO)C(O)CC3(C)C(=CCC4C5(C)CCC(OC6OC(C(=O)O)C(O)C(OC7OC(CO)C(O)C(O)C7=O)C6O)C(C)(CO)C5CCC43C)C2CC1(C)C,sweet
CC(=O)OC1CC(C)(C(=O)O)CC2C3=CC(=O)C4C5(C)CCC(OC6OC(C(=O)O)C(O)C(O)C6OC6OC(C(=O)O)C(O)C(O)C6OC6OC(C)C(O)C(O)C6O)C(C)(C)C5CCC4(C)C3(C)CCC12C,sweet
CN(C)c1nc(N)c2ncn(C3OC4COP(=O)(O)OC4C3O)c2n1,sweet
Nc1ncnc2c1ncn2C1OC(C[O+]2OP(=O)(NP(=O)(O)O)OP2(=O)O)C(O)C1O,sweet
Nc1ncnc2c1ncn2C1OC(COP(=O)(O)OOP(=O)(O)OP(=O)(O)OO)C(O)C1O,sweet
O=c1c([O-])c(-c2ccc(O)c(O)c2)oc2cc(OC3OC(CO)C(O)C(O)C3O)cc(O)c12,sweet
COc1ccc([N+](=O)[O-])cc1[NH3+],sweet
CC1OC(Oc2cc(O)c3c(=O)c(OC4OC(C)C(O)C(O)C4O)c(-c4ccc([O-])c(O)c4)oc3c2)C(O)C(O)C1O,sweet
COc1cc(O)c2c(=O)cc(-c3ccc(O)cc3)oc2c1OC1OC(CO)C(O)C(O)C1O,sweet
Nc1ncnc2c1ncn2C1OC(COP(=O)(O)OP(=O)(O)OP(=O)(O)O)C([O-])C1[O-],sweet
OCC(O)C(OC1OC(CO)C(O)C(O)C1O)C(CO)OC1OC(CO)C(O)C(O)C1O,sweet
OCC(O)COC1OC(CO)C(O)C(OC2OC(CO)C(O)C(O)C2O)C1O,sweet
OCC(O)COC1OC(C(O)CO)C(O)C(O)C1O,sweet
COC1C(O)C(O)OC(C)C1OC1OC(CO)C(O)C(O)C1O,sweet
COC1C(C)OC(OC2C(O)OC(C)C(OC)C2OC)C(O)C1OC,sweet
OCC(O)C1OC(O)C(OC2OC(CO)C(O)C(O)C2O)C1O,sweet
CC1OC(OC2C(O)OCC(O)C2O)C(O)C(O)C1O,sweet
COC1C(C)OC(O)C(OC2OC(C)C(O)C(O)C2O)C1OC,sweet
CC1OC(OC2CC(O)C(CO)OC2O)C(O)C(O)C1O,sweet
CC1OC(O)C(O)C(OC2OCC(O)C(O)C2O)C1O,sweet
CC1CC(O)C(O)C(OC2C(O)OC(CO)C(O)C2O)O1,sweet
COC1C(O)OC(COC2OCC(O)C(O)C2O)C(OC)C1OC,sweet
CC1OC(OC2CC(O)OC(C)C2O)CC(O)C1O,sweet
COC1C(O)OC(C)C(OC2OC(CO)C(O)C(O)C2O)C1OC,sweet
OCC1OC(OCC(O)C2OC(O)C(O)C2O)C(O)C(O)C1O,sweet
CC1OC(O)C(O)C(O)C1OC1OCC(O)C(O)C1O,sweet
OCC1OC(OCC2OC(O)C(O)C(O)C2F)C(O)C(O)C1O,sweet
COC1C(OC2C(O)C(C)OC(O)C2O)OC(C)C(O)C1OC,sweet
COC1COC(O)C(OC)C1OC1OC(C)C(O)C(OC)C1OC,sweet
OCC1OC(O)C(O)C(O)C1OC1OC(CF)C(O)C(O)C1O,sweet
COC1C(O)OCC(O)C1OC1OC(C)C(O)C(OC)C1OC,sweet
OCC(O)COC1OC(CO)C(O)C(O)C1OC1OC(CO)C(O)C(O)C1O,sweet
COC1C(O)OC(COC2OCC(O)C(O)C2O)C(O)C1OC,sweet
COC1C(O)C(O)OC(CO)C1OC1OC(CO)C(O)C(O)C1O,sweet
OCC(O)C(CO)OC1OC(CO)C(O)C(OC2OC(CO)C(O)C(O)C2O)C1O,sweet
COC1C(O)OC(COC2OCC(O)C(O)C2O)C(O)C1O,sweet
COC1C(O)C(C)OC(OC2C(O)OC(C)C(OC)C2OC)C1O,sweet
COC1C(O)C(CO)OC(OC2C(O)C(C)OC(O)C2O)C1O,sweet
OCC(O)C(O)C(CO)OC1OC(CO)C(O)C(OC2OC(CO)C(O)C(O)C2O)C1O,sweet
COCC1OC(OC2OC(CO)C(O)C(O)C2O)C(O)C(O)C1O,sweet
OCC(O)C(O)C(OC1OC(CO)C(O)C(OC2OC(CO)C(O)C2O)C1O)C(O)CO,sweet
OCCC1OC(O)C(O)C(OC2OCC(O)CC2O)C1O,sweet
CC1OC(O)CC(O)C1OC1OC(CO)C(O)C(O)C1O,sweet
CC1OC(OCC(CO)OC2OC(CO)C(O)C(O)C2O)C(O)C(O)C1O,sweet
CC1OC(OC2C(O)CC(CO)OC2O)C(O)C(O)C1O,sweet
OCC(O)C(O)COC1OC(CO)C(O)C(OC2OC(CO)C(O)C(O)C2O)C1O,sweet
COCC1OC(O)C(OC2OC(C)C(O)C(O)C2O)C(O)C1O,sweet
CC(O)C(O)C(OC1OC(C)C(O)C(O)C1O)C(O)CO,sweet
COCC1OC(OC2C(CO)OC(O)C(O)C2O)C(OC)C(O)C1O,sweet
CC1OC(OC2C(O)OC(CO)C(O)C2O)CC(O)C1O,sweet
COC1C(O)C(CO)OC(OC2C(O)OC(CO)C2O)C1O,sweet
CC1OC(OC2C(O)CC(O)OC2C)C(O)CC1O,sweet
COC1C(C)OC(O)C(OC2OC(C)C(O)C(OC)C2OC)C1OC,sweet
CC1OC(OC2C(O)C(CO)OC(OC(CO)C(O)CO)C2O)C(O)C(O)C1O,sweet
OCC(O)C1OC(OC2C(CO)OC(O)C(O)C2O)C(O)C1O,sweet
CC1OC(OC(CO)COC2OC(CO)C(O)C(O)C2O)C(O)C(O)C1O,sweet
COC1C(O)OC(CO)C(O)C1OC1OC(C)C(O)CC1O,sweet
COC1C(CO)OC(O)C(OC2OC(C)C(O)C(O)C2O)C1O,sweet
CC1OC(OC2C(O)C(C)OC(OC(CO)CO)C2O)C(O)C(O)C1O,sweet
CC1OC(OC(CO)C(O)C(O)C(O)CO)C(O)C(O)C1O,sweet
COC1C(O)C(CO)OC(OCC(O)CO)C1O,sweet
OCC(O)COC1OC(C(O)CO)C(O)C1OC1OC(CO)C(O)C(O)C1O,sweet
CC1OC(OC2C(O)C(C)OC(OCC(O)CO)C2O)C(O)C(O)C1O,sweet
OCC1OC(OC2C(CO)OC(O)C(O)C2O)CC(O)C1O,sweet
OCC1OC(OC2C(CO)OC(O)C(O)C2O)C(O)C(F)C1O,sweet
CC1OC(OC2C(O)C(C)OC(OC(CO)C(O)CO)C2O)C(O)C(O)C1O,sweet
COC1C(OC2C(O)C(O)OC(CO)C2O)OC(C)C(O)C1O,sweet
OCC1OC(CO)(OCC2(O)OCC(O)C(O)C2O)C(O)C1O,sweet
CC1OC(OC2C(O)C(C)OC(O)C2O)C(O)CC1O,sweet
OCC(O)C(O)C(O)COC1OC(C(O)COC2OC(CO)C(O)C(O)C2O)C(O)C1O,sweet
COC1C(CCl)OC(CCl)(OC2OC(CO)C(Cl)C(O)C2O)C1O,sweet
OCC(O)C(O)C(O)C(CO)OC1OC(C(O)CO)C(O)C1O,sweet
COC1C(O)C(CO)OC(OC2C(CO)OC(OCC(O)CO)C(O)C2O)C1O,sweet
OCC1OC(OC2C(O)OC(CO)C2O)C(O)C(O)C1O,sweet
COC1C(O)C(C)OC(OC2C(O)OC(CO)C2O)C1O,sweet
OCC(O)C(O)C(CO)OC1OC(CO)C(OC2OC(CO)C(O)C(O)C2O)C(O)C1O,sweet
OCC1OC(OC2C(CO)OC(O)C(O)C2O)C(O)C(O)C1F,sweet
[B]C1C(CCl)OC(CCl)(OC2OC(CO)C(Cl)C(O)C2O)C1O,sweet
[B-]P(=O)(OCC1OC(n2cnc3c(N)ncnc32)C(O)C1O)OP(=O)([O-])OP(=O)([O-])[O-],sweet
NC(=O)Nc1ccc(OCCCBr)cc1,sweet
NC(=O)Nc1ccc(OCC=CCBr)cc1,sweet
NC(=O)Nc1ccc(OCCCCBr)cc1,sweet
Nc1ncnc2c1ncn2C1OC(COP(=O)([O-])O)C(O)C1OP(=O)([O-])O,sweet
Nc1ncnc2c1ncn2C1OC2COP(=O)(O)OP(=O)(O)OC2C1O,sweet
O=C([O-])C1OC(OC2C(C(=O)[O-])OC(O)C(O)C2O)C(O)C(O)C1O,undefined
[B-]P(=O)(OCC1OC(n2cnc3c(N)nc(Cl)nc32)C(O)C1O)OP(=O)([O-])OP(=O)([O-])[O-],sweet
CC12CCC(C(=O)O)CC1C1=CC(=O)C3C4(C)CCC(OC5OC(C(=O)[O-])C(O)C(O)C5OC5OC(C(=O)[O-])C(O)C(O)C5O)C(C)(C)C4CCC3(C)C1(C)CC2,sweet
[NH-]P(=O)(OP(=O)([O-])[O-])OP(=O)([O-])OCC1OC(n2cnc3c(N)ncnc32)C(O)C1O,sweet
O=P([O-])([O-])OCC1OC(n2cnc3c(NC4CCCC4)ncnc32)C(O)C1O,sweet
CCCCN(CCCC)c1ncnc2c1ncn2C1OC(COP(=O)(O)OP(=O)(O)OP(=O)([O-])O)C(O)C1O,sweet
CC1(C)CC2C3=CCC4C5(C)CCC(OC6OC(C(=O)O)C(O)C(O)C6OC6OC(CO)C(O)C(O)C6O)C(C)(C)C5CCC4(C)C3(C)CC(O)C2(C(=O)O)CC1OC1OC(CO)C(O)C(O)C1O,sweet
CC1OC(OC2C(OC3C(OC4CCC5(C)C(CCC6(C)C5CC=C5C7CC(C)(C)CC(=O)C7(C)CCC56C)C4(C)C)OC(C(=O)O)C(O)C3O)OC(CO)C(O)C2O)C(O)C(O)C1O,sweet
CNCC(=O)NC(CC(=O)O)C(=O)NC(Cc1ccccc1)C(=O)O,sweet
COC(=O)C(Cc1ccccc1)NC(=O)C(NC(=O)CNC(=O)C(N)CC(=O)O)C(C)C,sweet
COC(=O)C(Cc1ccccc1)NC(=O)C(N)CC(=O)O.[H+],sweet
Nc1ncnc2c1ncn2C1OC2CO[P+](=O)OC2C1O,sweet
O=C1NS(=O)(=O)c2ccccc21.[Cd],sweet
COc1ccc(NC(=O)N[SeH])cc1,sweet
Nc1ncnc2c1ncn2C1OC(COP(=O)(O)O)C(O)C1O.[Fe+3],sweet
O=C1NS(=O)(=O)c2ccccc21.[Hg+2],sweet
Nc1ncnc2c1ncn2C1OC(COP(=O)(O)O)C(O)C1O.[Sr+2],sweet
O=C1NS(=O)(=O)c2ccccc21.[Co+2],sweet
Nc1ncnc2c1ncn2C1OC(CO)C(O)C1OP(=O)(O)O.[Fe+2],sweet
Nc1ncnc2c1ncn2C1OC(CO)C(OP(=O)(O)O)C1O.[Fe+2],sweet
Nc1ncnc2c1ncn2C1OC(COP(=O)(O)O)C(O)C1O.[Fe+2],sweet
O=C1NS(=O)(=O)c2ccccc21.[Pb+2],sweet
Nc1ncnc2c1ncn2C1OC(COS(=O)(=O)OP(=O)([O-])[O-])C(OP(=O)([O-])[O-])C1O,sweet
CC([NH3+])O.CC([NH3+])O.Nc1ncnc2c1ncn2C1OC(COP(=O)([O-])OP(=O)([O-])OP(=O)([O-])[O-])C(O)C1O,sweet
Nc1ncnc2c1ncn2C1CC(O[P+](=O)[O-])C(CO)O1,sweet
Nc1ncnc2c1ncn2C1OC(COP(=O)(O)OP(=O)(O)O)C(O)C1O.[Fe+3],sweet
[N-]=[N+]=Nc1nc(N)c2nc(N=[N+]=[N-])n(C3OC(COP(=O)(O)O)C(O)C3O)c2n1,sweet
[N-]=[N+]=Nc1nc(N)c2nc(N=[N+]=[N-])n(C3OC(CO[P+](=O)[O-])C(O)C3O)c2n1,sweet
Nc1ncnc2c1ncn2C1OC(COP(=O)(O)OP(=O)(O)OP(=O)(O)O)C(O)C1O.[Ni+2],sweet
Nc1nc(N)c2ncn(C3OC(COP(O)(O)=S)C(O)C3O)c2n1,sweet
Nc1ncnc2c1ncn2C1OC(COP(=O)(O)OP(=O)(O)OP(=O)(O)O)C(O)C1O.[Co+2],sweet
Nc1nc(Cl)nc2c1ncn2C1OC(CO[P+](=O)[O-])C(O)C1O,sweet
Nc1ncnc2c1nc(Br)n2C1OC(CO)C(OP(=O)(O)O)C1O,sweet
Nc1ncnc2c1ncn2C1OC(COP(=O)(O)OP(=O)(O)OP(=O)(O)O)C(O)C1O.[Fe+3],sweet
Nc1ncnc2c1ncn2C1OC(COP(=O)(O)OP(=O)(O)O)C(O)C1O.[Cr+3],sweet
Nc1ncnc2c1ncn2C1OC(COP(=O)(O)OP(=O)(O)O)C(O)C1O.[Ba+2].[Ba+2].[Ba+2],sweet
Nc1ncnc2c1ncn2C1OC(COP(=O)(O)O)C(O[P+](=O)[O-])C1O,sweet
Nc1ncnc2c1ncn2C1OC(COP(=O)(O)O)C(O)C1O.[Ba+2],sweet
Nc1ncnc2c1ncn2C1OC(C[Se]P(=O)(O)O)C(O)C1O,sweet
Nc1ncnc2c1nc(N)n2C1OC(COP(=O)(O)OP(=O)(O)O)C(O)C1O,sweet
CC(C)c1nc(N)c2ncn(C3OC(COP(=O)(O)OP(=O)(O)O)C(O)C3O)c2n1,sweet
Nc1ncnc2c1ncn2C1OC(CO[P+](=O)[O-])C(O)C1F,sweet
COc1nc2c(N)ncnc2n1C1OC(COP(=O)(O)OP(=O)(O)OP(=O)(O)O)C(O)C1O,sweet
Nc1ncnc2c1ncn2C1OC(COP(=O)(O)OP(=O)(O)OP(=O)(O)O)C(O)C1O.[Cr+3],sweet
Nc1ncnc2c1ncn2C1OC(COP(=O)(O)OP(=O)(O)O)C(O)C1O.[Mn+2],sweet
Nc1ncnc2c1ncn2C1OC(COP(=O)(O)OP(=O)(O)O)C(O)C1O.[Cu+2],sweet
Nc1ncnc2c1ncn2C1OC(COP(=O)(O)OP(=O)(O)OP(=O)(O)O)C(O)C1O.[Cd+2],sweet
[N-]=[N+]=Nc1nc(N)c2ncn(C3OC(CO[P+](=O)[O-])C(O)C3O)c2n1,sweet
Nc1ncnc2c1ncn2C1OC(CO[P+](=O)[O-])CC1O,sweet
Nc1ncnc2c1ncn2C1OC(COP(=O)(O)OP(=O)(O)OP(=O)(O)O)C(O)C1O.[Al],sweet
Nc1ncnc2c1ncn2C1OC(COP(=O)(O)OP(=O)(O)OP(=O)(O)O)C(O)C1O.[Tb+3],sweet
Nc1ncnc2c1ncn2C1OC(COP(=O)(O)OP(=O)(O)O)C(O)C1O.[Fe+2],sweet
Nc1ncnc2c1ncn2C1OC(COP(=O)(O)O)C(O)C1O.[Mn+2],sweet
Nc1ncnc2c1ncn2C1OC(COP(=O)(O)OP(=O)(O)OP(=O)(O)O)C(O)C1O.[Fe+2],sweet
Nc1ncnc2c1ncn2C1OC(COP(=O)(O)OP(=O)(O)O)C(O)C1O.[Co+2],sweet
Nc1ncnc2c1ncn2C1OC(COP(=O)(O)OP(=O)(O)O)C(O)C1O.[Cd+2],sweet
CCN(CC)CC.Nc1ncnc2c1ncn2C1OC(COP(O)(O)=S)C(O)C1O,sweet
Nc1nc(N)c2ncn(C3CC(O)C(CO[P+](=O)[O-])O3)c2n1,sweet
Nc1ncnc2c1ncn2C1OC(COP(=O)(O)OP(=O)(O)O)C(O)C1O.[Ni+2],sweet
CCN(CC)CC.Nc1ncnc2c1ncn2C1CC(O)C(CO[P+](=O)[O-])O1,sweet
Nc1ncnc2c1ncn2C1OC(COP(=O)(O)OP(=O)(O)OP(=O)(O)O)C(O)C1O.[Pb+2].[Pb+2],sweet
Nc1ncnc2c1ncn2C1OC2COP(O)(O)(O)OC2C1O,sweet
Nc1ncnc2c1ncn2C1OC(CO)C(O)C1OP(=O)(O)O.[Mn+2],sweet
Nc1ncnc2c1ncn2C1OC(CO)C(OP(=O)(O)O)C1O.[Mn+2],sweet
Nc1ncnc2c1ncn2C1OC(CO[As](=O)(O)O)C(O)C1O,sweet
Nc1ncnc2c1ncn2C1OC(COP(=O)(O)OP(=O)(O)OP(=O)(O)O)C(O)C1O.[Ag+].[Ag+],sweet
Nc1ncnc2c1ncn2C1CC(O)C(COP(=O)(O)OP(=O)(O)OP(=O)(O)O)O1.[Mn+2],sweet
Nc1ncnc2c1ncn2C1CC(O)C(COP(=O)(O)OP(=O)(O)OP(=O)(O)O)O1.[Ba+2].[Ba+2],sweet
CCOC1OC(COC2OC(CO)C(O)C(O)C2O)C(O)C(O)C1O,sweet
CC1OC(OCC2OC(Oc3c(-c4ccc(O)c(O)c4)oc4cc(O)cc(O)c4c3=O)C(O)C(O)C2O)C(O)C(O)C1O.OCCOCCO,sweet
COc1ccc2oc3cc(O)cc(OC4OC(CO)C(O)C(O)C4O)c3c(=O)c2c1O,sweet
OCCCCOC1OC(COC2OC(CO)C(O)C(O)C2O)C(O)C(O)C1O,sweet
OCCCCCCOC1OC(COC2OC(CO)C(O)C(O)C2O)C(O)C(O)C1O,sweet
NCCCCCCNc1nc2c(N)ncnc2n1C1OC(CO)C(O)C1OP(=O)(O)O,sweet
NCCCCCCNc1ncnc2c1ncn2C1OC(COP(=O)([O-])[O-])C(O)C1O,sweet
NCCCCCCNc1nc2c(N)ncnc2n1C1OC(COP(=O)([O-])O)C(O)C1O,sweet
[N-]=[N+]=Nc1nc2c(N)ncnc2n1C1OC(COP(=O)(O)OP(=O)([O-])O)C(O)C1O,sweet
Nc1ncnc2c1ncn2C1OC(COP(=O)(O)OP(=O)([O-])OP(=O)([O-])OO)C(O)C1O,sweet
COc1ccc(C2CC(=O)c3ccc(OC4OC(OCC5OC(C)C(O)C(O)C5O)C(O)C(O)C4O)cc3O2)cc1O,sweet
COc1ccc(-c2cc(=O)c3ccc(OC4OC(OCC5OC(C)C(O)C(O)C5O)C(O)C(O)C4O)cc3o2)cc1O,sweet
Nc1ncnc2c1ncn2C1OC2COP(=O)([S-])OC2C1O,sweet
OC(O)CC1OC(O)C(O)C(O)C1O,sweet
COc1ccc(C=CC(=O)c2c(O)cc(OC3OC(COC4OC(C)C(O)C(C)C4O)C(O)C(O)C3O)cc2OC)cc1O,sweet
Nc1nc[n+](C2OC(COP(=O)(O)O)C(O)C2O)c2nc[nH]c12,sweet
NCCCCNc1ncnc2c1ncn2C1OC(COP(=O)(O)OP(=O)(O)O)C(O)C1O,sweet
Nc1ncnc2c1ncn2C1OC(COP(=O)(O)OP(O)O)C(O)C1O,sweet
COCCOc1ccc(NC(N)=O)cc1,sweet
OCC1OC(OCC2OC(O)C(O)CC2O)C(O)C(O)C1O,sweet
N=P(O)(OCC1OC(n2cnc3c(N)ncnc32)C(O)C1O)OP(=O)(O)O,sweet
Nc1ncnc2c1ncn2C1OC(CO[P+](=S)OCO)C(O)C1O,sweet
CC1CCCC(OC2CC(O)C(CO)O2)O1,sweet
Nc1nc(Cl)nc2c1ncn2C1OC(COOOP(=O)(O)OP(=O)(O)O)C(O)C1O,sweet
COc1ccc(C=CC(=O)c2c(O)cc(OC3OC(COC4CCC(O)CO4)C(O)C(O)C3O)cc2OC)cc1O,sweet
Nc1ncnc2c1ncn2C1OC(COOP(=O)(O)O)C(O)C1O,sweet
COc1c(O)cc(-c2oc3cc(O)cc(O)c3c(=O)c2OC2OC(COC3OC(C)C(O)C(O)C3O)C(O)C(O)C2O)cc1O,sweet
CC(=O)OC1CC(C)(C(=O)O)CC2C3=CCC4C5(C)CCC(OC6OC(C(=O)O)C(O)C(O)C6OC6OC(C(=O)O)C(O)C(O)C6OC6OC(C)C(O)C(O)C6O)C(C)(C)C5CCC4(C)C3(C)CCC12C,sweet
CC(=O)OC1CC(C)(C(=O)O)CC2C3=CCC4C5(C)CCC(OC6OC(C(=O)O)C(O)C(O)C6OC6OCC(O)C(O)C6OC6OC(C)C(O)C(O)C6O)C(C)(CO)C5CCC4(C)C3(C)CCC12C,sweet
COc1cc2oc(-c3ccc(OC4OC(CO)C(O)C(O)C4O)cc3)cc(=O)c2c(O)c1OC1OC(CO)C(O)C(O)C1O,sweet
Nc1ncnc2c1ncn2C1OC(CO[P+](=O)[O-])C(OP(=O)(O)O)C1O,sweet
OCC1OC(OC2(CF)OC(CCl)C(O)C2O)C(O)C(O)C1O,sweet
COCC1(OC2OC(CO)C(O)C(O)C2O)OC(CCl)C(O)C1O,sweet
CC1OC(OC2C(CO)OC(c3cc(O)cc4oc(-c5ccc(O)c(O)c5)cc(=O)c34)C(O)C2O)C(O)C(O)C1O,sweet
CC1OC(OC2C(CO)OC(c3cc(O)c4c(=O)cc(-c5ccc(O)c(O)c5)oc4c3)C(O)C2O)C(O)C(O)C1O,sweet
COC(=O)COC(OC1C(O)C(OC2CCC3(C)C(CCC4(C)C3CC=C3C5CC(C)(C)CCC5(C(=O)OC5OC(CO)C(O)C(O)C5O)CCC34C)C2(C)C)OC(C(=O)OC)C1O)C(=O)OC,sweet
COC(=O)COC(OC1C(O)C(OC2CCC3(C)C(CCC4(C)C3CC=C3C5CC(C)(C)CCC5(C(=O)OC)CCC34C)C2(C)C)OC(C(=O)OC)C1O)C(=O)OC,sweet
CCCCCCOP(=O)(O)OCC1OC(n2cnc3c(N)ncnc32)C(O)C1O,sweet
CNc1ncnc2c1ncn2C1OC(COP(=O)(O)OP(=O)(O)O)C(O)C1O,sweet
O=C(CCc1ccc(O)c(O)c1)c1ccc(O)c(OC2OCC(O)C(O)C2O)c1O,sweet
O=C(CCc1ccc(O)c(O)c1)c1ccc(O)c(OC2OC(CO)C(O)C(O)C2O)c1O,sweet
COc1cc(O)c2c(=O)c(OC3OC(CO)C(O)C(O)C3OC3OC(CO)C(O)C(O)C3O)c(-c3ccc(O)c(OC)c3)oc2c1,sweet
COc1ccc(C2CC(=O)c3c(OC)cc(OC4OC(COC5OC(C)C(O)C(O)C5O)C(O)C(O)C4O)cc3O2)cc1OC,sweet
CC1OC(OC2C(C(=O)O)OC(OC3CCC4(C)C(CCC5(C)C4CC=C4C6CC(C)(C)CCC6(C(=O)O)CCC45C)C3(C)C)C(OC3OCC(O)C(O)C3O)C2O)C(O)C(O)C1O,sweet
CC1OC(OC2C(C(=O)O)OC(OC3CCC4(C)C(CCC5(C)C4CC=C4C6CC(C)(C)CCC6(C(=O)OC6OC(CO)C(O)C(O)C6O)CCC45C)C3(C)CO)C(O)C2O)C(O)C(O)C1O,sweet
Nc1ncnc2c1ncn2C1CC(O)C(CO[PH+](O)[S-])O1,sweet
Nc1ncnc2c1ncn2C1CC(O)C(COP([O-])S)O1,sweet
COC1OC(CO)C(O)C(OC2OC(C)C(O)CC2O)C1O,sweet
Nc1ncnc2c1ncn2C1OC(COS(=O)(=O)O[P+](=O)[O-])C(O[P+](=O)[O-])C1O,sweet
COC(=O)C(Cc1ccccc1C)NC(=O)C(CC(=O)O)NCCC(C)(C)C,sweet
COc1c(OC2OC(COC3OCC(O)C(O)C3O)C(O)C(O)C2O)cc2occ(-c3ccc(O)cc3)c(=O)c2c1O,sweet
COc1cc2c(=O)c(-c3ccc(O)cc3)coc2cc1OC1OC(COC2OCC(O)C(O)C2O)C(O)C(O)C1O,sweet
OCC1OC(O)[C](O)C(O)C1O,sweet
OCC1OC(O)C(O)C(O)[C]1O,sweet
O[CH]C1OC(O)C(O)C(O)C1O,sweet
OCC1OC(O)C(O)C(O)[C]1OC1OC(CO)C(O)C(O)C1O,sweet
OCC1OC(O)C(O)[C](O)C1O,sweet
OC[C]1OC(O)C(O)C(O)C1O,sweet
OC[C]1OC(O)C(OC2(CO)OC(CO)C(O)C2O)C(O)C1O,sweet
OC[C]1OC(CO)(OC2OC(CO)C(O)C(O)C2O)C(O)C1O,sweet
OC[C]1OC(OC2C(CO)OC(O)C(O)C2O)C(O)C(O)C1O,sweet
OC[C]1OC(O)C(O)C(O)C1OC1OC(CO)C(O)C(O)C1O,sweet
O=c1c2c(O)cc(O)cc2oc2cc(O)c(OC3OC(CO)C(O)C(O)C3O)c(O)c12,sweet
COc1cc(-c2coc3c(OC4OC(CO)C(O)C(O)C4O)c(O)cc(OC)c3c2=O)ccc1O,sweet
COC1OC(CO)C(O)C(OC2(CO)OCC(O)C(O)C2O)C1O,sweet
COC1OC(COC2(CO)OCC(O)C(O)C2O)C(O)C(O)C1O,sweet
CC1OC(OC2(O)C(=O)c3c(O)cc(O)cc3OC2c2ccc(O)c(O)c2)C(O)C(O)C1O,sweet
Nc1nc(N)c2ncn(C3CC(O)C(COP(=O)(O)OP(=O)(O)O)O3)c2n1,sweet
CC1OC(Oc2ccc(-c3oc4cc(O)cc(O)c4c(=O)c3OC3OC(C)C(O)C(O)C3O)cc2O)C(O)C(O)C1O,sweet
COc1c(O)cc(OC2OC(CO)C(O)C(O)C2O)c2c(=O)c3c(O)c(O)ccc3oc12,sweet
COc1ccc(CCC(=O)c2c(O)cc(OC3OC(COC4OC(CO)C(OC5OC(CO)C(O)C(O)C5O)C(O)C4O)C(O)C(O)C3OC3OC(C)C(O)C(O)C3O)cc2O)cc1O,sweet
COc1ccc(CCC(=O)c2c(O)cc(OC3OC(COC4OC(CO)C(O)C(O)C4O)C(O)C(O)C3OC3OC(C)C(O)C(O)C3O)cc2O)cc1O,sweet
COc1ccc(CCC(=O)c2c(O)cc(OC3OC(COC4OC(CO)C(OC5OC(CO)C(OC6OC(CO)C(O)C(O)C6O)C(O)C5O)C(O)C4O)C(O)C(O)C3OC3OC(C)C(O)C(O)C3O)cc2O)cc1O,sweet
CC1(C(=O)O)CCC2(C)CCC3(C)C(=CC(=O)C4C5(C)CCC(OC6OC(C(=O)O)C(O)C(O)C6OOC6OC(C(=O)O)C(O)C(O)C6O)C(C)(C)C5CCC43C)C2C1,sweet
CC1(C(=O)O)CCC2(C)CCC3(C)C(=CC(=O)C4C5(C)CCC(OC6OC(C(=O)O)C(O)C(O)C6O)C(C)(CO)C5CCC43C)C2C1,sweet
Nc1ncnc2c1ncn2C1OC(COP(=O)(O)CP(=O)(O)OP([O-])[O-])C(O)C1O,sweet
Nc1ncnc2c1ncn2C1OC(COP(=O)(O)CP(=O)(O)OP(O)O)C(O)C1O,sweet
COc1cc(O)c2c(c1)OC(c1ccc(O)c(OC)c1)C(OC1OC(CO)C(O)C(O)C1O)C2=O,sweet
COC1CC(O)C(C)OC1O,sweet
Nc1ncnc2c1ncn2C1OC(CO)C2O[P+]([O-])([S-])OC21,sweet
COC(=O)C1OC(OC2CCC3(C)C(CCC4(C)C3CC=C3C5C(C)C(C)CCC5(C(=O)OC5OC(CO)C(O)C(O)C5O)CCC34C)C2(C)C)C(OC2OCC(O)C(O)C2O)C(O)C1O,sweet
CC1CCC2(C(=O)OC3OC(CO)C(O)C(O)C3O)CCC3(C)C(=CCC4C5(C)CCC(OC6OC(C(=O)O)C(O)C(O)C6OC6OCC(O)C(O)C6O)C(C)(C)C5CCC43C)C2C1C,sweet
COc1ccc(C2COc3cc(OC4OC(CO)C(O)C(O)C4O)ccc3C2=O)c(O)c1OC,sweet
Cc1nc(N)c2ncn(C3OC(COP(=O)(O)OP(=O)(O)O)C(O)C3O)c2n1,sweet
Nc1ncnc2c1ncn2C1OC2CO[P+]([O-])(Cl)OC2C1O,sweet
O=S1(=O)N=C([O-])c2ccccc21.[Rb+],sweet
O=S1(=O)N=C([O-])c2ccccc21.[Cs+],sweet
CC1=C(O)C(=O)CC(OC2CC(C)(C)CC3C4=CCC5C6(C)CCC(OC7OC(C(=O)O)C(O)C(O)C7OC7OC(C(=O)O)C(O)C(O)C7OC7OC(CO)C(O)C(O)C7O)C(C)(CO)C6CCC5(C)C4(C)CCC23C)O1,sweet
CC1=C(O)C(=O)CC(OC2CC(C)(C)CC3C4=CCC5C6(C)CCC(OC7OC(C(=O)O)C(O)C(O)C7OC7OC(C(=O)O)C(O)C(O)C7OC7OC(C)C(O)C(O)C7O)C(C)(CO)C6CCC5(C)C4(C)CCC23C)O1,sweet
CC(O)(P(=O)(O)OP(=O)(O)OCC1OC(n2cnc3c(N)ncnc32)C(O)C1O)[P+]([O-])(O)O,sweet
CC1(C)CCC2(CC(=O)OC3OC(CO)C(O)C(O)C3O)CCC3(C)C(=CCC4C5(C)CC(O)C(OC6OC(C(=O)O)C(O)C(O)C6O)C(C)(C(=O)O)C5CCC43C)C2C1,sweet
OCC1OC(OC2(CO)OC(CO)C(O)C2O)C(O)[C](O)C1O,sweet
O[CH]C1OC(OC2(CO)OC(CO)C(O)C2O)C(O)C(O)C1O,sweet
OCC1(O)OC[C](O)C(O)C1O,sweet
OCC1(O)O[CH]C(O)C(O)C1O,sweet
OCC1OC(OCCCCOC2OC(CO)C(O)C(O)C2O)C(O)C(O)C1O,sweet
OCC1OC(OC2C(O)CC(F)OC2CO)C(O)C(O)C1O,sweet
CC1(C)CC2C3=CCC4C5(C)CCC(OC6OC(C(=O)O)C(O)C(O)C6OC6OC(CO)C(O)C(O)C6O)C(C)(C)C5CCC4(C)C3(C)CCC2(C(=O)OC2OC(CO)C(O)C(O)C2O)CC1O,sweet
CC1OC(OC2C(O)C(OC3CCC4(C)C(CCC5(C)C4CC=C4C6CC(C)(C)C(O)CC6(C(=O)OC6OC(CO)C(O)C(O)C6O)CCC45C)C3(C)C)OC(C(=O)O)C2O)C(O)C(O)C1O,sweet
COc1c(OC2OC(CO)C(O)C(O)C2O)cc2occ(-c3ccc(O)c(O)c3)c(=O)c2c1O,sweet
CC1OC(OCCOC2OC(CO)C(O)C(O)C2O)C(O)C(O)C1O,sweet
CC(O)COC1OC(CO)C(O)C(OC2OC(CO)C(O)C(O)C2O)C1O,sweet
Nc1ncnc2c1ncn2C1OC(CO[PH+]([O-])OP(=O)(O)O)C(O)C1O,sweet
Nc1ncnc2c1ncn2C1OC(COP([O-])OP(=O)(O)O)C(O)C1O,sweet
O=C(CCO)C(O)C(O)CO,sweet
Nc1ncnc2c1ncn2C1OC(COP(=O)(O)OCCO)C(O)C1O,sweet
Nc1ncnc2c1ncn2C1OC(COP(=O)(O)OCC(CO)OP(=O)(O)O)C(O)C1O,sweet
Nc1ncnc2c1ncn2C1OC(COP(=O)(O)OCC(O)COP(=O)(O)O)C(O)C1O,sweet
COC1OC(CO)C(O)C(O)C1OC1OCC(O)C(O)C1O,sweet
COc1c(OC2OC(CO)C(O)C(O)C2O)cc(O)c2c(=O)c3c(O)c(O)ccc3oc12,sweet
CC(O)COC1C(OC2C(CO)OC(O)C(O)C2O)OC(CO)C(O)C1O,sweet
CCOP(=O)([O-])OC1C(CO)OC(n2cnc3c(N)ncnc32)C1O,sweet
CCOP(=O)([O-])OCC1OC(n2cnc3c(N)ncnc32)C(O)C1OP(=O)([O-])OCC,sweet
CCOP(=O)(O)OCC1OC(n2cnc3c(N)ncnc32)C(O)C1OP(=O)(O)OCC,sweet
COc1cc(-c2coc3cc(OC4OC(COC(=O)CC(=O)O)C(O)C(O)C4O)cc(O)c3c2=O)ccc1O,sweet
COC(=O)C1OC(OC2CCC3(C)C(CCC4(C)C3CC=C3C5CC(C)(C)CCC5(C(=O)OC5OC(CO)C(O)C(O)C5O)CCC34C)C2(C)C)C(OC(C)=O)C(OC(C)=O)C1OC(C)=O,sweet
O=c1cc(-c2ccc(O)cc2)oc2cc(OC3OC(CO)C(O)C(O)C3OC3OCC(O)C(O)C3O)c(O)c(O)c12,sweet
COC1C(O)C(CO)OC(OCC2OC(O)C(O)C(O)C2O)C1O,sweet
COC1C(O)C(O)OC(COC2OC(CO)C(O)C(O)C2O)C1O,sweet
COC1C(O)C(O)OC(COC2OC(CO)C(O)C(OC)C2O)C1O,sweet
Nc1ncnc2c1ncn2C1OCC(O)C1OP(=O)(O)O,sweet
OCC1OC(OC2C(F)OC(CO)C(O)C2O)C(O)C(O)C1O,sweet
[O-]C1OCC(O)C(O)C1OC1OC(CO)C(O)C(O)C1O,sweet
Nc1ncnc2c1ncn2C1OC(CO)C2OP(=O)(O)OP(=O)(O)OC21,sweet
COc1ccc(-c2coc3cc(O)cc(O)c3c2=O)cc1OC1OC(CO)C(O)C(O)C1O,sweet
COCOC1C(CO)OC(OC)C(O)C1O,sweet
B[P+]1([O-])OCC2OC(n3cnc4c(N)ncnc43)C(O)C2O1,sweet
CCc1nc(N)c2ncn(C3OC(COP(=O)(O)O)C(O)C3O)c2n1,sweet
CC1OC(OC2C(OCC3OC(c4c(-c5ccc(O)c(O)c5)oc5cc(O)cc(O)c5c4=O)C(O)C(O)C3O)OC(C)C(O)C2O)C(O)C(O)C1O,sweet
COc1cc(OC2OCC(OC3OCC(O)C(O)C3O)C(O)C2O)c2c(=O)c3c(OC)c(O)ccc3oc2c1,sweet
COc1ccc2c(=O)c(OC3OC(C)C(O)C(O)C3OC3OC(CO)C(O)C(O)C3O)c(-c3ccc(O)c(O)c3)oc2c1,sweet
CC1OC(OC(CO)CO)C(O)C(O)C1O,sweet
COC1OC(CO)C(O)C(OC2CC(O)C(O)C(CO)O2)C1O,sweet
COC1OC(CO)C(O)C(O)C1OC1CC(O)C(O)C(CO)O1,sweet
Nc1ncnc2c1ncn2C1OC(COP(=O)(O)OS(=O)(=O)O)C(O)([P+](=O)[O-])C1O,sweet
COCC1OC(OC)CCC1O,sweet
Nc1ncnc2c1ncn2C1OC(CO)C2OP(O)(O)(O)OC21,sweet
CCOC1OC(CO)C(OC)C(O)C1O,sweet
COC1OC(CO)C(O)C(OC2OC(C)C(O)CC2O)C1OC,sweet
Nc1ncnc2c1ncn2C1CC(O)C(CO[P+](O)(O)[S-])O1,sweet
OCC1(OC2OCC(O)C(O)C2O)OCC(O)C(O)C1O,sweet
COc1cc(C(O)C(CO)Oc2c(OC)cc(-c3cc(=O)c4c(O)cc(OC5OC(CO)C(O)C(O)C5O)cc4o3)cc2OC)ccc1O,sweet
[O-]CC(O)C(O)C(O)C(O)CO,sweet
COC(=O)C(Cc1ccccc1)NC(=O)C(NC(=O)C(N)CC(=O)O)C(C)C,sweet
COC(=O)C(Cc1ccccc1)NC(=O)C(CC(=O)O)NCCc1ccccc1,sweet
COC(=O)C(Cc1ccccc1)NC(=O)C(CC(=O)O)NCCCC1CCCCC1,sweet
COC1CC(O)C(C)OC1OC,sweet
COCOC1C(OC)OC(CO)C(O)C1OC1OC(C)C(O)CC1O,sweet
COC1OC(CO)C(O)C(OC2OC(C)C(O)CC2O)C1OCCO,sweet
CC(CN)Oc1ccc([N+](=O)[O-])cc1[N+](=O)[O-],sweet
OCC1OC(OC2C(O)COC2O)C(O)C(O)C1O,sweet
[O-]C1(CO)OC(COC2OC(CO)C(O)C(O)C2O)C(O)C1O,sweet
OCC(O)C1OCC(O)C1OC1OC(CO)C(O)C(O)C1O,sweet
CCCOC1(CO)OC(COC2OC(CO)C(O)C(O)C2O)C(O)C1O,sweet
CCOC1(CO)OC(CO)C(OC2OC(CO)C(O)C(O)C2O)C1O,sweet
CCCOC1(CO)OC(CO)C(OC2OC(CO)C(O)C(O)C2O)C1O,sweet
CCCOC1(CO)OCC(OC2OC(CO)C(O)C(O)C2O)C(O)C1O,sweet
CCCCOC1(CO)OCC(OC2OC(CO)C(O)C(O)C2O)C(O)C1O,sweet
CCCCOC1(CO)OCC(O)C(OC2OC(CO)C(O)C(O)C2O)C1O,sweet
CCOC1(CO)OC(COC2OC(CO)C(O)C(O)C2O)C(O)C1O,sweet
CCCCOC1(CO)OC(COC2OC(CO)C(O)C(O)C2O)C(O)C1O,sweet
CCCCOC1(CO)OC(CO)C(OC2OC(CO)C(O)C(O)C2O)C1O,sweet
CC1(C)CCC2(C)C(=O)C(O)C3(C)C(=CCC4C5(C)CCC(OC6OC(C(=O)O)C(O)C(OC7OC(CO)C(O)C(O)C7O)C6O)C(C)(CO)C5CCC43C)C2C1,sweet
COC(=O)C1OC(OC2CCC3(C)C(CCC4(C)C3CC=C3C5CC(C)(C)CCC5(C)C(=O)C(O)C34C)C2(C)C)C(O)C(O)C1O,sweet
CC(=O)OC1CC(C)(C(=O)O)CC2C3=CCC4C5(C)CCC(C6OC(C(=O)O)C(O)C(O)C6OC6OC(CO)C(O)C(O)C6OC6OC(C)C(O)C(O)C6O)C(C)(CO)C5CCC4(C)C3(C)CCC12C,sweet
CCOC(=O)C1OC(OC2CCC3(C)C(CCC4(C)C3CC=C3C5CC(C)(C)CC(O)C5(C)CCC34C)C2(C)CO)C(OC2OC(CO)C(O)C(O)C2OC2OC(C)C(O)C(O)C2O)C(O)C1O,sweet
COc1cc(OC2OC(CO)C(O)C(O)C2O)c2c(=O)c3c(O)c(OC)ccc3oc2c1,sweet
CC1OC(OCC2OC(Oc3ccc(-c4cc(=O)c5c(O)cc(O)cc5o4)cc3OC3OC(CO)C(O)C(O)C3O)C(O)C(O)C2O)C(O)C(O)C1O,sweet
COc1cc(-c2cc(=O)c3c(O)c(OC4OC(C)C(O)C(O)C4O)c(O)cc3o2)ccc1O,sweet
COc1cc(-c2cc(=O)c3c(O)c(OC4OC(C)C(O)C(O)C4OC4OC(C)C(O)C(O)C4O)c(O)cc3o2)ccc1O,sweet
CC1OC(OC2C(O)C(OC3CCC4(C)C(CCC5(C)C4CC=C4C6CC(C)(COC7OC(CO)C(O)C(O)C7O)CCC6(C(=O)O)CCC45C)C3(C)C)OC(C(=O)O)C2O)C(O)C(O)C1O,sweet
Nc1ncnc2c1ncn2C1OC(COP(=O)([O-])OP(=O)(O)OP(=O)([O-])[O-])C(O)C1O,sweet
CC1OC(O)C(O)(O)C(O)C1O,sweet
OCC1OC(OCC2OC(O)C(O)(O)C(O)C2O)C(O)C(O)C1O,sweet
CC1CC(O)C(O)C(OC2C(C)OC(O)C(O)C2O)O1,sweet
CC1OC(OC2C(C(=O)O)OC(OC3CCC4(C)C(CCC5(C)C4CC=C4C6CC(C)(C)CCC6(C(=O)O)C(O)CC45C)C3(C)C)C(O)C2O)C(O)C(O)C1O,sweet
CC1OC(OC2C(C(=O)O)OC(OC3CCC4(C)C(CCC5(C)C4CC=C4C6CC(C)(C)CCC6(C(=O)O)CCC45C)C3(C)C)C(OC3OC(CO)C(O)C(O)C3O)C2O)C(O)C(O)C1O,sweet
Nc1ncnc2c1ncn2C1OC(COP(=O)(O)O[P+]([O-])(O)N[P+]([O-])([O-])[O-])C(O)C1O,sweet
NCC(=O)NC(CC(=O)NC(Cc1ccccc1)C(=O)O)C(=O)O,sweet
O=c1cc(-c2ccc(O)cc2)oc2cc(O)c(OC3OC(COC4OCC(O)C(O)C4O)C(O)C(O)C3O)c(O)c12,sweet
OCC1OC(OC2(O)C(O)OC(CO)C(O)C2O)C(O)C(O)C1O,sweet
OCC1OC(OC2(O)C(O)C(O)OC(CO)C2O)C(O)C(O)C1O,sweet
OCC1OC(OC(O)C2OC(O)C(O)C(O)C2O)C(O)C(O)C1O,sweet
CC1(C)CCC2(C(=O)OC3OC(CO)C(O)C(O)C3O)CCC3(C)C(=CC(=O)C4C5(C)CCC(OC6OC(C(=O)O)C(O)C(OC7OC(CO)C(O)C(O)C7O)C6OC6OC(CO)C(O)C(O)C6O)C(C)(C)C5CCC43C)C2C1,sweet
COCC1OC(OC2OCC(O)C(O)C2O)C(OC)C(O)C1O,sweet
COc1c(OC2OC(CO)C(O)C(O)C2O)ccc(C(=O)OCc2ccccc2OC2OC(CO)C(O)C(O)C2O)c1O,sweet
COc1cc(-c2cc(=O)c3c(O)cc(O)c(OC4OC(CO)C(O)C(O)C4O)c3o2)ccc1O,sweet
CC1OC(OC2C(OC3C(O)C(OC4CCC5(C)C(CCC6(C)C5CC=C5C7CC(C)(C)CCC7(C(=O)O)CCC56C)C4(C)C)OC(C(=O)O)C3O)OC(CO)C(O)C2O)C(O)C(O)C1O,sweet
CC1OC(OC2C(OC3C(O)C(OC4CCC5(C)C(CCC6(C)C5CC=C5C7CC(C)(C)CCC7(C(=O)OC7OC(CO)C(O)C(O)C7O)CCC56C)C4(C)C)OC(C(=O)O)C3O)OC(CO)C(O)C2O)C(O)C(O)C1O,sweet
COC1OC(COC2CC(O)C(O)C(CO)O2)C(O)C(O)C1O,sweet
CC(O)COC(C)COCC1OC(O)C(OCC(C)O)C(O)C1O,sweet
CCCCOC1OC(CO)C(O)C(O)C1OC1OC(C)C(O)C(O)C1O,sweet
CC1OC(OC2C([O-])OC(CO)C(O)C2O)C(O)C(O)C1O,sweet
Nc1nc(N)c2ncn(C3CC(O)C(COP(=O)(O)[P+]([O-])(O)P([O-])O)O3)c2n1,sweet
CC1OC(OC2C(CO)OC([O-])C(O)C2O)C(O)C(O)C1O,sweet
CC1OC(OC2C(O)C([O-])OC(CO)C2O)C(O)C(O)C1O,sweet
COC1C(O)C(CO)OC(OC2C(CO)OC(O)C(O)C2OC)C1O,sweet
COC1C(O)OC(CO)C(OC2OC(CO)C(O)C(O)C2OC)C1O,sweet
COCC1OC(OC2C(COC)OC(O)C(OC)C2O)C(OC)C(O)C1O,sweet
COCC1OC(OC2C(COC)OC(O)C(O)C2O)C(O)C(O)C1O,sweet
COCC1OC(OC2C(COC)OC(O)C(O)C2OC)C(O)C(OC)C1O,sweet
COC1C(O)OC(CO)C(OC2OC(CO)C(O)C(OC)C2OC)C1OC,sweet
Nc1ncnc2c1ncn2C1OC(CO[P+]([S-])(S)OP(=O)(O)O)C(O)C1O,sweet
CCOP(=O)(O)OC1CC(n2cnc3c(N)ncnc32)OC1CO,sweet
COCC1OC(OC2C(Oc3cc(O)c4c(=O)cc(-c5ccc(O)cc5)oc4c3O)OC(CO)C(O)C2O)C(O)C(O)C1O,sweet
Nc1ncnc2c1ncn2C1OC([CH]O)C(O)C1O,sweet
Nc1ncnc2c1ncn2C1OC(CO)C(O)[C]1O,sweet
COc1cc(O)c2c(=O)c3c(O)c(OC4OCC(O)C(O)C4OC4OC(C)C(O)C(O)C4O)ccc3oc2c1,sweet
CCC(C)C(=O)C1C(OC(=O)C=C(C)CCC=C(C)C)C(C)(C)CC2C3=CCC4C5(C)CCC(OC6OC(C(=O)OC)C(O)C(O)C6OC6OC(CO)C(O)C(O)C6O)C(C)(C)C5CCC4(C)C3(C)C(O)C(O)C21CO,sweet
OCC1(OC2(CO)OCC(O)C(O)C2O)OCC(O)C(O)C1O,sweet
CC1=C(O)C(=O)CC(OC2CC(C)(C)CC3C4=CCC5C6(C)CCC(OC7OC(C(=O)O)C(O)C(O)C7OC7OCC(O)C(O)C7OC7OC(C)C(O)C(O)C7O)C(C)(CO)C6CCC5(C)C4(C)CCC23C)O1,sweet
CC1=C(O)C(=O)CC(OC2CC(C)(C)CC3C4=CCC5C6(C)CCC(OC7OC(C(=O)O)C(O)C(O)C7OC7OC(CO)C(O)C(O)C7O)C(C)(CO)C6CCC5(C)C4(C)CCC23C)O1,sweet
CC1=C(O)C(=O)CC(OC2CC(C)(C)CC3C4=CCC5C6(C)CCC(OC7OC(C(=O)O)C(O)C(O)C7OC7OCC(O)C(O)C7O)C(C)(CO)C6CCC5(C)C4(C)CCC23C)O1,sweet
OCC(O)C(O)C(OC1OC(CO)C(O)C(O)C1O)C(O)COC1OCC(O)C(O)C1O,sweet
Nc1ncnc2c1ncn2C1OC(CO[P+](O)([S-])O[P+](O)(O)[S-])C(O)C1O,sweet
Nc1ncnc2c1ncn2C1OC(COP(O)(=S)OP(O)(=S)OP(O)(O)=S)C(O)C1O,sweet
CC1OC(OC2C(OC(=O)C34CCC(C)(C)CC3C3=CCC5C6(C)CC(O)C(OC7OC(C(=O)O)C(O)C(O)C7O)C(C)(C(=O)O)C6CCC5(C)C3(C)CC4)OCC(O)C2O)C(O)C(O)C1O,sweet
Nc1ncnc2c1ncn2C1OC(CO[P+](O)([S-])OP(=O)([O-])[O-])C(O)C1O,sweet
Nc1ncnc2c1ncn2C1OC(CO[P+](O)([Se-])OP(=O)([O-])[O-])C(O)C1O,sweet
Nc1ncnc2c1ncn2C1OC(CO[P+](O)([Se-])OP(=O)(O)O)C(O)C1O,sweet
COc1cc(C(O)C(O)COc2c(OC)cc(-c3cc(=O)c4c(O)cc(OC5OC(CO)C(O)C(O)C5O)cc4o3)cc2OC)ccc1O,sweet
COc1ccc(-c2cc(=O)c3c(O)cc(O)c(C4OC(CO)C(OC5OCC(O)C(O)C5O)C(O)C4O)c3o2)cc1O,sweet
Nc1ncnc2c1ncn2C1OC(CO[P+](O)([Se-])OP(=O)(O)OOP(=O)(O)O)C(O)C1O,sweet
Nc1ncnc2c1nc(Br)n2C1CC(OP(=O)(O)O)C(CO)O1,sweet
OCC1OC(OC2COC(O)C(O)C2O)CC(O)C1O,sweet
Nc1ncnc2c1ncn2C1OC(CO[P+]([O-])(O)N[P+]([O-])(O)OP(=O)(O)OP(=O)(O)O)C(O)C1O,sweet
CC(=O)C1C(OC(=O)C=C(C)C)C2(CO)C(CC1(C)C)C1=CCC3C4(C)CCC(OC5OC(C(=O)O)C(O)C(O)C5OC5OC(C)C(O)C(O)C5O)C(C)(C)C4CCC3(C)C1(C)C(O)C2O,sweet
CC1OC(Oc2cc(O)c3c(=O)c(O)c(-c4ccc(O)c(O)c4)oc3c2)C(O)C(OC2OC(CO)C(O)C(O)C2O)C1O,sweet
COc1ccc(C2CC(=O)c3c(O)cc(O)cc3O2)cc1OC1OC(CO)C(O)C(O)C1O,sweet
COc1ccc(C2CC(=O)c3c(O)cc(OC4OC(COC5OC(CO)C(O)C(O)C5O)C(O)C(O)C4O)cc3O2)cc1O,sweet
COc1ccc(C2CC(=O)c3c(cc(OC4OC(CO)C(O)C(O)C4O)cc3OC3OC(CO)C(O)C(O)C3O)O2)cc1O,sweet
CC1(C)CCC2(C(=O)O)CCC3(C)C(=CCC4C5(C)CCC(OC6OC(C(=O)O)C(O)C(O)C6O)C(C)(C)C5CCC43C)C2C1OC1OC(CO)C(O)C(O)C1O,sweet
OCC1(O)OCC(OC2OCC(O)C(O)C2O)C(O)C1O,sweet
OCC1(O)OCC(O)C(OC2OCC(O)C(O)C2O)C1O,sweet
OCC1(O)OC(COC2OCC(O)C(O)C2O)C(O)C1O,sweet
CC1OC(OC2C(O)C(CO)OC(OC3C(O)C(OC4C(O)CC5(C)C(CCC6(C)C5CC=C5C7CC(C)(C)CCC7(C(=O)O)CCC56C)C4(C)CO)OC(C(=O)O)C3O)C2O)C(O)C(O)C1O,sweet
CC1OC(OC2C(O)C(CO)OC(OC3C(O)C(OC4CCC5(C)C(CCC6(C)C5CC=C5C7CC(C)(C)CCC7(C(=O)OC7OC(CO)C(O)C(O)C7O)CCC56C)C4(C)CO)OC(C(=O)O)C3O)C2O)C(O)C(O)C1O,sweet
CC1(C)CCC2(C(=O)O)CCC3(C)C(=CCC4C5(C)CCC(OC6OC(C(=O)O)C(O)C(OC7OC(CO)C(O)C(O)C7OC7OC(CO)C(O)C(O)C7O)C6O)C(C)(C)C5CCC43C)C2C1,sweet
CC1(C)CCC2(C(=O)OC3OC(COC4OCC(O)C(O)C4O)C(O)C(O)C3O)CCC3(C)C(=CCC4C5(C)CCC(OC6OC(C(=O)O)C(O)C(OC7OC(CO)C(O)C(O)C7O)C6O)C(C)(C)C5CCC43C)C2C1,sweet
CC1(C)CCC2(C(=O)OC3OC(CO)C(OC4OC(CO)C(O)C(O)C4O)C(O)C3O)CCC3(C)C(=CCC4C5(C)CCC(OC6OC(C(=O)O)C(O)C(OC7OC(CO)C(O)C(O)C7O)C6O)C(C)(C)C5CCC43C)C2C1,sweet
Nc1ncnc2c1ncn2C1OC(CO[P+](O)([S-])OP(=O)(O)OP(=O)(O)OP(=O)(O)O)C(O)C1O,sweet
CC1OC(OC2C(CO)OC(Oc3ccc4c(=O)cc(-c5ccc(O)c(O)c5)oc4c3)C(O)C2O)C(O)C(O)C1O,sweet
CC1OC(OC2C(C)OC(c3cc(O)c4c(=O)cc(-c5ccc(O)c(O)c5)oc4c3)C(O)C2O)C(O)C(O)C1O,sweet
COc1cc(O)cc2oc(-c3ccc(O)c(O)c3)c(OC3OCC(O)C(O)C3OC3OCC(O)C(O)C3O)c(=O)c12,sweet
O=c1cc(-c2ccc(O)c(O)c2)oc2cc(OC3OC(CO)C(OC4OCC(O)C(O)C4O)C(O)C3O)cc(O)c12,sweet
O=c1cc(-c2ccc(O)c(O)c2)oc2cc(OC3OC(CO)C(O)C(O)C3O)cc(OC3OCC(O)C(O)C3O)c12,sweet
O=c1cc(-c2ccc(O)c(O)c2)oc2c(C3OC(COC4OCC(O)C(O)C4O)C(O)C(O)C3O)c(O)cc(O)c12,sweet
CC1OC(Oc2c(-c3ccc(O)c(O)c3)oc3cc(O)cc(O)c3c2=O)C(O)C(OC2OCC(O)C(O)C2O)C1O,sweet
O=c1cc(-c2ccc(O)c(O)c2)oc2cc(O)c(C3OC(COC4OCC(O)C(O)C4O)C(O)C(O)C3O)c(O)c12,sweet
O=C1CC(c2ccc(O)c(O)c2)Oc2cc(OC3OC(COC4OCC(O)(CO)C4O)C(O)C(O)C3O)cc(O)c21,sweet
COc1ccc(-c2cc(=O)c3c(O)c(OC4OC(COC5OC(C)C(O)C(O)C5O)C(O)C(O)C4O)c(O)cc3o2)cc1,sweet
COc1ccc(-c2coc3cc(OC4OC(COC5OC(C)C(O)C(O)C5O)C(O)C(O)C4O)ccc3c2=O)cc1O,sweet
CC1(C)CCC2(C(=O)OC3OC(CO)C(O)C(O)C3O)CCC3(C)C(=CCC4C5(C)CCC(OC6OC(C(=O)O)C(O)C(OC(=O)CC(C)(O)CC(=O)O)C6O)C(C)(C)C5CCC43C)C2C1,sweet
CC1OC(OCC2OC(Oc3cc(O)c4c(=O)cc(-c5ccc(O)cc5)oc4c3O)C(O)C(O)C2O)C(O)C(O)C1O,sweet
COc1cc(-c2cc(=O)c3c(O)cc(OC4OC(COC5OCC(O)C(O)C5O)C(O)C(O)C4O)cc3o2)ccc1O,sweet
COc1cc(O)cc2oc(-c3ccc(O)c(O)c3)c(OC3OCC(OC4OC(C)C(O)C(O)C4O)C(O)C3O)c(=O)c12,sweet
C=C1CCC2(C(=O)O)CCC3(C)C(=CCC4C5(C)CCC(OC6OC(C(=O)O)C(O)C(O)C6C(=O)O)C(C)(C)C5CCC43C)C2C1,sweet
CC1OC(OC2C(OC3C(OC4CCC5(C)C(CCC6(C)C5CC=C5C7CC(C)(C(=O)O)CCC7(C)CCC56C)C4(C)C)OC(C(=O)O)C(O)C3O)OC(CO)C(O)C2O)C(O)C(O)C1O,sweet
COC(C(=O)O)C(OCC(=O)O)OC1C(O)C(OC2CCC3(C)C(CCC4(C)C3CC=C3C5CC(C)(C)CCC5(C(=O)OC5OC(CO)C(O)C(O)C5O)CCC34C)C2(C)C)OC(C(=O)O)C1O,sweet
CCCC(=O)OCC1OC(Oc2cc(O)c3c(=O)cc(-c4ccc(O)c(OC)c4)oc3c2)C(O)C(O)C1O,sweet
COc1ccc(-c2cc(=O)c3c(O)cc(OC)c(C4OC(CO)C(O)C(O)C4OC4OC(C)C(O)C(O)C4O)c3o2)cc1O,sweet
COc1cc(-c2cc(=O)c3c(O)cc(OC4OCC(O)C(O)C4O)c(O)c3o2)cc(O)c1O,sweet
CC=C(C)C(CCCCCCC(C)CCCC(C)C)OC1C(CO)OC(Oc2cc(O)c3c(=O)c(O)c(-c4ccc(OC)c(OC)c4)oc3c2)C(O)C1O,sweet
CC(=O)OCC1OC(Oc2cc(C3Oc4cc(O)cc(O)c4C(=O)C3O)ccc2O)C(O)C(O)C1O,sweet
CC(=O)OCC1OC(Oc2cc(O)cc3oc(-c4ccc(O)c(O)c4)cc(=O)c23)C(O)C(O)C1O,sweet
COc1ccc(-c2cc(=O)c3c(OC4OC(COC5OC(C)C(O)C(O)C5O)C(O)C(O)C4O)cc(O)cc3o2)cc1O,sweet
COc1ccc(-c2cc(=O)c3c(OC4OC(CO)C(O)C(O)C4OC4OC(C)C(O)C(O)C4O)cc(O)cc3o2)cc1O,sweet
N=C=NC1OC(COP(=O)([O-])OP(=O)(O)OCC2OC(n3cnc4c(N)ncnc43)C(O)C2O)C(O)C1O,sweet
N=C=NC1OC(COP(=O)(O)OP(=O)(O)OCC2OC(n3cnc4c(N)ncnc43)C(O)C2O)C(O)C1O,sweet
CC1OC(OC2C(Oc3cc(O)c4c(c3)OC(c3ccc(O)c(ON)c3)CC4=O)OC(CO)C(O)C2O)C(O)C(O)C1O,sweet
COc1cc(C2Oc3cc(OC4OC(COC5OC(C)C(O)C(O)C5O)C(O)C(O)C4O)cc(O)c3C(=O)C2O)ccc1O,sweet
CCOC1CC(OC)C(OC2OC(C)C(O)C(OC)C2O)C(C)O1,sweet
COc1c(O)cc2oc(-c3ccccc3OC3OC(CO)C(O)C(O)C3O)cc(=O)c2c1O,sweet
OCC1OC(O)(COC2(CO)OCC(O)C(O)C2O)C(O)C1O,sweet
CC1OC(OC2C(C(=O)O)OC(OC3CCC4(C)C(CCC5(C)C4CC=C4C6CC(C)(C)C(O)CC6C(=O)CC45C)C3(C)C=O)C(OC3OC(CO)C(O)C(O)C3O)C2O)C(O)C(O)C1O,sweet
CC1(COC2OC(CO)C(O)C(O)C2O)CC(=O)C2(C)CCC3(C)C(=CCC4C5(C)CCC(OC6OC(C(=O)O)C(O)C(O)C6OC6OCC(O)C(O)C6O)C(C)(CO)C5CCC43C)C2C1,sweet
OCC1OC(O)C(O)C(OC2C(O)C(O)OC(CO)C2O)C1O,sweet
COC(=O)C(Cc1ccccc1)NC(=O)C(CC(=O)O)N=[N+]=[N-],sweet
CC1OC(Oc2cc(C3Oc4cc(O)cc(O)c4C(=O)C3O)ccc2O)C(O)C(O)C1O,sweet
CC1(C)CCC2(C(=O)O)CCC3(C)C(=CCC4C5(C)CCC(OC6OC(C(=O)O)C(O)C(OC7OC(CO)C(O)C(OC8OCC(O)C(O)C8O)C7O)C6O)C(C)(C)C5CCC43C)C2C1,sweet
CC1(C)CCC2(C(=O)OC3OC(CO)C(O)C(O)C3O)CCC3(C)C(=CCC4C5(C)CCC(OC6OC(C(=O)O)C(O)C(OC7OC(CO)C(O)C(OC8OCC(O)C(O)C8O)C7O)C6O)C(C)(C)C5CCC43C)C2C1,sweet
CC1OC(O)C(OCC2OC(O)C(O)C(O)C2O)C(O)C1O,sweet
CC(O)C1OC(O)C(OCC2OC(O)C(O)C(O)C2O)C1O,sweet
CC(C)(C)OC(=O)C1OC(OC2CCC3(C)C(CCC4(C)C3C(=O)C=C3C5CC(C)(C(=O)O)CCC5(C)CCC34C)C2(C)C)C(O)C(O)C1O,sweet
Nc1ncnc2c1[N+]=CN2C1OC(COP(=O)(O)OP(=O)(O)O[NH3+])C(O)C1O,sweet
NOP(=O)(O)OP(=O)(O)OCC1OC(N2C=[N+]c3c(N)ncnc32)C(O)C1O,sweet
COc1ccc(OC)c2c(=O)c3c(OC4OC(CO)C(O)C(O)C4O)cc(O)cc3oc12,sweet
CC1OC(OC2C(OC3CCC4(C)C(CCC5(C)C4CC=C4C6CC(C)(C)CC(O)C6(C(=O)OC6OC(CO)C(O)C(O)C6O)CCC45C)C3(C)C)OC(C(=O)O)C(O)C2O)C(O)C(O)C1O,sweet
COc1c(OC2OC(CO)C(OC3OCC(O)C(O)C3O)C(O)C2O)cc2occ(-c3ccc(O)cc3)c(=O)c2c1O,sweet
COc1cc(-c2cc(=O)c3c(O)c(C4OC(CO)C(O)C(O)C4O)c(OC4OC(COC5OC(C)C(O)C(O)C5O)C(O)C(O)C4O)cc3o2)ccc1O,sweet
OCC(O)C1OC(OCC(O)C(O)C2OC(O)C(O)C2O)C(O)C(O)C1O,sweet
OCCCCCCOC1OCC(O)C(O)C1O,sweet
COC(=O)C1OC(OC2CCC3(C)C(CCC4(C)C3CC=C3C5CC(C)(C)CCC5(C(=O)O)CCC34C)C2(C)C)C(O)C(O)C1OC1OC(COC2OCC(O)C(O)C2O)C(O)C(O)C1O,sweet
COC(=O)C1OC(OC2CCC3(C)C(CCC4(C)C3CC=C3C5CC(C)(C)CCC5(C(=O)O)CCC34C)C2(C)C)C(O)C(O)C1OC1OCC(O)C(O)C1O,sweet
CC1(C)CCC2(C(=O)OC3OC(CO)C(O)C(O)C3O)CCC3(C)C(=CCC4C5(C)CCC(OC6OC(C(=O)O)C(O)C(OC7OCC(O)C(O)C7O)C6OC6OCC(O)C(O)C6O)C(C)(C)C5CCC43C)C2C1,sweet
COC(=O)C1OC(OC2CCC3(C)C(CCC4(C)C3CC=C3C5CC(C)(C)CCC5(C(=O)O)CCC34C)C2(C)C)C(OC2OC(CO)C(O)C(O)C2O)C(O)C1O,sweet
COc1cc(O)c2c(=O)c(OC3OC(COC4OC(C)C(O)C(O)C4O)C(O)C(O)C3O)c(-c3cc(OC)c(O)c(OC)c3)oc2c1,sweet
COc1cc(-c2oc3cc(O)cc(O)c3c(=O)c2O)cc(OC)c1OC1OC(CO)C(OC2OC(C)C(O)C(O)C2O)C(O)C1O,sweet
COc1cc(-c2oc3cc(O)cc(O)c3c(=O)c2O)ccc1OC1OC(CO)C(OC2OC(C)C(O)C(O)C2O)C(O)C1O,sweet
COc1cc(-c2oc3cc(O)cc(O)c3c(=O)c2O)ccc1OC1OC(COC2OC(C)C(O)C(O)C2O)C(O)C(O)C1O,sweet
CC(O)C1OC(O)C(O)C1OC1OC(CO)C(O)C(O)C1O,sweet
OCC1OC(OCCOCOCC2OC(O)C(O)C(O)C2O)C(O)C(O)C1O,sweet
CC(=O)OCC1(C)CC2C3=CCC4C5(C)CCC(OC6OC(C(=O)O)C(O)C(O)C6OC6OC(C)C(O)C(O)C6O)C(C)(C)C5CCC4(C)C3(C)CCC2(C(=O)OC2OC(C)C(O)C(O)C2O)CC1O,sweet
COC(=O)C1OC(OC2CCC3(C)C(CCC4(C)C3CC=C3C5C(C)=C(C)CCC5(C(=O)OC5OC(CO)C(O)C(O)C5O)CCC34C)C2(C)C)C(O)C(O)C1O,sweet
C=C1C(C)CCC2(C(=O)OC3OC(CO)C(O)C(O)C3O)CCC3(C)C(=CCC4C5(C)CCC(OC6OC(C(=O)OC)C(O)C(O)C6O)C(C)(C)C5CCC43C)C12,sweet
CC1(C)CCC2(C(=O)O)CCC3(C)C(=CCC4C5(C)CCC(OC6OC(C(=O)O)C(O)C(OC7OC(CO)C(OC8OC(CO)C(O)C(O)C8O)C(O)C7O)C6O)C(C)(C)C5CCC43C)C2C1,sweet
CC1(C)CCC2(C(=O)O)CCC3(C)C(=CCC4C5(C)CCC(OC6OC(C(=O)O)C(O)C(OC7OC(COC8OC(CO)C(O)C(O)C8O)C(O)C(O)C7O)C6O)C(C)(C)C5CCC43C)C2C1,sweet
COc1ccc2c(=O)cc(-c3c(O)cccc3OC3OC(CO)C(O)C(O)C3O)oc2c1OC,sweet
Nc1ncnc2c1ncn2C1OC(COS(=O)(=O)O)C(OP(=O)(O)O)C1O,sweet
CC1(C(=O)[O-])CCC2(C)CCC3(C)C(=CC(=O)C4C5(C)CCC(OC6OC(C(=O)[O-])C(O)C(O)C6OC6OC(CO)C(O)C(O)C6O)C(C)(C)C5CCC43C)C2C1,sweet
CC1(C)CCC2(C(=O)OC3OC(CO)C(O)C(O)C3O)CCC3(C)C(=CCC4C5(C)CCC(OC6OC(C(=O)O)C(OC7OCC(O)C(O)C7O)C(OC7OC(CO)C(O)C(O)C7O)C6O)C(C)(C)C5CCC43C)C2C1,sweet
COC1CC(C)(C)CC2C3=CCC4C5(C)CCC(OC6OC(C(=O)O)C(O)C(O)C6OC6OC(CO)C(O)C(O)C6OC6OC(C)C(O)C(O)C6O)C(C)(C)C5CCC4(C)C3(C)CCC12C,sweet
COC(=O)C1OC(OC2CCC3(C)C(CCC4(C)C3CC=C3C5CC(C)(C)CC(O)C5(C)CCC34C)C2(C)C)C(OC2OC(CO)C(O)C(O)C2OC2OCC(O)C(O)C2O)C(O)C1O,sweet
C=C1CC23CCC4C(C)(C(=O)OC5OC(CO)C(OC6OC(CO)C(O)C(O)C6O)C(O)C5O)CCCC4(C)C2CCC1(OC1OC(CO)C(O)C(O)C1O)C3,sweet
C=C1CC23CCC4C(C)(C(=O)OC5OC(CO)C(OC6OC(CO)C(OC7OC(CO)C(OC8OC(CO)C(O)C(O)C8O)C(O)C7O)C(O)C6O)C(O)C5O)CCCC4(C)C2CCC1(OC1OC(CO)C(O)C(O)C1O)C3,sweet
C=C1CC23CCC4C(C)(C(=O)OC5OC(CO)C(O)C(O)C5O)CCCC4(C)C2CCC1(OC1OC(CO)C(OC2OC(CO)C(OC4OC(CO)C(OC5OC(CO)C(OC6OC(CO)C(O)C(O)C6O)C(O)C5O)C(O)C4O)C(O)C2O)C(O)C1O)C3,sweet
C=C1CC23CCC4C(C)(C(=O)OC5OC(CO)C(OC6OC(CO)C(O)C(O)C6O)C(O)C5O)CCCC4(C)C2CCC1(OC1OC(CO)C(OC2OC(CO)C(OC4OC(CO)C(OC5OC(CO)C(O)C(O)C5O)C(O)C4O)C(O)C2O)C(O)C1O)C3,sweet
C=C1CC23CCC4C(C)(C(=O)OC5OC(CO)C(OC6OC(CO)C(OC7OC(CO)C(O)C(O)C7O)C(O)C6O)C(O)C5O)CCCC4(C)C2CCC1(OC1OC(CO)C(OC2OC(CO)C(OC4OC(CO)C(O)C(O)C4O)C(O)C2O)C(O)C1O)C3,sweet
C=C1CC23CCC4C(C)(C(=O)OC5OC(CO)C(OC6OC(CO)C(OC7OC(CO)C(OC8OC(CO)C(O)C(O)C8O)C(O)C7O)C(O)C6O)C(O)C5O)CCCC4(C)C2CCC1(OC1OC(CO)C(OC2OC(CO)C(O)C(O)C2O)C(O)C1O)C3,sweet
C=C1CC23CCC4C(C)(C(=O)OC5OC(CO)C(OC6OC(CO)C(OC7OC(CO)C(OC8OC(CO)C(OC9OC(CO)C(O)C(O)C9O)C(O)C8O)C(O)C7O)C(O)C6O)C(O)C5O)CCCC4(C)C2CCC1(OC1OC(CO)C(O)C(O)C1O)C3,sweet
C=C1CC23CCC4C(C)(C(=O)O)CCCC4(C)C2CCC1(OC1OC(CO)C(OC2OC(CO)C(O)C(O)C2O)C(O)C1O)C3,sweet
C=C1CC23CCC4C(C)(C(=O)O)CCCC4(C)C2CCC1(OC1OC(CO)C(OC2OC(CO)C(OC4OC(CO)C(O)C(O)C4O)C(O)C2O)C(O)C1O)C3,sweet
C=C1CC23CCC4C(C)(C(=O)O)CCCC4(C)C2CCC1(OC1OC(CO)C(OC2OC(CO)C(OC4OC(CO)C(OC5OC(CO)C(O)C(O)C5O)C(O)C4O)C(O)C2O)C(O)C1O)C3,sweet
C=C1CC23CCC4C(C)(C(=O)O)CCCC4(C)C2CCC1(OC1OC(CO)C(OC2OC(CO)C(OC4OC(CO)C(OC5OC(CO)C(OC6OC(CO)C(O)C(O)C6O)C(O)C5O)C(O)C4O)C(O)C2O)C(O)C1O)C3,sweet
C=C1CC23CCC4C(C)(C(=O)OC5OC(CO)C(O)C(O)C5O)CCCC4(C)C2CCC1(OC1OC(CO)C(OC2OC(CO)C(O)C(O)C2O)C(O)C1O)C3,sweet
C=C1CC23CCC4C(C)(C(=O)OC5OC(CO)C(O)C(O)C5O)CCCC4(C)C2CCC1(OC1OC(CO)C(OC2OC(CO)C(OC4OC(CO)C(O)C(O)C4O)C(O)C2O)C(O)C1O)C3,sweet
C=C1CC23CCC4C(C)(C(=O)OC5OC(CO)C(OC6OC(CO)C(OC7OC(CO)C(O)C(O)C7O)C(O)C6O)C(O)C5O)CCCC4(C)C2CCC1(OC1OC(CO)C(O)C(O)C1O)C3,sweet
C=C1CC23CCC4C(C)(C(=O)OC5OC(CO)C(OC6OC(CO)C(O)C(O)C6O)C(O)C5O)CCCC4(C)C2CCC1(OC1OC(CO)C(OC2OC(CO)C(O)C(O)C2O)C(O)C1O)C3,sweet
C=C1CC23CCC4C(C)(C(=O)OC5OC(CO)C(O)C(O)C5O)CCCC4(C)C2CCC1(OC1OC(CO)C(OC2OC(CO)C(OC4OC(CO)C(OC5OC(CO)C(O)C(O)C5O)C(O)C4O)C(O)C2O)C(O)C1O)C3,sweet
C=C1CC23CCC4C(C)(C(=O)OC5OC(CO)C(OC6OC(CO)C(O)C(O)C6O)C(O)C5O)CCCC4(C)C2CCC1(OC1OC(CO)C(OC2OC(CO)C(OC4OC(CO)C(O)C(O)C4O)C(O)C2O)C(O)C1O)C3,sweet
C=C1CC23CCC4C(C)(C(=O)OC5OC(CO)C(OC6OC(CO)C(OC7OC(CO)C(O)C(O)C7O)C(O)C6O)C(O)C5O)CCCC4(C)C2CCC1(OC1OC(CO)C(OC2OC(CO)C(O)C(O)C2O)C(O)C1O)C3,sweet
CC1(C)CCC2(C(=O)O)CCC3(C)C(=CCC4C5(C)CCC(OC6OC(C(=O)OC7OC(CO)C(O)C(O)C7O)C(O)C(O)C6O)C(C)(C)C5CCC43C)C2C1,sweet
COC(=O)C1OC(OC2CCC3(C)C(CCC4(C)C3CC=C3C5CC(C)(C)CC(O)C5(C)CCC34C)C2(C)C)C(OC2OC(CO)C(O)C(O)C2O)C(O)C1O,sweet
COC(=O)C1OC(OC2CCC3(C)C(CCC4(C)C3CC=C3C5CC(C)(C)CCC5(C(=O)OC5OCC(O)C(O)C5O)CCC34C)C2(C)C)C(O)C(O)C1O,sweet
COC(=O)C1OC(OC2CCC3(C)C(CCC4(C)C3CC=C3C5CC(C)(C)CCC5(C(=O)OC5OCC(O)C(O)C5OC5OC(C)C(O)C(O)C5O)CCC34C)C2(C)C)C(O)C(O)C1O,sweet
CN(C)c1nc2c(N)ncnc2n1C1OC2COP(=O)(O)OC2C1O,sweet
COc1ccc(C=CC(=O)c2ccc(OC3OC(COC4OC(C)C(O)C(O)C4O)C(O)C(O)C3O)cc2O)cc1O,sweet
COc1c(O)ccc(-c2cc(=O)c3c(O)cc(OC4OC(CO)C(O)C(O)C4OC4OC(C)C(O)C(O)C4O)cc3o2)c1OC,sweet
C=C1CC23CCC4C(C)(C(=O)OC5OC(COC6(CO)OC(CO)C(O)C6O)C(O)C(O)C5O)CCCC4(C)C2CCC1(OC1OC(CO)C(O)C(OC2OC(CO)C(O)C(O)C2O)C1OC1OC(CO)C(O)C(O)C1O)C3,sweet
CCCCC(O)COC1OC(CO)C(O)C(O)C1O,sweet
CCCCC(CO)OC1OC(CO)C(O)C(O)C1O,sweet
C=C1CC23CCC4C(C)(C(=O)OC5OC(CO)C(O)C(O)C5O)CCCC4(C)C2CCC1(OC1OC(CO)C(O)C(O)C1OC1OC(CO)C(OC2OC(CO)C(OC4OC(CO)C(O)C(O)C4O)C(O)C2O)C(O)C1O)C3,sweet
C=C1CC23CCC4C(C)(C(=O)OC5OC(CO)C(OC6OC(CO)C(OC7OC(CO)C(O)C(O)C7O)C(O)C6O)C(O)C5O)CCCC4(C)C2CCC1(OC1OC(CO)C(O)C(O)C1OC1OC(CO)C(O)C(O)C1O)C3,sweet
C=C1CC23CCC4C(C)(C(=O)O)CCCC4(C)C2CCC1(OC1OC(CO)C(O)C(O)C1OC1OC(COC2OC(CO)C(O)C(O)C2O)C(O)C(O)C1O)C3,sweet
C=C1CC23CCC4C(C)(C(=O)O)CCCC4(C)C2CCC1(OC1OC(CO)C(O)C(O)C1OC1OC(CO)C(O)C(OC2OC(CO)C(O)C(O)C2O)C1O)C3,sweet
C=C1CC23CCC4C(C)(C(=O)OC5OC(CO)C(OC6OC(CO)C(O)C(O)C6O)C(O)C5O)CCCC4(C)C2CCC1(OC1OC(CO)C(O)C(O)C1OC1OC(CO)C(O)C(O)C1O)C3,sweet
C=C1CC23CCC4C(C)(C(=O)OC5OC(CO)C(OC6OC(CO)C(O)C(O)C6O)C(O)C5O)CCCC4(C)C2CCC1(OC1OC(CO)C(O)C(O)C1OC1OC(CO)C(OC2OC(CO)C(O)C(O)C2O)C(O)C1O)C3,sweet
C=C1CC23CCC4C(C)(C(=O)OC5OC(CO)C(O)C(O)C5O)CCCC4(C)C2CCC1(OC1OC(CO)C(O)C(O)C1OC1OC(CO)C(OC2OC(CO)C(OC4OC(CO)C(OC5OC(CO)C(O)C(O)C5O)C(O)C4O)C(O)C2O)C(O)C1O)C3,sweet
C=C1CC23CCC4C(C)(C(=O)OC5OC(CO)C(OC6OC(CO)C(O)C(O)C6O)C(O)C5O)CCCC4(C)C2CCC1(OC1OC(CO)C(O)C(O)C1OC1OC(CO)C(OC2OC(CO)C(OC4OC(CO)C(O)C(O)C4O)C(O)C2O)C(O)C1O)C3,sweet
C=C1CC23CCC4C(C)(C(=O)OC5OC(CO)C(OC6OC(CO)C(OC7OC(CO)C(O)C(O)C7O)C(O)C6O)C(O)C5O)CCCC4(C)C2CCC1(OC1OC(CO)C(O)C(O)C1OC1OC(CO)C(OC2OC(CO)C(O)C(O)C2O)C(O)C1O)C3,sweet
C=C1CC23CCC4C(C)(C(=O)OC5OC(CO)C(OC6OC(CO)C(OC7OC(CO)C(OC8OC(CO)C(O)C(O)C8O)C(O)C7O)C(O)C6O)C(O)C5O)CCCC4(C)C2CCC1(OC1OC(CO)C(O)C(O)C1OC1OC(CO)C(O)C(O)C1O)C3,sweet
COC(=O)C1OC(OOC2C(O)C(CO)OC(OC(=O)C34CCC(C)C(C)C3C3=CCC5C6(C)CC(O)CC(C)(CO)C6CCC5(C)C3(C)CC4)C2O)C(O)C(O)C1O,sweet
CC1OC(OC2C(OC3C(C(=O)O)OC(OC4CCC5(C)C(CCC6(C)C5CC=C5C7CC(C)(C)CC(O)C7(C)CCC56C)C4(C)CO)C(O)C3O)OC(CO)C(O)C2O)C(O)C(O)C1O,sweet
COC(=O)C1OC(OC2C(O)CC3(C)C(CCC4(C)C3CC=C3C5CC(C)(C)CCC5(C(=O)OC)CCC34C)C2(C)C)C(OC2OCC(O)C(O)C2O)C(O)C1O,sweet
COC(=O)C1OC(OC2C(O)CC3(C)C(CCC4(C)C3CC=C3C5C(C)C(C)CCC5(C(=O)OC)CCC34C)C2(C)CO)C(OC2OCC(O)C(O)C2O)C(O)C1O,sweet
C=C1CC23CCC4C(C)(C(=O)OC5OC(COC6OC(CO)C(O)C(O)C6O)C(O)C(O)C5O)CCCC4(C)C2CCC1(O)C3,sweet
CC1OC(OC2C(OC3C(OC4CCC5(C)C(CCC6(C)C5CC=C5C7CC(C)(COC8OC(CO)C(O)C(O)C8O)CC(=O)C7(C)CCC56C)C4(C)CO)OC(C(=O)O)C(O)C3O)OC(CO)C(O)C2O)C(O)C(O)C1O,sweet
CC1OC(OC(CO)C2OC(O)C(O)C2O)C(O)C(O)C1O,sweet
Nc1ncnc2c1ncn2C1OC(COP(=O)(O)OCP(=O)(O)OP(=O)(O)O)C(O)C1O,sweet
CC1(C)CCC2(C(=O)OC3OC(CO)C(O)C(O)C3O)CCC3(C)C(=CCC4C5(C)CCC(OC6OC(C(=O)O)C(OC7OCC(O)C(O)C7O)C(O)C6O)C(C)(CO)C5CCC43C)C2C1,sweet
COc1ccc(-c2coc3c(OC4OC(CO)C(O)C(O)C4O)c(O)ccc3c2=O)cc1O,sweet
CCCO[P+]([O-])(OCCC)OCC1OC(n2cnc3c(N)ncnc32)C(O)C1O,sweet
CCCCO[P+]([O-])(OCCCC)OCC1OC(n2cnc3c(N)ncnc32)C(O)C1O,sweet
CCCCCO[P+]([O-])(OCCCCC)OCC1OC(n2cnc3c(N)ncnc32)C(O)C1O,sweet
CC1(C)CCC2(C(=O)OC3OC(CO)C(O)C(O)C3O)CCC3(C)C(=CCC4C5(C)CCC(OC6OC(C(=O)O)C(O)C(OCC7OC(CO)C(O)C(O)C7O)C6OC6OCC(O)C(O)C6O)C(C)(C)C5CCC43C)C2C1,sweet
CC1(C)CCC2(C(=O)O)C(O)CC3(C)C(=CCC4C5(C)CCC(OC6OC(C(=O)O)C(O)C(O)C6OC6OC(CO)C(O)C(O)C6O)C(C)(C)C5CCC43C)C2C1,sweet
CC1(C)CCC2(C(=O)OC3OCC(O)C(O)C3O)C(O)CC3(C)C(=CCC4C5(C)CCC(OC6OC(C(=O)O)C(O)C(O)C6O)C(C)(C)C5CCC43C)C2C1,sweet
CC1(C)CCC2(C(=O)OC3OCC(O)C(O)C3O)C(O)CC3(C)C(=CCC4C5(C)CCC(OC6OC(C(=O)O)C(O)C(O)C6OC6OC(CO)C(O)C(O)C6O)C(C)(C)C5CCC43C)C2C1,sweet
CC1(C)CCC2(C(=O)OC3OCC(O)C(OC4OC(CO)C(O)C(O)C4O)C3O)C(O)CC3(C)C(=CCC4C5(C)CCC(OC6OC(C(=O)O)C(O)C(O)C6O)C(C)(C)C5CCC43C)C2C1,sweet
COC(=O)C1OC(OC2CCC3(C)C(CCC4(C)C3CC=C3C5CC(C)(C)CCC5(C(=O)OC)C(O)CC34C)C2(C)C)C(OC2OC(CO)C(O)C(O)C2O)C(O)C1O,sweet
COC(=O)C1OC(OC2CCC3(C)C(CCC4(C)C3CC=C3C5CC(C)(C)CCC5(C(=O)OC5OCC(O)C(O)C5O)C(O)CC34C)C2(C)C)C(OC2OC(CO)C(O)C(O)C2O)C(O)C1O,sweet
COC(=O)C1OC(OC2CCC3(C)C(CCC4(C)C3CC=C3C5CC(C)(C)CCC5(C(=O)OC5OCC(O)C(OC6OC(CO)C(O)C(O)C6O)C5O)C(O)CC34C)C2(C)C)C(O)C(O)C1O,sweet
CC1(C)CCC2(C(=O)OC3OCC(O)C(OC4OC(CO)C(O)C(O)C4O)C3O)C(O)CC3(C)C(=CCC4C5(C)CCC(OC6OC(C(=O)O)C(O)C(O)C6OC6OC(CO)C(O)C(O)C6O)C(C)(C)C5CCC43C)C2C1,sweet
COC(=O)C1OC(OC2CCC3(C)C(CCC4(C)C3CC=C3C5CC(C)(C)CCC5(C(=O)OC5OCC(O)C(OC6OC(CO)C(O)C(O)C6O)C5O)C(O)CC34C)C2(C)C)C(OC2OC(CO)C(O)C(O)C2O)C(O)C1O,sweet
CC(=O)C1CCC2C3CCC4CC(OC5OC(COC6OC(CO)C(O)C(O)C6O)C(O)C(O)C5OC5OC(CO)C(O)C(O)C5O)CCC4(C)C3CCC12C,sweet
COC(=O)C1OC(OC2CCC3(C)C(CCC4(C)C3CC=C3C5CC(C)(C)CC(O)C5(C)CCC34C)C2(C)CO)C(OC2OCC(O)C(O)C2OC2OC(C)C(O)C(O)C2O)C(O)C1O,sweet
CC1(C)CCC2(C(=O)OC3OC(CO)C(O)C(O)C3O)CCC3(C)C(=CCC4C5(C)CCC(OC6OC(C(=O)O)C(O)C(O)C6O)C(C)(C)C5CCC43C)C2C1O,sweet
Nc1c2ncn(C3OC(CO)C(O)C3O)c2nc[n+]1CCO,sweet
Nc1ncnc2c1ncn2C1OC(COP(=O)(O)OP(=O)(O)C(O)[P+]([O-])(O)O)C(O)C1O,sweet
Nc1ncnc2c1ncn2C1OC(COP(=O)(O)OP(=O)(O)C(Br)(Br)[P+]([O-])(O)O)C(O)C1O,sweet
Nc1nc(Cl)nc2c1ncn2C1OC(COP(=O)(O)OP(=O)(O)C(Cl)(Cl)[P+]([O-])(O)O)C(O)C1O,sweet
COC1OC(C(CO)OC2OC(CO)C(O)C(O)C2O)C(O)C1O,sweet
COC1OC(COC2(CO)OC(CO)C(O)C2O)C(O)C(O)C1O,sweet
Nc1ncnc2c1ncn2C1OC2CO[P+]([O-])(OP(=O)(O)C[P+]([O-])(O)O)OC2C1O,sweet
CC1OC(OC2C(OC3C(OC4CCC5(C)C(CCC6(C)C5CC=C5C7CC(C)(C)C(O)CC7(C)CCC56C)C4(C)CO)OC(C(=O)O)C(O)C3O)OC(C(=O)O)C(O)C2O)C(O)C(O)C1O,sweet
CC12CCC3(C)C(=CC=C4C5(C)CCC(OC6OC(C(=O)O)C(O)C(O)C6OC6OC(C(=O)O)C(O)C(O)C6O)C(C)(C)C5CCC43C)C1CC(C)(C(=O)O)C(O)C2,sweet
CC1OC(OC2C(OC3C(OC4CCC5(C)C(CCC6(C)C5CC=C5C7CC(C)(C(=O)O)C(O)CC7(C)CCC56C)C4(C)CO)OC(C(=O)O)C(O)C3O)OC(C(=O)O)C(O)C2O)C(O)C(O)C1O,sweet
CC12CCC3(C)C(=CCC4C5(C)CCC(OC6OC(C(=O)O)C(O)C(O)C6OC6OC(C(=O)O)C(O)C(O)C6O)C(C)(CO)C5CCC43C)C1CC(C)(C(=O)O)C(O)C2,sweet
COC(=O)C1OC(OC2CCC3(C)C(CCC4(C)C3CC=C3C5CC(C)(C)CCC5(C(=O)OC)CCC34C)C2(C)C)C(O)C(OC2OC(CO)C(O)C(O)C2O)C1OC1OC(CO)C(O)C1O,sweet
COC(=O)C1OC(OC2CCC3(C)C(CCC4(C)C3CC=C3C5CC(C)(C)CCC5(C(=O)OC)CCC34C)C2(C)C)C(OC2OCC(O)C(O)C2O)C(OC2OC(CO)C(O)C(O)C2O)C1O,sweet
COC(=O)C1OC(OC2CCC3(C)C(CCC4(C)C3CC=C3C5CC(C)(C)CCC5(C(=O)O)CCC34C)C2(C)C)C(O)C(OC2OC(CO)C(O)C(O)C2O)C1OC1OC(CO)C(O)C1O,sweet
COC(=O)C1OC(OC2CCC3(C)C(CCC4(C)C3CC=C3C5CC(C)(C)CCC5(C(=O)O)CCC34C)C2(C)C)C(OC2OC(CO)C(O)C(O)C2O)C(O)C1OC1OC(CO)C(O)C1O,sweet
COC(=O)C1OC(OC2CCC3(C)C(CCC4(C)C3CC=C3C5CC(C)(C)CCC5(C(=O)O)CCC34C)C2(C)C)C(OC2OCC(O)C(O)C2O)C(OC2OC(CO)C(O)C(O)C2O)C1O,sweet
CC1=C(O)C(=O)CC(OC2CC(C)(C)CC3C4=CCC5C6(C)CCC(OC7OC(C(=O)O)C(O)C(O)C7OC7OCC(O)C(O)C7OC7OC(CO)C(O)C(O)C7O)C(C)(CO)C6CCC5(C)C4(C)CCC23C)O1,sweet
COc1ccc(C2CC(=O)c3c(O)cc(OC4OC(C)C(O)C(O)C4OC4OC(C)C(O)C(O)C4O)cc3O2)cc1O,sweet
COc1ccc(C2CC(=O)c3c(O)cc(O)cc3O2)cc1OC1OC(C)C(O)C(O)C1OC1OC(C)C(O)C(O)C1O,sweet
COc1ccc(CCC(=O)c2ccc(OC3OC(C)C(O)C(O)C3OC3OC(C)C(O)C(O)C3O)cc2O)cc1O,sweet
C=C1CC23CCC4C(C)(C(=O)OC5OC(CO)C(O)C(O)C5O)CCCC4(C)C2CCC1(OC1OC(COC2OC(CO)C(O)C(O)C2O)C(O)C(O)C1OC1OC(COC2OC(CO)C(O)C(O)C2O)C(O)C(O)C1O)C3,sweet
Nc1ncnc2c1[N+]=CN2C1OC2CO[P+]([O-])(O[NH3+])OC2C1O,sweet
NO[P+]1([O-])OCC2OC(N3C=[N+]c4c(N)ncnc43)C(O)C2O1,sweet
COc1cc(O)c2c(=O)cc(-c3ccc(O)c(O)c3)oc2c1C1OC(CO)C(O)C(O)C1OC1OCC(O)C(O)C1O,sweet
CC1(C)CCC2(C(=O)O)CCC3(C)C(=CCC4C5(C)CCC(OC6OC(CO)C(O)C(OC7OC(C(=O)O)C(O)C(O)C7O)C6OC6OCC(O)C(O)C6O)C(C)(C)C5CCC43C)C2C1,sweet
CC1CCC2(C(=O)O)CCC3(C)C(=CCC4C5(C)CCC(OC6OC(C(=O)O)C(O)C(O)C6OC6OC(CO)C(O)C(O)C6OC6OC(CO)C(O)C(O)C6O)C(C)(C)C5CCC43C)C2C1C,sweet
[O-][P+]([O-])([O-])Nc1ncnc2c1ncn2C1OC(CO)C(O)C1O,sweet
COc1ccc(-c2cc(=O)c3ccc(OC4OC(CO)C(O)C(O)C4O)cc3o2)cc1O,sweet
C=C1CC23CCC4C(C)(C(=O)OC5OC(COC6(CO)OC(CO)C(O)C6O)C(O)C(O)C5O)CCCC4(C)C2CCC1(OC1OC(CO)C(O)C(O)C1OC1OC(CO)C(O)C(O)C1O)C3,sweet
Nc1ncnc2c1ncn2C1OC(COP(=O)(O)N2CCCCC2)C(O)C1O,sweet
COP(=O)(O)COC1C(O)C(CO)OC1n1cnc2c(N)ncnc21,sweet
CC1=C(O)C(=O)CC(OC2CC(C)(C)CC3C4=CCC5C6(C)CCC(OC7OC(C(=O)O)C(O)C(O)C7OC7OC(CO)C(O)C(O)C7OC7OC(C)C(O)C(O)C7O)C(C)(CO)C6CCC5(C)C4(C)CCC23C=O)O1,sweet
CC1(C)CCC2(C(=O)O)CCC3(C)C(=CCC4C5(C)CC(O)C(OC6OC(CO)C(O)C(OC7OC(C(=O)O)C(O)C(O)C7O)C6O)C(C)(C(=O)O)C5CCC43C)C2C1,sweet
C=C1CCC2(C(=O)O)CCC3(C)C(=CCC4C5(C)CC(O)C(OC6OC(C(=O)O)C(O)C(OC7OC(C(=O)O)C(O)C(O)C7O)C6O)C(C)(C(=O)O)C5CCC43C)C2C1,sweet
OCC1CC(O)C(O)C(O)(CO)O1,sweet
CONc1ncnc2c1ncn2C1OC2COP(=O)(O)OC2C1O,sweet
CCN(CC)c1nc2c(N)ncnc2n1C1OC2COP(=O)(O)OC2C1O,sweet
CC1OC(OC2C(O)C(OC3CCC4(C)C(CCC5(C)C4CC=C4C6CC(C)(C)CCC6(C(=O)OC6OC(CO)C(O)C(O)C6O)CCC45C)C3(C)CO)OC(C(=O)O)C2O)C(O)C(O)C1O,sweet
CC1OC(OC2C(CO)OC(Oc3c(-c4ccc(O)c(O)c4)oc4cc(OCCO)cc(O)c4c3=O)C(O)C2O)C(O)C(O)C1O,sweet
CC1(C)CCC2(C(=O)O)CCC3(C)C(=CCC4C5(C)CCC(OC6OC(C(=O)O)C(O)C(OC7OC(CO)C(O)C(O)C7O)C6OC6OC(CO)C(O)C(O)C6O)C(C)(CO)C5CCC43C)C2C1,sweet
COc1cc(-c2cc(=O)c3c(OC)cc(O)cc3o2)ccc1OC1OC(CO)C(O)C(O)C1O,sweet
CC1(C)CCC2(C(=O)O)CCC3(C)C(=CCC4C5(C)CCC(OC6OC(C(=O)O)C(O)C(OC7OCC(O)C(O)C7O)C6OC6OCC(O)C(O)C6O)C(C)(C)C5CCC43C)C2C1,sweet
COC(=O)C1OC(OC2CCC3(C)C(CCC4(C)C3CC=C3C5CC(C)(C)CCC5(C(=O)OC)CCC34C)C2(C)C)C(O)C(OC2OC(CO)C(O)C(O)C2O)C1O,sweet
COC(=O)C1OC(OC2CCC3(C)C(CCC4(C)C3CC=C3C5CC(C)(C)CCC5(C(=O)OC)CCC34C)C2(C)C)C(OC2OCC(O)C(O)C2O)C(OC2OCC(O)C(O)C2O)C1O,sweet
COC(=O)C1OC(OC2CCC3(C)C(CCC4(C)C3CC=C3C5CC(C)(C)CCC5(C(=O)OC)CCC34C)C2(C)C)C(OC2OCC(O)C(O)C2O)C(O)C1O,sweet
COc1ccc(C2CC(=O)c3c(O)cc(OC4OC(COC5OC(C)C(O)C(O)C5O)C(OC5OC(CO)C(OC6OC(CO)C(O)C(O)C6O)C(O)C5O)C(O)C4O)cc3O2)cc1O,sweet
COC(=O)C(Cc1ccccc1C)NC(=O)C(N)CC(=O)O,sweet
CC1(C)C=C2C3CCC4C5(C)CCC(OC6OC(C(=O)O)C(O)C(OC7OCC(O)C(O)C7O)C6OC6OC(CO)C(O)C(O)C6O)C(C)(C)C5CCC4(C)C3(C)CCC2(C(=O)O)CC1,sweet
COCC(C)OC1OC(CO)C(O)C(O)C1O,sweet
CCCCC(C)OC1OC(CO)C(O)C(O)C1O,sweet
[O-]C1OC(C(O)CO)C(O)C1OC1OC(CO)C(O)C(O)C1O,sweet
COC1CC(CO)OC(OC)C1OC,sweet
CC1OC(OC2C(CO)OC(OCC3OC(OC(=O)C45CCC(C)(C)CC4C4=CCC6C7(C)CCC(OC8OC(C(=O)O)C(O)C(O)C8O)C(C)(C)C7CCC6(C)C4(C)CC5)C(O)C(O)C3O)C(O)C2O)C(O)C(O)C1O,sweet
COC(=O)C1OC(OC2CCC3(C)C(CCC4(C)C3CC=C3C5CC(C)(C(=O)OC)CCC5(C(=O)OC)CCC34C)C2(C)CO)C(O)C(OC2OCC(O)C(O)C2O)C1O,sweet
COC(=O)C1OC(OC2CCC3(C)C(CCC4(C)C3CC=C3C5CC(C)(C(=O)OC)CCC5(C(=O)OC5OC(CO)C(O)C(O)C5O)CCC34C)C2(C)CO)C(O)C(OC2OCC(O)C(O)C2O)C1O,sweet
COC(=O)C1OC(OC2CCC3(C)C(CCC4(C)C3CC=C3C5CC(C)(C(=O)OC)CCC5(C(=O)OC5OC(CO)C(O)C(O)C5O)CCC34C)C2(C)C)C(O)C(OC2OCC(O)C(O)C2O)C1O,sweet
COC(=O)C1OC(OC2CCC3(C)C(CCC4(C)C3CC=C3C5CC(C)(C)CCC5(C(=O)OC5OC(CO)C(O)C(O)C5O)CCC34C)C2(C)CO)C(O)C(OC2OCC(O)C(O)C2O)C1O,sweet
COC(=O)C1OC(OC2CCC3(C)C(CCC4(C)C3CC=C3C5CC(C)(C)CCC5(C(=O)OC5OC(CO)C(O)C(O)C5O)CCC34C)C2(C)CO)C(O)C(OC2OC(CO)C(O)C(O)C2O)C1O,sweet
COC(=O)C1OC(OC2CCC3(C)C(CCC4(C)C3CC=C3C5CC(C)(C)CCC5(C(=O)O)CCC34C)C2(C)CO)C(O)C(OC2OCC(O)C(O)C2O)C1O,sweet
CC(=O)OC1C(OC2CCC3(C)C(CCC4(C)C3CC=C3C5CC(C)(C)CCC5(C(=O)OC5OC(CO)C(O)C(O)C5O)CCC34C)C2(C)C)OC(C(=O)O)C(OC2OC(CO)C(O)C2O)C1O,sweet
CC1(C)CCC2(C(=O)OC3OC(CO)C(O)C(O)C3O)CCC3(C)C(=CCC4C5(C)CCC(OC6OC(C(=O)O)C(OC7OCC(O)C(O)C7O)C(O)C6OC6OCC(O)C(O)C6O)C(C)(C)C5CCC43C)C2C1,sweet
COc1ccc(C2Cc3cccc(O)c3C(=O)O2)cc1OC(C)C,sweet
COc1ccc(C2CC(=O)c3c(O)cc(OC4OC(CO)C(O)C(O)C4O)cc3O2)cc1OC1OC(CO)C(O)C(O)C1O,sweet
COc1cc(-c2oc3cc(O)cc(OC)c3c(=O)c2OC2OC(CO)C(O)C(O)C2OC2OC(C)C(O)C(O)C2O)ccc1O,sweet
C=Cc1nc2c(N)ncnc2n1C1OC(COP(=O)(O)O)C(O)C1O,sweet
C=Cc1nc2c(N)ncnc2n1C1OC(COP(=O)(O)OP(=O)(O)OP(=O)(O)O)C(O)C1O,sweet
CC(=O)OC1C(C(=O)O)OC(OC2C(O)CC3(C)C(CCC4(C)C3CC=C3C5CC(C)(C)CCC5C(O)C(=O)C34C)C2(C)C(=O)O)C(O)C1O,sweet
COC(=O)C1OC(OC2C(O)CC3(C)C(CCC4(C)C3CC=C3C5CC(C)(C)CCC5C(O)C(=O)C34C)C2(C)C(=O)O)C(O)C(O)C1OC(C)=O,sweet
O=C(CCc1ccc(O)c(O)c1)c1c(O)cc(O)cc1OC1OC(CO)C(O)C(O)C1OC1OCC(O)C(O)C1O,sweet
COC1OC(COC2OC(CO)C(O)C(O)C2OC)C(O)C(O)C1O,sweet
COC1C(Oc2c(-c3ccc(O)c(O)c3)oc3cc(O)cc(O)c3c2=O)OC(C)C(O)C1OC,sweet
COc1cc(-c2coc3c(C4OC(COC5OC(CO)C(O)C(O)C5O)C(O)C(O)C4O)c(O)ccc3c2=O)ccc1O,sweet
COc1cc(-c2coc3c(C4OC(CO)C(O)C(O)C4O)c(O)ccc3c2=O)ccc1OC1OC(CO)C(O)C(O)C1O,sweet
COC(=O)C(OC)C1CC2(C)C(CCC3(C)C2CC=C2C4CC(C)(C)CCC4(C)CCC23C)C(C)(CO)C1OC1OC(C(=O)O)C(O)C(O)C1OC1OC(CO)C(O)C(O)C1OC1OC(C)C(O)C(O)C1O,sweet
COC(=O)C1OC(OC2C(C(OC)C(=O)OC)CC3(C)C(CCC4(C)C3CC=C3C5CC(C)(C)CCC5(C)CCC34C)C2(C)CO)C(OC2OC(CO)C(O)C(O)C2OC2OC(C)C(O)C(O)C2O)C(O)C1O,sweet
CC(CCC(=O)C(C)C1CCC2C3CC(=O)C4CC(OC5OC(CO)C(O)C(O)C5O)CCC4(C)C3CCC12C)COC1OC(CO)C(O)C(O)C1O,sweet
OCC1CC(O)C(O)C(OC2OC(CO)C(O)C(O)C2O)O1,sweet
OCC1CCC(O)C(OC2OC(CO)C(O)C(O)C2O)O1,sweet
C=C1CC23CCC4C(C)(C(=O)O)CCCC4(C)C2CCC1(OC1OC(CO)C(O)C(OC2OC(CO)C(O)C(O)C2O)C1OC1OC(C)C(O)C(O)C1O)C3,sweet
OCC(OC1OC(CO)C(O)C(O)C1O)C(O)C(CO)OC1OC(CO)C(O)C(O)C1O,sweet
CCCCOC(=O)C1OC(OC2CCC3(C)C(CCC4(C)C3CC=C3C5CC(C)(C)CCC5(C(=O)O)CCC34C)C2(C)C)C(OC2OC(C)C(O)C(O)C2O)C(O)C1O,sweet
CCCCOC(=O)C1OC(OC2CCC3(C)C(CCC4(C)C3CC=C3C5CC(C)(C)CCC5(C(=O)O)CCC34C)C2(C)C)C(OC2OCC(O)C(O)C2O)C(O)C1O,sweet
CC1OC(OC2C(OC3C(OC4CCC5(C)C(CCC6(C)C5CC=C5C7CC(C)(CO)CC(=O)C7(C)CCC56C)C4(C)CO)OC(C(=O)O)C(O)C3O)OCC(O)C2O)C(O)C(O)C1O,sweet
CC1OC(OC2C(OC3C(OC4CCC5(C)C(CCC6(C)C5CC=C5C7CC(C)(CO)CC(O)C7(C)CCC56C)C4(C)CO)OC(C(=O)O)C(O)C3O)OCC(O)C2O)C(O)C(O)C1O,sweet
Nc1ncnc2c1ncn2C1OC(COP(=O)(O)CP(=O)(O)OP(=O)(O)OP(=O)(O)O)C(O)C1O,sweet
CC(=O)C1C(O)CC2C3CCC4CC(OC5OC(CO)C(OC6OC(CO)C(O)C(OC7OCC(O)C(O)C7O)C6OC6OC(CO)C(O)C(O)C6O)C(O)C5O)CCC4(C)C3CCC21C,sweet
CC1OC(OC2C(OC(=O)C34CCC(C)(C)CC3C3=CCC5C6(C)CCC(OC7OC(C(=O)O)C(O)C(O)C7O)C(C)(C)C6CCC5(C)C3(C)CC4O)OCC(O)C2OC2OC(CO)C(O)C(O)C2O)C(O)C(O)C1O,sweet
COC1OC(CO)C(O)C(O)C1OC1OC(CO)C(O)CC1O,sweet
COC1OC(CO)C(O)C(O)C1OC1OC(CO)CC(O)C1O,sweet
CCCOC1OC(CO)C(O)C(OC2OC(CO)C(O)C(O)C2O)C1O,sweet
COc1cc(-c2cc(=O)c3c(O)cc(C4OC(CO)C(O)C(O)C4OC4OC(C)C(O)C(O)C4O)cc3o2)ccc1O,sweet
CC1(C)CC(=O)C2(C)CCC3(C)C(=CCC4C5(C)CCC(OC6OC(C(=O)O)C(O)C(O)C6OC6OCC(O)C(O)C6O)C(C)(CO)C5CCC43C)C2C1,sweet
COc1c(O)c(OC)c2oc(-c3cc(O)ccc3OC3OC(CO)C(O)C(O)C3O)cc(=O)c2c1O,sweet
CC1(C(=O)O)CCC2(C)CCC3(C)C(=CC(=O)C4C5(C)CCC(OC6OC(C(=O)O[NH3+])C(O)C(OC7OC(C(=O)O[NH3+])C(O)C(O)C7O)C6O)C(C)(C)C5CCC43C)C2C1,sweet
CC1(C(=O)O)CCC2(C)CCC3(C)C(=CC(=O)C4C5(C)CCC(OC6OC(C(=O)ON)C(O)C(OC7OC(C(=O)ON)C(O)C(O)C7O)C6O)C(C)(C)C5CCC43C)C2C1,sweet
O=C(c1ccc(O)c(O)c1)c1c(O)cc(O)c(OC2OC(CO)C(O)C(O)C2O)c1O,sweet
O=C(CCc1ccc(O)cc1)c1c(O)c(OC2OC(CO)C(O)C(O)C2O)c(O)c(OC2OC(CO)C(O)C(O)C2O)c1O,sweet
CCCOC1OC(C(O)CO)C(OC2OC(CO)C(O)C(O)C2O)C1O,sweet
COc1cc(-c2oc3cc(O)cc(O)c3c(=O)c2OC2OCC(O)C(O)C2OC2OC(CO)C(O)C(O)C2O)ccc1O,sweet
CCCC(C)OC1OC(C)C(O)C(O)C1O,sweet
CCCCC(C)OC1OC(C)C(O)C(O)C1O,sweet
COC(=O)C1OC(OC2CCC3(C)C(CCC4(C)C3CC=C3C5CC(C)(C)CCC5(C(=O)O)CCC34C)C2(C)C)C(OC2OC(CO)C(O)C(O)C2O)C(O)C1OC1OCC(O)C(O)C1O,sweet
CC1(C)CC(O)C2(C(=O)O)CCC3(C)C(=CCC4C5(C)CCC(OC6OC(C(=O)O)C(OC7OCC(O)C(O)C7O)C(O)C6O)C(C)(C)C5CCC43C)C2C1,sweet
CC1(C)CCC2(C(=O)O)CCC3(C)C(=CCC4C5(C)CCC(OC6OC(C(=O)O)C(OC7OCC(O)C(O)C7O)C(O)C6O)C(C)(CO)C5CCC43C)C2C1,sweet
COc1c(O)cc(-c2oc3cc(O)cc(O)c3c(=O)c2OC2OCC(O)C(O)C2O)cc1O,sweet
COC(=O)C1(C(=O)O)CC(OC(C)=O)C2(C)CCC3(C)C(=CC(=O)C4C5(C)CCC(C6OC(C(=O)O)C(O)C(O)C6OC6OC(C(=O)O)C(O)C(O)C6O)C(C)(C)C5CCC43C)C2C1,sweet
CC1OC(C2CC(C)(C)CC3C4=CC(=O)C5C6(C)CCC(C7OC(C(=O)O)C(O)C(O)C7OC7OC(C(=O)O)C(O)C(O)C7O)C(C)(C)C6CCC5(C)C4(C)CCC32C)C(O)C(O)C1O,sweet
O=c1c(C2OC(COC3OCC(O)C(O)C3O)C(O)C(O)C2O)c(-c2ccc(O)c(O)c2)oc2cc(O)cc(O)c12,sweet
CC1OC(OCC2OC(c3c(-c4ccc(O)c(O)c4)oc4cc(O)cc(O)c4c3=O)C(O)C(O)C2O)C(O)C(O)C1O,sweet
CC1OC(OCC2OC(c3c(-c4ccc(O)c(O)c4)oc4cc(O)cc(O)c4c3=O)C(O)C(O)C2O)C(OC2OCC(O)C(O)C2O)C(O)C1O,sweet
COc1cc(-c2coc3c(OC4OC(COC5OCC(O)(CO)C5O)C(O)C(O)C4O)c(O)ccc3c2=O)ccc1O,sweet
COc1cc(OC2OC(CO)C(O)C(O)C2O)cc2oc(-c3cc(O)c(O)c(O)c3)cc(=O)c12,sweet
CC1OC(OC2C(OC3CCC4(C)C(CCC5(C)C4CC=C4C6CC(C)(C)CCC6(C(=O)OC6OC(C(=O)O)C(O)C(O)C6O)CCC45C)C3(C)C)OC(CO)C(O)C2O)C(O)C(O)C1O,sweet
CC1OC(OC2C(OC3CCC4(C)C(CCC5(C)C4CC(=O)C4C(C6(C)CCC(C(C)(C)O)O6)CCC45C)C3(C)C)OC(CO)C(O)C2OC2OC(C)C(O)C(O)C2O)C(O)C(O)C1O,sweet
COC1OCC(O)C(O)C1OC1OC(CO)C(O)C(O)C1O,sweet
OCC(O)COC1OCC(OC2OC(CO)C(O)C(O)C2O)C(O)C1O,sweet
OCC(CO)OC1OCC(OC2OC(CO)C(O)C(O)C2O)C(O)C1O,sweet
COC(=O)C1OC(OC2CCC3(C)C(CCC4(C)C3CC=C3C5CC(C)(C)CCC5(C(=O)O)CCC34C)C2(C)CO)C(O)C(O)C1O,sweet
CCCCOC(=O)C1OC(OC2CCC3(C)C(CCC4(C)C3CC=C3C5CC(C)(C)CCC5(C(=O)O)CCC34C)C2(C)C)C(O)C(O)C1O,sweet
CCCCOC(=O)C1OC(OC2CCC3(C)C(CCC4(C)C3CC=C3C5CC(C)(C)CCC5(C(=O)O)CCC34C)C2(C)C)C(O)C(OC2OC(CO)C(O)C(O)C2O)C1O,sweet
CC1OC(OC2C(OC3CCC4(C)C(CCC5(C)C4CC(=O)C4C(C(C)(O)CCC(O)C(C)(C)O)CCC45C)C3(C)C)OC(CO)C(O)C2OC2OC(C)C(O)C(O)C2O)C(O)C(O)C1O,sweet
COC1COC(OC)C(OC)C1OC1OC(C)C(O)C(OC)C1OC,sweet
OCC1OC2OCCOCCOCCOCCOC1C(O)C2O,sweet
OCC1OC2OCCOCCOCCOCCOCCOCCOCCOC1C(O)C2O,sweet
CC1OC(OC2C(CO)OC(OC3C(C(=O)O)OC(OC4CCC5(C)C(CCC6(C)C5CC=C5C7CC(C)(C)CC(O)C7(C)CCC56C)C4(C)CO)C(O)C3O)C(O)C2O)C(O)C(O)C1O,sweet
COc1cc(O)c2c(=O)cc(-c3c(O)cccc3OC3OC(CO)C(O)C(O)C3O)oc2c1OC,sweet
COc1c(OC2OC(CO)C(O)C(O)C2O)cc2c(c1O)C(=O)CC(c1ccccc1)O2,sweet
CC1(C)CCC2C(=O)CC3(C)C(=CCC4C5(C)CCC(OC6OC(C(=O)O)C(O)C(O)C6O)C(C)(C)C5CCC43C)C2C1,sweet
CC1OC(OC2C(OC(=O)C34CCC(C)(C)CC3C3=CCC5C6(C)CCC(OC7OC(C(=O)O)C(O)C(O)C7O)C(C)(C)C6CCC5(C)C3(C)CC4)OCC(O)C2O)C(O)C(O)C1O,sweet
CC1(C)CCC2(C(=O)OCC(=O)O)C(O)CC3(C)C(=CCC4C5(C)CCC(OC6OC(C(=O)O)C(O)C(O)C6O)C(C)(C)C5CCC43C)C2C1,sweet
COc1cc(O)c2c(=O)cc(-c3cc(OC)c(OC)c(OC4OC(CO)C(O)C(O)C4O)c3OC)oc2c1,sweet
CC(C)C(C)C(O)C(O)C(C)C1CCC2C3CC(=O)C4CC(OC5OC(CO)C(OC6OC(CO)C(O)C(O)C6O)C(O)C5O)CCC4(C)C3CCC12C,sweet
CC1OC(OC2C(=O)c3c(O)cc(O)cc3OC2c2ccc(O)c(OC3OC(CO)C(O)C(O)C3O)c2)C(O)C(O)C1O,sweet
CC(O)CC(C)OC1OC(CO)C(O)C(O)C1O,sweet
CC(O)CC(C)OC1OC(COC2OCC(O)C(O)C2O)C(O)C(O)C1O,sweet
O=c1c(-c2ccc(OC3OC(CO)C(O)C(O)C3O)c(O)c2)coc2c(C3OC(CO)C(O)C(O)C3O)c(O)ccc12,sweet
COc1cc(-c2cc(=O)c3c(O)cc(OC4OC(CO)C(O)C(O)C4OC4OC(CO)C(O)C4O)cc3o2)ccc1O,sweet
CC1OC(OC2C(O)C(CO)OC(OC(=O)C34CCC(C)(C)CC3C3=CCC5C6(C)CCC(OC7OC(C(=O)O)C(OC8OC(CO)C(O)C(O)C8O)C(O)C7O)C(C)(C)C6CCC5(C)C3(C)CC4)C2O)C(O)C(O)C1O,sweet
CC1(C(=O)OC2OC(COC3OC(CO)C(O)C(O)C3O)C(O)C(O)C2O)CCC2(C)CCC3(C)C(=CCC4C5(C)CCC(OC6OC(C(=O)O)C(O)C(O)C6OC6OC(CO)C(O)C(O)C6O)C(C)(CO)C5CCC43C)C2C1,sweet
[N-]=[N+]=Nc1nc2c(N)ncnc2n1C1OC(COP(=O)(O)OP(=O)(O)OP(=O)([O-])[O-])C(O)C1O,sweet
COC(=O)C1OC(OC2CCC3(C)C(CCC4(C)C3CC=C3C5CC(C)(C)CC(O)C5(COC5OC(C)C(O)C(O)C5O)C(OC(C)=O)CC34C)C2(C)C)C(O)C(OC2OC(CO)C(O)C(O)C2O)C1O,sweet
COC(=O)C1OC(OC2CCC3(C)C(CCC4(C)C3CC=C3C5CC(C)(C)CC(O)C5(CO)C(O)CC34C)C2(C)C)C(O)C(OC2OC(CO)C(O)C(O)C2O)C1O,sweet
CC(=O)OC1CC(C)(C)CC2C3=CCC4C5(C)CCC(OC6OC(C(=O)O)C(O)C(OC7OC(CO)C(O)C(O)C7O)C6O)C(C)(C)C5CCC4(C)C3(C)CC(O)C12COC1OC(C)C(O)C(O)C1O,sweet
CC(=O)OC1CC(C)(C)CC2C3=CCC4C5(C)CCC(OC6OC(C(=O)O)C(O)C(O)C6O)C(C)(C)C5CCC4(C)C3(C)CC(O)C12COC1OC(C)C(O)C(O)C1O,sweet
CC(=O)OC1CC2(C)C(=CCC3C4(C)CCC(OC5OC(C(=O)O)C(O)C(O)C5O)C(C)(C)C4CCC32C)C2CC(C)(C)CC(O)C12COC1OC(C)C(O)C(O)C1O,sweet
CC1(C)CC(O)C2(COC3OC(CO)C(O)C(O)C3O)C(O)CC3(C)C(=CCC4C5(C)CCC(OC6OC(C(=O)O)C(O)C(OC7OC(CO)C(O)C(O)C7O)C6O)C(C)(C)C5CCC43C)C2C1,sweet
CC1(C)CC(O)C2(CO)C(O)CC3(C)C(=CCC4C5(C)CCC(OC6OC(C(=O)O)C(O)C(OC7OC(CO)C(O)C(O)C7O)C6O)C(C)(C)C5CCC43C)C2C1,sweet
CC1(C)CC(O)C2(COC3OC(CO)C(O)C(O)C3O)C(O)CC3(C)C(=CCC4C5(C)CCC(OC6OC(C(=O)O)C(O)C(O)C6O)C(C)(C)C5CCC43C)C2C1,sweet
CC1(C)CCC2(COC3OC(CO)C(O)C(O)C3O)C(O)CC3(C)C(=CCC4C5(C)CCC(OC6OC(C(=O)O)C(O)C(OC7OC(CO)C(O)C(O)C7O)C6O)C(C)(C)C5CCC43C)C2C1,sweet
CC1OC(OCC23C(O)CC(C)(C)CC2C2=CCC4C5(C)CCC(OC6OC(C(=O)O)C(O)C(OC7OC(CO)C(O)C(O)C7O)C6O)C(C)(C)C5CCC4(C)C2(C)CC3O)C(O)C(O)C1O,sweet
OCC1OC(F)C(O)C(O)C1OC1OCC(O)C(O)C1O,sweet
COc1c(O)cc(-c2oc3cc(OC4OC(CO)C(O)C(O)C4O)cc(O)c3c(=O)c2O)cc1O,sweet
O=C1CC(c2ccc(O)c(O)c2)Oc2cc(OC3OC(CO)C(O)C(O)C3O)c(O)c(O)c21,sweet
O=C1CC(c2ccc(O)c(O)c2)Oc2c(O)c(OC3OC(CO)C(O)C(O)C3O)cc(O)c21,sweet
Cc1ccc(N=NC(=NNc2ccccc2)c2ccc(C)cc2)cc1,sweet
COC(=O)COC1OC2C(O)C(OC3CCC4(C)C(CCC5(C)C4CC=C4C6CC(C)(C)CCC6(C(=O)OC6OC(CO)C(O)C(O)C6O)CCC45C)C3(C)C)OC(C(=O)O)C2OC1(O)C(=O)O,sweet
COC(=O)COC1OC2C(O)C(OC3CCC4(C)C(CCC5(C)C4CC=C4C6CC(C)(C)CCC6(C(=O)OC6OC(CO)C(O)C(O)C6O)CCC45C)C3(C)C)OC(C(=O)OC)C2OC1(O)C(=O)OC,sweet
Nc1nc(N)c2ncn(C3OC(COP(=O)(O)OP(=O)(O)C(Br)(Br)[P+]([O-])(O)O)C(O)C3O)c2n1,sweet
Nc1ncnc2c1ncn2C1OC(COP(=O)(O)OP(=O)(O)C[P+]([O-])([O-])O)C(O)C1O,sweet
CC(O)COC1OC(COC2OCC(O)C(O)C2O)C(O)C(O)C1O,sweet
CCCC(C)OC1OC(COC2OCC(O)C(O)C2O)C(O)C(O)C1O,sweet
COC(=O)C1OC(OC2C(O)CC3(C)C(CCC4(C)C3CC=C3C5CC(C)(C)CCC5(C(=O)O)CCC34C)C2(C)CO)C(O)C(O)C1OC1OC(CO)C(O)C(O)C1O,sweet
N=C([O-])CCC(N)COP(=O)(O)OCC1OC(n2cnc3c(N)ncnc32)C(O)C1O,sweet
COc1c(O)cc(C2CC(=O)c3ccc(OC4OC(COC5OC(C)C(O)C(O)C5O)C(O)C(O)C4O)cc3O2)cc1O,sweet
COc1ccc(-c2cc(=O)c3c(O)cc(OC4OC(CO)C(O)C(O)C4OC4OCC(O)(CO)C4O)cc3o2)cc1O,sweet
Nc1ncnc2c1ncn2C1OC(COP(=O)(O)O)C(O)([P+](=O)[O-])C1O,sweet
COc1cc2oc(-c3ccc(O)cc3)cc(=O)c2c(O)c1OC1OC(COC2OCC(O)C(O)C2O)C(O)C(O)C1O,sweet
COc1ccc(-c2cc(=O)c3c(O)c(OC4OC(COC5OCC(O)C(O)C5O)C(O)C(O)C4O)c(O)cc3o2)cc1,sweet
COc1ccc(-c2cc(=O)c3c(O)c(OC4OC(CO)C(O)C(OC5OC(C)C(O)C(O)C5O)C4O)c(O)cc3o2)cc1,sweet
COc1ccc(-c2cc(=O)c3c(O)cc(O)c(OC4OC(CO)C(O)C(OC5OC(C)C(O)C(O)C5O)C4O)c3o2)cc1,sweet
Nc1ncnc2c1ncn2C1OC(COP(=O)(O)N(OP(=O)(O)O)OP(=O)(O)O)C(O)C1O,sweet
COC1(CO)OC(COC2OC(CO)C(O)C(O)C2O)C(O)C1O,sweet
COc1cc(O)cc2oc3cc(OC4OC(CO)C(O)C(O)C4O)c(O)cc3c(=O)c12,sweet
COc1cc(OC2OC(CO)C(O)C(O)C2O)cc2oc3c(O)c(O)ccc3c(=O)c12,sweet
CC1(C)CCC2(C(=O)O)CCC3(C)C(=CCC4C5(C)CCC(OC6OC(C(=O)O)C(O)C(O)C6O)C(C)(COC6OC(CO)C(O)C(O)C6O)C5CCC43C)C2C1O,sweet
COc1cc(-c2coc3cc(O)c(OC)c(O)c3c2=O)ccc1OC1OC(COC2OC(CO)C(O)C(O)C2O)C(O)C(O)C1O,sweet
COc1ccc(-c2oc3cc(O)cc(O)c3c(=O)c2O)cc1OC1OC(CO)C(O)C(O)C1O,sweet
OCC1OC(O)C(OCCCCOC2C(O)OC(CO)C(O)C2O)C(O)C1O,sweet
CCCCOC1C(CO)OC(OC)C(OCCCC)C1O,sweet
CCOCC(CO)OC1OC(CO)C(O)C(O)C1O,sweet
COc1cc(-c2[o+]c3cc(O)ccc3c(OC3OC(CO)C(O)C(O)C3O)c2OC2OC(CO)C(O)C(O)C2O)cc(OC)c1O,sweet
CC1(C(=O)O)CC(O)C2(C)CCC3(C)C(=CC(=O)C4C5(C)CCC(OC6OC(C(=O)O)C(O)C(O)C6OC6OC(C(=O)O)C(O)C(O)C6O)C(C)(CO)C5CCC43C)C2C1,sweet
CC1(C(=O)O)CC(O)C2(C)CCC3(C)C(=CC(=O)C4C5(C)CCC(OC6OC(C(=O)O)C(O)C(O)C6OC6OC(C(=O)O)C(O)C(O)C6O)C(C)(C)C5CCC43C)C2C1,sweet
CC1(C(=O)OC2OC(CO)C(O)C(O)C2O)CCC2(C)CCC3(C)C(=CC(=O)C4C5(C)CCC(OC6OC(C(=O)O)C(O)C(O)C6OC6OC(C(=O)O)C(O)C(O)C6O)C(C)(CO)C5CCC43C)C2C1,sweet
CC(=O)OC1CC(C)(C=O)CC2C3=CC(=O)C4C5(C)CCC(OC6OC(C(=O)O)C(O)C(O)C6OC6OC(C(=O)O)C(O)C(O)C6O)C(C)(C)C5CCC4(C)C3(C)CCC12C,sweet
CC12CC(OC1=O)C1(C)CCC3(C)C(=CC(=O)C4C5(C)CCC(OC6OC(C(=O)O)C(O)C(O)C6OC6OC(C(=O)O)C(O)C(O)C6O)C(C)(CO)C5CCC43C)C1C2,sweet
CC1(C)C(OC2OC(C(=O)O)C(O)C(O)C2OC2OC(C(=O)O)C(O)C(O)C2O)CCC2(C)C1CCC1(C)C2C(=O)C=C2C3CC4(CO)CC(OC4=O)C3(C)CCC21C,sweet
CC1(C)C(OC2OC(C(=O)O)C(O)C(O)C2OC2OC(C(=O)O)C(O)C(O)C2O)CCC2(C)C1CCC1(C)C2C(=O)C=C2C3CC4(C(=O)O)CC(OC4=O)C3(C)CCC21C,sweet
CC1OC(Oc2cc(O)cc3oc(-c4ccc(O)c(O)c4)c(O)c(=O)c23)C(O)C(O)C1O,sweet
COC(=O)C1OC(OC2CCC3(C)C(CCC4(C)C3CC=C3C5C(C)C(C)CCC5(C(=O)O)CCC34C)C2(C)C)C(OC2OC(CO)C(O)C(O)C2O)C(O)C1O,sweet
CCCCOC(=O)C1OC(OC2CCC3(C)C(CCC4(C)C3CC=C3C5C(C)C(C)CCC5(C(=O)O)CCC34C)C2(C)C)C(OC2OC(CO)C(O)C(O)C2O)C(O)C1O,sweet
COC(=O)C(Cc1ccccc1)NC(=O)C(CC(=O)O)NC(=O)C(C)NC(=O)C(C)N,sweet
COC(=O)C(Cc1ccccc1)NC(=O)C(N)CC(=O)OC(=O)CN,sweet
COC(=O)C(Cc1ccccc1)NC(=O)C(N)CC(=O)NC(C)C(=O)O,sweet
OCC1OC2OCCOC3OC(CO)C(O)C(O)C3OCCOC2C(O)C1O,sweet
[NH]c1ncnc2c1ncn2C1OC(CO)C(O)C1O,sweet
O=C(CCc1ccc(O)c(O)c1)c1c(O)cc(O)cc1OC1OC(CO)C(O)C(O)C1O,sweet
CCOP(=O)(O)OCC1OC(n2cnc3c(N)ncnc32)CC1O,sweet
COC(=O)C1(C)CCC2(C(=O)O)CCC3(C)C(=CCC4C5(C)CCC(OC6OC(C(=O)O)C(O)C(O)C6O)C(C)(CO)C5CCC43C)C2C1,sweet
O=C1c2c(O)cc(OC3OC(CO)C(O)C(O)C3O)cc2OC(c2ccc(OC3OC(CO)C(O)C(O)C3O)c(O)c2)C1O,sweet
Nc1ncnc2c1ncn2C1OC(COP(=O)([O-])OP(=O)([O-])O[P+](O)(O)[S-])C(O)C1O,sweet
Nc1ncnc2c1ncn2C1OC(COP(=O)([O-])OP(=O)([O-])OOP(=O)([O-])[O-])C(O)C1O,sweet
COc1cc(-c2cc(=O)c3cc(OC4OC(CO)C(O)C(O)C4O)c(OC)cc3o2)ccc1O,sweet
COc1ccc2c(=O)cc(-c3ccc(O)c(O)c3)oc2c1OC1OC(CO)C(O)C(O)C1O,sweet
COc1cc2oc(-c3ccc(O)c(O)c3)cc(=O)c2cc1OC1OC(CO)C(O)C(O)C1O,sweet
COc1cc2oc(CO)c(-c3cccc(O)c3OC3OC(CO)C(O)C(O)C3O)c(=O)c2c(O)c1C,sweet
O=c1cc(-c2ccc(O)c(O)c2)oc2cc(OC3OC(CO)C(O)C(O)C3O)c(C3OCC(O)C(O)C3O)c(O)c12,sweet
CC1(C)CCC2(C(=O)O)CCC3(C)C(=CCC4C5(C)CCC(OC6OC(CO)C(O)C(O)C6OC6OC(C(=O)O)C(O)C(O)C6O)C(C)(C)C5CCC43C)C2C1,sweet
COc1cc(C=CC(=O)c2ccc(OC3OC(CO)C(O)C(O)C3O)cc2O)ccc1O,sweet
CC1(C)CCC2(C(=O)OC3OC(CO)C(O)C(O)C3OC3OC(C(=O)O)C(O)C(O)C3O)C(O)CC3(C)C(=CCC4C5(C)CCC(O)C(C)(C(=O)O)C5CCC43C)C2C1,sweet
COc1cc(-c2coc3cc(OC4OC(COC5OCC(O)(CO)C5O)C(O)C(O)C4O)ccc3c2=O)ccc1O,sweet
CC1OC(OC2C(Oc3c(O)cc4oc(-c5ccccc5)cc(=O)c4c3O)OC(CO)C(O)C2O)C(O)C(O)C1O,sweet
COc1c(OC2OC(CO)C(O)C(O)C2O)cc2c(c1O)C(=O)CC(c1ccc(O)c(O)c1)O2,sweet
OCC(O)C(O)C(O)C(O)C(O)OC1C(CO)OC(O)C(O)C1O,sweet
COc1cc(OC2OC(COC3OCC(O)C(O)C3O)C(O)C(O)C2O)c2c(=O)cc(-c3ccc(O)c(O)c3)oc2c1,sweet
COc1ccc(-c2cc(=O)c3c(O)cc(OC4OC(CO)C(OC5OCC(O)C(O)C5O)C(O)C4O)cc3o2)cc1O,sweet
CC1OC(OC2C(CO)OC(Oc3cc4occ(-c5ccc(O)cc5)c(=O)c4c(O)c3O)C(O)C2O)C(O)C(O)C1O,sweet
COc1cc2oc(-c3ccc(O)cc3)cc(=O)c2c(O)c1OC1OC(CO)C(O)C(O)C1OC1OCC(O)C(O)C1O,sweet
CC1OC(OCC2OC(Oc3c(O)cc4oc(-c5ccc(O)cc5)cc(=O)c4c3O)C(O)C(O)C2O)C(O)C(O)C1O,sweet
COc1ccc(-c2cc(=O)c3c(O)cc(O)c(OC4OC(CO)C(OC5OCC(O)C(O)C5O)C(O)C4O)c3o2)cc1,sweet
CC1OC(OC2C(CO)OC(Oc3cc(O)c4c(=O)cc(-c5ccc(O)c(O)c5)oc4c3)C(O)C2O)C(O)C(O)C1O,sweet
COc1cc(O)c2c(=O)c(OC3OCC(O)C(O)C3O)c(-c3ccc(O)c(OC4OC(C)C(O)C(O)C4O)c3)oc2c1,sweet
COc1c(OC2OC(CO)C(O)C(O)C2OC2OC(C)C(O)C(O)C2O)cc(O)c2c(=O)cc(-c3ccc(O)cc3)oc12,sweet
COc1c(O)cc2oc(-c3ccc(OC4OC(CO)C(O)C(O)C4OC4OC(C)C(O)C(O)C4O)cc3)cc(=O)c2c1O,sweet
COc1ccc(-c2cc(=O)c3c(O)c(OC)c(OC4OC(COC5OCC(O)C(O)C5O)C(O)C(O)C4O)cc3o2)cc1,sweet
COc1cc(-c2oc3cc(OC4OC(CO)C(O)C(O)C4O)cc(O)c3c(=O)c2OC2OCC(O)C(O)C2O)ccc1O,sweet
O=c1cc(-c2ccc(O)c(O)c2)oc2cc(OC3OC(CO)C(OC4OC(CO)C(O)C(O)C4O)C(O)C3O)cc(O)c12,sweet
COc1ccc(-c2cc(=O)c3ccc(OC4OC(CO)C(O)C(OC5OC(CO)C(O)C(O)C5O)C4O)c(OC)c3o2)cc1,sweet
COc1cc2occ(-c3ccc(OC4OC(COC5OC(C)C(O)C(O)C5O)C(O)C(O)C4O)cc3)c(=O)c2c(O)c1OC,sweet
COc1ccc(-c2cc(=O)c3c(O)cc(OC4OC(CO)C(O)C(O)C4OC4OC(C)C(O)C(O)C4O)cc3o2)cc1OC,sweet
COc1cc(-c2cc(=O)c3c(O)cc(OC4OC(CO)C(OC5OC(CO)C(O)C(O)C5O)C(O)C4O)cc3o2)ccc1O,sweet
COc1cc(-c2cc(=O)c3c(OC4OC(COC5OC(CO)C(O)C(O)C5O)C(O)C(O)C4O)cc(O)cc3o2)ccc1O,sweet
COc1cc(O)c2c(=O)cc(-c3ccc(OC4OC(COC5OC(CO)C(O)C(O)C5O)C(O)C(O)C4O)c(O)c3)oc2c1,sweet
COc1cc(O)c2c(=O)cc(-c3ccc(OC4OC(COC5OC(C(O)CO)C(O)C5O)C(O)C(O)C4O)c(O)c3)oc2c1,sweet
COc1ccc(-c2cc(=O)c3c(O)cc(OC4OC(COC5OC(CO)C(O)C(O)C5O)C(O)C(O)C4O)cc3o2)cc1O,sweet
COc1cc(-c2oc3cc(O)c(C4OC(CO)C(O)C(O)C4O)c(O)c3c(=O)c2OC2OC(C)C(O)C(O)C2O)ccc1O,sweet
COc1c(OC2OC(COC3OC(C)C(O)C(O)C3O)C(O)C(O)C2O)cc2oc(-c3ccc(O)c(O)c3)cc(=O)c2c1O,sweet
O=c1cc(-c2cc(O)c(O)c(O)c2)oc2cc(OC3OC(CO)C(OC4OC(CO)C(O)C(O)C4O)C(O)C3O)cc(O)c12,sweet
COC(=O)C1OC(OC2CCC3(C)C(CCC4(C)C3CC=C3C5CC(C)(C)CCC5(C)CCC34C)C2(C)C)C(O)C(OC2OC(CO)C(O)C(O)C2O)C1O,sweet
COc1ccc(C2Oc3cc(O)cc(O)c3C(=O)C2OC2OC(COC3OC(C)C(O)C(O)C3O)C(O)C(O)C2O)cc1O,sweet
COC(OC)C1(O)CC(O)C(O)CO1,sweet
COc1cc(-c2cc(=O)c3c(O)cc(OC4OC(CO)C(OC5OC(C)C(O)C(O)C5O)C(O)C4O)cc3o2)cc(OC)c1O,sweet
COc1cc2oc(-c3ccc(OC4OC(COC5OC(CO)C(O)C(O)C5O)C(O)C(O)C4O)cc3)cc(=O)c2c(O)c1OC,sweet
COc1ccc(-c2cc(=O)c3c(O)c(OC4OC(CO)C(O)C(O)C4OC4OC(CO)C(O)C(O)C4O)c(OC)cc3o2)cc1,sweet
OCC1OC(OCCOCCOCCOCCOC2OC(CO)C(O)C(O)C2O)C(O)C(O)C1O,sweet
CC1(C)CCC2(C(=O)O)CCC3(C)C(=CCC4C5(C)C(O)CC(OC6OC(C(=O)O)C(O)C(OC7OC(CO)C(O)C(O)C7O)C6O)C(C)(C)C5CCC43C)C2C1,sweet
CC1(C)CCC2(C(=O)O)CCC3(C)C(=CCC4C5(C)CC(O)C(OC6OC(C(=O)O)C(O)C(OC7OC(CO)C(O)C(OC8OC(CO)C(O)C(O)C8O)C7O)C6O)C(C)(C)C5CCC43C)C2C1,sweet
CC1(C)CCC2(C(=O)O)CCC3(C)C(=CCC4C5(C)CCC(OC6OC(C(=O)O)C(O)C(OC7OC(CO)C(O)C(OC8OC(CO)C(O)C(O)C8O)C7O)C6O)C(C)(CO)C5CCC43C)C2C1,sweet
COC(=O)C1OC(OC2CCC3(C)C(CCC4(C)C3CC=C3C5CC(C)(C)CCC5(C(=O)OC5OC(CO)C(O)C(O)C5O)CCC34C)C2(C)CO)C(O)C(O)C1O,sweet
CC1OC(OC2C(CO)OC(OC(=O)C34CCC(C)(C)CC3C3=CCC5C6(C)CCC(OC7OC(C(=O)O)C(O)C(O)C7OC7OC(CO)C(O)C(O)C7O)C(C)(C)C6CCC5(C)C3(C)CC4)C(O)C2O)C(O)C(O)C1O,sweet
CC1OC(Oc2ccc(-c3oc4cc(O)cc(O)c4c(=O)c3O)cc2O)C(O)C(O)C1O,sweet
CC1OC(OC2C(OC3CCC4(C)C(CCC5(C)C4CC=C4C6CC(C)(C)CCC6(C(=O)O)CCC45C)C3(C)C)OCC(O)C2O)C(O)C(OC2OC(C(=O)O)C(O)C(O)C2O)C1O,sweet
Nc1ncnc2c1ncn2C1OC(C(O)[P+]([O-])(O)O)C(O)C1O,sweet
CC1OC(Oc2c(-c3ccc(OC4OC(CO)C(O)C(O)C4O)c(O)c3)oc3cc(O)cc(O)c3c2=O)C(O)C(O)C1O,sweet
COc1cc(OC2OC(COC3OC(C)C(O)C(O)C3O)C(O)C(O)C2O)c2c(=O)cc(-c3ccc(OC)c(OC)c3)oc2c1,sweet
CC1OC(OC2C(OC3C(OC4CCC5(C)C(CCC6(C)C5CC=C5C7CC(C)(COC8OC(CO)C(O)C(O)C8O)CC(=O)C7(C)CCC56C)C4(C)C)OC(C(=O)O)C(O)C3O)OCC(O)C2O)C(O)C(O)C1O,sweet
CC1OC(OC2C(OC3C(OC4CCC5(C)C(CCC6(C)C5CC=C5C7CC(C)(COC8OC(CO)C(O)C(O)C8O)CC(=O)C7(C)CCC56C)C4(C)C)OC(C(=O)O)C(O)C3O)OC(CO)C(O)C2O)C(O)C(O)C1O,sweet
COc1ccc(-c2coc3cc(OC4OC(COC5OC(CO)C(O)C(O)C5O)C(O)C(O)C4O)cc(O)c3c2=O)cc1O,sweet
CC1OC(OCC2OC(Oc3c(O)cc4oc(-c5ccccc5)cc(=O)c4c3O)C(O)C(O)C2O)C(O)C(O)C1O,sweet
CC1(C(=O)OC2OC(CO)C(O)C(O)C2O)CC(O)C2(C)CCC3(C)C(=CCC4C5(C)CCC(OC6OC(C(=O)O)C(O)C(O)C6OC6OCC(O)C(O)C6O)C(C)(CO)C5CCC43C)C2C1,sweet
O=C(c1ccc(O)cc1)c1c(O)c(OC2OC(CO)C(O)C(O)C2O)c(O)c(OC2OC(CO)C(O)C(O)C2O)c1O,sweet
O=C(c1ccc(O)cc1)c1c(O)cc(O)c(OC2OC(CO)C(O)C(O)C2O)c1O,sweet
COc1cc(OC2OC(COC3OCC(O)C(O)C3O)C(O)C(O)C2O)c2c(=O)c(OC)c(-c3ccc(O)c(OC)c3)oc2c1,sweet
COP(=O)(O)OCC1OC(n2[c]nc3c(N)ncnc32)C(O)C1OP(=O)(O)OC,sweet
CC1OC(OCC2OC(c3c(-c4ccc(O)c(O)c4)oc4cc(O)cc(O)c4c3=O)C(O)C(O)C2O)C(O)C(OC2OC(CO)C(O)C(O)C2O)C1O,sweet
CC1(C(=O)OC2OC(CO)C(O)C(O)C2O)CCC2(C)CCC3(C)C(=CCC4C5(C)CCC(OC6OC(C(=O)O)C(O)C(O)C6OC6OC(C(=O)O)C(O)C(O)C6O)C(C)(C)C5CCC43C)C2C1,sweet
CC1(C(=O)O)CCC2(C)CCC3(C)C(=CCC4C5(C)CCC(OC6OC(C(=O)O)C(O)C(O)C6OC6OCC(O)C(O)C6O)C(C)(C)C5CCC43C)C2C1,sweet
CC1(C(=O)OC2OC(CO)C(O)C(O)C2O)CCC2(C)CCC3(C)C(=CCC4C5(C)CCC(OC6OC(C(=O)O)C(O)C(O)C6OC6OCC(O)C(O)C6O)C(C)(C)C5CCC43C)C2C1,sweet
CC1(C(=O)OC2OC(CO)C(O)C(O)C2O)CCC2(C)CCC3(C)C(=CCC4C5(C)CCC(OC6OC(C(=O)O)C(O)C(O)C6O)C(C)(C)C5CCC43C)C2C1,sweet
CC1(C(=O)O)CCC2(C)CCC3(C)C(=CCC4C5(C)CCC(OC6OC(C(=O)O)C(O)C(O)C6O)C(C)(C)C5CCC43C)C2C1,sweet
CC1OC(OC2C(O)C(C(=O)O)OC(OC3CCC4(C)C(CCC5(C)C4CC=C4C6CC(C)(C)CCC6(C(=O)OC6OC(CO)C(O)C(O)C6O)CCC45C)C3(C)C)C2OC2OC(CO)C(O)C(O)C2O)C(O)C(O)C1O,sweet
CC1OC(OC2C(O)C(OC3CCC4(C)C(CCC5(C)C4CC=C4C6CC(C)(CO)CCC6(C(=O)O)CCC45C)C3(C)C)OC(C(=O)O)C2O)C(O)C(O)C1O,sweet
O=C(CCc1ccc(O)c(O)c1)c1c(O)cc(O)cc1OC1OCC(O)C(O)C1O,sweet
CC1OC(OCC2OC(Oc3ccc(-c4oc5cc(O)cc(O)c5c(=O)c4O)cc3O)C(O)C(O)C2O)C(O)C(O)C1O,sweet
CCCOC1CC(O)C(O)C(CO)O1,sweet
CCCCCOC1CC(O)C(O)C(CO)O1,sweet
CCCCCCOC1CC(O)C(O)C(CO)O1,sweet
CCCCCCCCCCCC(=O)OCC1OC(Oc2cc(O)c3c(=O)cc(-c4ccc(O)c(OC)c4)oc3c2)C(OC2OC(COC(C)=O)C(O)C(O)C2O)C(O)C1O,sweet
CC1OC(OC2C(c3cc(-c4cc(=O)c5c(O)cc(O)cc5o4)cc(O)c3O)OC(CO)C(O)C2O)C(O)C(O)C1O,sweet
COc1cc(C2Oc3cc(O)cc(OC4OC(CO)C(O)C(O)C4O)c3C(=O)C2O)ccc1O,sweet
COc1cc(C2Oc3cc(OC4OC(CO)C(O)C(O)C4O)cc(O)c3C(=O)C2O)ccc1OC1OC(CO)C(O)C(O)C1O,sweet
COc1cc(C2Oc3cc(OC4OC(CO)C(OC5OC(CO)C(O)C(O)C5O)C(O)C4O)cc(O)c3C(=O)C2O)ccc1O,sweet
Nc1ncnc2c1ncn2C1OC(CO)C(O[P+](O)(O)[S-])C1O[P+](O)(O)[S-],sweet
C=Cc1cccc(NN=C(N=Nc2ccccc2)c2ccccc2)c1,sweet
COc1cc(C2CC(=O)c3c(O)cc(OC4OCC(O)(CO)C4OC4OC(CO)C(O)C(O)C4O)cc3O2)ccc1O,sweet
COc1ccc(C2CC(=O)c3c(OC)cc(OC4OC(COC5OC(C)C(O)C(O)C5O)C(O)C(O)C4OC)cc3O2)cc1OC,sweet
Cc1c(O)c2c(c(C)c1OC1OC(CO)C(O)C(O)C1O)OC(c1ccc(O)c(O)c1)CC2=O,sweet
COC(=O)C(C)(Cc1ccccc1)NC(=O)C(CC(=O)O)NCCC(C)(C)C,sweet
COC(=O)C(Cc1ccccc1)NC(=O)C(CC(=O)O)NCCC(C)(C)c1ccccc1,sweet
COc1cc(O)c2c(=O)c(OC3OC(CO)C(OC4OC(CO)C(O)C(O)C4O)C(O)C3O)c(-c3ccc(OC)c(OC)c3)oc2c1,sweet
OCC1OC(OC(CO)C2OC(O)C(O)C2O)C(O)C(O)C1O,sweet
COC(=O)C1(C)CCC2(C(=O)O)CCC3(C)C(=CCC4C5(C)CCC(OC6OC(C(=O)O)C(O)C(O)C6O)C(C)(C)C5CCC43C)C2C1,sweet
COCCOC1OC(CO)C(OC2OC(CO)C(O)C(O)C2O)C(O)C1O,sweet
COc1cc(-c2cc(=O)c3c(O)cc(O)c(C4OC(CO)C(O)C(OC5OC(C)C(O)C(O)C5O)C4O)c3o2)ccc1O,sweet
COc1cc(-c2cc(=O)c3c(O)cc(O)c(C4OC(COC(C)=O)C(O)C(OC5OC(CO)C(O)C(O)C5O)C4O)c3o2)ccc1O,sweet
[NH3+]c1ncnc2c1ncn2C1OC(CO)C(O)C1O,sweet
O=c1cc(-c2ccc(O)cc2)oc2c(OC3OCC(O)C(O)C3O)c(O)cc(O)c12,sweet
CC1OC(c2c(O)cc(O)c3c(=O)cc(-c4ccc(OC5OC(CO)C(O)C(O)C5O)c(O)c4)oc23)CC(O)C1O,sweet
OC1C2COC3OC(COC(O2)C(O)C1O)C(O)C(O)C3O,sweet
CC1(O)OCC(O)C(O)C1(O)O,sweet
Nc1ncnc2c1ncn2C1OC(COP(=O)(O)OP(=O)(O)OP(=O)([O-])[O-])C(O)C1O.[Mn+2],sweet
Nc1ncnc2c1ncn2C1CC(O[P+]([O-])([O-])[S-])C(CO)O1,sweet
OCC1O[C](O)C(O)C(O)C1O,sweet
O[CH]C1(OC2OC(CO)C(O)C(O)C2O)OC(CO)C(O)C1O,sweet
O[CH]C1(O)OCC(O)C(O)C1O,sweet
OCC1OC(OC2(CO)OC(CO)C(O)C2O)[C](O)C(O)C1O,sweet
OCC1OC(OC2(CO)OC(CO)C(O)C2O)C(O)C(O)[C]1O,sweet
C=C1CCC2(C(=O)OC3OC(CO)C(O)C(O)C3O)CCC3(C)C(=CCC4C5(C)CC(O)C(OC6OC(C(=O)O)C(O)C(O)C6O)C(C)(CO)C5CCC43C)C2C1,sweet
COCOc1cc(C2Cc3cccc(O)c3C(=O)O2)ccc1OC,sweet
O=c1cc(-c2ccccc2)oc2cc(O)c(OC3OC(CO)C(OC4OC(CO)C(O)C(O)C4O)C(O)C3O)c(O)c12,sweet
CCCCCOC1OC(CO)C(OC)C(OC)C1OC,sweet
OCC(OC1OC(CO)C(O)C(O)C1O)C(O)C(O)COC1OC(CO)C(O)C(O)C1O,sweet
CCOC(=O)C1OC(OC2CCC3(C)C(CCC4(C)C3CC=C3C5CC(C)(C)CCC5(C(=O)OC5OC(CO)C(O)C(O)C5O)CCC34C)C2(C)C)C(O)C(O)C1O,sweet
COC1CC(O)C(OC2CCC(O)C(C)O2)C(C)O1,sweet
COc1cc(-c2coc3cc(OC4OC(CO)C(O)C(OC5OC(CO)C(O)C(O)C5O)C4O)c(OC)c(O)c3c2=O)cc(O)c1OC,sweet
COc1cc(-c2cc(=O)c3c(O)cc(OC4OC(C)C(O)C(O)C4OC4OC(C)C(O)C(O)C4O)cc3o2)ccc1OC=CCC(C)=O,sweet
CC1OC(OCC2OC(Oc3cc(O)c4c(c3)OC(c3ccc(OC5OC(CO)C(O)C(O)C5O)c(O)c3)CC4=O)C(O)C(O)C2O)C(O)C(O)C1O,sweet
COc1cc(O)c2c(c1)OC(c1ccc(O)c(OC3OC(CO)C(O)C(O)C3O)c1)C(O)C2=O,sweet
COc1c(-c2ccc(O)c(O)c2)oc2cc(OC3OC(CO)C(O)C(O)C3OC3OC(CO)C(O)C(O)C3O)cc(O)c2c1=O,sweet
COC1CC(O)C(OC2OC(CO)C(O)C(O)C2O)C(CO)O1,sweet
Nc1ncnc2c1ncn2C1CC(O)C(COP([O-])(=S)OP(=O)([O-])OP(=O)([O-])[O-])O1,sweet
Nc1ncnc2c1ncn2C1CC(O)C(CO[P+]([O-])([S-])OP(=O)(O)OP(=O)(O)O)O1,sweet
Nc1ncnc2c1ncn2C1OC(COP([O-])(=S)OP(=O)([O-])OP(=O)([O-])[O-])C(O)C1O,sweet
Nc1ncnc2c1ncn2C1OC(CO[P+]([O-])([S-])OP(=O)(O)OP(=O)(O)O)C(O)C1O,sweet
CC1(C(=O)O)CCC2(C)CCC3(C)C(=CC(=O)C4C5(C)CCC(OC6OC(C(=O)O)C(O)C(F)C6OC6OC(C(=O)O)C(O)C(O)C6O)C(C)(C)C5CCC43C)C2C1,sweet
CC1CCC2(C(=O)OC3OC(COC4OC(C(=O)O)C(OC5OC(C)C(O)C(O)C5O)C(O)C4O)C(O)C(O)C3O)CCC3(C)C(=CCC4C5(C)CC(O)C(O)C(C)(CO)C5CCC43C)C2C1C,sweet
COc1cc(-c2cc(=O)c3c(O)c(C4OC(CO)C(O)C(OC5OC(CO)C(O)C(O)C5O)C4O)c(O)cc3o2)ccc1O,sweet
COC1OC(CO)C(O)C(O)C1OC1(CO)OCC(O)C(O)C1O,sweet
COC1OC(CO)C(OC2(CO)OCC(O)C(O)C2O)C(O)C1O,sweet
COc1cc(O)c(OC2OC(CO)C(O)C(O)C2O)c2occ(-c3ccc(O)cc3)c(=O)c12,sweet
CCCOC1OC(C)C(O)C(O)C1OC1OC(C)C(O)C(O)C1O,sweet
CCCOC1OC(C)C(OC2OC(C)C(O)C(O)C2O)C(O)C1O,sweet
Cc1cccc(C(N=Nc2ccccc2)=NNc2ccccc2)c1,sweet
Cc1c(O)c(C)c2c(c1O)C(=O)CC(c1cccc(O)c1OC1OC(CO)C(O)C(O)C1O)O2,sweet
CCNc1nc(N)c2ncn(C3OC(COP(=O)(O)OP(=O)(O)OP(=O)(O)O)C(O)C3O)c2n1,sweet
OCC1(O)OC(O)C(O)C(O)C1O,sweet
OCC1CC(O)C(O)C(OC2OC(CO)CC(O)C2O)O1,sweet
CC1(C)CCC2C(=O)CC3(C)C(=CCC4C5(C)CCC(OC6OC(C(=O)O)C(O)C(OC7OCC(O)C(O)C7O)C6OC6OC(CO)C(O)C(O)C6O)C(C)(C=O)C5CCC43C)C2C1,sweet
Nc1ncnc2c1ncn2C1OC(CO)C(OP(=O)(O)O)C1F,sweet
COC(=O)C1OC(C2C(O)CC3(C)C(CCC4(C)C3CC=C3C5CC(C)(C)CCC5(C(=O)OC5OC(CO)C(O)C(O)C5O)CCC34C)C2(C)C)C(O)C(OC2OC(CO)C(O)C(OC3OCC(O)C(O)C3O)C2O)C1O,sweet
CC(CCC(=O)C(C)C1C(=O)CC2C3CCC4CC(OC5OC(CO)C(OC6OC(CO)C(O)C(OC7OCC(O)C(O)C7O)C6OC6OC(CO)C(O)C(O)C6O)C(O)C5O)CCC4(C)C3CCC21C)COC1OC(COC2OCC(O)C(O)C2O)C(O)C(O)C1O,sweet
Nc1ncnc2c1ncn2C1OC(COP(=O)(O)OP(=O)(O)OP(=O)(O)F)C(O)C1O,sweet
COc1c(C)cc2c(c1O)C(=O)OC(c1ccccc1)C2,sweet
COc1ccc(C=CC(=O)c2c(OC)cc(OC3OC(COC4OC(C)C(O)C(O)C4O)C(O)C(O)C3OC)cc2OC)cc1OC,sweet
CC(=O)OC1C(Oc2cc(O)cc3occ(-c4ccc(O)c(O)c4)c(=O)c23)OCC(O)C1O,sweet
CC1OC(Oc2cc(O)cc3occ(-c4ccc(O)c(O)c4)c(=O)c23)C(O)C(O)C1O,sweet
COc1cc(-c2oc3cc(O)cc(O)c3c(=O)c2OC2OC(COC3OC(CO)C(O)C(O)C3O)C(O)C(O)C2O)cc(O)c1O,sweet
COc1cc(-c2cc(=O)c3c(O)cc(OC4OC(CO)C(OC5(CO)OC(CO)C(O)C5O)C(O)C4O)cc3o2)cc(OC)c1O,sweet
COc1cc(-c2cc(=O)c3c(O)cc(OC4OC(CO)C(OC5OC(CO)C(O)C(O)C5O)C(O)C4O)cc3o2)cc(OC)c1O,sweet
COc1cc(-c2cc(=O)c3c(O)cc(OC4OC(CO)C(O)C(O)C4O)cc3o2)cc(OC)c1OC1OC(CO)C(O)C(O)C1O,sweet
COc1cc(-c2cc(=O)c3c(OC4OC(CO)C(OC5OC(CO)C(O)C(O)C5O)C(O)C4O)cc(O)cc3o2)cc(OC)c1O,sweet
CC1(C)CCC2(C(=O)O)CCC3(C)C(=CCC4C5(C)CCC(OC6OC(C(=O)O)C(O)C(O)C6O)C(C)(C(=O)O)C5CCC43C)C2C1,sweet
OCC1OC(O)(COC2OCC(O)C(O)C2O)C(O)C1O,sweet
CC1OC(OC2CC(C)(C)CC3C4=CC(=O)C5C6(C)CCC(OC7OC(C(=O)O)C(O)C(O)C7OC7OC(CO)C(O)C(O)C7O)C(C)(CO)C6CCC5(C)C4(C)CCC23C)C(O)C(O)C1O,sweet
CC1OC(OC2CC(C)(C)CC3C4=CC(=O)C5C6(C)CCC(OC7OC(C(=O)O)C(O)C(O)C7OC7OCC(O)C(O)C7O)C(C)(CO)C6CCC5(C)C4(C)CCC23C)C(O)C(O)C1O,sweet
CC1(C)CC(OC2OCC(O)C(O)C2O)C2(C)CCC3(C)C(=CC(=O)C4C5(C)CCC(OC6OC(C(=O)O)C(O)C(O)C6OC6OC(CO)C(O)C(OC7OC(CO)C(O)C(O)C7O)C6O)C(C)(CO)C5CCC43C)C2C1,sweet
BO[P+]([O-])(OCC1CC(O)C(n2cnc3c(N)ncnc32)O1)OP(=O)(O)OP(=O)(O)O,sweet
CC1OC(OC2C(OC(=O)C34CCC(C)(C)CC3C3=CCC5C6(C)CCC(OC7OC(C(=O)O)C(O)C(O)C7O)C(C)(C)C6CCC5(C)C3(C)CC4O)OCC(O)C2O)C(O)C(O)C1O,sweet
Nc1ncnc2c1ncn2C1OC(CO)C(O)C1O[P+]([O-])([O-])N[P+]([O-])([O-])OP(=O)([O-])[O-],sweet
Nc1ncnc2c1ncn2C1OC(CO)C(O)C1O[P+]([O-])([O-])N[P+]([O-])([O-])OP(=O)(O)O,sweet
Nc1ncnc2c1ncn2C1OC(CO)C(O[P+]([O-])([O-])N[P+]([O-])([O-])OP(=O)([O-])[O-])C1O,sweet
Nc1ncnc2c1ncn2C1OC(CO)C(O[P+]([O-])([O-])N[P+]([O-])([O-])OP(=O)(O)O)C1O,sweet
COCC1OC(OC2C(CO)OC(O)C(O)C2O)C(OC)C(OC)C1OC,sweet
O=C(c1ccc(O)c(O)c1)c1c(O)cc(O)cc1OC1OC(CO)C(O)C(O)C1O,sweet
O=c1c2c(O)cc(O)cc2oc2c(OC3OC(CO)C(O)C(O)C3O)ccc(O)c12,sweet
CC1OC(OC2C(O)C(OC3C(O)CC4(C)C(CCC5(C)C4CC=C4C6CC(C)(C)CCC6(C(=O)OC6OC(CO)C(O)C(O)C6O)CCC45C)C3(C)CO)OC(C(=O)O)C2O)C(O)C(O)C1O,sweet
CC1OC(OC2C(O)C(OC3C(O)CC4(C)C(CCC5(C)C4CC=C4C6CC(C)(C)CCC6(C(=O)OC6OC(CO)C(O)C(O)C6O)CCC45C)C3(C)C)OC(C(=O)O)C2O)C(O)C(O)C1O,sweet
COc1cc(O)c2c(c1)OC(c1ccc(O)c(O)c1)C(OC1OCC(O)C(O)C1O)C2=O,sweet
CCCCOC(=O)C1OC(OC2CCC3(C)C(CCC4(C)C3CC=C3C5C(O)C(C)(C)CCC5(C(=O)O)CCC34C)C2(C)C)C(OC2OCC(O)C(O)C2O)C(O)C1O,sweet
CCCCOCC1OC(OC(=O)C23CCC(C)(C)CC2C2=CCC4C5(C)CCC(OC6OC(C(=O)O)C(O)C(O)C6O)C(C)(C)C5CCC4(C)C2(C)CC3)C(O)C(O)C1O,sweet
COc1cc(-c2coc3cc(OC4OC(CO)C(O)C(O)C4O)c(OC)c(O)c3c2=O)cc(OC)c1OC,sweet
CC1OC(Oc2cc(O)c3c(=O)c(-c4ccc(O)c(O)c4O)coc3c2)C(O)C(O)C1O,sweet
C=C1CCC2(C(=O)O)CCC3(C)C(=CCC4C5(C)CCC(OC6OC(C(=O)OC)C(O)C(O)C6O)C(C)(C)C5CCC43C)C2C1,sweet
CC1OC(OC2C(CO)OC(OC3C(C(=O)O)OC(OC4CCC5(C)C(CCC6(C)C5CC=C5C7CC(C)(C)CC(=O)C7(C)CCC56C)C4(C)CO)C(O)C3O)C(O)C2O)C(O)C(O)C1O,sweet
O=C(CCc1ccc(O)cc1)c1c(O)cc(O)c(OC2OC(CO)C(O)C(O)C2O)c1O,sweet
COc1ccc(-c2coc3cc(OC4OC(COC5OC(C)C(O)C(O)C5O)C(O)C(O)C4O)c(OC)c(O)c3c2=O)cc1OC,sweet
COc1ccc(-c2cc(=O)c3c(OC4OC(COC5OC(C)C(O)C(O)C5O)C(O)C(O)C4O)c(OC)c(O)c(OC)c3o2)cc1,sweet
CCCCOC(=O)C1OC(OC2C(O)CC3(C)C(CCC4(C)C3CC=C3C5C(C)C(C)CCC5(C(=O)OC5OC(CO)C(O)C(O)C5O)CCC34C)C2(C)CO)C(O)C(O)C1O,sweet
COc1ccc(-c2cc(=O)c3c(O)c(OC4OC(CO)C(O)C(O)C4O)c(OC)cc3o2)cc1O,sweet
CC12CCC(C(=O)O)CC1C1=CCC3C4(C)CCC(OC5OC(C(=O)O)C(O)C(O)C5OC5OC(CO)C(O)C(O)C5O)C(C)(CO)C4CCC3(C)C1(C)CC2,sweet
Nc1ncnc2c1ncn2C1OC(COP(=O)(O)[P+]([O-])(O)O)C(O)C1O,sweet
CCOC(=O)C1OC(OC2C(OC3CCC4(C)C(CCC5(C)C4C(=O)C=C4C6CC(C)(C(=O)O)CCC6(C)CCC45C)C3(C)C)OC(C(=O)OC)C(O)C2O)C(O)C(O)C1O,sweet
COc1ccc(C2CC(=O)c3ccc(OC4OC(CO)C(O)C(O)C4O)c(O)c3O2)cc1O,sweet
COc1ccc(C2CC(=O)c3ccc(OC4OC(COC(C)=O)C(O)C(O)C4O)c(O)c3O2)cc1O,sweet
CC(C)OC1OC(COC2OC(CO)C(O)C(O)C2O)C(O)C(O)C1O,sweet
CC1(C)CC(=O)C2(C)CCC3(C)C(=CCC4C5(C)CCC(OC6OC(C(=O)O)C(O)C(O)C6OC6OC(CO)C(O)C(O)C6O)C(C)(C)C5CCC43C)C2C1,sweet
CC1OC(OC2C(OC3C(OC4CCC5(C)C(CCC6(C)C5CC=C5C7CC(C)(C)CC(=O)C7(C)CCC56C)C4(C)C)OC(C(=O)O)C(O)C3O)OCC(O)C2O)C(O)C(O)C1O,sweet
CC1(C)OC(CO)C(COC2OC(CO)C(O)C(O)C2O)O1,sweet
OCCC(O)COC1OC(CO)C(O)C(O)C1O,sweet
OCCC(CO)OC1OC(CO)C(O)C(O)C1O,sweet
OCCCC(O)OC1OC(CO)C(O)C(O)C1O,sweet
Nc1ncnc2c1ncn2C1CC(O)C(COP(=O)(O)F)O1,sweet
COc1cc(O)c2c(=O)c3c(OC4OC(CO)C(O)C(O)C4O)c(O)ccc3oc2c1,sweet
Nc1ncnc2c1ncn2C1OC(COP(=O)([O-])OP(=O)([O-])[O-])C(O)C1O.[V],sweet
COc1c(OC2OC(CO)C(O)C(O)C2O)cc2oc(-c3ccc(O)c(O)c3)cc(=O)c2c1OC,sweet
CCOP(=O)(O)OC1C(COP(=O)(O)O)OC(n2cnc3c(N)ncnc32)C1O,sweet
NOCCOCCNc1ncnc2c1ncn2C1OC(COP(=O)([O-])[O-])C(O)C1O,sweet
NOCCOCCNc1ncnc2c1ncn2C1OC(COP(=O)(O)O)C(O)C1O,sweet
CC(C)OC1CC(O)C(O)C(C)O1,sweet
[BH3-][P+]([O-])(OCC1OC(n2cnc3c(N)ncnc32)C(O)C1O)OP(=O)(O)C[P+]([O-])(O)O,sweet
CCOC(=O)C1OC(OC2CCC3(C)C(CCC4(C)C3CC=C3C5CC(C)(C)CCC5(C(=O)OC5OC(CO)C(O)C(O)C5O)CCC34C)C2(C)C)C(OC2OC(C)C(O)C(O)C2OC2OC(CO)C(O)C(O)C2O)C(O)C1O,sweet
CCOC(=O)C1OC(OC2CCC3(C)C(CCC4(C)C3CC=C3C5CC(C)(C)CCC5(C(=O)O)CCC34C)C2(C)C)C(OC2OC(CO)C(O)C(O)C2OC2OC(CO)C(O)C(O)C2O)C(O)C1O,sweet
CCCCOC(=O)C1OC(OC2CCC3(C)C(CCC4(C)C3CC=C3C5CC(C)(C)CCC5(C(=O)O)CCC34C)C2(C)C)C(OC2OC(CO)C(O)C(O)C2OC2OC(CO)C(O)C(O)C2O)C(O)C1O,sweet
CCOC(=O)C1OC(OC2CCC3(C)C(CCC4(C)C3CC=C3C5CC(C)(C)CCC5(C(=O)O)CCC34C)C2(C)C)C(OC2OCC(O)C(O)C2OC2OC(CO)C(O)C(O)C2O)C(O)C1O,sweet
CC1OC(OC2C(CO)OC(OC(=O)C34CCC(C)(C)CC3C3=CCC5C6(C)CCC(OC7OC(C(=O)O)C(O)C(OC8OC(C)C(O)C(O)C8O)C7O)C(C)(C)C6CCC5(C)C3(C)CC4)C(O)C2O)C(O)C(O)C1O,sweet
COC(=O)C1OC(OC2CCC3(C)C(CCC4(C)C3CC=C3C5CC(C)(C)CCC5(C(=O)OC5OC(CO)C(OC6OC(C)C(O)C(O)C6O)C(O)C5O)CCC34C)C2(C)C)C(O)C(OC2OC(C)C(O)C(O)C2O)C1O,sweet
Nc1ncnc2c1ncn2C1OC(COP(=O)([O-])OP(=O)([O-])F)C(O)C1O,sweet
Nc1ncnc2c1ncn2C1OC(COP(=O)([O-])F)C(O)C1O,sweet
Nc1ncnc2c1ncn2C1OC(COP(=O)([O-])C[P+]([O-])([O-])F)C(O)C1O,sweet
Nc1ncnc2c1ncn2C1OC(COP(=O)(O)C[P+]([O-])([O-])F)C(O)C1O,sweet
Nc1ncnc2c1ncn2C1OC(COP(=O)([O-])CP(=O)([O-])OP(=O)([O-])F)C(O)C1O,sweet
Nc1ncnc2c1ncn2C1OC(COP(=O)(O)CP(=O)(O)OP(=O)(O)F)C(O)C1O,sweet
COC1(CO)OCC(O)C(O)C1OC1OC(CO)C(O)C(O)C1O,sweet
COc1cc(-c2oc3cc(O)cc(O)c3c(=O)c2OC2OC(C)C(O)C(OC3OC(CO)C(O)C(O)C3O)C2O)ccc1O,sweet
COc1cc(O)cc2oc(-c3ccc(O)c(O)c3)c(OC3OC(CO)C(O)C(O)C3OC3OC(CO)C(O)C(O)C3O)c(=O)c12,sweet
COc1cc(-c2cc(=O)c3c(O)cc(OC4OC(CO)C(O)C(O)C4OC4OC(C)C(O)C(O)C4O)c(O)c3o2)ccc1O,sweet
CCCCOC(=O)C1OC(OC2CCC3(C)C(CCC4(C)C3CC=C3C5CC(C)(C(=O)O)CC(=O)C5(C)CCC34C)C2(C)C)C(O)C(O)C1O,sweet
CCCCOC(=O)C1OC(OC2CCC3(C)C(CCC4(C)C3CC=C3C5CC(C)(C(=O)O)CC(=O)C5(C)CCC34C)C2(C)CO)C(O)C(O)C1O,sweet
CC1(C(=O)O)CC(=O)C2(C)CCC3(C)C(=CCC4C5(C)CCC(OC6OC(C(=O)O)C(O)C(O)C6O)C(C)(C)C5CCC43C)C2C1,sweet
CC1(C(=O)O)CC(=O)C2(C)CCC3(C)C(=CCC4C5(C)CCC(OC6OC(C(=O)O)C(O)C(O)C6O)C(C)(CO)C5CCC43C)C2C1,sweet
COc1ccc(-c2cc(=O)c3c(O)c(OC)c(OC)c(OC4OC(CO)C(O)C(O)C4O)c3o2)cc1O,sweet
OCC1CCC(O)C(OC2C(O)COC2C(O)CO)O1,sweet
CC(=O)C1CCC2C3CCC4CC(OC5OC(CO)C(O)C(O)C5OC5OC(CO)C(O)C(O)C5O)CCC4(C)C3CCC12C,sweet
CC(=O)OCC1OC(Oc2cc(-c3oc4cc(O)cc(O)c4c(=O)c3O)ccc2O)C(O)C(O)C1O,sweet
CC1(C(=O)O)CCC2(C)CCC3(C)C(=CC(=O)C4C5(C)CCC(OC6OC(C(=O)[O-])C(O)C(O)C6OC6OC(CO)C(O)C(O)C6O)C(C)(C)C5CCC43C)C2C1,sweet
Nc1ncnc2c1ncn2C1OC(COP(=O)(O)OP(=O)(O)CP(=O)(F)F)C(O)C1O,sweet
CCCC(C)Oc1ccc([N+](=O)[O-])cc1N,sweet
COCCCOCCOc1ccc([N+](=O)[O-])cc1N,sweet
COCCOCCCOc1ccc([N+](=O)[O-])cc1N,sweet
NC(CC(=O)O)C(=O)NC(CCc1ccccc1)C(=O)O,sweet
Nc1cc([N+](=O)[O-])ccc1OCCC1CC1,sweet
CC(C)COCCOc1ccc([N+](=O)[O-])cc1N,sweet
COC(C)(C)CCOc1ccc([N+](=O)[O-])cc1N,sweet
CCOc1ccc(NC(=O)NC(F)(F)F)cc1,sweet
C=C(C)NC(=O)Nc1ccc(OC)cc1,sweet
C=C(C)NC(=O)Nc1ccc(OCC)cc1,sweet
C=CCOC(=O)C1OC(OC2C(OC3CCC4(C)C(CCC5(C)C4C(=O)C=C4C6CC(C)(C(=O)OCC=C)CCC6(C)CCC45C)C3(C)C)OC(C(=O)OCC=C)C(O)C2O)C(O)C(O)C1O,sweet
C=O.CC1(C(=O)[O-])CCC2(C)CCC3(C)C(=CC(=O)C4C5(C)CCC(OC6OC(C(=O)[O-])C(O)C(O)C6OC6OC(C[O-])C(O)C(O)C6O)C(C)(C)C5CCC43C)C2C1,sweet
CCCOc1ccc(NC(=O)NC(C)(C)C)cc1,sweet
CC(C)COc1ccc(NC(=O)NC(C)(C)C)cc1,sweet
CCCCOc1ccc(NC(=O)NC(C)(C)C)cc1,sweet
[CH2-]P(=O)(O)OCC1OC(n2cnc3c(N)ncnc32)C(O)C1O,sweet
CC(C)(C)OCCOc1ccc([N+](=O)[O-])cc1N,sweet
CCONC(=O)Nc1ccc(OC)cc1,sweet
COCCOCCOc1ccc([N+](=O)[O-])cc1N,sweet
CCCC(C)COc1ccc([N+](=O)[O-])cc1N,sweet
CCCOc1ccc(NC(=O)N(C)C)cc1,sweet
CCCOc1ccc(NC(=O)NC)cc1,sweet
C[P+](O)(O)O[P+](O)(O)OCC1OC(n2cnc3c(N)ncnc32)C(O)C1O,sweet
Nc1ncnc2c1ncn2C1OC(CO[PH+](O)O)C(O)C1O,sweet
Nc1ncnc2c1ncn2C1OC(CO[P+](O)(O)O)C(O)C1O[P+](O)(O)O,sweet
CC1(n2cnc3c(N)ncnc32)OC(COP(=O)(O)O)C(O)C1O,sweet
C=C(C)COc1ccc([N+](=O)[O-])cc1N,sweet
C=C(C)COc1ccc([N+](=O)[O-])cc1[N+]#N,sweet
OCC1OC(OC2C(OCCF)OC(CO)C(O)C2O)C(O)C(O)C1O,sweet
CCCCOC1C(O)C(CO)OC(OC)C1O,sweet
C=C1CC23CCC4C(C)(C(=O)O)CCCC4(C)C2CCC1(OC1OC(CC)C(C)C(OC2OC(CC)C(C)C(C)C2O)C1OC1OC(CC)C(C)C(C)C1OC(C)=O)C3,sweet
C=C1CC23CCC4C(C)(C(=O)OC5OC(CO)C(O)C(CC6OC(CO)C(O)C(O)C6O)C5OC5OC(C)C(O)C(O)C5O)CCCC4(C)C2CCC1(OC1OC(CO)C(O)C(OC2OC(CO)C(O)C(O)C2O)C1OC1OC(CO)C(O)C(O)C1O)C3,sweet
C=C1CC23CCC4C(C)(C(=O)OC5OC(CO)C(O)C(O)C5O)CCCC45CC(CC1(OC1OC(CO)C(O)C(OC4OC(CO)C(O)C(O)C4O)C1OC1OC(CO)C(O)C(O)C1O)C2)C35,sweet
C=C1CC23CCC4C(C)(C(=O)O)CCCC45CC(CC1(OC1OC(CO)C(O)C(OC4OC(CO)C(O)C(O)C4O)C1OC1OC(CO)C(O)C(O)C1O)C2)C35,sweet
C=C1CC23CCC4C(C)(C(=O)OC5OC(CO)C(O)C(OC6OC(CO)CC(O)C6O)C5OC5OC(CO)C(O)C(O)C5O)CCCC4(C)C2CCC1(OC1OC(CO)C(O)C(OC2OC(CO)CC(O)C2O)C1OC1OC(CO)C(O)C(O)C1O)C3,sweet
C=C1CC23CCC4C(C)(C(=O)OC5OC(CO)C(O)C(OC6OC(CO)C(O)C(O)C6O)C5OC5OC(C)C(O)C(O)C5O)CCCC4(C)C2CCC1(OC1OC(CO)C(O)C(OC2OC(CO)C(O)C(O)C2O)C1OC1OC(CO)C(O)CC1O)C3,sweet
CC1(C(=O)O)CCCC23CC4CC5(OC6OC(CO)C(O)C(OC7OC(CO)C(O)C(O)C7O)C6OC6OC(CO)C(O)C(O)C6O)CC(CCC12)(CC5=CI)C43,sweet
C=C1CC23CCC4C(C)(C(=O)OC5OC(CO)C(O)C(OC6OC(CO)C(O)C(O)C6O)C5OC5OC(CO)C(O)C(O)C5O)CCCC4(C)C2CCC1(OC1OC(CO)C(O)C(OC2OC(CO)C(O)C(O)C2O)C1OC1OC(CO)C(O)CC1O)C3,sweet
C=C1CC23CCC4C(C)(C(=O)OC5OC(CO)C(O)C(O)C5OC5OC(CO)C(O)C(O)C5O)CCCC4(C)C2CCC1(OC1OC(CO)C(O)C(OC2OC(CO)C(O)CC2O)C1OC1OC(CO)C(O)C(O)C1O)C3,sweet
C=C1CC23CCC4C(C)(C(=O)OC5OC(CO)C(O)C(O)C5O)CCCC4(C)C2CCC1(OC1OC(CO)C(O)C(OC2OC(CO)C(O)C(O)C2O)C1OC1OC(CO)C(O)CC1O)C3,sweet
C=C1CC23CCC4C(C)(C(=O)OC5OC(CO)C(O)C(O)C5OC5OC(CO)C(O)C(O)C5OC(C)=O)CCCC4(C)C2CCC1(OC1OC(CO)C(O)C(OC2OC(CO)C(O)C(O)C2OC(C)=O)C1OC1OC(CO)C(O)C(O)C1OC(C)=O)C3,sweet
OCC1OC(OCC2OC(O)C(O)C(O)C2O)CC(O)C1O,sweet
Nc1ncnc2c1ncn2C1OC(CO)C(O)C1O.O=[P+](O)OP(=O)(O)O,sweet
CCCOC1OC(C)C(O)CC1O,sweet
C=C1CC23CCC4C(C)(C(=O)OC5OC(CO)C(OC6OC(CO)C(O)C(O)C6O)C(O)C5O)CCCC4(C)C2CCC1(OC1OC(CO)C(O)C(OC2OC(CO)C(OC4OC(CO)C(O)C(O)C4O)C(O)C2O)C1OC1OC(CO)C(O)C(O)C1O)C3,sweet
C=C1CC23CCC4C(C)(C(=O)OC5OC(CO)C(OC6OC(COC7OC(COC8OC(CO)C(O)C(O)C8O)C(O)C(O)C7O)C(O)C(O)C6O)C(O)C5O)CCCC4(C)C2CCC1(OC1OC(CO)C(O)C(O)C1OC1OC(CO)C(O)C(O)C1O)C3,sweet
CC(C)OC1OC(CO)C(O)C(O)C1OC1OC(COCO)C(O)C(O)C1O,sweet
Nc1ncnc2c1nc(Br)n2C1CC(O)C(CO)O1,sweet
C=C1CC23CCC4C(C)(C(=O)OC5OC(CO)C(O)C(O)C5O)CCCC4(C)C2CCC1(OC1OC(CO)C(O)C(OC2CC(CO)C(O)C(O)C2O)C1OC1OC(CO)C(O)C(O)C1O)C3,sweet
NC(N)=NCCCOC1C(O)C(COP(N)O)OC1n1cnc2c(N)ncnc21,sweet
C[n+]1cnc2c(ncn2C2OC(COP(=O)(O)OP(=O)(O)OP(=O)(O)O)C(O)C2O)c1N,sweet
Nc1ncnc2c1ncn2C1OC2COP(=O)(O)COC2C1O,sweet
COC1OC(COCOC(CO)C(O)C(O)C(C)O)C(O)C(O)C1O,sweet
C=C1CC23CCC4C(C)(C(=O)OC5OC(COC6OC(CO)C(O)C(O)C6O)C(O)C(O)C5OC5OC(CO)C(O)C(O)C5O)CCCC4(C)C2CCC1(OC1OC(CO)C(O)C(OC2OC(CO)C(O)C(O)C2O)C1OC1OC(CO)C(O)C(O)C1O)C3,sweet
C=C1CC23CCC4C(C)(C(=O)OC5OC(COC6OC(CO)C(O)C(O)C6O)C(O)C(O)C5O)CCCC4(C)C2CCC1(OC1OC(CO)C(O)C(OC2OC(CO)C(O)C(O)C2O)C1OC1OC(CO)C(O)C(O)C1O)C3,sweet
CC(O)C(OC1OC(C)C(O)C(O)C1O)C(O)C(O)CO,sweet
CC1(C)OC(C(O)CO)C(C(O)COC2OCC(O)C(O)C2O)O1,sweet
O=CC(O)C(O)(O)C(O)(O)C(O)CO,sweet
Nc1ncnc2c1ncn2C1OC(COP(O)(=S)CP(=O)(O)OP(=O)(O)O)C(O)C1O,sweet
Nc1ncnc2c1ncn2C1OC(COP(=S)(S)CP(O)(O)=S)C(O)C1O,sweet
O=C1NS(=O)(=O)c2ccccc21.S.S,sweet
COC1C(OCC2CCC(O)C(O)O2)OCC(O)C1O,sweet
C=C1CC23CCC4C(C)(C(=O)OC5OC(CO)C(O)C(O)C5O)CCCC4(C)C2CCC1(OCC1OC(CO)C(O)C(O)C1O)C3,sweet
CCC1OC(O)(OC2OC(CO)C(O)C(O)C2O)C(O)C1O,sweet
CC(O)C(CO)OC(OC1OC(CO)CC(O)C1O)C(O)CO,sweet
COC(CO)C(OC1OC(CO)C(O)C(O)C1O)C(O)C(C)O,sweet
CC(F)(F)Oc1ccc(NC(N)=O)cc1,sweet
N#CCCOP(N)OC1C(CO)OC(n2cnc3c(N)ncnc32)C1O,sweet
CCCCOC1OC(COC2OCC(O)C(O)C2O)C(O)C(O)C1O,sweet
COc1ccc(CCC(=O)c2c(O)cc(OC3OC(CO)C(O)C(O)C3OC3CC(C)C(O)C(O)C3O)cc2O)cc1O,sweet
COc1ccc(C2CC(=O)c3c(O)cc(OC4OC(CO)C(O)C(O)C4OC4CC(C)C(O)C(O)C4O)cc3O2)cc1O,sweet
CC(O)C(OC1OC(CO)C(O)C(O)C1O)C(CO)OC(O)OO,sweet
C=C1CC23CCC4C(C)(C(=O)O)CCCC4(C)C2CCC1(OC1OC(CO)C(O)C(O)C1OC1OCC(O)C(O)C1O)C3,sweet
COC1C(CO)OC(OC2C(O)OC(C)C(O)C2O)C(O)C1O,sweet
OCC1OC(OC2CC(COI)OCC2O)C(O)C(O)C1O,sweet
OCC1CC(O)C(O)C(OC2C(O)COC(COI)C2O)O1,sweet
OCC1OC(OCC2CC(OI)C(O)CO2)C(O)C(O)C1O,sweet
CC(C)OCC1OC(OC(C)C)C(O)C(O)C1O,sweet
COC(=O)CC(NC(=O)OC(C)(C)C)C(=O)NC(Cc1ccccc1)C(=O)OC,sweet
OCC1CC(OC2OCC(O)C(O)C2O)C(O)C(O)O1,sweet
Cc1nc2c(N)ncnc2n1C1OC(COP(=O)(Cl)Cl)C(O)C1O,sweet
COC(C)(C)P(=O)(O)OCC1OC(n2cnc3c(N)ncnc32)CC1O,sweet
CC1(C(=O)O)CCC2(C)CCC3(C)C(=CC(=O)C4C5(C)CCC(OC6OC(C(=O)O)C(O)C(O)C6OC6(O)CC(O)C(O)C(C(=O)O)O6)C(C)(C)C5CCC43C)C2C1,sweet
O=CC(OBr)C(O)CC(O)CO,sweet
O=CC(O)C(OCl)C(OCl)C(O)COCl,sweet
COC1C(COP(C)(=O)O)OC(n2cnc3c(N)ncnc32)C1O,sweet
Nc1ncnc2c1ncn2C1OC(COP=O)C(O[P+](=O)O)C1O,sweet
COC1C(COP(=O)(O)OC)OC(n2cnc3c(N)ncnc32)C1O,sweet
OCC1OC(OC2OC(CO)C(O)C(F)C2O)C(O)C(O)C1O,sweet
OCCC(CO)OC(CO)OCC(O)C(O)C(O)C(O)CO,sweet
CC(O)C(CO)OC(CO)OC1OC(CO)C(O)C(O)C1O,sweet
OCCOC(OCC(O)C(O)C(O)C(O)CO)C(O)C(O)CO,sweet
Cc1nc2c(N)ncnc2n1C1OC(COP2(=O)OP(=O)(O)OP(=O)(O)O2)C(O)C1O,sweet
CC1(O)C(O)C(COP(=O)(O)O)OC1n1cnc2c(N)ncnc21,sweet
COc1ccc(CCC(=O)c2c(O)cc(OC3OC(CO)C(O)C(O)C3OC3CC4CC4C(O)C3O)cc2O)cc1O,sweet
CC(O)OCC1OC(OC2(CO)OC(CO)C(O)C2O)C(O)C(O)C1O,sweet
CCOCC(COC1OC(CO)C(O)C(O)C1O)OC,sweet
Nc1ncnc2c1ncn2C1OC(COC(CO)P(=O)(O)O)C(O)C1O,sweet
CC1OC(OC2C(OC3C(OC4CCC5(C)C(CCC6(C)C5CC=C5C7CC(C)(C)CC(C)C7(C)CCC56C)C4(C)CO)OC(C(=O)O)C(O)C3O)OC(CO)C(O)C2O)C(O)C(O)C1O,sweet
CC1OC(OC2C(OC3C(OC4CCC5(C)C(CCC6(C)C7CCC8(C)C(O)CC(C)(C)CC8C7=CCC65)C4(C)CO)OC(C(=O)O)C(O)C3O)OC(CO)C(O)C2O)C(O)C(O)C1O,sweet
C=C1CC23CCC4C(C)(C(=O)OC5OC(CO)C(O)C(O)C5OC5OC(CO)C(O)C(O)C5O)CCCC4(C)C2CCC1(OC1OC(COC2OC(CO)C(O)C(O)C2O)C(O)C(O)C1OC1OC(CO)C(O)C(O)C1O)C3,sweet
COC1CC(O)C(O)OC1C,sweet
COC1COC(OC2C(C)OC(OC)C(O)C2O)C(O)C1O,sweet
OCC1OCC(OC2(CO)OC(CO)C(O)C2O)C(O)C1O,sweet
CCOCCOCCOC1OC(CO)C(O)C(O)C1O,sweet
OCC1OC(CO)(OC2OC(O)C(O)C(O)C2O)C(O)C1O,sweet
Nc1nc(Cl)nc2c1ncn2C1OC(COP=O)C(O)C1F,sweet
Nc1nc(F)nc2c1ncn2C1OC(COP=O)C(O)C1O,sweet
OCCOCCOCCOC1CC(O)C(O)C(CO)O1,sweet
COC1C(CO)OC(n2cnc3c(N)ncnc32)C1OP(=O)(O)O,sweet
C#CCOC1C(COP(=O)(O)OC)OC(n2cnc3c(N)ncnc32)C1O,sweet
Nc1ncnc2c1ncn2C1OC(COP(=O)([O-])O)C(O)C1F,sweet
CC1OC(OC2C(OC3C(OC4CCC5(C)C(CCC6(C)C5C(=O)C=C5C7CC(C)(C(=O)O)C(O)CC7(C)CCC56C)C4(C)C)OC(C(=O)O)C(O)C3O)OC(CO)C(O)C2O)C(O)C(O)C1O,sweet
CC1OC(OC2CC(C)(C)CC3C4=CC(=O)C5C6(C)CCC(OC7OC(C(=O)O)C(O)C(O)C7OC7OC(C(=O)O)C(O)C(O)C7O)C(C)(C)C6CCC5(C)C4(C)CCC23C)C(O)C(O)C1O,sweet
CCN(CC)c1ncnc2c1ncn2C1OC(COP(=O)(O)OP(=O)(O)OP(=O)(O)O)C(O)C1O,sweet
COc1ccc(-c2cc(=O)c3c(O)cc(OC4OC(CO)C(O)C(O)C4O)cc3o2)cc1OC,sweet
CC(C)OC1OC(COC2OCC(O)C(O)C2O)C(O)C(O)C1O,sweet
COc1ccccc1C1CC(=O)c2c(O)cc(OC3OC(CO)C(O)C(O)C3O)c(OC)c2O1,sweet
O=c1c(-c2ccc(O)cc2)coc2c(OC3OC(COC4OCC(O)C(O)C4O)C(O)C(O)C3O)c(O)ccc12,sweet
COc1cc(-c2coc3c(OC4OC(CO)C(O)C(O)C4O)c(O)ccc3c2=O)ccc1O,sweet
COc1cc(-c2coc3cc(OC4OC(COC(=O)CC(=O)O)C(O)C(O)C4O)ccc3c2=O)ccc1O,sweet
COc1ccc(-c2oc3cc(OCCO)cc(O)c3c(=O)c2OC2OC(CO)C(O)C(O)C2O)cc1O,sweet
COc1ccc(-c2oc3cc(OCCO)cc(O)c3c(=O)c2OC2OC(CO)C(O)C(O)C2O)cc1OC,sweet
COc1ccc(-c2oc3cc(OCCO)cc(O)c3c(=O)c2OC2OC(COC3OC(C)C(O)C(O)C3O)C(O)C(O)C2O)cc1OC,sweet
COc1ccc(-c2oc3cc(OCCO)cc(O)c3c(=O)c2OC2OC(COC3OC(C)C(O)C(O)C3O)C(O)C(O)C2O)cc1O,sweet
Nc1ncnc2c1ncn2C1OC(COP(=O)([O-])OP(=O)([O-])OP(=O)([O-])[O-])C(O)C1O.[H+].[H+].[Zn+2],sweet
C[C]1O[C](O)[C](O)C(O)C1O,sweet
COc1ccc(C2CC(=O)c3c(OC)cc(OC4OC(COC5OC(C)C(O)C(O)C5O)C(O)=C(O)C4O)cc3O2)cc1OC,sweet
[O-]C1C(OC2(CO)OC(CO)C(O)C2O)OC(CO)C(O)C1[O-],sweet
OCC1OC(OC2OC(CO)C(O)C(OS)C2O)C(O)C(O)C1O,sweet
OCC1OC(OC2OC(CO)C(O)C(O)(OO)C2O)C(O)C(O)C1O,sweet
C=C1CC23CCC4C(C)(C(=O)OC5OC(CO)C(O)C(OC6OC(CO)C(O)C(O)C6O)C5OC(O)C(O)C(OC5OC(CO)C(O)C(O)C5O)C(O)C(C)I)CCCC4(C)C2CCC1(OC1OC(CO)C(O)C(OC(CO)OC(CO)C(O)CO)C1OC1OC(CO)C(O)C(O)C1O)C3,sweet
C=C1CC23CCC4C(C)(C(=O)OC5OC(CO)C(O)C(OC6OC(CO)C(O)C(O)C6O)C5OC(O)C(O)CC(O)C(C)I)CCCC4(C)C2CCC1(OC1OC(CO)C(O)C(OC2OC(CO)C(O)C(O)C2O)C1OC1OC(CO)C(O)C(O)C1O)C3,sweet
C=C1CC23CCC4C(C)(C(=O)OC5OC(CO)C(O)C(OC(CO)OC(CO)C(O)CO)C5OC5OC(CO)C(O)C(O)C5O)CCCC4(C)C2CCC1(OC1OC(CO)C(O)C(OC2OC(CO)C(O)C(O)C2O)C1OC1OC(C)C(O)C(O)C1O)C3,sweet
OCC1OC(OC2C(O)C(O)OC(CO)C2O)C(O)CC1O,sweet
CCOc1cc(-c2oc3cc(OC4OC(CO)C(O)C(O)C4O)cc(OCC)c3c(=O)c2OCC)ccc1O,sweet
CCCOc1c(-c2ccc(O)c(O)c2)oc2cc(OC3OC(CO)C(O)C(O)C3O)cc(OC)c2c1=O,sweet
COc1cc(-c2oc3cc(OC4OC(CO)C(O)C(O)C4O)cc(OC)c3c(=O)c2OC)ccc1O,sweet
CCCOc1c(-c2ccc(OCCCO)c(O)c2)oc2cc(OC3OC(CO)C(O)C(O)C3O)cc(OC)c2c1=O,sweet
CCCOc1cc(OC2OC(CO)C(O)C(O)C2O)cc2oc(-c3ccc(O)c(O)c3)c(OC)c(=O)c12,sweet
CCCOc1c(-c2ccc(O)c(O)c2)oc2cc(OC3OC(CO)C(O)C(O)C3O)cc(O)c2c1=O,sweet
COCC1(OC2OC(CO)C(O)C(O)C2O)OC(CO)C(OC)C1OC,sweet
COC1C(O)C(COP(=O)([O-])OP(=O)([O-])OP(=O)([O-])[O-])OC1n1cnc2c(N)ncnc21,sweet
Nc1ncnc2c1nc(Br)n2C1OC(COP(=O)(O)OP(=O)(O)OP(=O)(O)O)C([O-])C1O,sweet
Nc1ncnc2c1ncn2C1OC(COSP(=O)([O-])[O-])C(O)C1O,sweet
Nc1ncnc2c1ncn2C1OC(COSP(=O)(O)O)C(O)C1O,sweet
Nc1ncnc2c1ncn2C1OC(COP(=O)(O)C(P(=O)([O-])[O-])P(=O)([O-])[O-])C(O)C1O,sweet
Nc1ncnc2c1ncn2C1OC(COP(=O)([O-])OP(=O)([O-])OP(=O)([O-])[O-])C(O)C1O.[Cu+2].[H+].[H+],sweet
Nc1ncnc2c1ncn2C1OC(COP(=O)([O-])OP(=O)([O-])OP(=O)([O-])S)C(O)C1O,sweet
COC1C(OC(C)C)OC(CO)C(O)C1OC,sweet
O=C(CCc1ccc(O)c(O)c1)c1c(O)cc(O)cc1OC1OC(COC2OCC(O)C(O)C2O)C(O)C(O)C1O,sweet
[CH2-]CCCOC1OC(CO)C(O)C(O)C1O,sweet
CCOC1CC(OCC)C(O)C(C)O1,sweet
[Fe+2].[O-]CC1OC(OC2(CO)OC(C[O-])C(O)C2O)C(O)C(O)C1O,sweet
CCCOC1C(OC)OC(C)C(O)C1O,sweet
COC1OC(CO)C(OC2(O)OC(CO)C(OC)C(O)C2O)C(O)C1O,sweet
C=C1CC23CCC4C(C)(C(=O)OC5OC(CO)C(O)C(O)C5O)CCCC4(C)C2CCC1(OC1OC(CO)C(O)C(OC2OC(CO)C(O)C(O)C2O)C1OC1CC(C)C(O)C(O)C1O)C3,sweet
C=C1CC23CCC4C(C)(C(=O)OC5OC(CO)C(O)C(O)C5OC5OC(CO)C(O)C(O)C5O)CCCC4(C)C2CCC1(OC1OC(CO)C(O)C(OC2OC(CO)C(O)C(O)C2O)C1O)C3,sweet
C=C1CC23CCC4C(C)(C(=O)OC5OC(CO)C(O)C(OC6OC(CO)C(O)C(O)C6O)C5OC5OC(CO)C(O)C(O)C5O)CCCC4(C)C2CCC1(OC1OC(CO)C(O)C(OC2OC(CO)C(O)C(O)C2O)C1O)C3,sweet
C=C1CC23CCC4C(C)(C(=O)OC5OC(CO)C(O)CC5O)CCCC4(C)C2CCC1(OC1OC(CO)C(O)CC1O)C3,sweet
CCCOC1C(C)OC(OC)C(O)C1OCCC,sweet
OCC1(O)OCC(O)C(O)C1O.OCC1OC(O)C(O)C1O,sweet
CC(C)Oc1cc(F)c([N+](=O)[O-])cc1N,sweet
COCC1OC(n2cnc3c(N)ncnc32)C(O)C1OP(=O)(O)O,sweet
OCC1OC(O)(CO)C(O)C1O.OCC1OC(OC2(CCl)OC(CCl)C(O)C2O)C(O)C(O)C1Cl,sweet
COc1ccc(-c2cc(=O)c3ccc(OC4OC(CO)C(O)(OC5OC(CO)C(O)C(O)C5O)C(O)C4O)cc3o2)cc1OC,sweet
C=C1CC23CCC4C(C)(C(=O)O)CCCC4(C)C2CCC1(OC1OC(CO)C(O)C(OC2OC(CO)C(O)C(O)C2O)C1OC1OC(CO)C(O)C(OC2OC(CO)C(O)C(O)C2O)C1O)C3,sweet
Nc1ncnc2c1ncn2C1OC(COP(=O)(O)O)C(O)C1O.O=CO,sweet
COC(O)CC(O)C(CCO)OC1CC(O)C(O)C(CO)O1,sweet
COC(OC1C(O)CC(O)OC1CO)C(O)C(O)C(O)CCO,sweet
COC(O)C(O)C(O)C(CCO)OC1OC(CO)C(O)C(O)C1O,sweet
CC1OC(O)(OC2OC(CO)C(O)C(O)C2O)C(O)C1O,sweet
COC(OC1OC(CO)C(O)C(O)C1O)C(O)C(O)C(O)CCO,sweet
OCC1OC(OC2(O)OC(CO)C(O)C2O)C(O)C(O)C1O,sweet
C=C=C1CC23CCC4C(C)(C(=O)OC5OC(CO)C(O)C(O)C5OC5OC(CO)C(O)C(O)C5O)CCCC4(C)C2CCC1(OC1OC(COC2OC(CO)C(O)C(O)C2O)C(O)C(O)C1OC1OC(CO)C(O)C(O)C1O)C3,sweet
C=C=C1CC23CCC4C(C)(C(=O)OC5OC(CO)C(O)C(O)C5OC5OC(CO)C(O)C(O)C5O)CCCC4(C)C2CCC1(OC1OC(CO)C(O)C(O)C1O)C3,sweet
COC1C(CO)OC(OCC(O)CO)C(O)C1O,sweet
Nc1ncnc2c1ncn2C1CC(O[P+](=O)O)C(CO)O1,sweet
C=C1CC23CCC4C(C)(C(=O)OC5OC(CO)C(O)C(O)C5OC5OC(CO)C(O)C(O)C5O)CCCC4(C)C2CCC1(OC1OC(COC2OC(CO)C(O)C(O)C2O)C(O)C(OC2OC(CO)C(O)C(O)C2O)C1OC1OC(CO)C(O)C(O)C1O)C3,sweet
CCCOCC1OC(OC)C(O)C(O)C1O,sweet
CC1OC(OC2C(O)C(C)OC(C)C2O)C(O)C(O)C1O,sweet
C=C1CC23CC1(OC1OC(CO)C(O)C(OC4OC(CO)C(O)C(O)C4O)C1OC1OC(CO)C(O)C(O)C1O)CCC2C1(C)CCCC(C)(C(=O)O)C1CC3C1OC(CO)C(O)C(OC2OC(CO)C(O)C(O)C2O)C1OC1OC(CO)C(O)C(O)C1O,sweet
[N-]=[N+]=NCCCNc1ncnc2c1ncn2C1OC(COP(=O)(O)O)C(O)C1O,sweet
C#CCNc1ncnc2c1ncn2C1OC(COP(=O)(O)O)C(O)C1O,sweet
C=C1CC23CCC4C(C)(C(=O)OC5OC(CO)C(O)C(OC6OC(CO)C(O)C(O)C6O)C5OC5OC(CO)C(O)C(O)C5O)CCCC4(C)C2CCC1(O)C3,sweet
COCC1OC(OC)CC(O)C1O,sweet
C=C1CC23CCC4C(C)(C(=O)OC5OC(CO)C(C)C(O)C5O)CCCC4(C)C2CCC1(OC1OC(CO)C(O)C(O)C1O)C3,sweet
CCC(O)(O)OC1OC(CO)C(O)C(O)C1O,sweet
OCC1OC(OCCC(O)O)C(O)C(O)C1O,sweet
C=C1CC23CCC4C(C)(C(=O)OC5OC(CO)C(O)C(CC6OC(CO)C(O)C(O)C6O)C5OC5OC(CO)C(O)C(O)C5O)CCCC4(C)C2CCC1(OC1OC(CO)C(O)C(OC2OC(CO)C(O)C(O)C2O)C1OC1OC(CO)C(O)C(O)C1O)C3,sweet
C=C1CC23CCC4C(CCCC4(C)C(=O)OC4OC(CO)C(O)C(O)C4O)C2CCC1(OC1OC(CO)C(O)C(OC2OC(CO)C(O)C(O)C2O)C1OC1OC(CO)C(O)C(O)C1O)C3,sweet
O.O,bitter
O=C1OCC2OC(=O)c3cc(O)c(O)c(O)c3-c3c(O)c(O)c(O)c4c3C(=O)OC(C2OC(=O)c2cc(O)c(O)c(O)c2-c2c1cc(O)c(O)c2O)C1OC(=O)c2c-4c(O)c(O)c(O)c2C1O,bitter
COc1cc(C=CC(=O)O)ccc1O,bitter
CC(C)C(=NOS(=O)(=O)[O-])SC1OC(CO)C(O)C(O)C1O,bitter
O=C1OCC2OC(=O)c3cc(O)c(O)c(O)c3-c3c(O)c(O)c(O)c4c3C(=O)OC(C2OC(=O)c2cc(O)c(O)c(O)c2-c2c1cc(O)c(O)c2O)C1OC(=O)c2c-4c(O)c(O)c(O)c2C1C1(O)OC(CO)C(O)C1O,bitter
Oc1cc(O)c2c(c1)OC(c1ccc(O)c(O)c1)C(O)C2c1c(O)cc2c(c1O)CC(O)C(c1ccc(O)c(O)c1)O2,bitter
O=C1OC2C(O)OC3COC(=O)c4cc(O)c(O)c(O)c4-c4c(O)c(O)c5oc(=O)c6c(c(O)c(O)c7oc(=O)c4c5c76)-c4c(cc(O)c(O)c4O)C(=O)OC3C2OC(=O)c2cc(O)c(O)c(O)c2-c2c1cc(O)c(O)c2O,bitter
C=C1CCC(O)C(C)=CC2OC(=O)C(C)C2CC1O,bitter
CCC(C)C(NC(=O)C1CCCN1C(=O)CNC(=O)C1CCCN1C(=O)C(Cc1ccccc1)NC(=O)C1CCCN1C(=O)C(Cc1ccc(O)cc1)NC(=O)C(NC(=O)C(N)CC(C)C)C(C)C)C(=O)NC(Cc1cnc[nH]1)C(=O)NC(CC(N)=O)C(=O)O,bitter
CC[C@H](C)C(=O)C1=C(O)[C@@](O)(C(=O)CC=C(C)C)[C@H](CC=C(C)C)C1=O,bitter
CC[C@H](C)C(=O)C1=C(O)[C@](O)(C(=O)CC=C(C)C)[C@H](CC=C(C)C)C1=O,bitter
CC(C)=CCC(=O)[C@]1(O)C(O)=C(C(=O)CC(C)C)C(=O)[C@H]1CC=C(C)C,bitter
CC(C)=CCC(=O)[C@@]1(O)C(O)=C(C(=O)CC(C)C)C(=O)[C@H]1CC=C(C)C,bitter
CC1=C2C3OC(=O)C(C)C3CCC2(C)C(=O)CC1,bitter
CCC(C)C(NC(=O)C1CCCN1C(=O)CNC(=O)C1CCCN1C(=O)C(Cc1ccccc1)NC(=O)C1CCCN1C(=O)C(N)Cc1ccc(O)cc1)C(=O)NC(Cc1cnc[nH]1)C(=O)NC(CC(N)=O)C(=O)NC(CO)C(=O)O,bitter
O=C(C=Cc1ccc(O)cc1O)c1ccccc1O,bitter
O=c1c(O)c(-c2ccccc2)oc2ccccc12,bitter
CCC(C)C(N)C(=O)NC(CCC(N)=O)C(=O)NC(Cc1c[nH]c2ccccc12)C(=O)O,bitter
C/C=C(\C)C(=O)O[C@@H]1CC2C(CC=C3C[C@@H](OC4CC(OC)C(OC5CC(OC)C(OC6OC(C)C(O)C(OC)C6O)C(C)O5)C(C)O4)CC[C@@]32C)[C@@]2(O)CC[C@H](C(C)=O)[C@@]12C,bitter
N#CC(OC1OC(CO)C(O)C(O)C1O)c1ccccc1,bitter
CC1=C2C(=O)C=C(CO)C2C2OC(=O)C(C)C2C(OC(=O)Cc2ccc(O)cc2)C1,bitter
CC1CCC2C(C)C(=O)OC3OC4(C)CCC1C32OO4,bitter
CC(=O)c1oc2cc(OC3OC(CO)C(O)C(O)C3O)cc(O)c2c(=O)c1-c1ccc(O)cc1,bitter
CC(=O)NC1CCOC1=O,bitter
O=C1CCN(c2cccc(F)c2)CC1,bitter
COc1cc(O)c2c(=O)c(-c3ccc(OC)c(O)c3)coc2c1,bitter
N#CC(O)c1ccc(OC2OC(CO)C(O)C(O)C2O)cc1,bitter
NCC(=O)NC(Cc1ccccc1)C(=O)Nc1ccc2ccccc2c1,bitter
CC(C)CC(NC(=O)C(CC(C)C)NC(=O)CN)C(=O)O,bitter
C/C1=C\CC(O)/C(C)=C/[C@H]2OC(=O)[C@@H](C)C2CC1,bitter
COc1cc2c(cc1O)CC[n+]1cc3c(OC)c(OC)ccc3cc1-2,bitter
CC(C)CC(N)C(=O)NC(CCCN=C(N)N)C(=O)N1CCCC1C(=O)O,bitter
COc1cc2c(cc1OC)C(Cc1ccc(O)c(Oc3cc4c(cc3OC)CCN(C)C4Cc3ccc(O)cc3)c1)N(C)CC2,bitter
O=C(O)CC(=O)OCC1OC(Oc2cc(O)c3c(=O)c(-c4ccc(O)cc4)coc3c2)C(O)C(O)C1O,bitter
CC1(COC2OC(CO)C(O)C(O)C2O)OC1C#N,bitter
COc1ccc(CCCOC(=O)CCc2ccc(OC)c(OC)c2)cc1OC,bitter
O=c1cc(-c2ccccc2)oc2cc(O)c(O)c(O)c12,bitter
O=C(O)C1OC(Oc2cc3oc(-c4ccccc4)cc(=O)c3c(O)c2O)C(O)C(O)C1O,bitter
CC1(C)OC(=O)CC(O)C2(C)C1CC(=O)C1(C)C2CCC2(C)C(c3ccoc3)OC(=O)C3OC321,bitter
C=C1CCC2C(C)(CO)C(O)CCC2(C)C1CC=C1C=COC1=O,bitter
[Mn+2],bitter
CC(C)C1=CC(=O)C(C)(C2C(O)CC3(C)C4CC=C5C(CCC(OC6OCC(O)C(O)C6OC6OC(C)C(O)C(O)C6O)C5(C)C)C4(C)C(=O)CC23C)O1,bitter
COc1cc(C(=O)OC2C3C=COC(OC4OC(CO)C(O)C(O)C4O)C3C3(CO)OC23)ccc1O,bitter
COc1c(OC2OC(C(=O)O)C(O)C(O)C2O)cc(O)c2c(=O)cc(-c3ccccc3)oc12,bitter
COc1c(O)cc(O)c2c(=O)cc(-c3ccccc3)oc12,bitter
OCC1(O)COC(Oc2cc(O)c3c(c2)OC(c2ccc(O)cc2)C(O)C3)C1O,bitter
C=C1C(=O)OC2C1CCC(C)=C1CC3OC3(C)C12,undefined
O=CC1=CC=CC2CCCC12,undefined
CCCCCCCCCCCCC/C=C/C=C/C(=O)NCC(C)C,undefined
CCCCCCCCCC=CC=CC(=O)NCC(C)C,undefined
CCCCC/C=C\CCCCCC/C=C/C=C/C(=O)NCC(C)C,undefined
CCCC/C=C\CCCCCCC/C=C/C=C/C(=O)NCC(C)C,undefined
CCCC/C=C\CCCCCCCCC/C=C/C=C/C(=O)NCC(C)C,undefined
C#CC#CCC=CCCCC=CC(=O)NCC(C)C,undefined
O=C(O)/C=C/C(O)CCCCCCCC(=O)O,bitter
CCCCCC(O)C=CC(=O)O,bitter
O=C(O)C=Cc1ccc(OC2OC(CO)C(O)C(O)C2O)cc1,undefined
O=C1C=CC(CCCCCCCC(=O)OCC(O)CO)O1,bitter
CCCCC/C=C\CCCCCCCC/C=C/C=C/C(=O)N1CCCCC1,undefined
CCCCC/C=C\CCCCCCCC/C=C/C=C/C(=O)N1CCCC1,undefined
CCCC/C=C\CCCCCCCCC/C=C/C=C/C(=O)N1CCCCC1,undefined
CCCC/C=C\CCCCCCCCC/C=C/C=C/C(=O)N1CCCC1,undefined
C=C1C(=O)OCC2(CC)C[C@H](OC(=O)C(C)CO)C3C(C)C(=O)OC3C12,bitter
C=C1C(=O)OC2C1C(OC(=O)C(C)CO)CC1(CC)COC(=O)C(=C)C21,bitter
C=CC(OC(C)=O)c1ccc(OC(C)=O)cc1,undefined
COC(=O)C1=COC(OC2OC(CO)C(O)C(O)C2O)C(=CCOC(C)=O)C1CC(=O)OCCc1ccc(O)cc1,bitter
COC(=O)C1=COC(OC2OC(CO)C(O)C(O)C2O)C(=CCOC(C)=O)C1CC(=O)OCCc1ccc(O)c(O)c1,bitter
CCCCCCCCCCCC(=O)CCc1ccc(O)c(OC)c1,undefined
CC1=C2C(=O)C=C(CO)C2C2OC(=O)C(C)C2CC1,bitter
CC1=CC2OC(=O)C(C)C2CCC(C(=O)OC2C(O)C(O)OC(CO)C2O)=CCC1,bitter
CC(CCC(OC1OC(CO)C(O)C(O)C1O)C(C)(C)O)C1CCC2(C)C3CC=C4C(CCC(OC5OC(CO)C(O)C(O)C5O)C4(C)C)C3(C)C(=O)CC12C,bitter
CC(CCC(OC1OC(COC2OC(CO)C(O)C(O)C2O)C(O)C(O)C1OC1OC(CO)C(O)C(O)C1O)C(C)(C)O)C1CCC2(C)C3CC=C4C(CCC(OC5OC(COC6OC(CO)C(O)C(O)C6O)C(O)C(O)C5O)C4(C)C)C3(C)C(=O)CC12C,sweet
CC1=C2C(=O)C=C(CO)C2C2OC(=O)C(C)C2C(OS(=O)(=O)O)C1,bitter
CCCCCC(O)C(O)C=CC(=O)CCCCCCCC(=O)O,bitter
C=C1CCC2C(C)(CO)C(O)CCC2(C)C1CCC1=CCOC1=O,bitter
O=CN1c2ccccc2C(=O)N2CCc3c([nH]c4ccccc34)C21,bitter
COC1=CC(C)C2CC3OC(=O)CC4C(C)=C(CO)C(=O)C(C2(C)C1=O)C34C,bitter
O=C(O)CCCCCCCC(=O)OCC(O)CO,bitter
O=c1c2cccc(OC3OC(CO)C(O)C(O)C3O)c2nc2n1CCc1c-2[nH]c2ccccc12,bitter
O=C(C=Cc1ccccc1)c1ccc(O)cc1O,bitter
COc1cc(O)c(CC(O)C(C)(C)OC)c(O)c1C(=O)C=Cc1ccc(O)cc1,bitter
C=CC1C(OC2OC(CO)C(OC(=O)/C=C\c3ccc(OC)c(O)c3)C(O)C2OC(C)=O)OC=C2C(=O)OCCC21O,bitter
C=CC1C(OC2OC(CO)C(OC(=O)/C=C\c3ccc(O)cc3)C(O)C2OC(C)=O)OC=C2C(=O)OCCC21O,bitter
C=CC1C(OC2OC(CO)C(OC(=O)/C=C/c3ccc(O)c(OC)c3)C(O)C2OC(C)=O)OC=C2C(=O)OCCC21O,bitter
C=CC1C(OC2OC(CO)C(OC(=O)/C=C/c3ccc(O)cc3)C(O)C2OC(C)=O)OC=C2C(=O)OCCC21O,bitter
C=CC1C(OC2OC(CO)C(O)C(O)C2OC(C)=O)OC=C2C(=O)OCCC21O,bitter
CC(C)(O)CCC(=O)C(C)(O)C1C(O)CC2(C)C3CC=C4C(CC(OC5OC(CO)C(O)C(O)C5O)C(O)C4(C)C)C3(C)C(=O)CC12C,bitter
CC(=O)OC(C)(C)C=CC(=O)C(C)(O)C1C(O)CC2(C)C3CC=C4C(CC(OC5OC(CO)C(O)C(O)C5O)C(O)C4(C)C)C3(C)CCC12C,bitter
CC(=O)OC(C)(C)CCC(=O)C(C)(O)C1C(O)CC2(C)C3CC=C4C(C=C(OC5OC(CO)C(O)C(O)C5O)C(=O)C4(C)C)C3(C)C(=O)CC12C,bitter
CC(C)=CCC(O)C(C)(O)C1C(O)CC2(C)C3CC=C4C(CC(OC5OC(CO)C(O)C(O)C5O)C(O)C4(C)C)C3(C)CCC12C,bitter
C#CC#CCCCCC=CC(=O)NCC(C)CC,bitter
CC=C(C)C(=O)OC(C)C(OC(=O)C(C)=CC)c1cc(OC)c2c(c1)OCO2,bitter
CC=C(C)C(=O)OC(c1cc(OC)c2c(c1)OCO2)C(C)OC(=O)C1(C)OC1C,bitter
CC(=O)OC1C(=O)c2c(O)cc(O)cc2OC1c1ccc(O)cc1,sweet
CC1OC(OC2C(Oc3cc(O)cc4c3C(=O)CC(c3ccc(O)cc3)O4)OC(CO)C(O)C2O)C(O)C(O)C1O,bitter
O=C(O)C(O)C(=O)O,sour
O=C(/C=C/c1ccc(O)c(O)c1)OC1CC2(O)CC(OC2=O)C1OC(=O)/C=C/c1ccc(O)c(O)c1,bitter
CCOC1(O)C(C)C(OC(=O)c2cc(OC)c(O)c(OC)c2)C(O)C1OCC1OC(O)C(O)C(O)C1O,bitter
CCOC1(O)C(C)C(OC(=O)c2ccc(O)c(OC)c2)C(O)C1OCC1OC(O)C(O)C(O)C1O,bitter
O=C(O)c1cc(O)cc(O)c1,bitter
COc1cc(/C=C/C(=O)OCC2OC(OC3(CO)OC(CO)C(O)C3OC(=O)/C=C/c3ccc(O)c(OC)c3)C(O)C(O)C2O)ccc1O,bitter
COc1cc2c(c(OC)c1OC)C(=O)C(O)C(c1ccccc1)O2,bitter
O=C1OCC2OC(=O)c3cc(O)c(O)c(O)c3-c3c(O)c(O)c(O)c4c3C(=O)OC(C2OC(=O)c2cc(O)c(O)c(O)c2-c2c1cc(O)c(O)c2O)C1OC(=O)c2c-4c(O)c(O)c(O)c2C1C(=O)O,bitter
COc1ccc(C2Oc3cc(O)cc(O)c3C(=O)C2OC(C)=O)cc1,sweet
OCC1OC(Oc2c[nH]c3ccccc23)C(O)C(O)C1O,undefined
C/C1=C\CC(O)/C(C)=C/C2OC(=O)C(C)C2CC1,bitter
CC1=CCC(O)C(C)CC2OC(=O)C(C)C2CC1,bitter
C=CCC#N,undefined
CC(C)C/C=C1\OC(=O)c2ccccc21,bitter
COC1C(C)OC(OC2C(OC3CCC4(C)C(=CCC5C4CCC4(C)C5CC5OC6(CCC(C)CO6)C(C)C54)C3)OC(CO)C(OC3OC(C)C(O)C(O)C3O)C2O)C(O)C1O,bitter
COc1c(-c2ccc(O)c(O)c2)oc2cc(O)cc(O)c2c1=O,bitter
CC1C[C@@H](OC2OC(CO)C(O)C(O)C2O)CC(=O)O1,bitter
C=CC12COC(=O)C(C)C1C1OC(=O)C(=C)C1C(OC(=O)C(=C)CO)C2,bitter
O=C(C=Cc1ccc(O)cc1)c1ccccc1O,bitter
CC(C)CNC(=O)C=CCCc1ccc2c(c1)OCO2,bitter
COc1cc(/C=C/C(=O)OCC2OC(OC3(CO)OC(COC(C)=O)C(OC(C)=O)C3OC(=O)/C=C/c3ccc(O)c(OC)c3)C(O)C(OC(C)=O)C2O)ccc1O,bitter
COc1cc(/C=C/C(=O)OCC2OC(OC3(CO)OC(COC(C)=O)C(OC(C)=O)C3OC(=O)/C=C/c3ccc(O)c(OC)c3)C(O)C(O)C2O)ccc1O,bitter
COc1cc(/C=C/C(=O)OCC2OC(OC3(CO)OC(CO)C(O)C3OC(=O)/C=C/c3ccc(O)c(OC)c3)C(O)C(O)C2OC(C)=O)ccc1O,bitter
COc1cc(/C=C/C(=O)OCC2OC(OC3(CO)OC(CO)C(OC(C)=O)C3OC(=O)/C=C/c3ccc(O)c(OC)c3)C(O)C(O)C2O)ccc1O,bitter
COc1c(CC=C(C)C)c(=O)[nH]c2ccccc12,bitter
CSC=CCCN=C=S,undefined
Cc1cc(=O)oc2cc(O)ccc12,bitter
COc1cccc(-c2cc(=O)c3c(O)c(OC)c(O)c(OC)c3o2)c1,bitter
O=C(O)Cc1c[nH]c2ccc(O)cc12,undefined
COc1cc(/C=C/C(=O)OCC2OC(OC3(CO)OC(COC(C)=O)C(O)C3OC(=O)/C=C/c3ccc(O)c(OC)c3)C(O)C(OC(C)=O)C2O)ccc1O,bitter
COc1cc(/C=C/C(=O)OCC2OC(OC3(CO)OC(COC(C)=O)C(O)C3OC(=O)/C=C/c3ccc(O)c(OC)c3)C(O)C(O)C2O)ccc1O,bitter
CCCCCC(=O)C=C(O)C=Cc1ccc(O)c(OC)c1,undefined
CCCCCC(O)CC(O)CCc1ccc(O)c(OC)c1,undefined
CCCCCC(=O)CC(=O)CCc1ccc(O)c(OC)c1,undefined
CCCCCC(CC(=O)CCc1ccc(O)c(OC)c1)S(=O)(=O)O,undefined
COc1cc2c(c(O)c1OC)C(=O)CC(c1ccc(O)cc1)O2,bitter
CC(C)=CCc1c(O)cc2c(c1O)C(=O)CC(c1ccc(O)cc1)O2,bitter
COc1cc(O)c2c(c1)OC(c1ccc(O)cc1)C(OC1OC(C(O)CO)C(O)C1O)C2O,undefined
CCCCCCCCC(=O)CCc1ccc(O)c(OC)c1,undefined
O=C(O)CCCCCCCC1C=CC(=O)O1,bitter
CC1=CC(=O)C2=C(C)CC(OS(=O)(=O)O)C3C(C)C(=O)OC3C12,bitter
C=C1C(=O)OC2C1CCC(C)=C1C(=O)C=C(CO)C12,bitter
C/C=C(/C)C(=O)OC1CC(C)=CCC/C(C)=C/C(O)C1C(C)C,bitter
CCCCCCCCCC(=O)CCc1ccc(O)c(OC)c1,undefined
CC(C)=CCc1c(O)cc(O)c2c(=O)c(O)c(-c3ccc(O)cc3)oc12,bitter
CCCCCCCC=CC(=O)CCc1ccc(O)c(OC)c1,undefined
C=C1C(=O)OC2C1CC(O)C(C)=CCCC1(C)OC21,undefined
CCCCCC(=O)/C=C/C(O)C(O)CCCCCCCC(=O)O,bitter
CC(C)C1=CC2=CCC3C(C)(C(=O)O)CCCC3(C)C2CC1,bitter
CC1C(=O)OC2C3=C(C4C(=O)C3(C)C3C(O)C5=C(C6OC(=O)C(C)C6CCC5(C)O)C43C)C(C)(O)CCC12,bitter
COC1OC(CO)C(OC2OC(CO)C(OC3OC(CO)C(OC4OC(CO)C(OC5OC(CO)C(OC6OC(C(=O)[O-])C(OC7OC(CO)C(OC8OC(CO)C(OC)C(OC(C)=O)C8O)C(OC(C)=O)C7O)C(OC(C)=O)C6O)C(OC(C)=O)C5O)C(O)C4NC(C)=O)C(OC(C)=O)C3O)C(OC(C)=O)C2O)C(OC(C)=O)C1O,sweet
C=CC(OC(C)=O)c1ccc(OC(C)=O)c(OC)c1,undefined
CCCCCC=CC=CC(=O)N1CCCCC1,bitter
CCN1CC2(COC)C(O)CC(OC)C34C5CC6(O)C(OC)C(O)C(OC(C)=O)(C5C6OC(=O)c5ccccc5)C(C(OC)C23)C14,bitter
CC1CCC2(CC1=O)C(C)CC(=O)C2C(C)C,bitter
O=C1OCC2OC(=O)c3cc(O)c(O)c(O)c3-c3c(O)c(O)c(O)c4c3C(=O)OC(C2OC(=O)c2cc(O)c(O)c(O)c2-c2c1cc(O)c(O)c2O)C1OC(=O)c2c-4c(O)c(O)c(O)c2C1c1c(O)cc(O)c2c1OC(c1ccc(O)c(O)c1)C(O)C2,undefined
O=C1OCC2OC(=O)c3cc(O)c(O)c(O)c3-c3c(O)c(O)c(O)c4c3C(=O)OC(C2OC(=O)c2cc(O)c(O)c(O)c2-c2c1cc(O)c(O)c2O)C1OC(=O)c2c-4c(O)c(O)c(O)c2C1c1c(O)cc2c(c1O)CC(O)C(c1ccc(O)c(O)c1)O2,undefined
Oc1cc(O)c2c(c1)OC(c1ccc(O)c(O)c1)C(O)C2c1c(O)cc(O)c2c1OC1(c3ccc(O)c(O)c3)Oc3cc(O)c4c(c3C2C1O)OC(c1ccc(O)c(O)c1)C(O)C4,undefined
Oc1cc(O)c2c(c1)OC1(c3ccc(O)c(O)c3)Oc3cc(O)c4c(c3C2C1O)OC(c1ccc(O)c(O)c1)C(O)C4c1c(O)cc(O)c2c1OC(c1ccc(O)c(O)c1)C(O)C2,sweet
Oc1ccc(C2Oc3cc(O)cc(O)c3CC2O)cc1,bitter
C=C1C(O)C2(O)OCC34C(CC5C(C)=CC(=O)C(O)C5(C)C23)OC(=O)CC14,bitter
CCC1C2CC3C4N(C)c5ccccc5C45CC(C2C5O)N3C1O,bitter
C=CCSSC=CCS(=O)CC=C,undefined
C=C1C(=O)OC2CC3(C)CCCC(C)C3=CC12,bitter
CC1(C)CC2C3=CCC4C5(C)CCC(OC6OC(COC7OCC(O)C(O)C7OC7OCC(O)C(O)C7O)C(O)C(O)C6O)C(C)(C)C5CCC4(C)C3(C)CC(O)C23CC1OC3=O,sweet
C=CCSS(=O)CC=C,undefined
C=CCS(=O)CC(N)C(=O)O,undefined
C=CCSC#N,undefined
O=C1c2cccc(O)c2C(=O)c2c(O)cc(CO)cc21,bitter
C1=C2CCCNC2C2CC1C1CCCCN1C2,bitter
C/C=C(/C)C(=O)OC(C)C(=O)c1cc(OC)c2c(c1)OCO2,bitter
CC(=O)OC1C2C(Cc3occc3C2(C)O)C2(C)C(=O)CCC(C)(C)C2(O)C1OC(C)=O,bitter
CC1OC(OC2C(OC3CCC4(C)C(CCC5(C)C4CC=C4C6CC(C)(C)CCC6(C(=O)O)CCC45C)C3(C)CO)OCC(O)C2O)C(O)C(O)C1O,bitter
Cc1c(C)c2c(c(C)c1O)CCC(C)(CCCC(C)CCCC(C)CCCC(C)C)O2,sweet
CC(=O)OCC1OC(OC2C(OC3(COC(=O)c4ccccc4)OC(CO)C(OC(=O)c4ccccc4)C3OC(=O)c3ccccc3)OC(COC(C)=O)C(OC(C)=O)C2OC2OC(CO)C(O)C(O)C2O)C(O)C(O)C1O,bitter
C=CC1C(OCC2OC(OC(=O)c3cc(O)c(-c4cccc(O)c4)c(O)c3)C(O)C(O)C2O)OC=C2C(=O)OCCC21,bitter
CC1CC(O)C(=O)C2(C)C1CC1OC(=O)CC3C(C)C(=O)C(O)C2C13C,bitter
C=CC1C(OC2OC(CO)C(O)C(O)C2OC(=O)c2c(O)cccc2-c2cccc(O)c2)OC=C2C(=O)OCCC21,bitter
C=CC1C(OC2OC(CO)C(O)C(O)C2OC(=O)c2c(O)cc(O)cc2-c2cccc(O)c2)OC=C2C(=O)OCCC21O,bitter
C=C1C(=O)OC2C1CCC(C)C1C=CC(=O)C12C,bitter
CC1=C2C3OC(=O)C(C)C3CCC(C)(O)C2C2C3C(O)C4(C)OC5(C)CCC6C(C)C(=O)OC6C4(C12)C35,bitter
CC1=C2C3OC(=O)C(C)C3CCC(C)(O)C2C2C3CC4(C)OC5(C)CCC6C(C)C(=O)OC6C4(C12)C35,bitter
O=c1ccc2ccc3occc3c2o1,bitter
C=CCC1NCC2CC1CN1C(=O)CCCC21,bitter
C=C1CCC2C(=C)C(=O)OC2/C=C(\C)CCC1=O,undefined
CN1C2CC(OC(=O)C(CO)c3ccccc3)CC1C(O)C2,bitter
CCCC(CCC)C(=O)OC1CC2CCC(C1)[N+]2(C)C,bitter
CC1OC(OCC2OC(Oc3cc(O)c4c(=O)cc(-c5ccc(O)cc5)oc4c3)C(O)C(O)C2O)C(O)C(O)C1O,undefined
CN1CCc2cccc3c2C1Cc1ccc(O)c(O)c1-3,bitter
CC(C)(OC1OC(CO)C(O)C(O)C1O)C1Oc2ccc3ccc(=O)oc3c2C1O,bitter
OCC1OC(OCC2OC(O)C(O)C2O)C(O)C1O,sweet
COC1C(O)COC(OCC2OC(OC3C(O)C(C)OC(CO)C3O)C(O)C(OC)C2O)C1O,sweet
Cn1c(Cc2ccccc2)nc(=O)c2ccccc21,bitter
COc1cc(CC2C(=O)OCC2Cc2ccc(OC)c(OC)c2)ccc1O,bitter
COc1ccc(CC2COC(=O)C2Cc2ccc(OC3OC(CO)C(O)C(O)C3O)c(OC)c2)cc1OC,bitter
C=C1C(=O)OC2C=C(CO)CCC=C(C)CC(OC(=O)C(C)CO)C12,bitter
COc1ccc(CCNC(=O)C=Cc2ccc3c(c2)OCO3)cc1,sweet
CC1C(=O)OC2C3=C(C(=O)CC3(C)O)C(C)(O)CCC12,bitter
CC1C(=O)OC2C3=C(C(O)CC3(C)O)C(C)(O)CCC12,bitter
C=C1C(=O)OC2CC(C)=CCCC(CO)=CC(O)C12,bitter
CC(=O)OC(C)(C)C=CC(=O)C(C)(O)C1C(O)CC2(C)C3CC=C4C(CC(OC5OC(CO)C(O)C(O)C5O)C(=O)C4(C)C)C3(C)C(=O)CC12C,bitter
CC(=O)OC(C)(C)CCC(=O)C(C)(O)C1C(O)CC2(C)C3CC=C4C(CC(OC5OC(CO)C(O)C(O)C5O)C(=O)C4(C)C)C3(C)C(=O)CC12C,bitter
CC(C)(O)C=CC(=O)C(C)(O)C1C(O)CC2(C)C3CC=C4C(CC(OC5OC(CO)C(O)C(O)C5O)C(=O)C4(C)C)C3(C)C(=O)CC12C,bitter
CC(C)(O)CCC(=O)C(C)(O)C1C(O)CC2(C)C3CC=C4C(CC(OC5OC(CO)C(O)C(O)C5O)C(=O)C4(C)C)C3(C)C(=O)CC12C,bitter
O=C1CC(O)Cc2ccc(O)c(c2)-c2cc(ccc2O)CC(O)C1O,bitter
CC=Cc1cc(OC)c(OC)cc1OC,undefined
CC(=O)OC1CC(C)OC2OC3CC4CCC5C(CCC6(C)C(C7=CC(=O)OC7)CCC56O)C4(C=O)CC3OC12O,bitter
COc1cc(O)c(C(=O)CCc2ccc(O)cc2)c(OC2OC(CO)C(O)C(O)C2O)c1,bitter
CC1CCC2(C(=O)O)CCC3(C)C(=CCC4C5(C)CC(O)C(O)C(C)(CO)C5CCC43C)C2C1C,undefined
CC1CCC2(C(=O)OC3OC(COC4OC(CO)C(OC5OC(C)C(O)C(O)C5O)C(O)C4O)C(O)C(O)C3O)CCC3(C)C(=CCC4C5(C)CC(O)C(O)C(C)(CO)C5CCC43C)C2C1C,undefined
O=C(O)C1CSSC1,undefined
CCC12CCCN3CCC4(c5cccc(OC)c5N(C(C)=O)C4CC1)C32,bitter
CC(C)CC(=O)OC1c2c(ccc3ccc(=O)oc23)OC1C(C)(C)OC(=O)CC(C)C,bitter
COc1cc(CCN(C)C)c2ccc3ccccc3c2c1OC,bitter
C=C1C2CCC3(CCC4C5(C)CCCC4(C4OCCN4C5)C3C2)C1O,bitter
C=C(C(=O)OC1CC2CCC(C1)N2C)c1ccccc1,bitter
OCC1=CC(O)C2C=COC(OC3OC(CO)C(O)C(O)C3O)C12,bitter
CC=C(C)C(=O)OC1CC(OC(C)=O)C2(C(=O)OC)COC3C2C12COC(O)(C(=O)OC)C2C(C)(C12OC1(C)C1CC2OC2OC=CC21O)C3O,bitter
O=C(O)CCCCCCCC(=O)O,bitter
CC1(O)C(=O)CC23COC(=O)C2=CCCC3C1(C)CCC1=CC(=O)OC1,bitter
CC1=C(CCc2ccoc2)C2(C)CCC(O)C(C)(C)C2CC1,sweet
COc1cc2c3cc1Oc1cc(ccc1O)CC1c4c(cc(OC)c(O)c4Oc4ccc(cc4)CC3N(C)CC2)CCN1C,bitter
CN1C2CCC1CC(OC(=O)C1CCC(C(=O)OC3CC4CCC(C3)N4C)(c3ccccc3)c3ccccc31)C2,undefined
CCN1CC2(COC)C(O)CC(OC)C34C5CC6(O)C(OC)C(O)C(O)(C5C6OC(=O)c5ccccc5)C(C(OC)C23)C14,bitter
OCC1OC(OCc2ccccc2)C(O)C(O)C1O,bitter
COc1cc2c3cc1Oc1c(OC)c(OC)cc4c1C(Cc1ccc(O)c(c1)Oc1ccc(cc1)CC3N(C)CC2)N(C)CC4,bitter
COc1c(O)cc2c(c1O)C1OC(CO)C(O)C(O)C1OC2=O,bitter
CCOC1c2c(O)c(O)c(O)c3c2C(=O)OC1C1OC(=O)c2c(c(O)c(O)c(O)c2-3)-c2c(cc(O)c(O)c2O)C(=O)OC2COC(=O)c3cc(O)c(O)c(O)c3-c3c(cc(O)c(O)c3O)C(=O)OC21,bitter
CC1CCC2C(C)C3C(CC4C5CC=C6CC(OC7OC(CO)C(OC8OC(C)C(O)C(O)C8O)C(O)C7O)CCC6(C)C5CCC43C)N2C1,bitter
CC1(O)c2ccoc2CC2C1C(O)C(O)C1(O)C(C)(C)CCC(=O)C21C,bitter
CC1=C(/C=C/C(C)=C/C=C/C(C)=C/C=C/C=C(C)/C=C/C=C(C)/C=C/C2=C(C)CCCC2(C)C)C(C)(C)CCC1,bitter
COC1C=CC2=CCN3CCC4=C(CC(=O)OC4)C23C1,bitter
CCC(CCC(C)C1CCC2C3CC=C4CC(O)CCC4(C)C3CCC12C)C(C)C,sweet
C[N+]1(C)CC(O)CC1C(=O)[O-],sweet
COc1ccc(-c2coc3cc(OC4OC(CO)C(O)C(O)C4O)cc(O)c3c2=O)cc1,bitter
CC(O)[C@H]1OC(OC(=O)c2c(O)cc(O)cc2-c2cccc(O)c2)C(O)C(O)C1O,bitter
COc1cc2c(cc1O)CC1c3c(cc(O)c(OC)c3-2)CCN1C,bitter
CC12CC(c3ccoc3)OC(=O)C1CC1OC(=O)C3(O)C(O)CCC2C13C,bitter
COC(=O)C1=CC(O)CC2C3(C)CC(c4ccoc4)OC(=O)C3CC(O)C12C,bitter
CC12CC(c3ccoc3)OC(=O)C1CC1OC(=O)C3(O)C(OC4OC(CO)C(O)C(O)C4O)CCC2C13C,bitter
COC(=O)C1=CC(O)CC2C3(C)CC(c4ccoc4)OC(=O)C3CC(OC3OC(CO)C(O)C(O)C3O)C12C,bitter
CC1CCC2(C)CCC3(C)C(=CCC4C5(C)CCC(O)C(C)(C(=O)O)C5CCC43C)C2C1C,bitter
CC#CC#CC=C1C=CC2(CCCCO2)O1,undefined
CC1=CC(O)C(O)C2(C)C1CC1OC(=O)C(O)C3(O)C4(C)OCC13C2C(O)C4O,bitter
CC1=CC(=O)CC2(C)C1C(O)C1OC(=O)C(O)C3C4(C)OCC13C2C(O)C4O,bitter
COC(=O)C12OCC34C(CC5C(C)=CC(=O)C(O)C5(C)C3C(O)C1O)OC(=O)C(OC(=O)C(O)C(O)C(O)C(O)C(C)CO)C24O,bitter
CC(C)(CCC(=O)C(C)(O)C1CCC2(C)C3CC=C4C(CC(OC5OC(CO)C(O)C(O)C5O)C(=O)C4(C)C)C3(C)C(=O)CC12C)OC1OC(CO)C(O)C(O)C1O,bitter
CC(CCC(O)C(C)(C)OC1OC(CO)C(O)C(O)C1O)C1CCC2(C)C3CC=C4C(CCC(OC5OC(CO)C(O)C(O)C5O)C4(C)C)C3(C)C(=O)CC12C,undefined
CC(CCC(O)C(C)(C)OC1OC(COC2OC(CO)C(O)C(O)C2O)C(O)C(O)C1O)C1CCC2(C)C3CC=C4C(CCC(OC5OC(CO)C(O)C(O)C5O)C4(C)C)C3(C)C(=O)CC12C,bitter
CC(C)(O)CCC(=O)C(C)(O)C1C(O)CC2(C)C3CC=C4C(C=C(OC5OC(CO)C(O)C(O)C5O)C(=O)C4(C)C)C3(C)C(=O)CC12C,bitter
CC(CCC(O)C(C)(C)OC1OC(CO)C(O)C(O)C1OC1OC(CO)C(O)C(O)C1O)C1CCC2(C)C3CC=C4C(CCC(OC5OC(CO)C(O)C(O)C5OC5OC(C)C(O)C(O)C5O)C4(C)C)C3(C)C(=O)CC12C,sweet
CC(CCC(O)C(C)(C)OC1OC(CO)C(O)C(O)C1O)C1CCC2(C)C3CC=C4C(CCC(OC5OC(CO)C(O)C(O)C5OC5OC(C)C(O)C(O)C5O)C4(C)C)C3(C)C(=O)CC12C,sweet
CCC=CCC=CCCC=CC=CC(=O)NCC(C)(C)O,undefined
Cc1c(O)c(OC2OC(CO)C(O)C(O)C2O)cc2c1C=CC1C2(C)C(=O)CC2(C)C(C(C)(O)C(O)C=CC(C)(C)O)C(O)CC12C,bitter
Cc1c(O)c(OC2OC(CO)C(O)C(O)C2OC2OC(CO)C(O)C(O)C2O)cc2c1C=CC1C2(C)C(=O)CC2(C)C(C(C)(O)C(O)C=CC(C)(C)O)C(O)CC12C,bitter
CC(CCC(=O)C(C)(C)OC1OC(CO)C(O)C(O)C1O)C1CCC2(C)C3CC=C4C(CCC(OC5OC(COC6OC(CO)C(O)C(O)C6O)C(O)C(O)C5O)C4(C)C)C3(C)C(O)CC12C,sweet
CC1C=CC2C(C)CCC(C(C)C)C2C1,undefined
O=C1CC2(CO)C(CCC34CC(CCC32)C(O)(COC2OC(CO)C(O)C(O)C2O)C4)c2ccoc21,bitter
CC1CC(O)C2(O)OC3CC4(C=O)C(CCC5C4CCC4(C)C(C6=CC(=O)OC6)CCC54O)CC3OC2O1,bitter
COc1ccc2c(c1OC)CN1CCc3cc4c(cc3C1C2)OCO4,bitter
COc1cc(O)c2c(=O)c(OC3OC(COC4OC(C)C(O)C(O)C4O)C(O)C(O)C3O)c(-c3ccccc3)oc2c1,bitter
CC(=CCCC(C)C1CCC2(C)C3CC=C4C(CCC(OC5OC(CO)C(O)C(O)C5O)C4(C)C)C3(C)C(=O)CC12C)COC1OC(CO)C(O)C(O)C1OC1OC(CO)C(O)C(O)C1O,bitter
CC(=CCCC(C)C1CCC2(C)C3CC=C4C(CCC(OC5OC(CO)C(O)C(O)C5O)C4(C)C)C3(C)C(=O)CC12C)COC1OC(COC2OC(CO)C(O)C(O)C2O)C(O)C(O)C1O,bitter
C/C(=C/CCC(C)C1CCC2(C)C3CC=C4C(CCC(OC5OC(CO)C(O)C(O)C5O)C4(C)C)C3(C)C(=O)CC12C)COC1OC(COC2OC(CO)C(O)C(O)C2O)C(O)C(O)C1O,bitter
CC(=CCCC(C)C1CCC2(C)C3CC=C4C(CCC(OC5OC(CO)C(O)C(O)C5O)C4(C)C)C3(C)C(O)CC12C)COC1OC(CO)C(O)C(O)C1OC1OC(CO)C(O)C(O)C1O,sweet
CC(=CCCC(C)C1CCC2(C)C3CC=C4C(CCC(OC5OC(CO)C(O)C(O)C5O)C4(C)C)C3(C)C(O)CC12C)COC1OC(COC2OC(CO)C(O)C(O)C2O)C(O)C(O)C1O,sweet
CC1NC2CCCCCCCC(=O)OC3CCC(CCCCCCCC(=O)OC1CC2)NC3C,bitter
CC1NC(CCCCCCCC(=O)O)CCC1O,sweet
CC1=CC(=O)C2C(C)CCC3C(C)C(=O)OC3C12,bitter
CC1=CCC(C(C)C)CC1=O,bitter
CC1C(=CC(=O)OCCN(C)C)CCC2C1C(=O)CC1C(C)(C)C(O)CCC21C,bitter
Cc1cc(O)c2c(c1)C(O)(C1OC(CO)C(O)C(O)C1O)c1cccc(O)c1C2=O,bitter
CC1=C(O)C(=O)C2C3(C)C(CC4C(C)CC(O)C(O)C42C)OC(=O)CC13,bitter
CC1=CC(OC2OC(CO)C(O)C(O)C2O)C(O)C2(C)C1CC1OC(=O)CC3C(C)C(O)C4(O)OCC13C42,bitter
CC1=CC(OC2OC(CO)C(O)C(O)C2O)C(O)C2(C)C1CC1OC(=O)C(O)C3C(C)C(O)C4(O)OCC13C42,bitter
CC1=C2CC3OC(=O)CC4C(C)C(O)C5(OC6OC(CO)C(O)C(O)C6O)OCC34C5C2(C)C(O)C(O)C1,bitter
OCC1OC(OC2OC=CC3C(O)C4OC4(CO)C23)C(O)C(O)C1O,bitter
CC(N)C(=O)c1ccccc1,bitter
CC(=O)OC(C)(C)CCC(=O)C(C)(O)C1C(O)CC2(C)C3CCc4c(cc(OC5OC(CO)C(O)C(O)C5O)c(O)c4C)C3(C)C(=O)CC12C,bitter
CC(=O)OC(C)(C)CCC(=O)C(C)(O)C1C(O)CC2(C)C3C=Cc4c(cc(OC5OC(CO)C(O)C(O)C5O)c(O)c4C)C3(C)C(=O)CC12C,sweet
C=C(C)C=CC(O)C(C)(O)C1C(O)CC2(C)C3CCc4c(cc(OC5OC(CO)C(O)C(O)C5O)c(O)c4C)C3(C)C(=O)CC12C,bitter
C=C(C)/C=C/C(=O)C(C)(O)C1C(O)CC2(C)C3C=Cc4c(cc(OC5OC(CO)C(O)C(O)C5O)c(O)c4C)C3(C)C(=O)CC12C,bitter
Cc1c(O)c(OC2OC(CO)C(O)C(O)C2O)cc2c1CCC1C2(C)C(=O)CC2(C)C(C(C)(O)C(=O)CCC(C)(C)O)C(O)CC12C,bitter
Cc1c(O)c(OC2OC(CO)C(O)C(O)C2O)cc2c1C=CC1C2(C)C(=O)CC2(C)C(C(C)(O)C(=O)CCC(C)(C)O)C(O)CC12C,bitter
Cc1c(O)c(OC2OC(CO)C(O)C(O)C2O)cc2c1CCC1C2(C)C(=O)CC2(C)C(C(C)(O)C(O)C=CC(C)(C)O)C(O)CC12C,bitter
Cc1c(O)cc2c(c1O)C(=O)C(O)C(c1cc(O)c(O)c(O)c1)O2,bitter
COC1C(O)C(C)OC(OC2CCC3(C)C(CCC4C3CCC3(C)C(C5=CC(=O)OC5)CCC43O)C2)C1OC(C)=O,bitter
CC1=CC(O)C(O)C2(C)C1CC1OC(=O)CC3C(C)C(O)C4(O)OCC13C42,bitter
CC1=CC(=O)C(O)C2(C)C1CC1OC(=O)CC3C(C)C(O)C4(O)OCC13C42,bitter
CC1CC(O)C(O)C2(C)C1CC1OC(=O)CC3C(C)C(O)C(=O)C2C13C,bitter
CC12CC(c3ccoc3)OC(=O)C1CCC1(C)C2C2OC(=O)C1(O)C1OC21,bitter
COc1ccc2c(c[n+](C)c3c4cc5c(cc4ccc23)OCO5)c1OC,bitter
CN1Cc2c(ccc3c2OCO3)C2C(O)Cc3cc4c(cc3C21)OCO4,bitter
O=c1ccc2cc(O)c(OC3OC(CO)C(O)C(O)C3O)cc2o1,bitter
CC(C)CNC(=O)C=CC=CCCc1ccc2c(c1)OCO2,undefined
C=C1C(=O)OC2C1CCC(C)(O)C13OC1C1OC1(C)C23,bitter
Cc1cc(O)c2c(c1)C(=O)c1cccc(O)c1C2=O,bitter
CC1=C2C(=O)C=C(COC3OC(CO)C(O)C(O)C3O)C2C2OC(=O)C(C)C2C(O)C1,bitter
COc1c2c(cc3oc(CO)cc(=O)c13)OC(C(C)(C)O)C2,bitter
C=CC1CN2CCC1CC2c1[nH]c2ccccc2c1CCO,bitter
CC(=O)OC1C=C(C=O)C(O)(C=O)C2(C)CCCC(C)(C)C12,undefined
Oc1cc(O)c2c(c1)OC(c1ccc(O)c(O)c1)C(O)C2c1c(O)cc(O)c2c1OC(c1ccc(O)c(O)c1)C(O)C2c1c(O)cc(O)c2c1OC(c1ccc(O)c(O)c1)C(O)C2c1c(O)cc(O)c2c1OC(c1ccc(O)c(O)c1)C(O)C2,bitter
CCC(C)C(=O)C1=C(O)[C@@](O)(C(=O)/C=C/C(C)C)C(CC=C(C)C)C1=O,bitter
CC(C)CNC(=O)/C=C\c1ccc2c(c1)OCO2,bitter
COc1ccc(/C=C\C(=O)NCCc2ccc(OC)c(OC)c2)cc1OC,undefined
CC(=CC(=O)O)C(=O)O,bitter
NC(=O)NCCCC(N)C(=O)O,bitter
CCC(C)(OC(C)=O)C(=O)OC1C(O)CC2C(C)(C3CC4C=COC4O3)C(C)=CC(OC(C)=O)C2(COC(C)=O)C12CO2,bitter
CCC(C)(OC(C)=O)C(=O)OC1C(O)CC2C(C)(C3CC4C=COC4O3)C(C)CC(OC(C)=O)C2(COC(C)=O)C12CO2,bitter
CC(=O)OCC12C(OC(C)=O)CC(C)C(C)(C3CC4C=COC4O3)C1CCCC21CO1,bitter
CC1(C)OC2CC(=O)OC2(C)C1CC(=O)CC1=CCCC23CC12C(=O)OC3c1ccoc1,bitter
CC1(C)CC(C2(C)C=CC(=O)O2)C2(C=C3C(CCC45CC34C(=O)OC5c3ccoc3)OO2)O1,bitter
C=C1C(C2(C)C=CC(=O)OC(C)(C)C2CC(=O)OC)CCC2(C)C(c3ccoc3)OC(=O)CC12O,bitter
COC(=O)C1C(OC(=O)C2C(c3ccccc3)C(C(=O)OC3CC4CCC(C3C(=O)OC)N4C)C2c2ccccc2)CC2CCC1N2C,bitter
COc1ccc2c3c1OC1C(O)C=CC4C(C2)N(C)CCC341,bitter
COc1cc2c(cc1O)-c1cc3ccc(OC)c(OC)c3c[n+]1CC2,bitter
CC(=O)OC1C(OC(=O)/C=C/c2ccccc2)C2C(CCC3CC(OC4OC(CO)C(OC5OC(CO)C(OC6OC(CO)C(OC7OC(CO)C(OC8OC(CO)C(O)C(O)C8O)C(O)C7O)C(O)C6O)C(O)C5O)C(O)C4O)CCC32C)C2(O)CCC(C(C)=O)C12C,bitter
CCCC1CCCCN1,undefined
c1c2c(cc3c1OCO3)-c1cc3ccc4c(c3c[n+]1CC2)OCO4,bitter
O=C(OC1OC2COC(=O)c3cc(O)c(O)c(O)c3-c3c(cc(O)c(O)c3O)C(=O)OC(C2O)C1O)c1cc(O)c(O)c(O)c1,undefined
COc1cc2c(cc1OC)C(=O)NCC2,bitter
CC1C(=CC(=O)OCCN(C)C)CCC2C1C(=O)CC1C(C)(C)C(OC(=O)CC(C)(C)O)CCC21C,bitter
O=C(C=Cc1ccc(O)cc1)OC(C(=O)O)C(O)C(=O)O,bitter
CC(C=CC=C(C)C(=O)OC1OC(COC2OC(CO)C(O)C(O)C2O)C(O)C(O)C1O)=CC=CC=C(C)C=CC=C(C)C(=O)OC1OC(COC2OC(CO)C(O)C(O)C2O)C(O)C(O)C1O,bitter
COc1cc2c(cc1OC)C(=O)Cc1ccc3c(c1CN(C)CC2)OCO3,bitter
OC1OCC(Cc2ccc3c(c2)OCO3)C1Cc1ccc2c(c1)OCO2,bitter
CC(=O)OC(C)(C)C=CC(=O)C(C)(O)C1C(O)CC2(C)C3CC=C4C(CC(O)C(=O)C4(C)C)C3(CO)C(=O)CC12C,bitter
CC(=O)OC(C)(C)C=CC(=O)C(C)(O)C1C(O)CC2(C)C3CC=C4C(CC(OS(=O)(=O)O)C(=O)C4(C)C)C3(C)C(=O)CC12C,bitter
CC(=O)OC(C)(C)C=CC(=O)C(C)(O)C1C(O)CC2(C)C3CC=C4C(CCC(O)C4(C)C)C3(CO)C(=O)CC12C,bitter
CC(=O)OC(C)(C)C=CC(=O)C(C)(O)C1C(O)CC2(C)C3CC=C4C(C=C(OC5OC(CO)C(O)C(O)C5O)C(=O)C4(C)C)C3(C)C(=O)CC12C,bitter
CC(C)(O)C=CC(=O)C(C)(O)C1C(O)CC2(C)C3CC=C4C(CC(O)C(O)C4(C)C)C3(C)C(=O)CC12C,bitter
CC1(C)C(=O)C(O)CC2C1=CCC1C2(C)C(=O)CC2(C)C(C(C)(O)C(=O)CC(O)C(C)(C)O)C(O)CC12C,bitter
CC1(C)C(=O)C(OC2OC(CO)C(O)C(O)C2O)CC2C1=CCC1C2(C)C(=O)CC2(C)C(C(C)(O)C(=O)CC(O)C(C)(C)O)C(O)CC12C,bitter
CC(C)(O)C=CC(=O)C(C)(O)C1C(O)CC2(C)C3CC=C4C(C=C(OC5OC(CO)C(O)C(O)C5O)C(=O)C4(C)C)C3(C)C(=O)CC12C,bitter
CC1(C)C(=O)C(O)=CC2C1=CCC1C2(C)C(=O)CC2(C)C(C(C)(O)C(=O)CC(O)C(C)(C)O)C(O)CC12C,bitter
CC(C)(O)CCC(=O)C(C)(O)C1C(O)CC2(C)C3CC=C4C(C=C(O)C(=O)C4(C)C)C3(C)C(=O)CC12C,bitter
CC(C)(O)CCC(=O)C(C)(O)C1C(O)CC2(C)C3CC=C4C(CC(O)C(=O)C4(C)C)C3(C)C(=O)CC12C,bitter
COc1cc2c3cc1Oc1cc(ccc1O)CC1c4c(cc(OC)c(O)c4Oc4ccc(cc4)CC3[N+](C)(C)CC2)CC[N+]1(C)C,bitter
COc1cc(C=CC(=O)CC(=O)C=Cc2ccc(O)c(OC)c2)ccc1O,bitter
CC1CC(OC(=O)C(O)c2ccccc2)CC(C)(C)C1,bitter
CC1CC2C(C)(C)C(OC3OC(CO)C(O)C3O)CCC2(C)C2CC(OC3OC(C)C(O)C(O)C3O)C3C(C4(C)CCC(C(C)(C)O)O4)CCC3(C)C12,sweet
O=c1cccc2n1CC1CNCC2C1,bitter
O=c1ccc2ccc(O)c(OC3OC(CO)C(O)C(O)C3O)c2o1,undefined
O=c1ccc2ccc(OC3OC(CO)C(O)C(O)C3O)c(O)c2o1,bitter
CC1(C(O)CO)C=C2CCC3C(C)(C)C(OC4OC(CO)C(O)C(O)C4O)CCC3(C)C2CC1,bitter
O=C1OCC2OC(=O)c3cc(O)c(O)c(O)c3-c3c(O)c(O)c(O)c4c3C(=O)OC(C3OC(=O)c5c(c(O)c(O)c(O)c5-4)C3=O)C2OC(=O)c2cc(O)c(O)c(O)c2-c2c1cc(O)c(O)c2O,undefined
C=C1C(=O)OC2C1CCC(=C)C1CCC(=C)C12,bitter
O=C(C=CC=CCCC=Cc1ccc2c(c1)OCO2)N1CCCCC1,undefined
CC(=O)CC/C=C/c1ccc(OC2OC(CO)C(O)C(O)C2O)c(O)c1,undefined
CCN1CC2(COC)CCC(O)C34C5CC6C(OC)CC(O)(C5C6O)C(O)(C(OC)C23)C14,bitter
OCC1OC(Oc2cc3c(O)cc(O)cc3[o+]c2-c2cc(O)c(O)c(O)c2)C(O)C(O)C1O,undefined
Oc1cc(O)c2cc(OC3OCC(O)C(O)C3O)c(-c3cc(O)c(O)c(O)c3)[o+]c2c1,undefined
CCN1CC2(COC)CCC(O)C34C5CC6C(OC)CC(O)(C5C6OC)C(O)(C(OC)C23)C14,bitter
C=C1C(=O)OC2CC3(C)CCCC(=C)C3(OO)CC12,bitter
O=C(C=Cc1ccc(O)c(O)c1)NC(Cc1ccc(O)cc1)C(=O)O,undefined
O=C1OCC2OC(=O)c3cc(O)c(O)c(O)c3-c3c(O)c(O)c(O)c4c3C(=O)OC(C3Cc5c(O)c(O)c(O)c-4c5C(=O)O3)C2OC(=O)c2cc(O)c(O)c(O)c2-c2c1cc(O)c(O)c2O,undefined
COC(=O)CC1C2(C)C3=C(C)C(C4=CC(=O)OC4O)CC3OC2C(O)C2C(C)(C(=O)OC)C=CC(=O)C21C,bitter
CC1=CC(=O)C2=C(C)CC(O)C3C(C)C(=O)OC3C12,bitter
COC(=O)CC1C2(C)C3=C(C)C(C4=CC(O)OC4=O)CC3OC2C(O)C2C(C)(C(=O)OC)C=CC(=O)C21C,bitter
O=C(C=Cc1ccc(O)c(O)c1)OC1C(O)CC(OC(=O)C=Cc2ccc(O)c(O)c2)(C(=O)O)CC1O,bitter
COC1C(O)C(OC2CCC3(C)C(CCC4C3CCC3(C)C(C5=CC(=O)OC5)C(O)CC43O)C2)OC(C)C1OC1OC(CO)C(O)C(O)C1O,bitter
CC1CCC2(OC1)OC1C(O)C3C4CCC5CC(OC6OC(CO)C(OC7OC(CO)C(O)C(OC8OCC(O)C(O)C8O)C7OC7OC(CO)C(O)C(OC8OC(CO)C(O)C(O)C8O)C7O)C(O)C6O)C(O)CC5(C)C4CCC3(C)C1C2C,bitter
COC1=C(O)C=CC(C=CC(=O)NCCc2ccc(O)c(OC)c2)C1,undefined
C=CC1C(OC2OC(CO)C(O)C(O)C2O)OC=C2C(=O)OC(OC(=O)C(C)CCCC(C)=CCO)CC21,bitter
COC(=O)C1CC(O)CC2C1C1CC3(OC(c4ccoc4)CC23C)C(=O)O1,bitter
CC12CC(c3ccoc3)OC13CC(OC3=O)C1C3CC(CC12)OC3=O,bitter
CC12CC(c3ccoc3)OC(=O)C1CC(OC1OC(CO)C(O)C(O)C1O)=C1C3CC(CC12)OC3=O,bitter
COC(=O)C1CC(O)CC2C1=C(OC1OC(CO)C(O)C(O)C1O)CC1C(=O)OC(c3ccoc3)CC12C,bitter
CC1CCC2(OC1)OC1CC3C4CC=C5CC(OC6OC(CO)C(OC7OC(C)C(O)C(O)C7OC7OC(C)C(O)C(O)C7O)C(O)C6O)CCC5(C)C4CCC3(C)C1C2C,bitter
CC1=CC(=O)OC2(C1)CC1CCC2CN1C,bitter
O=C(/C=C/c1ccc2c(c1)OCO2)NCCc1ccc2c(c1)OCO2,sweet
COC1CC(OC2CCC3(C)C(CCC4C3C(O)CC3(C)C(C5=CC(=O)OC5)CCC43O)C2)OC(C)C1O,bitter
C=C(C=O)C1CCC(C)C1C=O,bitter
CC(C)C1(NC(=O)C2C=C3c4cccc5[nH]cc(c45)CC3N(C)C2)OC2(O)C3CCCN3C(=O)CN2C1=O,bitter
CC=C1C[N+]2(C)CCC34c5ccccc5NC32C(O)CC1C4(CO)C(=O)OC,bitter
O=c1oc2c(O)c(O)cc3c(=O)oc4c(O)c(O)cc1c4c23,bitter
CC(=O)CC1(O)C(=O)C=C2C(=O)OC3C(OC(=O)c4cc(O)c(O)c(O)c4)OC4COC(=O)c5cc(O)c(O)c(O)c5-c5c(cc(O)c(O)c5O)C(=O)OC3C4OC(=O)c3cc(O)c(O)c4c3C2C1(O)O4,bitter
CC1OC(OC2C(=O)c3c(O)cc(O)cc3OC2c2ccc(O)cc2)C(O)C(O)C1O,bitter
O=C(OC1Cc2c(O)cc(O)c(C3c4c(O)cc(O)cc4OC(c4ccc(O)c(O)c4)C3O)c2OC1c1cc(O)c(O)c(O)c1)c1cc(O)c(O)c(O)c1,bitter
Oc1cc(O)c2c(c1)OC(c1ccc(O)c(O)c1)C(O)C2c1c(O)cc(O)c2c1OC(c1ccc(O)c(O)c1)C(O)C2c1c(O)cc(O)c2c1OC(c1ccc(O)c(O)c1)C(O)C2c1c(O)cc(O)c2c1OC(c1ccc(O)c(O)c1)C(O)C2c1c(O)cc(O)c2c1OC(c1ccc(O)c(O)c1)C(O)C2.Oc1cc(O)c2c(c1)OC(c1ccc(O)c(O)c1)C(O)C2c1c(O)cc(O)c2c1OC(c1ccc(O)c(O)c1)C(O)C2c1c(O)cc(O)c2c1OC(c1ccc(O)c(O)c1)C(O)C2c1c(O)cc(O)c2c1OC(c1ccc(O)c(O)c1)C(O)C2c1c(O)cc(O)c2c1OC(c1ccc(O)c(O)c1)C(O)C2c1c(O)cc(O)c2c1OC(c1ccc(O)c(O)c1)C(O)C2c1c(O)cc(O)c2c1OC(c1ccc(O)c(O)c1)C(O)C2c1c(O)cc(O)c2c1OC(c1ccc(O)c(O)c1)C(O)C2c1c(O)cc(O)c2c1OC(c1ccc(O)c(O)c1)C(O)C2c1c(O)cc(O)c2c1OC(c1ccc(O)c(O)c1)C(O)C2c1c(O)cc(O)c2c1OC(c1ccc(O)c(O)c1)C(O)C2c1c(O)cc(O)c2c1OC(c1ccc(O)c(O)c1)C(O)C2,undefined
O=C(OC1Cc2c(O)cc(O)c(C3c4c(O)cc(O)cc4OC(c4cc(O)c(O)c(O)c4)C3O)c2OC1c1ccc(O)c(O)c1)c1cc(O)c(O)c(O)c1,bitter
CC(CO)NC(=O)C1C=C2c3cccc4[nH]cc(c34)CC2N(C)C1,bitter
O=Cc1cccc2c1CCOC2=O,bitter
CC1(C)CCC2(CO)CCC3(C)C(=CCC4C5(C)CCC(O)C(C)(C)C5CCC43C)C2C1,bitter
O=c1ccc2cc(O)c(O)cc2o1,bitter
CCCCC=CCCCCCCCc1cc(=O)c2ccccc2n1C,bitter
CN1c2ccccc2C(=O)N2CCc3c([nH]c4ccccc34)C21,bitter
CC1(C)OC2CC(=O)OCC23C1=C(O)C(=O)C1(C)C3CCC2(C)C(c3ccoc3)OC(=O)C3OC321,bitter
COC1CC(OC2C(C)OC(OC3C(C)OC(OC4CCC5(C)C(=CCC6C5CCC5(C)C6CC(OC6OC(COC7OC(CO)C(O)C(O)C7O)C(O)C(O)C6O)C5C(C)=O)C4)C(O)C3OC)CC2OC)OC(C)C1OC(=O)C=C(C)C,sweet
COC1CC(OC2C(C)OC(OC3C(C)OC(OC4CCC5(C)C(=CCC6C5CCC5(C)C6CC(OC6OC(COC7OC(CO)C(O)C(O)C7OC7OC(CO)C(O)C(O)C7O)C(O)C(O)C6O)C5C(C)=O)C4)C(O)C3OC)CC2OC)OC(C)C1OC(=O)C=C(C)C,sweet
COC1CC(OC2C(C)OC(OC3C(C)OC(OC4CCC5(C)C(=CCC6C5CCC5(C)C6CC(OC6OC(COC7OC(COC8OC(CO)C(O)C(O)C8O)C(O)C(O)C7O)C(O)C(O)C6O)C5C(C)=O)C4)C(O)C3OC)CC2OC)OC(C)C1OC(=O)C=C(C)C,sweet
COC1CC(OC2C(C)OC(OC3C(C)OC(OC4CCC5(C)C(=CCC6C5CCC5(C)C6CC(OC6OC(COC7OC(COC8OC(CO)C(O)C(O)C8O)C(O)C(O)C7OC7OC(CO)C(O)C(O)C7O)C(O)C(O)C6O)C5C(C)=O)C4)C(O)C3OC)CC2OC)OC(C)C1OC(=O)C=C(C)C,sweet
COC1CC(OC2C(O)CC(OC3C(C)OC(OC4CCC5(C)C(=CCC6C5CCC5(C)C6CC(OC6OC(COC7OC(COC8OC(CO)C(O)C(O)C8O)C(O)C(O)C7OC7OC(CO)C(O)C(O)C7O)C(O)C(O)C6O)C5C(C)=O)C4)C(O)C3OC)OC2C)OC(C)C1OC(=O)C=C(C)C,sweet
COC1CC(OC2C(C)OC(OC3CCC4(C)C(=CCC5C4CCC4(C)C5CC(OC5OC(COC6OC(COC7OC(CO)C(O)C(O)C7O)C(O)C(O)C6OC6OC(CO)C(O)C(O)C6O)C(O)C(O)C5O)C4C(C)=O)C3)C(O)C2OC)OC(C)C1OC1CC(O)C(OC(=O)C=C(C)C)C(C)O1,sweet
COC1CC(OC2C(C)OC(OC3CCC4(C)C(=CCC5C4CCC4(C)C5CC(OC5OC(COC6OC(CO)C(O)C(O)C6O)C(O)C(O)C5O)C4C(C)=O)C3)C(O)C2OC)OC(C)C1OC1CC(O)C(OC(=O)C=C(C)C)C(C)O1,sweet
COC1CC(OC2C(C)OC(OC3CCC4(C)C(=CCC5C4CCC4(C)C5CC(OC5OC(COC6OC(CO)C(O)C(O)C6OC6OC(CO)C(O)C(O)C6O)C(O)C(O)C5O)C4C(C)=O)C3)C(O)C2OC)OC(C)C1OC1CC(O)C(OC(=O)C=C(C)C)C(C)O1,sweet
COC1CC(OC2C(O)CC(OC3C(C)OC(OC4CCC5(C)C(=CCC6C5CCC5(C)C6CC(OC6OC(COC7OC(CO)C(O)C(O)C7OC7OC(CO)C(O)C(O)C7O)C(O)C(O)C6O)C5C(C)=O)C4)C(O)C3OC)OC2C)OC(C)C1OC(=O)C=C(C)C,sweet
COc1cc2c(cc1OC)CN(C)CCc1cc3c(cc1C(=O)C2)OCO3,bitter
C=CC1C(OC2OC(CO)C(O)C(O)C2O)OC=C2C(=O)OC(OC(=O)C(C)=CCCC(C)=CCO)CC21,bitter
Nc1nc2ncc(CNc3ccc(C(=O)NC(CCC(=O)O)C(=O)O)cc3)nc2c(=O)[nH]1,sweet
COc1cc2ccc(=O)oc2c(O)c1O,bitter
COc1cc2ccc(=O)oc2c(O)c1OC,bitter
COc1cc2oc(=O)ccc2c(OC)c1O,bitter
C=C1C(=O)OC2CC(C)C(C(O)CC(C)OC(C)=O)=CCC12,bitter
O=C(O)C1OC(O)C(O)C(O)C1O,sour
CC1(C)CCCC2(C)C1CCC1(C=O)C(O)CC(C=O)=CCC21,undefined
COc1cc(-c2cc(=O)c3c(O)c(OC)c(OC)c(OC)c3o2)cc(OC)c1OC,bitter
COC(=O)C1=COC(OC2OC(CO)C(O)C(O)C2O)C2C1C=CC2(O)CO,bitter
OCc1ccc(OC2OC(CO)C(O)C(O)C2O)cc1,bitter
C/C(=C\CO)CCC1=C(CO)CC(OC2OCC(O)C(O)C2O)C2C(C)(CO)CCCC12C,sweet
C/C(=C\CO)CCC1=C(CO)CC(OC2OCC(O)C(O)C2O)C2C(C)(CO)CC(O)CC12C,undefined
C/C(=C\CO)CCC1C(C)(O)CC(OC2OCC(O)C(O)C2O)C2C(C)(CO)CCCC12C,bitter
C/C(=C\CO)CCC1C(C)(O)CC(OC2OCC(O)C(O)C2O)C2C(C)(C)CC(O)CC21C,sweet
CC(=O)/C=C/C1=C(CC/C(C)=C/CO)C2(C)CCCC(C)(CO)C2C(OC2OCC(O)C(O)C2O)C1,bitter
CC1=C2C(O)C3C(CC(C)C2CC1=O)OC(=O)C3C,bitter
C=CC1C(OC2OC(COC(C)=O)C(OC(=O)c3cccc(OC4OC(CO)C(O)C(O)C4O)c3O)C(OC(C)=O)C2OC(C)=O)OC=C2C(=O)OCCC21O,bitter
C=CC12CN(C)C3C4COC(CC41)C1(C(=O)Nc4ccccc41)C32,bitter
O=c1c(-c2ccc(O)cc2)coc2c(C3OC(CO)C(O)C(O)C3O)c(O)cc(O)c12,sweet
O=C(O)c1cc(O)ccc1O,sweet
CC(=O)OCC1OC(OC2OC=C3C(=O)OCCC3(O)C2C2CO2)C(OC(C)=O)C(OC(C)=O)C1OC(=O)c1cccc(OC2OC(CO)C(O)C(O)C2O)c1O,bitter
O=C1OC2C3COC(=O)c4cc(O)c(O)c(O)c4-c4c(cc(O)c(O)c4O)C(=O)OC2C(OC(=O)c2cc(O)c(O)c4c2C2C1=CC(=O)C(O)(O4)C2(O)O)C(OC(=O)c1cc(O)c(O)c(O)c1)O3,undefined
C=C1CC23CC1(O)CCC2C12C=CC(O)C(C)(C(=O)O1)C2C3C(=O)O,sour
CC(C)=CCCC(C)(O)C1CCC2(C)C1C(O)CC1C3(C)CCC(OC4OC(CO)C(O)C(O)C4OC4OC(CO)C(O)C(O)C4O)C(C)(C)C3CCC12C,sweet
CC(=O)OC1CCC2(C)C1CCC1(C)C2CCC2C3(C)CCCC(C)(C)C3CCC21C,bitter
CCC(C)(O)C(=O)OC1C(=O)OC2CC3C(C)=CC(=O)C(O)C3(C)C3C4(O)OCC23C1C(C)C4O,bitter
CC1=CC(O)C(O)C2(C)C1CC1OC(=O)C(O)C3C(C)C(O)C4(O)OCC13C42,bitter
CC(=O)OC1C(=O)C2(C)C(CCC3(C)C(c4ccoc4)OC(=O)C4OC432)C23COC(=O)CC2OC(C)(C)C13,bitter
C=C(C)C(=O)OC1CC(C)(OC(C)=O)C(=O)CCC2(C)OC2C2OC(=O)C(COC(C)=O)=C12,bitter
CC(=O)OC1CC2(C)OC23CC=C(C)C3C2OC(=O)C(C)C12,bitter
O=C(C=Cc1ccccc1)OCC12OC1C(O)C1C=COC(OC3OC(CO)C(O)C(O)C3O)C12,bitter
COc1cc2c(c(OC)c1OC)-c1ccc(OC)c(=O)cc1C(NC=O)CC2,bitter
O=C(O)C=Cc1ccc(OC2OC(CO)C(O)C(O)C2O)c(O)c1,undefined
C=CCCC(=NOS(=O)(=O)O)SC1OC(CO)C(O)C(O)C1O,bitter
O=S(=O)(O)ON=C(CCc1ccccc1)SC1OC(CO)C(O)C(O)C1O,bitter
CC1OC(Oc2cc(O)cc(O)c2C(=O)CCc2ccc(O)cc2)C(O)C(O)C1O,sweet
Cc1cc2c(C(C)C)c(O)c(O)c(C=O)c2c(O)c1-c1c(C)cc2c(C(C)C)c(O)c(O)c(C=O)c2c1O,sweet
COc1cc2c(cc1O)CC[n+]1cc3c4c(ccc3cc1-2)OCO4,bitter
O=c1c(OC2OC(CO)C(O)C2O)c(-c2ccc(O)c(O)c2)oc2cc(O)cc(O)c12,bitter
CC(C)CNC(=O)C=CC=CCCCCCCC=Cc1ccc2c(c1)OCO2,undefined
CC=C(C)C(=O)OC1C(O)C2(COC(C)=O)C(O)CC3(C)C(=CCC4C5(C)CCC(OC6OC(C(=O)O)C(O)C(O)C6O)C(C)(CO)C5CCC43C)C2CC1(C)C,sweet
C/C=C(\C)C(=O)OC1CC2C(CC=C3CC(OC4CC(OC)C(OC5CC(OC)C(OC6OC(C)C(O)C(OC)C6O)C(C)O5)C(C)O4)CCC32C)C2(O)CCC(C(C)=O)C12C,bitter
C/C=C(\C)C(=O)OC1CC2C(CC=C3CC(O)CCC32C)C2(O)CCC(C(C)=O)C12C,bitter
COc1ccc2c(c1)[nH]c1c(C)nccc12,bitter
CC1(OC(=O)C=Cc2ccccc2)CC(O)C2(O)C=COC(OC3OC(CO)C(O)C(O)C3O)C12,bitter
CCC=CCC=CCCC=CC=CC(=O)NCC(C)C,undefined
CC1(C)CCC2(C(=O)O)CCC3(C)C(=CCC4C5(C)CCC(O)C(C)(CO)C5CCC43C)C2C1,bitter
CCCC=CCCCCC=CC(=O)NCC(C)C,undefined
COc1cc(CNC(=O)CCCCCC=CC(C)C)ccc1O,undefined
COc1cc(CNC(=O)CCCCCCCC(C)C)ccc1O,sour
O=C(O)Cc1cc(O)ccc1O,undefined
CC1OC(OC2C(=O)c3c(O)cc(O)cc3OC2c2ccc(O)c(O)c2)C(O)C(OC2OC(CO)C(O)C(O)C2O)C1O,sweet
CC(C)=CCC1=C(O)C(C(=O)CC(C)C)=C(O)C1O,bitter
CC=C1C2C=C(C)CC1(N)c1ccc(=O)[nH]c1C2,bitter
COc1ccc2c(c1OC)C(=O)OC2C1c2cc3c(cc2CCN1C)OCO3,bitter
CCC1CN2CCC1CC2C(O)c1ccnc2ccc(OC)cc12,bitter
Oc1ccc(O)cc1,sweet
CN1c2ccccc2C(=O)N2CCc3c([nH]c4ccc(O)cc34)C21,bitter
CC=CC=CC=CCCC=CC=CC(=O)NCC(C)(C)O,undefined
C=C(CO)C(=O)OC1CC23OC2CCC(=CC2OC(=O)C(=C)C21)COC3O,bitter
CC=CCCC=CCCC=CC=CC(=O)NCC(C)(C)O,undefined
CC(=O)CC1CCCN1C,undefined
CC(=CCO)COC1OC(CO)C(O)C(OC(=O)Cc2ccc(O)cc2)C1OC(=O)Cc1ccc(O)cc1,bitter
CC(=CCO)COC1OC(CO)C(O)C(OC(=O)Cc2ccc(O)c(O)c2)C1OC(=O)Cc1ccc(O)c(O)c1,bitter
CC(=CCO)COC1OC(CO)C(O)C(OC(=O)Cc2ccc(O)cc2)C1OC(=O)Cc1ccc(O)c(O)c1,bitter
CC(=CCO)COC1OC(CO)C(O)C(OC(=O)Cc2ccc(O)c(O)c2)C1OC(=O)Cc1ccc(O)cc1,bitter
CC(=CCO)COC1OC(COC(=O)Cc2ccc(O)c(O)c2)C(O)C(O)C1OC(=O)Cc1ccc(O)c(O)c1,bitter
CC(=CCO)COC1OC(COC(=O)Cc2ccc(O)c(O)c2)C(O)C(OC(=O)Cc2ccc(O)cc2)C1OC(=O)Cc1ccc(O)c(O)c1,bitter
O=C(Cc1ccc(O)c(O)c1)OCC1OC(OCC(=CCO)CO)C(OC(=O)Cc2ccc(O)c(O)c2)C(OC(=O)Cc2ccc(O)c(O)c2)C1O,bitter
O=C(Cc1ccc(O)c(O)c1)OCC1OC(OCC(=CCO)CO)C(O)C(OC(=O)Cc2ccc(O)c(O)c2)C1OC(=O)Cc1ccc(O)c(O)c1,bitter
CC1CC(OC2OC(CO)C(O)C(OC(=O)Cc3ccc(O)cc3)C2OC(=O)Cc2ccc(O)cc2)CC(=O)O1,bitter
CC(=CCO)COC1OC(CO)C(O)C(OC(=O)Cc2ccccc2)C1OC(=O)Cc1ccc(O)c(O)c1,bitter
CC(=CCO)COC1OC(CO)C(O)C(O)C1OC(=O)Cc1ccc(O)c(O)c1,bitter
O=C(Cc1ccc(O)c(O)c1)OCC1OC(OCC(=CCO)CO)C(O)C(O)C1O,bitter
CC(=CCO)COC1OC(CO)C(O)C(OC(=O)Cc2ccc(O)c(O)c2)C1O,bitter
CC(=CCO)COC1OC(COC(=O)Cc2ccc(O)c(O)c2)C(O)C(O)C1O,bitter
CC(=CCO)COC1OC(CO)C(O)C(O)C1OC(=O)Cc1ccc(O)cc1,bitter
CC(=CCO)COC1OC(COC(=O)c2ccc(O)cc2)C(O)C(O)C1O,bitter
CC1CC(OC2OC(CO)C(O)C(O)C2OC(=O)Cc2ccc(O)c(O)c2)CC(=O)O1,bitter
COc1cc2ccc(=O)oc2cc1OC1OC(COC2OCC(O)(CO)C2O)C(O)C(O)C1O,bitter
Cc1cc(=O)c2c(O)c3c(O)cc(O)c4c5c(O)cc(O)c6c(O)c7c(=O)cc(C)c8c1c2c(c34)c(c65)c78,bitter
CC(C)(O)C1CC(=O)C2(C)C(CCC3(C)C(c4ccoc4)OC(=O)C4OC432)C12COC(=O)CC2O,bitter
O=C(C=Cc1ccc2c(c1)OCO2)N1CCCCC1,undefined
CC1CCC2(C(=O)OC3OC(CO)C(O)C(O)C3O)CCC3(C)C(=CCC4C5(C)CCC(OC6OCC(O)C(OC7OC(CO)C(O)C(O)C7O)C6O)C(C)(C)C5CCC43C)C2C1(C)O,bitter
CC1CCC2N(C1)CC1C3CC4C(CC(=O)C5CC(O)CCC54C)C3CCC1C2(C)O,bitter
O=c1cc2c3c4c(cc[n+]3CCC2)c2ccccc2n14,bitter
OCC1OC(OC2(COC3(COC4(COC5(COC6(COC7(COC8(COC9(COC%10(COC%11(COC%12(COC%13(COC%14(COC%15(COC%16(COC%17(COC%18(COC%19(COC%20(COC%21(COC%22(COC%23(COC%24(COC%25(COC%26(COC%27(COC%28(COC%29(COC%30(COC%31(COC%32(COC%33(COC%34(COC%35(COC%36(COC%37(COC%38(CO)OC(CO)C(O)C%38O)OC(CO)C(O)C%37O)OC(CO)C(O)C%36O)OC(CO)C(O)C%35O)OC(CO)C(O)C%34O)OC(CO)C(O)C%33O)OC(CO)C(O)C%32O)OC(CO)C(O)C%31O)OC(CO)C(O)C%30O)OC(CO)C(O)C%29O)OC(CO)C(O)C%28O)OC(CO)C(O)C%27O)OC(CO)C(O)C%26O)OC(CO)C(O)C%25O)OC(CO)C(O)C%24O)OC(CO)C(O)C%23O)OC(CO)C(O)C%22O)OC(CO)C(O)C%21O)OC(CO)C(O)C%20O)OC(CO)C(O)C%19O)OC(CO)C(O)C%18O)OC(CO)C(O)C%17O)OC(CO)C(O)C%16O)OC(CO)C(O)C%15O)OC(CO)C(O)C%14O)OC(CO)C(O)C%13O)OC(CO)C(O)C%12O)OC(CO)C(O)C%11O)OC(CO)C(O)C%10O)OC(CO)C(O)C9O)OC(CO)C(O)C8O)OC(CO)C(O)C7O)OC(CO)C(O)C6O)OC(CO)C(O)C5O)OC(CO)C(O)C4O)OC(CO)C(O)C3O)OC(CO)C(O)C2O)C(O)C(O)C1O,sweet
CC(O)C1OC(=O)C=C2C3(C)C4OC4C(O)C4(C)C(=O)OC(C43)C3OC213,bitter
COC(=O)C1=COC(OC2OC(CO)C(O)C(O)C2O)C2C(C)(O)CCC12O,bitter
CC(C)CC(=O)CC1(C)CCC(c2ccoc2)O1,bitter
C=C1C(=O)OC2CC(C)=CCCC3=CC(OC3=O)C12,undefined
CCC(C)C(=O)C1=C(O[Si](C)(C)C)C(O[Si](C)(C)C)(C(=O)CC=C(C)C)C(CC=C(C)C)C1=O,bitter
C=C1C(=O)OC2CC3(C)CCCC(=C)C3CC12,undefined
CC12CCC3C(C)(CO)C(O)CCC3(C)C1CC(C1=CCOC1=O)O2,bitter
CC1(C)CCCC2(C)C1CCC1(C)C(C=O)C(C=O)=CCC12,undefined
C=C1C(=O)C23C(O)CC4C(C)(C)C(OC(C)=O)CC(O)C4(C)C2CCC1C3O,bitter
CC(C)C=CC(=O)c1ccoc1,undefined
COc1cc2ccc(=O)oc2c(OC)c1O,bitter
CC1(C)CC2C=C(C=O)C3(C=O)CC3(C)C2C1,undefined
O=c1c2cc(O)c(O)cc2oc2c(C3OC(CO)C(O)C(O)C3O)c(O)cc(O)c12,bitter
COC(=O)CC1C2(C)C=CC(=O)C3(C)COC(C32)C2OC3CC(C4=CC(=O)OC4O)C(C)=C3C21C,bitter
C=C1CCC2C(=C)C(=O)OC2C=C(C)C(O)CC1O,bitter
O=c1cc(-c2ccc(O)cc2)oc2c(C3OC(CO)C(O)C(O)C3O)c(O)c(C3OCC(O)C(O)C3O)c(O)c12,bitter
C=C1C(=O)OC2CC3(C)CCC(O)C(=C)C3CC12,bitter
CC=C(C)C(=O)OC1C=C(C)CCC2(O)C(C(C)C)CC(=O)C12C,bitter
O=c1cc(-c2ccc(O)cc2)oc2cc(O)c(C3OC(CO)C(O)C(O)C3O)c(O)c12,bitter
C=C1C(=O)OC2CC3(C)CC(O)CC(=C)C3CC12,bitter
COc1cc(-c2cc(=O)c3c(O)c(OC)c(O)cc3o2)ccc1O,bitter
C=C(CC1OC2(O)C(C3CCC4C5(C)CCC(OC6OC(CO)C(O)C(O)C6O)C(C)(C)C5CCC4(C)C3(C)C2O)C1(C)O)C(C)C,bitter
CC1C(=O)OC2C1CCC1(C)C(=O)C=CC(C)(O)C21,bitter
O=C1C=CC(=O)c2c(O)cccc21,bitter
CC1OC(OC2C(Oc3c(-c4ccc(O)cc4)oc4cc(O)cc(O)c4c3=O)OC(CO)C(O)C2O)C(O)C(O)C1O,bitter
CC1OC(OCC2OC(Oc3c(-c4ccc(O)cc4)oc4cc(O)cc(O)c4c3=O)C(O)C(O)C2O)C(O)C(O)C1O,bitter
CC1OC(OCC2OC(Oc3c(-c4ccc(O)cc4)oc4cc(O)cc(O)c4c3=O)C(OC3OC(C)C(O)C(O)C3O)C(O)C2O)C(O)C(O)C1O,undefined
CC1OC(OCC2OC(Oc3c(-c4ccc(O)cc4)oc4cc(OC5OC(CO)C(O)C(O)C5O)cc(O)c4c3=O)C(OC3OC(C)C(O)C(O)C3O)C(O)C2O)C(O)C(O)C1O,undefined
CC1OC(OCC2OC(Oc3c(-c4ccc(O)cc4)oc4cc(O)cc(O)c4c3=O)C(O)C(O)C2O)C(O)C(OC2OC(CO)C(O)C(O)C2O)C1O,undefined
CCCCCCCC=CC=CC(=O)NCC(C)C,undefined
C=C1C(=O)C23C(O)CC4C(C)(C)CCC(O)C4(C)C2CCC1C3O,bitter
COc1c(-c2ccccc2)oc2c(ccc3occc32)c1=O,bitter
CC1=CC(=O)C(O)C2(C)C1CC1OC(=O)CC3C(C)C(O)C(O)C2C13C,bitter
COc1cc(C(=O)OCC23OC2C(O)C2C=COC(OC4OC(CO)C(O)C(O)C4O)C23)ccc1O,bitter
COc1ccc(-c2coc3cc(OC4OC(COC5OCC(O)(CO)C5O)C(O)C(O)C4O)cc(O)c3c2=O)cc1,bitter
CC(C)=CCCC(C)C1CCC2(C)C3=C(CCC12C)C1(C)CCC(O)C(C)(C)C1CC3,sweet
COc1ccc(CC2c3cc(OC)c(OC)cc3CCN2C)cc1OC,bitter
C=C1CCc2c(C)ccc3c(C=O)c(=O)oc-3c21,bitter
CC(N)C(O)CC=CCC=CCC=CCC=CCC=CCC=CCCCCCCC(O)C(C)N,undefined
CC(N)C(O)CC=CCC(O)C=CC=CCC=CCC=CCC=CCCCCCCC(O)C(C)N,undefined
Oc1cc(O)c2c(c1)OC(c1ccc(O)c(O)c1)C(O)C2O,undefined
OCC1OC(OC2C(O)c3c(O)cc(O)cc3OC2c2cc(O)c(O)c(O)c2)C(O)C(O)C1O,undefined
Oc1ccc(C2Oc3cc(O)cc(O)c3C(O)C2O)cc1,undefined
CC=C1C(OC2OC(CO)C(O)C(O)C2O)OC=C(C(=O)OC)C1CC(=O)OCCc1ccc(O)cc1,bitter
CC1(C)OC2CC(=O)OCC23C1CC(=O)C1(C)C3CCC2(C)C(C3=CC(=O)OC3O)OC(=O)C3OC321,bitter
CCCCCC=CCC=CCCCCCCCC(=O)OCC,bitter
CN1C(CC(=O)c2ccccc2)CCCC1CC(O)c1ccccc1,bitter
CC1C(O)CC2C(C(=O)O)=COC(OC3OC(CO)C(O)C(O)C3O)C21,bitter
COC(=O)C1=COC(OC2OC(CO)C(O)C(O)C2O)C2C1CC(O)C2C,bitter
CC1(C)CC(O)CC2(C)OC(=O)C=C12,bitter
CCC(C)(C#N)OC1OC(CO)C(O)C(O)C1O,bitter
CC(C)=CCC1OC2(O)C(C3CCC4C5(C)CCC(OC6OCC(O)C(O)C6OC6OC(CO)C(O)C(OC7OCC(O)(CO)C7O)C6OC6OC(CO)C(O)C(O)C6O)C(C)(C)C5CCC4(C)C3(C)C2O)C1(C)O,bitter
O=C1CCCC2C3CC(CN12)C1CCCCN1C3,bitter
CC(C=CC=C(C)C=CC1=C(C)CC(O)CC1(C)C)=CC=CC=C(C)C=CC=C(C)C=CC1C(C)=CC(O)CC1(C)C,bitter
COc1cc(C2c3c(cc(OC)c(O)c3OC)CC(CO)C2CO)cc(OC)c1O,bitter
CC(C)=CCC1OC(=O)C2C3CCC4C5(C)CCC(OC6OC(COC7OC(C)C(O)C(O)C7O)C(O)C(O)C6O)C(C)(C)C5CCC4(C)C3(C)C(OC3OC(CO)C(O)C(O)C3O)OC12C,bitter
CC(C)=CCC1OC(=O)C2C3CCC4C5(C)CCC(OC6OC(COC7OC(C)C(O)C(O)C7O)C(O)C(O)C6O)C(C)(C)C5CCC4(C)C3(C)C(=O)OC12CO,bitter
CC(C)=CCC1OC(=O)C2=C1COC(=O)C1(C)C2CCC2C3(C)CCC(OC4OC(COC5OC(C)C(O)C(O)C5O)C(O)C(O)C4O)C(C)(C)C3CCC21C,bitter
CC1CCC2(C(=O)O)CCC3(C)C(=CCC4C5(C)CC(O)C(O)C(C)(CO)C5C(O)CC43C)C2C1C,undefined
CC1CCC2(C(=O)OC3OC(COC4OC(CO)C(OC5OC(C)C(O)C(O)C5O)C(O)C4O)C(O)C(O)C3O)CCC3(C)C(=CCC4C5(C)CC(O)C(O)C(C)(CO)C5C(O)CC43C)C2C1C,undefined
O=C1c2c(OC3OC(CO)C(O)C(O)C3O)cc(O)cc2OC1(O)Cc1ccc(O)cc1,undefined
COc1ccc2c(c1O)-c1c(O)c(OC)cc3c1C(C2)[N+](C)(C)CC3,bitter
COC(=O)CC1C2(C)C=CC(=O)C3(C)COC(C32)C2OC3CC(C4=CC(O)OC4=O)C(C)=C3C21C,bitter
CC12CC(=O)c3occc3C1CCC13CC(CC(O)C21)C(O)(COC1OC(CO)C(O)C(O)C1O)C3O,bitter
COc1cc(CC2COC(=O)C2Cc2ccc(OC3OC(CO)C(O)C(O)C3O)c(OC)c2)ccc1O,bitter
CC1CCC2(C(=O)O)CCC3(C)C(=CCC4C5(C)CCC(OC6OCC(O)C(O)C6O)C(C)(CO)C5CCC43C)C2C1(C)O,bitter
CC(=O)OC1CC(C)=C2C(=O)C=C(C)C2C2OC(=O)C(C)C12,bitter
CC(=O)OC1CC(C)=C2C=CC(C)(O)C2C2OC(=O)C(C)C12,bitter
C=C1C(=O)C23C(O)CC4C(C)(C)CC(O)CC4(C)C2CCC1C3O,bitter
CC1(C)OC1C1CC(C2CCC3(C)C4=CCC5C(C)(C)C(=O)CCC5(C)C4CCC23C)C(O)O1,bitter
CC(CCC1(O)OC2CC3C4CC=C5CC(OC6OC(CO)C(O)C(OC7OC(CO)C(O)C(O)C7O)C6O)CCC5(C)C4CCC3(C)C2C1C)COC1OC(CO)C(O)C(O)C1O,bitter
C=CC1C(OC2OC(CO)C(O)C(O)C2O)OC=C2C(=O)OC(OC(=O)C(C)=CCCC(C)(O)C=C)CC21,bitter
CC1=C2C(O)C(=O)OC3CC4C(C)(C)OC5CC(=O)OCC54C(CC1)C23C,bitter
CC(C)=CCc1c(O)c(C(=O)C(C)C)c(O)c2c(-c3ccccc3)cc(=O)oc12,bitter
COC(=O)C=CC=CCCc1ccc2c(c1)OCO2,bitter
COC(=O)c1cc(O)c(O)c(O)c1,bitter
COC1(CCC(C)COC2OC(CO)C(O)C(O)C2O)OC2CC3C4CC=C5CC(OC6OC(CO)C(OC7OC(C)C(O)C(O)C7O)C(O)C6OC6OC(C)C(O)C(O)C6O)CCC5(C)C4CCC3(C)C2C1C,bitter
O=C(O)c1cccc(O)c1,sweet
CC1(C)CCCC2(C)C1CCC1(CO1)C2CC/C=C(/C=O)CC=O,undefined
CC(CCC(OC1OC(COC2OC(CO)C(O)C(O)C2O)C(O)C(O)C1O)C(C)(C)O)C1CCC2(C)C3CC=C4C(CCC(OC5OC(CO)C(O)C(O)C5O)C4(C)C)C3(C)C(O)CC12C,bitter
CC(CCC(OC1OC(COC2OC(CO)C(O)C(O)C2O)C(O)C(O)C1O)C(C)(C)O)C1CCC2(C)C3CC=C4C(CCC(OC5OC(COC6OC(CO)C(O)C(O)C6O)C(O)C(O)C5O)C4(C)C)C3(C)C(O)CC12C,sweet
CC(CCC(OC1OC(COC2OC(CO)C(O)C(O)C2O)C(O)C(O)C1OC1OC(CO)C(O)C(O)C1O)C(C)(C)O)C1CCC2(C)C3CC=C4C(CCC(OC5OC(COC6OC(CO)C(O)C(O)C6O)C(O)C(O)C5OC5OC(CO)C(O)C(O)C5O)C4(C)C)C3(C)C(O)CC12C,sweet
CC(CCC(OC1OC(COC2OC(CO)C(O)C(O)C2O)C(O)C(O)C1OC1OC(CO)C(O)C(O)C1O)C(C)(C)O)C1CCC2(C)C3CC=C4C(CCC(OC5OC(COC6OC(COC7OC(CO)C(O)C(O)C7O)C(O)C(O)C6O)C(O)C(O)C5O)C4(C)C)C3(C)C(O)CC12C,sweet
CC(CCC(OC1OC(COC2OC(CO)C(O)C(O)C2O)C(O)C(O)C1OC1OC(COC2OC(CO)C(O)C(O)C2O)C(O)C(O)C1O)C(C)(C)O)C1CCC2(C)C3CC=C4C(CCC(OC5OC(COC6OC(CO)C(O)C(O)C6O)C(O)C(O)C5O)C4(C)C)C3(C)C(O)CC12C,sweet
CC1C(=O)OC2CCN3CC=C(COC(=O)C(C)(O)C1(C)O)C23,bitter
COc1cc(C=CC(=O)NCCc2c[nH]c3ccc(O)cc23)ccc1O,bitter
CC12CC(=O)c3occc3C1CCC13CC(CC(OC4OC(CO)C(O)C(O)C4O)C12)C(O)(CO)C3,bitter
CC1OC(OCC2OC(Oc3c(-c4cc(O)c(O)c(O)c4)oc4cc(O)cc(O)c4c3=O)C(O)C(O)C2O)C(O)C(O)C1OC1OC(CO)C(O)C(O)C1O,undefined
CC1OC(OCC2OC(Oc3c(-c4cc(O)c(O)c(O)c4)oc4cc(O)cc(O)c4c3=O)C(O)C(O)C2O)C(O)C(O)C1O,undefined
CC1OC(OCC2OC(Oc3c(-c4cc(O)c(O)c(O)c4)oc4cc(O)cc(O)c4c3=O)C(OC3OC(C)C(O)C(O)C3O)C(O)C2O)C(O)C(O)C1O,undefined
O=c1c(OC2OCC(O)C(O)C2O)c(-c2cc(O)c(O)c(O)c2)oc2cc(O)cc(O)c12,bitter
O=c1c(OC2OC(CO)C(O)C(O)C2O)c(-c2cc(O)c(O)c(O)c2)oc2cc(O)cc(O)c12,bitter
O=C(C=Cc1ccc(O)c(O)c1)NCCc1ccc(O)cc1,bitter
O=C(C=Cc1ccc(O)cc1)NCCc1ccc(O)c(O)c1,bitter
O=C(C=Cc1ccccc1)N1CCCCC1,undefined
COc1ccc(CCNC(=O)C=Cc2ccc(OC)c(OC)c2)cc1,undefined
COc1cc(C=CC(=O)NCCc2ccc(O)c(OC)c2)ccc1O,undefined
C=C1CCC2C(C)(COC3OC(CO)C(O)C(O)C3O)CCCC2(C)C1CCC1=CCOC1=O,bitter
CC(CCC(OC1OC(OC2OC(CO)C(O)C(O)C2O)C(O)C(O)C1COC1OC(CO)C(O)C(O)C1O)C(C)(C)O)C1CCC2(C)C3CC=C4C(CCC(OC5OC(COC6OC(CO)C(O)C(O)C6O)C(O)C(O)C5OC5OC(CO)C(O)C(O)C5O)C4(C)C)C3(C)C(O)CC12C,sweet
COc1cc(C=CC(=O)NCC(O)c2ccc(O)cc2)ccc1O,bitter
O=C(O)c1cccnc1,sour
CC1CCC2(C(=O)OC3OC(CO)C(O)C(O)C3O)CCC3(C)C(=CCC4C5(C)CC(O)C(O)C(C)(CO)C5CCC43C)C2C1(C)O,bitter
COC1=CC(C)C2CC3OC(O)CC4C(C)(O)C(OC)C(O)C(C2(C)C1=O)C34C,bitter
COC1=CC(C)C2CC3OC(O)CC4C(C)C(O)C(O)C(C2(C)C1=O)C34C,bitter
COC1=CC(C)C2CC3OC(=O)CC4C(C)C(O)C(O)C(C2(C)C1=O)C34C,bitter
COC1=CC(C)C2CC3OC(=O)CC4C(C)C(OC)C(O)C(C2(C)C1=O)C34C,bitter
COC1=CC(C)C2CC3OC(=O)CC4C(C)C(OC)C(OC(C)=O)C(C2(C)C1=O)C34C,bitter
COC1=CC(C)C2CC3OC(=O)CC4C(C)(O)C(OC)C(OC(C)=O)C(C2(C)C1=O)C34C,bitter
COC1=CC(C)C2CC3OC(=O)CC4C(C)(O)C(OC)C(O)C(C2(C)C1=O)C34C,bitter
COC1=CC(C)C2CC3OC(=O)CC4(O)C(C)(O)C(OC)C(O)C(C2(C)C1=O)C34C,bitter
COC1=CC(C)C2CC3OC(=O)C=C4C(C)(O)C(OC)C(O)C(C43C)C2(C)C1=O,bitter
COC1=CC(C)C2CC3OC(=O)CC4C(C)(O)C5OCOC5C(C2(C)C1=O)C34C,bitter
COC1=CC(C)C2CC3OC(=O)CC4(O)C(C)C(O)C(O)C(C2(C)C1=O)C34C,bitter
COC1=CC(C)C2CC3OC(=O)CC4C(C)(O)C(O)C(O)C(C2(C)C1=O)C34C,bitter
COc1cc(C(=O)OC/C(C#N)=C/COC2OC(CO)C(O)C(O)C2O)ccc1O,undefined
N#C/C(=C\COC1OC(CO)C(O)C(O)C1O)COC(=O)c1ccc(O)cc1,undefined
COC(=O)CC1C2(C)C3=C(C)C(c4ccoc4)CC3OC2C(OC(C)=O)C2C(C)(C(=O)OC)C=CC(=O)C21C,bitter
CC(=O)OC1CC2C(C)(C)C(=O)C=CC2(C)C2CCC3(C)C(c4ccoc4)C(=O)C4OC43C12C,bitter
CC(=O)OC(CC(=O)O)C1(C)C(C(C)(C)O)CC(=O)C2(C)C1CCC1(C)C(c3ccoc3)OC(=O)C3OC312,bitter
CNCCOC(=O)/C=C1\CCC2C(C(O)CC3C(C)(C)C(O)CCC23C)C1C,bitter
CNCCOC(=O)C=C1CCC2C(C(O)CC3C(C)(C(=O)OC)CCCC23C)C1C,bitter
COc1cc(CC2COC(=O)C2(O)Cc2ccc(OC3OC(CO)C(O)C(O)C3O)c(OC)c2)ccc1O,bitter
COc1cc(C=CC(=O)NCCc2ccc(O)c(O)c2)ccc1O,bitter
CC=C1C(OC2OC(CO)C(O)C(O)C2O)OC=C(C(=O)OC)C1CC(=O)OCC1OC(OCCc2ccc(O)cc2)C(O)C(O)C1O,bitter
CC1CCC2C(C)CCC(c3ccoc3)[N+]2([O-])C1,bitter
CC(C)(O)C1CC(=O)C2(C)C(CCC3(C)C(c4ccoc4)OC(=O)C4OC432)C1(C)C=CC(=O)O,bitter
CCC12COC(=O)C(C)C1C1OC(=O)C(C)C1C(OC(=O)C(C)CO)C2,bitter
COC1CC(OC2CCC3(C)C(CCC4C3CCC3(C)C(C5=CC(=O)OC5)C(OC(C)=O)CC43O)C2)OC(C)C1O,bitter
CC=C(C=O)C(CC=O)CC(=O)OCCc1ccc(O)cc1,bitter
CC=C1C(O)OC=C(C(=O)OC)C1CC(=O)OCCc1ccc(O)c(O)c1,bitter
COc1ccc(-c2coc3cc(OC4OC(CO)C(O)C(O)C4O)ccc3c2=O)cc1,bitter
Cc1cc(O)cc(O)c1,sweet
O=C1CCCC2C3CCC[N+]4([O-])CCCC(CN12)C34,bitter
CC1(C)OC1COc1c2ccoc2cc2oc(=O)ccc12,bitter
CC(C)(O)C(O)COc1c2ccoc2cc2oc(=O)ccc12,bitter
COc1cc2c(cc1OC)-c1cc3ccc(OC)c(OC)c3c[n+]1CC2,bitter
Nc1ccc(C(=O)O)cc1,bitter
CC1CC(OC2OC(CO)C(O)C(O)C2O)CC(=O)O1,bitter
CC1CCC2(OC1)OC1CC3C4CCC5CC(OC6OC(COC7OC(CO)C(O)C(O)C7O)C(OC7OC(C)C(O)C(O)C7O)C(O)C6OC6OC(CO)C(O)C(O)C6O)CCC5(C)C4CCC3(C)C1C2C,bitter
CC(C)CCC(=O)c1ccoc1,undefined
COC1CC(OC2CCC3(C)C4CCC5(C)C(C6=CC(=O)OC6)CCC5(O)C4CCC3(O)C2)OC(C)C1OC1OC(CO)C(O)C(O)C1O,bitter
CC12CCC(O)CC1(O)CCC1C2CCC2(C)C(C3=CC(=O)OC3)CCC12O,bitter
COc1cc2c(cc1O)CC1c3cc(O)c(OC)cc3CC[N+]1(C)C2,bitter
C=CC(C)(O)CCC=C(C)C(=O)OCC1OC(Oc2ccc(O)cc2)C(O)C(O)C1O,bitter
CC1=C(CCc2ccoc2)C2(C)CCC(OC3OC(CO)C(O)C(O)C3OC3OC(C)C(O)C(O)C3O)C(C)(C)C2CC1,sweet
CC1=C(CCc2ccoc2)C2(C)CCC(OC3OC(CO)C(O)C(O)C3OC3OC(CO)C(O)C(O)C3O)C(C)(C)C2CC1,bitter
COCC(Cc1ccc(OC)c(OC)c1)C(COC)Cc1ccc(OC)c(OC)c1,bitter
C=C1C(=O)OC2CC1(C)C1C(=O)C3(O)OC14C(O)(CCC1C3C(O)C=C3CC=CC(=O)C31C)C(=O)OC24C,bitter
CC12C(=O)C=CCC1=CCC1C2CCC2(O)C(=O)OC3(C)C4CC5(C)C(COC16OC23C5C6=O)C(=O)O4,bitter
C=C1C(=O)OC2CC1(C)C1C(=O)C3(O)OC14C(O)(CCC1C3CC=C3CC=CC(=O)C31C)C(=O)OC24C,bitter
CNC(=O)Oc1ccc2c(c1)C1(C)CCN(C)C1N2C,bitter
O=P(O)(O)OC1C(OP(=O)(O)O)C(OP(=O)(O)O)C(OP(=O)(O)O)C(OP(=O)(O)O)C1OP(=O)(O)O,sour
COC1=CC(C)C2CC3OC(=O)CC4C(C)(C(=O)C5COC(=O)C5)CC(O)C(C2(C)C1=O)C34C,bitter
COC1=C(C)C2CC(=O)OC3CC4C(C)CC(O)C(=O)C4(C)C(C1=O)C32C,bitter
COC1C(C)C2CC(=O)OC3CC4C(C)CC(O)C(=O)C4(C)C(C1OC(C)=O)C32C,bitter
COC1=CC(C)C2CC3OC(=O)CC4C(C)C5OCOC5C(C2(C)C1=O)C34C,bitter
COC1=CC(C)C2CC3OC(=O)CC4(O)C(C)C5OCOC5C(C2(C)C1=O)C34C,bitter
CC1=C(C(=O)O)C(C)(C)CC(OC2OC(CO)C(O)C(O)C2O)C1,bitter
COc1cc(C2c3cc4c(cc3C(O)C3COC(=O)C23)OCO4)cc(OC)c1OC,bitter
O=C(C=Cc1ccccc1)OCC1OC(OC2OC=CC3C(O)C4OC4(CO)C23)C(O)C(O)C1O,bitter
C=CC1(C)C=C2CCC3C(C)(C(=O)O)CCCC3(C)C2CC1,bitter
COc1c(OC)c2occc2c2oc(=O)ccc12,bitter
COC1C(O)C(O)C(O)C(O)C1O,sweet
CC1OC(OC2C(Oc3cc(O)c4c(c3)OC(c3ccccc3)CC4=O)OC(CO)C(O)C2O)C(O)C(O)C1O,bitter
O=C(C=CC=CCCc1ccc2c(c1)OCO2)N1CCCCC1,bitter
O=C(C=CC=CC=Cc1ccc2c(c1)OCO2)N1CCCCC1,undefined
CC(C)CNC(=O)C=CC=Cc1ccc2c(c1)OCO2,undefined
O=C(CCCCC=Cc1ccc2c(c1)OCO2)N1CCCCC1,undefined
O=C(CCCCCCC=Cc1ccc2c(c1)OCO2)N1CCCCC1,undefined
COc1ccc(CC=CC=CC(=O)NCC(C)C)cc1,undefined
CCCCCCCCCC1CC(=O)NCCCNCCCCNCCCN1,undefined
CC=C1CC(C)C(C)(O)C(=O)OCC2CCN3CCC(OC1=O)C23,bitter
COC(=O)C1=COC(OC2OC(CO)C(O)C(O)C2O)C2C1C=CC21C=C(C(C)O)C(=O)O1,bitter
CC1=CCC(C(C)C=O)CC1,sour
Oc1cc(O)c2c(c1)OC(c1ccc(O)c(O)c1)C(O)C2c1c(O)cc(O)c2c1OC(c1ccc(O)c(O)c1)C(O)C2c1c(O)cc(O)c2c1OC(c1ccc(O)c(O)c1)C(O)C2c1c(O)cc(O)c2c1OC(c1ccc(O)c(O)c1)C(O)C2c1c(O)cc(O)c2c1OC(c1ccc(O)c(O)c1)C(O)C2,bitter
CC(C)[N+](C)(CCOC(=O)C1c2ccccc2Oc2ccccc21)C(C)C,bitter
CCC(C)C(=O)OC1CCC2(C)C3CC(O)C4C5(O)C(O)C(O)C6C(CN7CC(C)CCC7C6(C)O)C5CC42OC13O,bitter
CCN1CC2(COC)C(O)CC(OC)C34C5CC6(O)C(OC)CC(O)(C5C6O)C(C(OC)C23)C14,bitter
COc1ccc2c(=O)cc(-c3ccc4c(c3)OCO4)n(C)c2c1,bitter
C=C1C(=O)OC2CC3(C)OC3CCC(C)=CC(OC(C)=O)C12,bitter
CC1OC(OCC2OC(Oc3c(-c4ccc(O)c(O)c4)oc4cc(OC5OC(CO)C(O)C(O)C5O)cc(O)c4c3=O)C(OC3OC(C)C(O)C(O)C3O)C(O)C2O)C(O)C(O)C1O,undefined
CC1OC(OCC2OC(Oc3c(-c4ccc(O)c(O)c4)oc4cc(O)cc(O)c4c3=O)C(OC3OC(C)C(O)C(O)C3O)C(O)C2O)C(O)C(O)C1O,undefined
CC1OC(OCC2OC(Oc3c(-c4ccc(O)c(O)c4)oc4cc(O)cc(O)c4c3=O)C(O)C(O)C2O)C(O)C(O)C1OC1OC(CO)C(O)C(O)C1O,undefined
CC1(C)CCC2(C(=O)OC3OCC(O)C(OC4OC(CO)C(O)C(O)C4O)C3O)CCC3(C)C(=CCC4C5(C)CCC(OC6OC(CO)C(O)C(O)C6O)C(C)(COC6OC(CO)C(O)C(O)C6O)C5CCC43C)C2C1,bitter
CC1CCC2(C(=O)O)CCC3(C(=O)O)C(=CCC4C5(C)CCC(OC6OC(C)C(O)C(O)C6O)C(C)(C)C5CCC43C)C2C1C,bitter
C=C1CC23CCC4C(C)(C(=O)OC5OC(CO)C(OC6OC(CO)C(O)C(O)C6O)C(O)C5OC5OC(CO)C(O)C(O)C5O)CCCC4(C)C2CCC1(OC1OC(COC2OC(CO)C(O)C(O)C2O)C(O)C(O)C1OC1OC(COC2OC(CO)C(OC4OC(CO)C(O)C(O)C4O)C(O)C2OC2OC(CO)C(O)C(O)C2O)C(O)C(O)C1O)C3,sweet
C=C1CC23CCC4C(C)(C(=O)OC5OC(COC6OC(CO)C(OC7OC(CO)C(O)C(O)C7O)C(O)C6OC6OC(CO)C(O)C(O)C6O)C(OC6OC(CO)C(O)C(O)C6O)C(O)C5OC5OC(CO)C(O)C(O)C5O)CCCC4(C)C2CCC1(OC1OC(COC2OC(CO)C(O)C(O)C2O)C(O)C(O)C1OC1OC(CO)C(O)C(O)C1O)C3,sweet
C=C1CC23CCC4C(C)(C(=O)OC5OC(CO)C(OC6OC(CO)C(O)C(O)C6O)C(O)C5OC5OC(CO)C(O)C(O)C5O)CCCC4(C)C2CCC1(OC1OC(COC2OC(COC4OC(CO)C(OC5OC(CO)C(O)C(O)C5O)C(O)C4OC4OC(CO)C(O)C(O)C4O)C(O)C(O)C2O)C(O)C(O)C1OC1OC(CO)C(O)C(O)C1O)C3,sweet
COC(=O)C1C2CC3c4[nH]c5cc(OC)ccc5c4CCN3CC2CC(OC(=O)c2cc(OC)c(OC)c(OC)c2)C1OC,bitter
CC(C)CNC(=O)C=CC=CCCC=Cc1ccc2c(c1)OCO2,undefined
CC=C1CC(C)C(O)(CO)C(=O)OCC2=CCN3CCC(OC1=O)C23,bitter
COc1cc(O)c2c(=O)c(O)c(-c3ccc(O)c(O)c3)oc2c1,bitter
O=C(O)c1cc(O)c2c(c1)C(=O)c1cccc(O)c1C2=O,bitter
CC(O)CCc1ccc(O)cc1,undefined
O=C1OCC2OC(=O)c3cc(O)c(O)c(O)c3-c3c(O)c(O)c(O)c4c3C(=O)OC(C2OC(=O)c2cc(O)c(O)c(O)c2-c2c1cc(O)c(O)c2O)C1OC(=O)c2c-4c(O)c(O)c(O)c2C1c1c(O)c(O)c(O)c2c1C(=O)OCC1OC(=O)c3cc(O)c(O)c(O)c3-c3c(O)c(O)c(O)c4c3C(=O)OC(C1OC(=O)c1cc(O)c(O)c(O)c1-2)C1OC(=O)c2c-4c(O)c(O)c(O)c2C1O,bitter
O=C1OCC2OC(=O)c3cc(O)c(O)c(O)c3-c3c(O)c(O)c(O)c4c3C(=O)OC(C2OC(=O)c2cc(O)c(O)c(O)c2-c2c1cc(O)c(O)c2O)C1OC(=O)c2c-4c(O)c(O)c(O)c2C1c1c(O)c(O)c(O)c2c1C(=O)OCC1OC(=O)c3cc(O)c(O)c(O)c3-c3c(O)c(O)c(O)c4c3C(=O)OC(C1OC(=O)c1cc(O)c(O)c(O)c1-2)C1OC(=O)c2c-4c(O)c(O)c(O)c2C1C1(O)OCC(O)C(O)C1O,bitter
O=C1OCC2OC(=O)c3cc(O)c(O)c(O)c3-c3c(O)c(O)c(O)c4c3C(=O)OC(C2OC(=O)c2cc(O)c(O)c(O)c2-c2c1cc(O)c(O)c2O)C1OC(=O)c2c-4c(O)c(O)c(O)c2C1C1(O)OCC(O)C(O)C1O,bitter
COc1cc2c3cc1Oc1c(OC)c(OC)cc4c1C(Cc1ccc(OC)c(c1)-c1cc(ccc1O)CC3N(C)CC2)N(C)CC4,bitter
O=C(C=Cc1ccc(O)c(O)c1)OC(Cc1ccc(O)c(O)c1)C(=O)O,bitter
COc1ccc(C=CC(=O)NCCc2ccc3c(c2)OCO3)cc1OC,undefined
CC(=O)/C=C/C=C/c1ccc(OC2OC(CO)C(O)C(O)C2O)c(O)c1,undefined
O=c1c2ccccc2nc2n1CCc1c-2[nH]c2ccccc12,bitter
CC1(C)OC2CC(=O)OCC23C1C(=O)C(O)C1(C)C3CCC2(C)C(c3ccoc3)OC(=O)C3OC321,bitter
CC=CS(=O)CC([NH3+])C(=O)[O-],undefined
COc1cc(O)c2c(c1)OC(c1ccc(O)cc1)CC2=O,bitter
C=C1C(=O)OC2C=C(CO)CCC=C(C)CC(O)C12,bitter
C=C1C(=O)OC2CC(C)=CCCC(COC(C)=O)=CC(OC(=O)C(C)(O)CO)C12,bitter
C=C1CCC2C3(C)CCCC24C(OC3=O)OC(c2ccoc2)CC14,bitter
COc1cc2ccc(=O)oc2cc1O,bitter
COc1cc2ccc(=O)oc2cc1OC1OC(CO)C(O)C(O)C1O,bitter
O=C1C=C2C=CC3CC2(O1)C1CCCCN31,bitter
NCCc1c[nH]c2ccc(O)cc12,undefined
CC1=CC(=O)C(O)C2(C)C1CC1OC(=O)CC3C(C)C4(O)C(=O)OCC13C42,bitter
C=C1C(O)C2(O)OCC34C(CC5C(C)=CC(OC6OC(CO)C(O)C(O)C6O)C(O)C5(C)C23)OC(=O)CC14,bitter
CC(=O)OC1C(=O)C(C)C2CC(=O)OC3CC4C(C)CC(OC5OC(CO)C(O)C(O)C5O)C(=O)C4(C)C1C32C,bitter
CC1CC(OC2OC(CO)C(O)C(O)C2O)C(=O)C2(C)C1CC1OC(=O)CC3C(C)C(=O)C(O)C2C13C,bitter
C=C1C(O)C2(O)OCC34C(CC5C(C)=CC(O)C(O)C5(C)C23)OC(=O)CC14,bitter
CC1=CC(=O)OC1C1(C)CC2OC(=O)CC3C(C)C(=O)C(O)=C1C23CO,bitter
CC1CC(O)C(O)C2(C)C1CC1OC(=O)CC3C(C)C(O)C4(O)OCC13C42,bitter
C=C1C(O)C2(O)OCC34C1CC(=O)OC3C(O)C1C(C)=CC(=O)C(O)C1(C)C24,bitter
CC1=CC(=O)C2(O)OC3=C4C5(CO)C(CC1C42C)OC(=O)CC5C(C)C3=O,bitter
CC1=CC(=O)C(O)C2(C)C1CC1OC(=O)CC3C(C)C(O)C(O)C2C13CO,bitter
CC1CC(O)C(=O)C2(C)C1CC1OC(=O)CC3C(C)C(O)C(=O)C2C13C,bitter
CC(=O)OC1C(=O)C2C3(C)C(=O)C(O)CC(C)C3CC3OC(=O)CC(C1C)C32C,bitter
CC1=CC(=O)C(O)C2(C)C1CC1OC(=O)CC3C(O)(CO)C(O)C4(O)OCC13C42,bitter
C=C1C(O)C2(O)OCC34C(CC5C(C)=CC(O)C(O)C5(C)C23)OC(=O)C(O)C14,bitter
CC(=O)OC1CC(C)(C(=O)C2COC(=O)C2)C2CC(=O)OC3CC4C(C)CC(O)C(=O)C4(C)C1C32C,bitter
CS(=O)CC(N)C(=O)O,undefined
CC1CCC2(NC1)OC1CC3C4CC=C5CC(O)CCC5(C)C4CCC3(C)C1C2C,bitter
CC1CCC2(NC1)OC1CC3C4CC=C5CC(OC6OC(CO)C(O)C(OC7OC(CO)C(O)C(O)C7O)C6OC6OC(C)C(O)C(O)C6O)CCC5(C)C4CCC3(C)C1C2C,bitter
CC(=O)OC1CC2(C)C(C)=CCCC2C(C)(CCC(C)=CC(=O)O)C1C,bitter
CCCS(=O)CC(N)C(=O)O,undefined
COc1cc(CC(CO)C(COC2OCC(O)C(O)C2O)Cc2cc(OC)c(O)c(OC)c2)cc(OC)c1O,bitter
C[N+]1(C)CCCC1C(=O)[O-],sweet
CCC1C2C(CCCN3C(C4CC(C)C(=O)O4)CCC23)OC12C=C(C)C(=O)O2,bitter
COc1cc(O)c2c(c1)OC(c1ccc(O)c(O)c1)CC2=O,bitter
CC12CCC3C(CCC4(O)CC(O)CCC34C=O)C1(O)CCC2C1=CC(=O)OC1,bitter
CC1(C)C(O)CCC2(C)C3CCC4CC3(CCC12)CC4(O)COC1OC(CO)C(O)C(O)C1O,sweet
C=C1CC23CCC4C(C)(C(=O)OC5OC(CO)C(O)C(O)C5O)CCCC4(C)C2(O)CCC1(OC1OC(CO)C(O)C(O)C1O)C3,sweet
C=C1CC23CCC4C(C)(C(=O)OC5OC(CO)C(O)C(O)C5O)CCCC4(C)C2CCC1(OC1OC(COC(=O)/C=C/c2ccc(O)cc2)C(O)C(O)C1O)C3,bitter
C=C1CC23CCC4C(C)(C(=O)OC5OC(COC(=O)/C=C/c6ccc(O)c(O)c6)C(O)C(O)C5O)CCCC4(C)C2CCC1(OC1OC(CO)C(O)C(O)C1O)C3,bitter
CC1(C(=O)O)CCCC2(C)C3CCC4(OC5OC(CO)C(O)C(O)C5O)CC3(CCC12)CC4(C)O,bitter
CC1(C(=O)OC2OC(CO)C(O)C(O)C2O)CCCC2(C)C3CCC4(OC5OC(CO)C(O)C(O)C5O)CC3(CCC12)CC4(C)O,sweet
CC1(C(=O)OC2OC(CO)C(O)C(O)C2O)CCCC2(C)C3CCC4(OC5OC(CO)C(O)C(O)C5O)CC3(C=C4C=O)CCC12,sweet
CC1(C(=O)OC2OC(CO)C(O)C(O)C2O)CCCC2(C)C3CCC4(O)CC3(CCC12)CC4(O)CO,sweet
CC1(C(=O)OC2OC(CO)C(O)C(O)C2O)CCCC2(C)C3CCC4(OC5OC(CO)C(O)C(O)C5O)CC3(C=C4CO)CCC12,sweet
CC1(CO)CCCC2(C)C1CCC13CC(CCC12)C(O)(COC1OC(CO)C(O)C(O)C1O)C3,bitter
CC1(C(=O)OC2OC(CO)C(O)C(O)C2O)CCCC2(C)C3CCC4(OC5OC(CO)C(O)C(O)C5O)CC3(CCC12)CC4CO,sweet
CC1(C(=O)OC2OC(CO)C(O)C(O)C2O)CCCC2(C)C3C4CC5(OC6OC(CO)C(O)C(O)C6O)CC3(CCC12)CC5(O)CO4,bitter
CC1(C(=O)OC2OC(CO)C(O)C(O)C2O)CCCC2(C)C3CCC4(OC5OC(CO)C(O)C(O)C5O)CC3(CCC12)CC4=O,sweet
CC1(C(=O)OC2OC(CO)C(O)C(O)C2O)CCCC2(C)C3CCC4(OC5OC(CO)C(O)C(O)C5O)CC3(CCC12)OC=C4C=O,bitter
C=C1CC23CCC4C(C)(C(=O)OC5OC(COC6OC(CO)C(O)C(O)C6O)C(O)C(O)C5O)CCCC4(C)C2CCC1(OC1OC(CO)C(O)C(O)C1O)C3,sweet
CC(=O)OCC1(O)C(OC(C)=O)CC2C(COC3OC(CO)C(O)C(O)C3O)=COC(OC(=O)CC(C)C)C21,bitter
CC(=O)OCC1(O)C(OC(C)=O)CC2C(CO)=COC(OC(=O)CC(C)C)C21,bitter
C=CC1C(OC2OC(CO)C(O)C(O)C2O)OC=C2C(=O)OCCC21,bitter
COc1cc(C(=O)O)cc(OC)c1O,bitter
COc1cc(C=CCO)cc(OC)c1OC1OC(CO)C(O)C(O)C1O,bitter
Oc1ccc(-c2[o+]c3cc(O)cc(O)c3cc2OC2OCC(O)C(O)C2O)cc1,bitter
CC(=O)OC1C(OC(C)=O)C2(C)C(C(OC(C)=O)C3C2C(C)C=C2OC(=O)C(C)(O)C23C)C2C(O)C(=O)C3CC4OC4C(OC(C)=O)C3(C)C12,bitter
CC(=O)OC1C(OC(C)=O)C2(C)C(C(O)C3C2C(C)C=C2OC(=O)C(C)(O)C23C)C2C(O)C(=O)C3CC4OC4C(OC(C)=O)C3(C)C12,bitter
CC(=O)C=CC(=O)C=O,bitter
C=C1C(=O)OC2C1CCC1(C)C(O)CCC(=C)C21O,bitter
CC1=CC(=O)C2=C(C)CC3OC(=O)C(C)=C3C=C12,bitter
C=C1C(=O)OC2C=C(C)CCC=C(C(=O)OC3OC(CO)C(O)C(O)C3O)CCC12,bitter
N#CC(OC1OC(CO)C(O)C(O)C1O)c1ccc(O)cc1,bitter
C=C1C(=O)OC2CC3(C)CCCC(=C)C3(O)CC12,bitter
CC1CC2OC(=O)C3(C)C2C(OC3(C)O)C2(C)C(=O)C=CC12,bitter
COc1ccc2cc1Oc1ccc(cc1)CC1c3cc(c(OC)cc3CCN1C)Oc1c(OC)c(OC)cc3c1C(C2)N(C)CC3,bitter
O=C(O)c1cc(O)c(=O)c2c(O)c(O)cc(C3Oc4cc(O)cc(O)c4CC3O)c2c1,undefined
O=C(OC1Cc2c(O)cc(O)cc2OC1c1cc(=O)c(O)c2c(O)c(O)cc(C3Oc4cc(O)cc(O)c4CC3OC(=O)c3cc(O)c(O)c(O)c3)c2c1)c1cc(O)c(O)c(O)c1,bitter
O=C(OC1Cc2c(O)cc(O)cc2OC1C1CCC(=O)c2c(O)c(O)cc(C3Oc4cc(O)cc(O)c4CC3O)c2C1)c1cc(O)c(O)c(O)c1,bitter
O=C(OC1Cc2c(O)cc(O)cc2OC1c1cc(=O)c(O)c2c(O)c(O)cc(C3Oc4cc(O)cc(O)c4CC3O)c2c1)c1cc(O)c(O)c(O)c1,bitter
COC1=CC=C2C3Cc4ccc(OC)c5c4C2(CCN3C)C1O5,undefined
COC1C(O)C(OC2CCC3(C)C(CCC4C3CCC3(C)C(C5=CC(=O)OC5)CCC43O)C2)OC(C)C1OC1OC(COC2OC(CO)C(O)C(O)C2O)C(O)C(O)C1O,bitter
CCC=S=O,undefined
COC(=O)C1=CCCC2C3(C)CC(c4ccoc4)OC(=O)C3CC(OC3OC(CO)C(O)C(O)C3O)C12C,bitter
COC(=O)C1=CC(=O)CC2C1(C)CCC1C(=O)OC(c3ccoc3)CC12C,bitter
CC(=O)OC1CC(O)C23COC(O)C1(C)C2CC(O)C1(C)C3C(=O)C(OC(C)=O)C2(C)C(c3ccoc3)CC3OC321,bitter
O=C(C=Cc1ccc(O)cc1)NCCc1ccc(O)cc1,bitter
CC(C)CNC(=O)C=Cc1ccc2c(c1)OCO2,undefined
COC1(CC23OC2CCC24CC23C(=O)OC4c2ccoc2)OC(C)(C)CC1C1=CC(=O)OC1C,bitter
CC1(C)OC2CC(=O)OC2(C)C1CC(=O)CC1C(=O)CCC23CC12C(=O)OC3c1ccoc1,bitter
CC1(C)OC(=O)C=CC2(C)C1CC(O)C1(C)C3=CCC(C4COC(=O)C4)C3(C)CCC21,bitter
CC1(C)OC2CC(=O)OC2(C)C1Cc1cc2c(o1)CCC13CC21C(O)OC3c1ccoc1,bitter
CC1(C)OC2(CC1C1(C)C=CC(O)O1)CC1C(O)(CCC34CC13C(=O)OC4c1ccoc1)O2,bitter
C[n+]1cccc(C(=O)[O-])c1,bitter
COc1cc2c3cc1Oc1cc(ccc1O)CC1c4c(cc(OC)c(O)c4Oc4ccc(cc4)CC3N(C)CC2)CC[N+]1(C)C,bitter
C=C1C(=O)C23C(O)CC4C(C)(C)CC(=O)CC4(C)C2CCC1C3O,bitter
O=C(OCC1OC(O)C(O)C(O)C1O)c1ccccc1,bitter
OC1CCN2Cc3ccccc3N=C12,bitter
CC(=O)OC1CC2C3=CCC4CC(OC5OC(CO)C(O)C(O)C5O)CCC4(C)C3=CCC2(C)C1C1C(O)OC2C1OC(C)C2(O)C(C)C,bitter
CC(C)C1(O)C2OC(=O)C(C3CCC4C5=CCC6CC(OC7OC(CO)C(O)C(O)C7O)CCC6(C)C5=CCC43C)C2OC1(C)O,bitter
C=CC12COC(=O)C(=C)C1C1OC(=O)C(=C)C1C(OC(=O)C(=C)CO)C2,bitter
C=C(C)C(=O)OC1CC23OC2CCC(=CC2OC(=O)C(=C)C21)COC3O,bitter
CC(C)C(O)(C(C)O)C1C=C(C2C(O)CC3C4=CCC5CC(O)CCC5(C)C4=CCC32C)C(=O)O1,bitter
CC(C)C1(C2CC(C3C(O)CC4C5=CCC6CC(OC7OC(CO)C(O)C(O)C7O)CCC6(C)C5=CCC43C)C(=O)O2)OC1C,bitter
CC(C)C1(C2CC(C3C(=O)CC4C5=CCC6CC(OC7OC(CO)C(O)C(O)C7O)CCC6(C)C5=CCC43C)C(=O)O2)OC1C,bitter
CC(C)C(O)(C(C)O)C1C=C(C2C(O)CC3C4=CCC5CC(OC6OC(CO)C(O)C(O)C6O)CCC5(C)C4=CCC32C)C(=O)O1,bitter
O=C1OC(CO)C(O)C2OC(=O)c3c(c(O)c(O)c(O)c3-c3c(O)c(O)c(O)c4c3C(=O)OC2C4O)-c2c1cc(O)c(O)c2O,undefined
CCC12CCCN3CCc4c(n(c5ccccc45)C(O)(C(=O)OC)C1)C32,bitter
O=c1cc(-c2ccc(O)cc2)oc2c(C3OC(CO)C(O)C(O)C3O)c(O)cc(O)c12,bitter
CC(CCC(O)C(C)(C)OC1OC(CO)C(O)C(O)C1O)C1CCC2(C)C3CC=C4C(CCC(OC5OC(COC6OC(CO)C(O)C(O)C6O)C(O)C(O)C5O)C4(C)C)C3C(=O)CC12C,sweet
CC(C(O)CC(O)C(C)(C)OC1OC(CO)C(O)C(O)C1O)C1CCC2(C)C3CC=C4C(CCC(OC5OC(COC6OC(CO)C(O)C(O)C6O)C(O)C(O)C5O)C4(C)C)C3C(=O)CC12C,sweet
C=C1C(=O)OC2CC(C)C(C(CC(C)=O)OC(C)=O)=CCC12,bitter
CC(C)=CCCC(C)c1ccc(C)c(O)c1,undefined
O=c1ccc2cc3ccoc3c(O)c2o1,bitter
CC1=CC(=O)C(O)C2(C)C1CC1OC(=O)C(O)C3(O)C4(CO)OCC13C2C(O)C4O,bitter
COC(=O)C12OCC34C(CC5C(C)C(=O)C(OC6OC(CO)C(O)C(O)C6O)=CC5(C)C3C(O)C1O)OC(=O)C(OC(C)=O)C24,bitter
COC(=O)C12OCC34C(CC5C(C)=C(OC6OC(CO)C(O)C(O)C6O)C(=O)CC5(C)C3C(O)C1O)OC(=O)C(OC(C)=O)C24,bitter
COC(=O)C12OCC34C(CC5C(C)C(=O)C(OC6OC(CO)C(O)C(O)C6O)=CC5(C)C3C(O)C1O)OC(=O)C(OC(=O)CC(C)(C)O)C24,bitter
COC(=O)C12OCC34C(CC5C(C)=C(OC6OC(CO)C(O)C(O)C6O)C(=O)CC5(C)C3C(O)C1O)OC(=O)C(OC(=O)C=C(C)C(C)(C)O)C24,bitter
COc1cc(CCC(=O)CCCCc2ccccc2)ccc1O,undefined
COc1cc(C=CC(=O)CCCCc2ccccc2)ccc1O,undefined
COc1ccc(CCN(C)C(=O)C=Cc2ccc3c(c2)OCO3)cc1OC,bitter
COc1ccc(CCNC(=O)/C=C/c2ccc3c(c2)OCO3)cc1OC,bitter
O=C(/C=C\c1ccc2c(c1)OCO2)N1CCCCC1,bitter
CC1(C)OC(=O)C=CC2(C)C1CC(=O)C1(C)C2C(O)CC2(C)C(c3ccoc3)OC(=O)C3OC321,bitter
N[C@@H](CCC(=O)O)C(=O)[O-],umami
NC(CCC(=O)[O-])C(=O)[O-].NC(CCC(=O)[O-])C(=O)[O-],umami
Nc1nc(=O)c2ncn([C@@H]3O[C@H](COP(=O)(O)O)[C@@H](O)[C@H]3O)c2[nH]1,umami
Nc1nc(=O)c2ncn(C3OC(COP(=O)([O-])[O-])C(O)C3O)c2[nH]1,umami
O=c1nc[nH]c2c1ncn2[C@@H]1O[C@H](COP(=O)(O)O)[C@@H](O)[C@H]1O,umami
N[C@@H](CC(=O)O)C(=O)O,umami
O=C(O[C@@H]1C[C@](O)(C(=O)O)C[C@@H](O)[C@H]1O)c1cc(O)c(O)c(O)c1,umami
CCNC(=O)CC[C@H](N)C(=O)O,umami
Cc1ccc(S(=O)OC2CC(C)CCC2C(C)C)cc1,umami
NCCOP(=O)(O)O,sour
Nc1ccccc1S,sour
O=C(O)c1ccccn1,sour
O=C(O)c1ccncc1,sour
Cn1cc(C(=O)O)ccc1=O,sour
Cc1cccc(C(=O)O)n1,sour
Oc1ccnc(O)c1,sour
O=Cc1ncccc1O,sour
O=Cc1ccncc1O,sour
NNC(=O)c1ccncc1,sour
[O-][n+]1ccccc1O,sour
[O-][n+]1ccccc1S,sour
Cc1nc(N)c(C(=O)O)nc1C,sour
Sc1cnccn1,sour
Oc1ccc(O)nn1,sour
Sc1ccnnc1,sour
Nc1c(NCC(=O)O)nc(Cl)nc1C(=O)O,sour
Nc1ncncc1NCC(=O)O,sour
Nc1cncnc1NCC(=O)O,sour
Oc1cncnc1,sour
Sc1ccncn1,sour
Nc1nnn[nH]1,sour
O=C(O)c1ccc2ccccc2n1,sour
O=C(O)c1ccc2ncccc2c1,sour
O=C(O)c1cccc2cccnc12,sour
Oc1cc(O)c2ccccc2n1,sour
O=S(=O)(O)c1cc(I)c(O)c2ncccc12,sour
O=[N+]([O-])c1cc(S(=O)(=O)O)c2cccnc2c1O,sour
Sc1cnc2ccccc2c1,sour
Sc1cccc2ncccc12,sour
Sc1ccc2ncccc2c1,sour
[O-][n+]1c(O)ccc2ccccc21,sour
Nc1nc(O)c2nc(O)cnc2n1,sour
CCOc1nc2c(c(C(=O)O)n1)N=C(O)CN2,sour
Oc1nc2cncnc2nc1O,sour
Oc1cnc2ncncc2n1,sour
Oc1cnc2cncnc2n1,sour
Cc1ncc2ncc(O)nc2n1,sour
Cn1c(=O)c2ncc(O)nc2n(C)c1=O,sour
O=C(O)c1nc2ncncc2[nH]1,sour
O=C(O)c1c2ccccc2nc2ccccc12,sour
O=C(O)CSc1nc2cc3ccccc3cc2[nH]1,sour
Nc1c(O)cccc1C(=O)O,sour
CNc1ccccc1C(=O)O,sour
CN(C)c1cccc(C(=O)O)c1,sour
CNc1cccc(C(=O)O)c1,sour
CN(C)c1ccc(C(=O)O)cc1,sour
CNc1ccc(C(=O)O)cc1,sour
NNC(=O)c1ccc(N)cc1,sour
NC(CC(=O)O)C(F)(F)F,sour
Nc1cc(C(=O)O)c2ccccc2c1,sour
Nc1cc(C(=O)O)cc2ccccc12,sour
Nc1ccc(CC(=O)O)cc1,sour
Nc1ccccc1[As](=O)(O)O,sour
Nc1cccc([As](=O)(O)O)c1,sour
Nc1ccc([As](=O)(O)O)cc1,sour
Nc1ccc(C(=O)O)c(O)c1,sour
NC(C(=O)O)C(CC(=O)O)C(=O)O,sour
CN(C)c1ccc(P(=O)(O)O)cc1,sour
Nc1ccccc1S(=O)(=O)O,sour
Nc1cccc(S(=O)(=O)O)c1,sour
Nc1ccc(S(=O)(=O)O)cc1,sour
O=C(O)C[C@H](NO)C(=O)O,sour
N[C@@H](CCC(=O)O)C(=O)O,sour
N[C@H](C(=O)O)C(O)CC(=O)O,sour
N[C@@H](Cc1cnc[nH]1)C(=O)O,sour
NC(C(=O)O)c1ccccc1,sour
CC(=O)c1cccc(C(N)C(=O)O)c1,sour
NC(C(=O)O)c1cccc(Cl)c1,sour
NC(C(=O)O)c1ccc(Cl)cc1,sour
N#Cc1cccc(C(N)C(=O)O)c1,sour
COc1cccc(C(N)C(=O)O)c1,sour
COc1ccc(C(N)C(=O)O)cc1,sour
Cc1cccc(C(N)C(=O)O)c1,sour
Cc1ccc(C(N)C(=O)O)cc1,sour
NC(C(=O)O)c1cccc([N+](=O)[O-])c1,sour
N[C@@H](COP(=O)(O)O)C(=O)O,sour
N[C@@H](Cc1cc(Br)c(O)c(Br)c1)C(=O)O,sour
N[C@@H](Cc1cc(Cl)c(O)c(Cl)c1)C(=O)O,sour
N[C@@H](Cc1cc(I)c(O)c(I)c1)C(=O)O,sour
Cc1ncc(COP(=O)(O)O)c(C=O)c1O,sour
Cc1ncc(COP(=O)(O)O)c(CN)c1O,sour
Nc1ncnc2c1ncn2[C@@H]1O[C@H](CO)[C@@H](OP(=O)(O)O)[C@H]1O,sour
O=c1[nH]c(=O)c2ncn([C@@H]3O[C@H](CO)[C@@H](O)[C@H]3O)c2[nH]1,sour
CN(C)c1ccc(/N=N/c2ccccc2C(=O)O)cc1,sour
C[As](C)(=O)O,sour
O=C(O)CN(CC(=O)O)CC(=O)Nc1ccc(Br)cc1,sour
CCOC(=O)c1cc(NCCO)c(C(=O)O)cc1NCCO,sour
O=C(O)c1ccc(C(=O)O)c(NCCO)c1,sour
O=C(O)CN(CC(=O)O)Cc1ccccc1,sour
O=C(O)c1ccnc(C(=O)O)c1,sour
O=C(O)c1cccc(C(=O)O)n1,sour
O=C(O)c1cncc(C(=O)O)c1,sour
O=C(O)c1cc(Cl)cc(C(=O)O)n1,sour
Cc1nc(C)c(C(=O)O)cc1C(=O)O,sour
O=c1c([N+](=O)[O-])c[nH]cc1[N+](=O)[O-],sour
COC(=O)c1ccc(O)nc1C(=O)OC,sour
COC(=O)c1cc(O)cc(C(=O)OC)n1,sour
O=[N+]([O-])c1cccnc1S,sour
O=[N+]([O-])c1ccc(S)nc1,sour
O=C(O)c1cncc(C(=O)O)c1C(=O)O,sour
O=c1c(Cl)c[nH]c(Cl)c1Cl,sour
O=C(O)c1c[nH]cn1,sour
Cn1cnc([N+](=O)[O-])c1CC(=O)O,sour
Cn1cnc([N+](=O)[O-])c1C[N+](=O)[O-],sour
Cc1nc(C(=O)O)c(C)o1,sour
Cc1nc(C)c(C(=O)O)o1,sour
O=C(O)c1nc(-c2ccccc2)oc1-c1ccccc1,sour
Cc1nc(C(=O)O)co1,sour
Cc1ncoc1C(=O)O,sour
Cn1nc(O)ccc1=O,sour
Oc1ccc(S)nn1,sour
COc1ccc(S)nn1,sour
Sc1ncc(Br)cn1,sour
Sc1ncncc1Br,sour
CCCCc1c(O)ncnc1O,sour
CCCCc1nc(O)cc(S)n1,sour
CCCCc1c(O)ncnc1S,sour
Cc1cc(C)n(OCC(=O)O)c(=O)n1,sour
Nc1ncc(C(=O)O)c(N)n1,sour
CNc1nc(N)[nH]c(=O)c1N,sour
Cc1cc(C)n(O)c(=O)n1,sour
Cn1cnc(=S)cc1O,sour
Cn1cnc(O)cc1=S,sour
CC(C)c1c(O)ncnc1O,sour
Cc1nc(O)cc(O)n1,sour
Cc1c(O)ncnc1O,sour
CCCc1nc(O)cc(O)n1,sour
CC(C)c1c(O)ncnc1S,sour
Oc1cc(S)ncn1,sour
Cc1c(O)ncnc1S,sour
Cc1csc(C(=O)O)n1,sour
O=C(O)C1CSCN1,sour
CC1(C)SCNC1C(=O)O,sour
Cn1nc(N)c(C(=O)O)n1,sour
O=Cc1c[nH]nn1,sour
Cc1c(C#N)c(O)nc2c1CCO2,sour
Clc1cc2[nH]c(Cl)nc2cn1,sour
CC(=O)Nc1ncc2ncc(O)nc2n1,sour
CC(C)Oc1nc(N)nc2c1nc(C(=O)O)c(=O)n2C,sour
COc1nc(N)nc2c1nc(C(=O)O)c(=O)n2C,sour
CC(C)Oc1nc(N)nc2nc(O)c(C(=O)O)nc12,sour
CC(C)Oc1nc(N)nc2nc(O)c(C#N)nc12,sour
Cn1c(N)nc2ncc(O)nc2c1=O,sour
Nc1nc(N)c2nc(C(=O)O)cnc2n1,sour
Sc1nc2cncnc2nc1S,sour
Oc1nc2cncnc2nc1S,sour
Oc1nc2ncncc2nc1S,sour
Sc1cnc2ncncc2n1,sour
Cn1c(N)nc2nc(C(F)(F)F)[nH]c2c1=O,sour
Nc1nc(O)c2[nH]c(C(F)(F)F)nc2n1,sour
CS(=O)(=O)c1nc2nc(N)ncc2[nH]1,sour
Nc1ncc2[nH]c(C(F)(F)F)nc2n1,sour
Clc1nc2ncncc2[nH]1,sour
Cc1nc(S)nc2c1nc(S)n2C,sour
CS(=O)(=O)c1nc2ncncc2[nH]1,sour
Clc1nc(Cl)c2[nH]c(Cl)nc2n1,sour
c1ncc2nn[nH]c2n1,sour
Nc1ncc2nn[nH]c2n1,sour
Nc1ncnc2[nH]nnc12,sour
Nc1nc(O)c2nn[nH]c2n1,sour
Cc1nc(N)nc2[nH]nnc12,sour
Oc1ncc2nn[nH]c2n1,sour
Oc1ncnc2[nH]nnc12,sour
Cc1nc(O)nc2[nH]nnc12,sour
Cc1ncc2nn[nH]c2n1,sour
Cc1ncnc2[nH]nnc12,sour
CSc1nc(C)c2nn[nH]c2n1,sour
CSc1ncc2nn[nH]c2n1,sour
NC(=O)CN(CC(=O)O)CC(=O)O,sour
Nc1cc(Br)ccc1C(=O)O,sour
Nc1ccc(Br)cc1C(=O)O,sour
Nc1cc(Cl)ccc1C(=O)O,sour
Nc1ccc(Cl)cc1C(=O)O,sour
Nc1cc(F)ccc1C(=O)O,sour
Nc1ccc(F)cc1C(=O)O,sour
Nc1ccc(O)cc1C(=O)O,sour
O=C(O)c1ccccc1NCCO,sour
COc1ccc(C(=O)O)c(N)c1,sour
COc1ccc(N)c(C(=O)O)c1,sour
Cc1ccc(C(=O)O)c(N)c1,sour
Cc1ccc(N)c(C(=O)O)c1,sour
Nc1cc([N+](=O)[O-])ccc1C(=O)O,sour
Nc1ccc(Oc2ccccc2)cc1C(=O)O,sour
NOCC(=O)O,sour
CC(CC(=O)O)ON,sour
O=C(O)C[C@H](NCc1ccccc1)C(=O)O,sour
CCNc1ccccc1C(=O)O,sour
N[C@@H](CO)C(=O)N[C@@H](CCC(=O)O)C(=O)O,sour
CC(=O)NCC(=O)NCC(=O)N[C@@H](Cc1cnc[nH]1)C(=O)NCC(=O)O,sour
N[C@@H](Cc1cnc[nH]1)C(=O)NCC(=O)O,sour
O=C(CCNC(=O)OCc1ccccc1)N[C@@H](Cc1cnc[nH]1)C(=O)O,sour
O=C(O)C#CCN1CCOCC1,sour
O=S(=O)(O)CCN1CCN(CCS(=O)(=O)O)CC1,sour
O=C(O)Cc1ccccn1,sour
CC1(C)S[C@@H]2[C@H](N)C(=O)N2[C@H]1C(=O)O,sour
CC1(C)SC(CNC(=O)Cc2ccccc2)NC1C(=O)O,sour
O=[N+]([O-])C[N+](=O)[O-],sour
NC(=S)S,sour
O=[C](O)[GeH3],sour
CP(=O)(O)O,sour
COP(=O)(O)OP(=O)(O)OP(=O)(O)O,sour
O=[N+]([O-])C(Cl)Cl,sour
O=[N+]([O-])C(Cl)[N+](=O)[O-],sour
O=[N+]([O-])C(Br)[N+](=O)[O-],sour
O=[N+]([O-])C(I)[N+](=O)[O-],sour
O=CC(=O)O,sour
O=C(O)CO,sour
O=C(O)CCl,sour
O=C(O)CBr,sour
O=C(O)CI,sour
O=C(O)CF,sour
CC(N=O)=NO,sour
O=C(O)CS,sour
NC(=O)C[N+](=O)[O-],sour
CC([N+](=O)[O-])[N+](=O)[O-],sour
O=C(NO)C(=O)NO,sour
O=[N+]([O-])C(CO)[N+](=O)[O-],sour
CNC(=S)S,sour
CC(=O)NN,sour
ON=C(Cl)C(Cl)=NO,sour
NC(=O)C(Cl)[N+](=O)[O-],sour
NC(=O)C(F)[N+](=O)[O-],sour
N#Cc1[nH]nnc1N,sour
C=CC(=O)O,sour
O=C(O)CC(=O)O,sour
COCC(=O)O,sour
O=C(O)CCO,sour
N#CCC(=O)O,sour
O=c1nc[nH]c(=O)[nH]1,sour
O=C(O)c1c[nH]nn1,sour
O=C(O)/C=C/Cl,sour
O=C(O)/C=C\Cl,sour
O=C(O)/C=C/Br,sour
O=C(O)/C=C\Br,sour
O=C(O)/C=C/I,sour
O=C(O)/C=C\I,sour
O=C(O)/C=C/[N+](=O)[O-],sour
N#CCC([N+](=O)[O-])[N+](=O)[O-],sour
S=c1cn[nH]c(=S)[nH]1,sour
Cc1nc(=S)s[nH]1,sour
Cc1n[nH]c(=S)s1,sour
CC(Cl)C(=O)O,sour
O=C(O)CCCl,sour
CC(Br)C(=O)O,sour
O=C(O)CCBr,sour
CC(=O)C[N+](=O)[O-],sour
NC(=O)CC([N+](=O)[O-])[N+](=O)[O-],sour
O=[N+]([O-])CCC([N+](=O)[O-])[N+](=O)[O-],sour
O=[N+]([O-])OCCC([N+](=O)[O-])[N+](=O)[O-],sour
CSCC(=O)O,sour
COC(=O)C[SeH],sour
CCC([N+](=O)[O-])[N+](=O)[O-],sour
COCC([N+](=O)[O-])[N+](=O)[O-],sour
O=[N+]([O-])C(CCO)[N+](=O)[O-],sour
CN(CC([N+](=O)[O-])[N+](=O)[O-])[N+](=O)[O-],sour
O=[N+]([O-])NCCC([N+](=O)[O-])[N+](=O)[O-],sour
NCCC([N+](=O)[O-])[N+](=O)[O-],sour
CN(C)C(=S)S,sour
CCNC(=S)S,sour
COCC(=O)NN,sour
CCOP(C)(=O)O,sour
ON=C(C(F)(F)F)C(F)(F)F,sour
O=c1[nH]nc(Br)c(=O)[nH]1,sour
O=C1CSC(=S)N1,sour
O=c1[nH]ncc(=S)[nH]1,sour
O=c1cn[nH]c(=S)[nH]1,sour
O=C(O)CSC(F)(F)F,sour
O=C(O)CS(=O)C(F)(F)F,sour
Cc1n[nH]c(=S)o1,sour
O=C(O)CCN(F)F,sour
O=C(O)CNC(=S)S,sour
CCSP(C)(=O)O,sour
CC(C)(N)P(=O)(O)O,sour
O=P(O)(O)CN(CP(=O)(O)O)CP(=O)(O)O,sour
C=C=CC(=O)O,sour
CC#CC(=O)O,sour
C#CCC(=O)O,sour
O=C(O)/C=C/C(=O)O,sour
O=C(O)CC(=O)C(=O)O,sour
C/C=C\C(=O)O,sour
C/C=C/C(=O)O,sour
C=CCC(=O)O,sour
CC(=O)CC(=O)O,sour
CO/C=C/C(=O)O,sour
CC(C(=O)O)C(=O)O,sour
CCOCC(=O)O,sour
CC(C)(O)C(=O)O,sour
O=C(O)C(O)(CO)CO,sour
OC(C(F)(F)F)(C(F)(F)F)C(F)(F)F,sour
O=C/C(Cl)=C(/Cl)C(=O)O,sour
O=c1[nH]cc([N+](=O)[O-])c(=O)[nH]1,sour
O=C(O)c1cc[nH]n1,sour
O=c1ccc(=O)[nH][nH]1,sour
O=c1cc(O)[nH]cn1,sour
O=c1cc(O)[nH]c(=O)[nH]1,sour
Nc1nc(=O)c([N+](=O)[O-])c[nH]1,sour
Cn1ncc(=O)[nH]c1=O,sour
Cn1c(=O)nc[nH]c1=O,sour
COc1nc[nH]c(=O)n1,sour
CC=C(Cl)C(=O)O,sour
C/C(Cl)=C/C(=O)O,sour
O=C(O)/C=C/CCl,sour
C=CC(Cl)C(=O)O,sour
O=C(O)C/C=C\Cl,sour
O=C(O)C/C=C/Cl,sour
CC(Br)=CC(=O)O,sour
CC(I)=CC(=O)O,sour
N#CCCC([N+](=O)[O-])[N+](=O)[O-],sour
O=C(O)CCC([N+](=O)[O-])([N+](=O)[O-])[N+](=O)[O-],sour
O=C(O)C(O)CC([N+](=O)[O-])([N+](=O)[O-])[N+](=O)[O-],sour
Cn1ncc(=S)[nH]c1=S,sour
Cc1n[nH]c(=S)[nH]c1=S,sour
Cc1n[nH]c(N)nc1=O,sour
Cn1c(N)nncc1=O,sour
CC1(CC(=O)O)N=N1,sour
O=C1Nc2nn[nH]c2C(NO)N1,sour
CC(=S)SCC(=O)O,sour
CC(=O)SCC(=O)O,sour
C=CCC([N+](=O)[O-])[N+](=O)[O-],sour
O=C(O)CC(S)C(=O)O,sour
O=C(O)CSCC(=O)O,sour
O=C(O)CSSCC(=O)O,sour
O=C(O)C(S)C(S)C(=O)O,sour
O=C(O)C[Se]CC(=O)O,sour
O=NN(CC(=O)O)CC(=O)O,sour
O=C(O)CN(CC(=O)O)[N+](=O)[O-],sour
COC(=O)CC([N+](=O)[O-])[N+](=O)[O-],sour
CC(C(O)C(=O)O)([N+](=O)[O-])[N+](=O)[O-],sour
CC(Cl)CC(=O)O,sour
CCOC(=O)C[N+](=O)[O-],sour
CC(=O)NCC([N+](=O)[O-])[N+](=O)[O-],sour
NC(=O)CCC([N+](=O)[O-])[N+](=O)[O-],sour
CC(CC([N+](=O)[O-])[N+](=O)[O-])[N+](=O)[O-],sour
CCSCC(=O)O,sour
CCCC([N+](=O)[O-])[N+](=O)[O-],sour
CC(C)C([N+](=O)[O-])[N+](=O)[O-],sour
O=[N+]([O-])C(CCCO)[N+](=O)[O-],sour
NNC(=O)CCC([N+](=O)[O-])[N+](=O)[O-],sour
CCN(CC([N+](=O)[O-])[N+](=O)[O-])[N+](=O)[O-],sour
CN(CCC([N+](=O)[O-])[N+](=O)[O-])[N+](=O)[O-],sour
NCC(O)CC(=O)O,sour
NCCCC([N+](=O)[O-])[N+](=O)[O-],sour
CC(C)NC(=S)S,sour
CCCNC(=S)S,sour
CCCCS(=O)O,sour
CCP(=O)(O)CC,sour
CCCOP(C)(=O)O,sour
Nc1ncc(Sc2ccccc2N)c(O)n1,sour
O=[N+]([O-])C(F)(F)C(O)(C(F)(F)F)C(F)(F)F,sour
Cn1ncc(=S)[nH]c1=O,sour
Cn1ncc(=O)[nH]c1=S,sour
Cc1n[nH]c(=S)[nH]c1=O,sour
CSc1nc(=O)cn[nH]1,sour
O=C1NC(C(=O)O)CS1,sour
NS(=O)(=O)c1cc(=O)[nH]c(=O)[nH]1,sour
CCc1nc(=O)s[nH]1,sour
CCOC(=O)C(Cl)[N+](=O)[O-],sour
CCOC(=O)C(F)[N+](=O)[O-],sour
CC(Cl)(CC([N+](=O)[O-])[N+](=O)[O-])[N+](=O)[O-],sour
CSC(=S)NCC(=O)O,sour
CCP(O)(=S)CC,sour
CC(C)SP(C)(=O)O,sour
CCCSP(C)(=O)O,sour
O=C(O)CN(CP(=O)(O)O)CP(=O)(O)O,sour
C#C/C=C/C(=O)O,sour
CCC#CC(=O)O,sour
CC#CCC(=O)O,sour
C#CCCC(=O)O,sour
CC1=C(O)COC1=O,sour
CC(=O)/C=C/C(=O)O,sour
C=C(CC(=O)O)C(=O)O,sour
C/C(=C/C(=O)O)C(=O)O,sour
O=C(O)[C@H]1C[C@H]1C(=O)O,sour
O=C(O)[C@@H]1C[C@H]1C(=O)O,sour
O=C(O)C1CCOC1=O,sour
C[C@H]1C[C@H]1C(=O)O,sour
C[C@@H]1C[C@H]1C(=O)O,sour
CC/C=C\C(=O)O,sour
CC/C=C/C(=O)O,sour
CCOC(=O)CC(=O)O,sour
CC(CC(=O)O)C(=O)O,sour
CC(C)(C(=O)O)C(=O)O,sour
CCC(C(=O)O)C(=O)O,sour
CC(OCC(=O)O)C(=O)O,sour
O=C(O)C(O)C(O)C(O)C(=O)O,sour
CC(C)(C)C(=O)O,sour
CCC(C)(O)C(=O)O,sour
CCCC(O)C(=O)O,sour
CC(CO)(CO)C(=O)O,sour
O=c1ncnc2[nH]ncnc1-2,sour
O=C(O)c1cccs1,sour
O=C(O)c1ccc[se]1,sour
O=C(O)c1c[nH]c(=O)[nH]c1=O,sour
O=C(O)c1cc([N+](=O)[O-])c[nH]1,sour
O=C(O)c1ccc([N+](=O)[O-])[nH]1,sour
Oc1cccnc1,sour
Cc1nn2cn[nH]c2nc1=O,sour
O=c1ccccn1O,sour
O=C(O)c1ccc[nH]1,sour
O=C(O)c1cc[nH]c1,sour
Nc1[nH]c(=O)cnc1C=O,sour
CC(=O)CC(=O)C(F)(F)F,sour
O=c1cc(O)cc(O)[nH]1,sour
Cn1c(=O)[nH]cc([N+](=O)[O-])c1=O,sour
Cc1c(O)[nH]c(=O)[nH]c1=O,sour
Cc1o[nH]c(=O)c1C,sour
CC(C)(C#N)C(=O)O,sour
CC(C#N)CC([N+](=O)[O-])[N+](=O)[O-],sour
N#CCCCC([N+](=O)[O-])[N+](=O)[O-],sour
CNc1nc(=O)c(C)n[nH]1,sour
Cc1nnc(N)n(C)c1=O,sour
CC1(CCC(=O)O)N=N1,sour
CONC1NC(=O)Nc2nn[nH]c21,sour
C=CCSCC(=O)O,sour
CCSC(=S)SCC(=O)O,sour
CCOC(=S)SCC(=O)O,sour
CC=CCC([N+](=O)[O-])[N+](=O)[O-],sour
O=C(O)CCSCC(=O)O,sour
CC(SCC(=O)O)C(=O)O,sour
O=C(O)CSCSCC(=O)O,sour
CC(=O)OCCC([N+](=O)[O-])[N+](=O)[O-],sour
COC(=O)CCC([N+](=O)[O-])[N+](=O)[O-],sour
CC(CCC(=O)O)([N+](=O)[O-])[N+](=O)[O-],sour
CC(=O)C(O)CC([N+](=O)[O-])[N+](=O)[O-],sour
CC(CCC([N+](=O)[O-])[N+](=O)[O-])([N+](=O)[O-])[N+](=O)[O-],sour
CC(Cl)CCC(=O)O,sour
CN(C)C(=O)OCC(=O)O,sour
CC(=O)NCCC([N+](=O)[O-])[N+](=O)[O-],sour
CC(CC([N+](=O)[O-])[N+](=O)[O-])C(N)=O,sour
NC(=O)CCCC([N+](=O)[O-])[N+](=O)[O-],sour
CC(CCC([N+](=O)[O-])[N+](=O)[O-])=NO,sour
CNC(=O)NCCC([N+](=O)[O-])[N+](=O)[O-],sour
CCC(CC([N+](=O)[O-])[N+](=O)[O-])[N+](=O)[O-],sour
S=C(S)N1CCCC1,sour
S=C(S)N1CCSCC1,sour
CCCSCC(=O)O,sour
CC(C)CC([N+](=O)[O-])[N+](=O)[O-],sour
CCCCC([N+](=O)[O-])[N+](=O)[O-],sour
CCCCC[PH](=O)O,sour
CCCCNC(=S)S,sour
CC(C(=O)NO)N(C)C,sour
O=C1N=C(O)C(Cl)=CC1(Cl)Cl,sour
O=C1N=C(O)C(Br)=CC1(Br)Br,sour
O=C(O)c1ccc(Cl)s1,sour
O=C(O)c1ccc(Cl)[se]1,sour
O=C(O)c1cc(Br)cs1,sour
O=C(O)c1ccc(Br)s1,sour
O=C(O)c1cc(Br)c[se]1,sour
O=C(O)c1ccc(Br)[se]1,sour
O=C(O)c1cc([N+](=O)[O-])cs1,sour
O=C(O)c1ccc([N+](=O)[O-])s1,sour
O=C(O)c1cc([N+](=O)[O-])c[se]1,sour
O=C(O)c1ccc([N+](=O)[O-])[se]1,sour
O=C(O)c1cc(Cl)c[nH]1,sour
O=C(O)c1ccc(Cl)[nH]1,sour
O=C(O)c1cc(Br)c[nH]1,sour
O=C(O)c1ccc(Br)[nH]1,sour
On1ccccc1=S,sour
Cn1nnc2[nH]c(=S)[nH]c(=O)c21,sour
O=P(O)(O)Oc1cccnc1,sour
CS(=O)(=O)c1cc(=O)[nH]c(=O)[nH]1,sour
O=[N+]([O-])C(CCCC(Cl)(Cl)Cl)[N+](=O)[O-],sour
CC(CCC(=O)O)(N(F)F)N(F)F,sour
CC(CCC([N+](=O)[O-])[N+](=O)[O-])(N(F)F)N(F)F,sour
S=C(S)N1CCOCC1,sour
CN(C)C(=S)SCC(=O)O,sour
CSC(=S)N(C)CC(=O)O,sour
CN(C)C(=S)OCC(=O)O,sour
CN(C)C(=O)SCC(=O)O,sour
CN(C)C(=S)NCC(=O)O,sour
O=C(O)CN(CC(=O)O)CP(=O)(O)O,sour
CSCCC(N)C(=O)NO,sour
C[N+](C)(C)CC(=O)NO,sour
CCCSP(=O)(O)CC,sour
O=P(O)(O)CN(CCO)CCO,sour
O=c1c(O)c(O)c(=O)c(=O)c1=O,sour
O=C1C=C(O)C(=O)C=C1O,sour
O=C(O)c1ccc(=O)oc1,sour
O=C1C(O)=C(O)C(=O)C(O)=C1O,sour
N#Cc1cc2[nH]nnc2nc1N,sour
CC#C/C=C/C(=O)O,sour
CC=CC#CC(=O)O,sour
C=CC#CCC(=O)O,sour
O=C1C[C@H](C(=O)O)[C@H](C(=O)O)O1,sour
O=C1C[C@@H](C(=O)O)[C@H](C(=O)O)O1,sour
O=C(O)C12CC(C1)C2,sour
O=C1CCCC(=O)C1,sour
O=CC1CCCC1=O,sour
C[C@]1(C(=O)O)C[C@H]1C(=O)O,sour
C[C@@]1(C(=O)O)C[C@H]1C(=O)O,sour
C#CCCCC(=O)O,sour
O=C1CCC(C(=O)O)C1,sour
CCC1=C(O)COC1=O,sour
O=C(O)[C@H]1CC[C@H]1C(=O)O,sour
O=C(O)[C@@H]1CC[C@H]1C(=O)O,sour
O=C(O)[C@H]1C[C@@H](C(=O)O)C1,sour
O=C(O)[C@H]1C[C@H](C(=O)O)C1,sour
CC(=O)C(CC(=O)O)C(=O)O,sour
O=C1O[C@H]([C@@H](O)CO)C(O)=C1O,sour
O=C(O)CC(CC(=O)O)C(=O)O,sour
O=C(O)CC(C(=O)O)C(O)C(=O)O,sour
CCC/C=C\C(=O)O,sour
O=C(O)C1(O)CCCC1,sour
CC(=O)CCCC(=O)O,sour
O=C(O)C1CCCCO1,sour
CC(CCC(=O)O)C(=O)O,sour
CC(CC(=O)O)CC(=O)O,sour
CCC(C)(C(=O)O)C(=O)O,sour
CC(C)C(C(=O)O)C(=O)O,sour
CCCC(C(=O)O)C(=O)O,sour
CC(C)(OCC(=O)O)C(=O)O,sour
O=C(O)COCCOCC(=O)O,sour
O=C(O)[C@@H](O)[C@H](O)[C@H](O)[C@@H](O)C(=O)O,sour
O=C(O)[C@@H](O)[C@H](O)[C@@H](O)[C@H](O)C(=O)O,sour
CCC(C)(C)C(=O)O,sour
O=C(O)[C@H](O)[C@@H](O)[C@H](O)[C@H](O)CO,sour
Oc1c(F)c(F)c(F)c(F)c1F,sour
Oc1c(O)c(Cl)c(Cl)c(Cl)c1Cl,sour
Oc1c(Cl)cc(Cl)cc1Cl,sour
Oc1c(Cl)cccc1Cl,sour
Oc1c(Br)cccc1Br,sour
O=c1cccc2[nH]onc1-2,sour
O=c1cnc2[nH]c(=O)ncc2[nH]1,sour
O=c1cnc2c[nH]c(=O)[nH]c-2n1,sour
O=c1cnc2[nH]cnc(=O)c2[nH]1,sour
O=c1cnc2c(=O)nc[nH]c2[nH]1,sour
O=c1cnc2[nH]c(=O)[nH]c(=O)c2[nH]1,sour
O=c1cnc2c(=O)[nH]c(=O)[nH]c2[nH]1,sour
O=C(O)c1csccc1=O,sour
O=[N+]([O-])c1cccc(O)c1[N+](=O)[O-],sour
O=[N+]([O-])c1ccc(O)c([N+](=O)[O-])c1,sour
O=[N+]([O-])c1ccc([N+](=O)[O-])c(O)c1,sour
O=[N+]([O-])c1cccc([N+](=O)[O-])c1O,sour
O=[N+]([O-])c1ccc(O)cc1[N+](=O)[O-],sour
O=[N+]([O-])c1cc(O)cc([N+](=O)[O-])c1,sour
O=[N+]([O-])c1ccc(O)c(O)c1[N+](=O)[O-],sour
O=[N+]([O-])c1cc(O)c(O)c([N+](=O)[O-])c1,sour
S=c1nc[nH]c2nccnc12,sour
S=c1cnc2cnc[nH]c-2n1,sour
O=Nc1ccc(O)cc1,sour
Nc1nc(=O)c2[nH]c(=O)cnc2[nH]1,sour
O=[N+]([O-])c1ccc(O)cc1,sour
O=C(O)c1ccc(O)nc1,sour
O=C(O)c1ccncc1O,sour
O=[N+]([O-])c1cccc(O)c1O,sour
O=[N+]([O-])c1ccc(O)c(O)c1,sour
O=[N+]([O-])c1c(O)cccc1O,sour
O=[N+]([O-])c1ccc(O)cc1O,sour
O=[N+]([O-])c1cc(O)cc(O)c1,sour
Sc1cccc(Cl)c1,sour
Sc1ccc(Cl)cc1,sour
Sc1ccc(Br)cc1,sour
Cc1cc(=O)n2[nH]cnc2n1,sour
Cc1n[nH]c2nc(N)nc(=O)c-2n1,sour
NC(=O)c1cc2[nH]nnc2nc1N,sour
O=C1CNC2=CNC(=O)NC2=N1,sour
Cn1cnc2c(=O)[nH]c(=O)[nH]c21,sour
O=C(O)Cc1cccs1,sour
O=S(O)c1ccccc1,sour
Cc1csc(C(=O)O)c1,sour
Cc1ccc(C(=O)O)s1,sour
Cc1ccc(C(=O)O)[se]1,sour
COc1ccc(C(=O)O)s1,sour
Cc1nn2c(C)n[nH]c2nc1=O,sour
Cc1ccc(C(=O)O)[nH]1,sour
CNc1[nH]c(=O)cnc1C=O,sour
O=[As](O)(O)c1ccccc1,sour
CCOC(=O)c1n[nH]c(=O)[nH]c1=O,sour
CCOc1nc(=O)[nH]cc1[N+](=O)[O-],sour
CCOc1nc(=O)c([N+](=O)[O-])c[nH]1,sour
C[C@@]1(C(=O)O)C[C@@]1(Cl)C(=O)O,sour
C[C@@]1(C(=O)O)C[C@]1(Cl)C(=O)O,sour
O=[As](O)(O)c1ccccc1O,sour
O=[As](O)(O)c1ccc(O)cc1,sour
O=[As](O)(O)c1ccc(O)cc1O,sour
O=C1CCC(=O)N1CC([N+](=O)[O-])[N+](=O)[O-],sour
O=C(O)CC(CC([N+](=O)[O-])([N+](=O)[O-])[N+](=O)[O-])C(=O)O,sour
CC(=O)OC(CC([N+](=O)[O-])([N+](=O)[O-])[N+](=O)[O-])C(=O)O,sour
O=C(O)[C@@H]1CC[C@H](C(=O)O)[Se]1,sour
CC(=O)NC(CC([N+](=O)[O-])([N+](=O)[O-])[N+](=O)[O-])C(=O)O,sour
CNc1ccn(C)c(=O)n1,sour
CC(C)C(C#N)C(=O)O,sour
N#CCCCCC([N+](=O)[O-])[N+](=O)[O-],sour
CC(CC(=O)O)C1(C)N=N1,sour
C=CCCSCC(=O)O,sour
O=C(O)CCSCCC(=O)O,sour
CC(C)(SCC(=O)O)C(=O)O,sour
CC(SC(C)C(=O)O)C(=O)O,sour
CCOC(=O)CSCC(=O)O,sour
O=C(O)CSCCSCC(=O)O,sour
O=C(O)CCSSCCC(=O)O,sour
O=C(O)CCN(CCC(=O)O)[N+](=O)[O-],sour
CC(Cl)CCCC(=O)O,sour
CN(C)C(=O)CCC([N+](=O)[O-])[N+](=O)[O-],sour
S=C(S)NC1CCCC1,sour
S=C(S)N1CCCCC1,sour
CCCCSCC(=O)O,sour
CCC(C)SCC(=O)O,sour
CC(C)(C)CC([N+](=O)[O-])[N+](=O)[O-],sour
CCCCCC([N+](=O)[O-])[N+](=O)[O-],sour
CN1CCN(C(=S)S)CC1,sour
CN(C)CC(O)CC(=O)O,sour
O=P(O)(O)C1CCCCC1,sour
CCOP(=O)(CC(=O)O)OCC,sour
O=C(CO)[C@@H](O)[C@H](O)[C@H](O)COP(=O)(O)O,sour
CC(C)CCNC(=S)S,sour
CCCP(=O)(O)CCC,sour
CCCCCCP(=O)(O)O,sour
O=c1nc2nc(C(F)(F)F)[nH]c2c[nH]1,sour
Oc1c(Cl)cc(Br)cc1Cl,sour
O=[N+]([O-])c1cc(Cl)c(O)c(Cl)c1,sour
O=[N+]([O-])c1cc(Br)cc(Br)c1O,sour
O=[N+]([O-])c1cc(Br)c(O)c(Br)c1,sour
O=[N+]([O-])c1cc(I)c(O)c(I)c1,sour
O=[N+]([O-])c1cc(Cl)c(O)c([N+](=O)[O-])c1,sour
O=[N+]([O-])c1cc(Cl)cc([N+](=O)[O-])c1O,sour
O=[N+]([O-])c1cc(Br)c(O)c([N+](=O)[O-])c1,sour
O=[N+]([O-])c1ccc(O)c(Cl)c1,sour
O=[N+]([O-])c1cccc(Cl)c1O,sour
O=[N+]([O-])c1ccc(Cl)cc1O,sour
O=[N+]([O-])c1cc(Cl)ccc1O,sour
O=[N+]([O-])c1ccc(F)cc1O,sour
O=[N+]([O-])c1cccc(S)c1,sour
O=[N+]([O-])c1ccc(S)cc1,sour
Cn1c(Br)nc2c(=O)[nH]c(=O)[nH]c21,sour
O=C(O)Cc1ccc(Cl)s1,sour
O=S(O)c1cccc(Cl)c1,sour
O=S(O)c1ccc(Cl)cc1,sour
O=S(O)c1ccc(Br)cc1,sour
O=[N+]([O-])c1cccc(S(=O)O)c1,sour
O=[N+]([O-])c1ccc(S(=O)O)cc1,sour
Cn1cc2[nH]c(S)nc2nc1=O,sour
Cn1nnc2[nH]c(S(C)(=O)=O)nc(=O)c21,sour
Cn1nc2nc(S(C)(=O)=O)[nH]c(=O)c2n1,sour
O=S(=O)(O)C(O)c1ccccn1,sour
O=S(=O)(O)C(O)c1cccnc1,sour
O=S(=O)(O)C(O)c1ccncc1,sour
O=P(O)(O)OCc1ccccn1,sour
O=P(O)(O)OCc1ccncc1,sour
CC(CCCC(=O)O)(N(F)F)N(F)F,sour
CC(C)(CCC(=O)O)N(F)F,sour
O=C(O)CCN(CC(=O)O)CP(=O)(O)O,sour
CCCP(O)(=S)CCC,sour
CC(C(=O)NO)[N+](C)(C)C,sour
F[B-](F)(F)F.N#[N+]c1ccc(O)cc1,sour
O=S(=O)(NBr)c1ccccc1,sour
O=c1cccccc1O,sour
CC#CC#CCC(=O)O,sour
CC1=CC(=O)C=C(O)C1=O,sour
O=c1ccccc(O)c1O,sour
O=c1cccc(O)cc1O,sour
O=c1ccc(O)ccc1O,sour
O=C(O)c1cccc(O)c1O,sour
COC(=O)c1cocc1C(=O)O,sour
COC(=O)C1=C(C(=O)O)CC1,sour
O=C(O)C1=C(C(=O)O)CCC1,sour
O=C(O)C1=CCC(C(=O)O)C1,sour
O=C(O)C1=CCCC1C(=O)O,sour
O=C1C[C@H](C(=O)O)[C@H](C(=O)O)C1,sour
O=C1C[C@@H](C(=O)O)[C@H](C(=O)O)C1,sour
Cc1cccc(S)c1,sour
Cc1ccc(S)cc1,sour
O=C(O)C12CCC(C1)C2,sour
O=CC1CCCCC1=O,sour
CCCCC#CC(=O)O,sour
C#CCCCCC(=O)O,sour
CC(C)(C)C#CC(=O)O,sour
O=C(O)CC1CCCC1=O,sour
O=C(O)CC1CCC(=O)C1,sour
O=C1CCC(C(=O)O)CC1,sour
CCC(C(=O)O)=C(C)C(=O)O,sour
O=C(O)[C@H]1CCC[C@H]1C(=O)O,sour
O=C(O)[C@@H]1CCC[C@H]1C(=O)O,sour
CC1(C(=O)O)CC1(C)C(=O)O,sour
CC1(C)[C@H](C(=O)O)[C@@H]1C(=O)O,sour
O=C(O)CCC1CCOC1=O,sour
CCCC/C=C\C(=O)O,sour
CCCC/C=C/C(=O)O,sour
O=C(O)C1(O)CCCCC1,sour
O=C(O)C1CCCCC1O,sour
O=C(O)[C@H]1CC[C@H](O)CC1,sour
CCOC(=O)C(CC)C(=O)O,sour
O=C(O)CCCCCC(=O)O,sour
CC(C)(CC(=O)O)CC(=O)O,sour
CC(C)(C)C(C(=O)O)C(=O)O,sour
CCC(CC)(C(=O)O)C(=O)O,sour
CCOC(=O)C(C)(C)C(=O)O,sour
O=C(O)C1CC(O)C(O)C(O)C1,sour
CC(OC(C)(C)C(=O)O)C(=O)O,sour
CCCC(C)(C)C(=O)O,sour
O=C(O)c1c(F)c(F)c(O)c(F)c1F,sour
O=c1c(Br)cc(Br)cc(Br)c1O,sour
O=Cc1cc(Cl)c(O)c(Cl)c1,sour
O=C(O)c1cccc(Cl)c1Cl,sour
O=C(O)c1ccc(Cl)cc1Cl,sour
O=C(O)c1cc(Cl)ccc1Cl,sour
O=C(O)c1ccc(Cl)c(Cl)c1,sour
O=C(O)c1cc(Cl)cc(Cl)c1,sour
O=c1ccc(Br)cc(Br)c1O,sour
O=c1c(Br)cccc(Br)c1O,sour
N#Cc1cc([N+](=O)[O-])ccc1O,sour
N#Cc1c(O)cccc1[N+](=O)[O-],sour
O=Cc1nc2c(=O)nc[nH]c2[nH]c1=O,sour
O=C(O)c1cc(Cl)cc(Cl)c1O,sour
O=C(O)c1cc(Br)cc(Br)c1O,sour
O=[N+]([O-])c1cc([N+](=O)[O-])c2cn[nH]c2c1O,sour
O=C(O)c1nc2c(=O)[nH]c(=O)[nH]c2[nH]c1=O,sour
O=Cc1cc([N+](=O)[O-])cc([N+](=O)[O-])c1O,sour
O=C(O)c1cc([N+](=O)[O-])cc([N+](=O)[O-])c1,sour
N#Cc1ccccc1O,sour
O=Cc1ccc(O)cc1Cl,sour
O=Cc1cccc(Cl)c1O,sour
O=C(O)c1ccccc1Cl,sour
O=C(O)c1cccc(Cl)c1,sour
O=C(O)c1ccc(Cl)cc1,sour
O=c1ccc(Cl)ccc1O,sour
O=C(O)c1cccc(Br)c1,sour
O=C(O)c1ccc(Br)cc1,sour
O=c1ccccc(Br)c1O,sour
O=c1cccc(Br)cc1O,sour
O=c1ccc(Br)ccc1O,sour
O=C(O)c1ccc(I)cc1,sour
O=C(O)c1cccc(F)c1,sour
O=C(O)c1ccc(F)cc1,sour
O=C(O)c1c(O)cccc1Cl,sour
O=C(O)c1cc(Cl)ccc1O,sour
O=C(OO)c1ccccc1Cl,sour
O=C(O)c1cccc(Br)c1O,sour
O=C(O)c1cc(Br)ccc1O,sour
O=C(O)c1ccc(Br)cc1O,sour
O=C(O)c1cccc(I)c1O,sour
O=C(O)c1ccc(I)cc1O,sour
O=C(O)c1cc(I)ccc1O,sour
O=Cc1cccc([N+](=O)[O-])c1O,sour
O=Cc1cc([N+](=O)[O-])ccc1O,sour
O=Cc1ccc([N+](=O)[O-])c(O)c1,sour
O=C(O)c1ccccc1[N+](=O)[O-],sour
O=C(O)c1cccc([N+](=O)[O-])c1,sour
O=C(O)c1ccc([N+](=O)[O-])cc1,sour
O=c1ccc([N+](=O)[O-])ccc1O,sour
O=C(O)c1cccnc1C(=O)O,sour
O=C(O)c1ccncc1C(=O)O,sour
O=C(O)c1cccc([N+](=O)[O-])c1O,sour
O=C(O)c1ccc([N+](=O)[O-])cc1O,sour
O=C(O)c1cc([N+](=O)[O-])ccc1O,sour
O=C(O)c1c(O)cccc1[N+](=O)[O-],sour
O=C(O)c1cc(=O)cc(C(=O)O)[nH]1,sour
O=c1[nH]c2ccccc2s1,sour
Cc1nc2cnc[nH]c-2nc1=O,sour
O=c1cccccc1S,sour
Cc1[nH]c(=O)[nH]c2nc(=O)cnc1-2,sour
Cn1cnc2ncc(=O)[nH]c2c1=O,sour
Cn1cnc2[nH]c(=O)cnc2c1=O,sour
Cc1nc2c(=O)[nH]cnc2[nH]c1=O,sour
O=C(O)c1cccc(S)c1,sour
Cn1c(=O)[nH]c(=O)c2[nH]c(=O)cnc21,sour
Cn1c(=O)[nH]c(=O)c2ncc(=O)[nH]c21,sour
Cn1c(=O)[nH]c2[nH]c(=O)cnc2c1=O,sour
Cc1nc2c(=O)[nH]c(=O)[nH]c2[nH]c1=O,sour
Nc1cc(C(=O)O)cc([N+](=O)[O-])c1,sour
Cn1c(=O)[nH]c(=O)c2[nH]c(=O)c(=O)[nH]c21,sour
Cn1c(=O)[nH]c2[nH]c(=O)c(=O)[nH]c2c1=O,sour
Cn1c(=O)c(=O)[nH]c2c(=O)[nH]c(=O)[nH]c21,sour
Cc1cc([N+](=O)[O-])cc([N+](=O)[O-])c1O,sour
Cc1cc([N+](=O)[O-])c(O)c([N+](=O)[O-])c1,sour
S=c1nn[nH]n1-c1ccccc1,sour
Cn1c(N)nc(=O)c2nccnc21,sour
Cn1c(N)nc2nccnc2c1=O,sour
COc1ccc(O)c(N=O)c1,sour
O=C(O)c1cccc(CO)n1,sour
NNC(=O)c1ccccc1[N+](=O)[O-],sour
NNC(=O)c1cccc([N+](=O)[O-])c1,sour
NNC(=O)c1ccc([N+](=O)[O-])cc1,sour
COc1cc([N+](=O)[O-])ccc1O,sour
COc1cccc([N+](=O)[O-])c1O,sour
COc1cc(O)ccc1[N+](=O)[O-],sour
COc1ccc([N+](=O)[O-])c(O)c1,sour
NNC(=O)c1ccccc1,sour
COc1cccc(S)c1,sour
COc1ccc(S)cc1,sour
Cn1c(=O)[nH]c2c(ncn2C)c1=O,sour
Cc1nc2c(=O)[nH]c(=O)[nH]c2n1C,sour
CCn1cnc2c(=O)[nH]c(=O)[nH]c21,sour
Cc1ccc(S(=O)O)cc1,sour
CCc1ccc(C(=O)O)s1,sour
C=CCc1c(O)[nH]c(=O)[nH]c1=O,sour
CNC(=O)c1nc(C=O)c(N)[nH]c1=O,sour
O=c1[nH]c(=O)c2ncn(CCO)c2[nH]1,sour
COc1ccc(S(=O)O)cc1,sour
Cc1cc(C)n(CC(=O)O)n1,sour
O=C(O)CCC(CCC(=O)O)([N+](=O)[O-])[N+](=O)[O-],sour
CNc1nc(=O)n(C)cc1C,sour
CN(C)c1ccn(C)c(=O)n1,sour
O=C(O)[C@H]1CC[C@H](Cl)CC1,sour
O=C(O)CCN(CC(=O)O)CC(=O)O,sour
CC(C(=O)O)N(CC(=O)O)CC(=O)O,sour
O=C(O)CCC(CCC(=O)O)[N+](=O)[O-],sour
O=C(O)CN(CC(=O)O)C(CO)C(=O)O,sour
CC1(CCCCC(=O)O)N=N1,sour
C=CCCCSCC(=O)O,sour
CC(SC(C)(C)C(=O)O)C(=O)O,sour
CCOC(=O)CSC(C)C(=O)O,sour
CCOC(=O)C(C)SCC(=O)O,sour
O=C(O)CCSCSCCC(=O)O,sour
S=C(S)NC1CCCCC1,sour
CCCCCSCC(=O)O,sour
NCCCCCCC(=O)O,sour
CCCN(CCC)C(=S)S,sour
CCCCCCNC(=S)S,sour
N#Cc1cc(Cl)c(O)c(Cl)c1,sour
N#Cc1c(O)cccc1Cl,sour
N#Cc1cc(Cl)ccc1O,sour
O=Cc1cc(Cl)cc([N+](=O)[O-])c1O,sour
O=Cc1cc([N+](=O)[O-])cc(Br)c1O,sour
O=Cc1cc(Br)cc([N+](=O)[O-])c1O,sour
S=c1[nH]c2ccccc2o1,sour
Cc1c(Cl)cc([N+](=O)[O-])c(O)c1[N+](=O)[O-],sour
O=Nc1c(O)cc(S(=O)(=O)O)c2cn[nH]c12,sour
O=Nc1cc(S(=O)(=O)O)c2cn[nH]c2c1O,sour
c1cc2ccsc2c[nH+]1,sour
NNC(=O)c1cccc(Cl)c1,sour
NNC(=O)c1ccc(Cl)cc1,sour
NS(=O)(=O)c1cccc(C(=O)O)c1,sour
NS(=O)(=O)c1ccc(C(=O)O)cc1,sour
O=[PH](O)Cc1ccc(Cl)cc1,sour
CCOC(=O)c1c[nH]c(=S)[nH]c1=O,sour
CCSc1nc(=O)c(C(=O)O)c[nH]1,sour
C[n+]1ccccc1C(=O)NO,sour
C[n+]1cccc(C(=O)NO)c1,sour
C[n+]1ccc(C(=O)NO)cc1,sour
O=S(=O)(O)CCc1ccccn1,sour
Cc1cccc(C(O)S(=O)(=O)O)n1,sour
C[N+](C)(C)CCCC(=O)O,sour
C[N+](C)(C)CC(O)CC(=O)O,sour
O=Cc1cccc(C(=O)O)c1,sour
O=Cc1ccc(C(=O)O)cc1,sour
O=C(O)c1cccccc1=O,sour
O=C(O)c1ccccc1C(=O)O,sour
O=C(O)c1cccc(C(=O)O)c1,sour
O=C(O)c1ccc(C(=O)O)cc1,sour
O=C(O)c1ccccc(O)c1=O,sour
O=C(O)c1ccc(O)c(=O)cc1,sour
O=C(O)c1cccc(O)c(=O)c1,sour
Cc1ccccc1C(=O)O,sour
Cc1cccc(C(=O)O)c1,sour
Cc1ccc(C(=O)O)cc1,sour
O=C(O)C(O)c1ccccc1,sour
Cc1cccc(C(=O)O)c1O,sour
Cc1ccc(C(=O)O)c(O)c1,sour
Cc1ccc(O)c(C(=O)O)c1,sour
Cc1cccc(O)c1C(=O)O,sour
COc1ccccc1C(=O)O,sour
COc1cccc(C(=O)O)c1,sour
O=C(O)Cc1ccc(O)c(O)c1,sour
O=C(O)COc1ccccc1O,sour
COc1ccc(C(=O)O)c(O)c1,sour
COc1ccc(O)c(C(=O)O)c1,sour
COc1ccc(C(=O)O)cc1O,sour
O=C(O)C1=C(C(=O)O)CC=CC1,sour
O=C(O)C1=CC=CCC1C(=O)O,sour
O=C(O)C1=CCC=CC1C(=O)O,sour
Cc1cc(=O)c(C(=O)O)c(C)o1,sour
CCOC(=O)c1cc(=O)c(O)co1,sour
CC1(C)C(=O)CC(=O)CC1=O,sour
O=C(O)C1=C(C(=O)O)CCCC1,sour
O=C(O)C1=CCCCC1C(=O)O,sour
O=C(O)[C@H]1CC=CC[C@H]1C(=O)O,sour
O=C(O)[C@@H]1CC=CC[C@H]1C(=O)O,sour
O=C(O)C1CC=CCC1C(=O)O,sour
COC(=O)C1=C(C(=O)O)CCC1,sour
O=C(O)C1C2CCC(O2)C1C(=O)O,sour
O=C(O)C12CCC(CC1)C2,sour
CC1(C)CC(=O)CC(=O)C1,sour
CC(C)(C)CC#CC(=O)O,sour
O=C(O)CCC1CCCC1=O,sour
O=C(O)CCCC1CCOC1=O,sour
CCC(C(=O)O)=C(CC)C(=O)O,sour
CC1(C)[C@@H](C(=O)O)C[C@H]1C(=O)O,sour
CC1(C)[C@@H](C(=O)O)C[C@@H]1C(=O)O,sour
O=C(O)[C@H]1CCCC[C@H]1C(=O)O,sour
O=C(O)[C@@H]1CCCC[C@H]1C(=O)O,sour
O=C(O)CCC(CCC(=O)O)C(=O)O,sour
O=C(O)C1(O)CCCCCC1,sour
CO[C@H]1CC[C@H](C(=O)O)CC1,sour
CC(C)(C(=O)O)C(C)(C)C(=O)O,sour
O=C(O)CCCCCCC(=O)O,sour
CC(C)C(CC(=O)O)CC(=O)O,sour
CCCC(CC(=O)O)CC(=O)O,sour
CCC(C(=O)O)(C(=O)O)C(C)C,sour
CC(C)(OC(C)(C)C(=O)O)C(=O)O,sour
Cc1c(F)c(F)c(C(=O)O)c(F)c1F,sour
N#Cc1ccc(O)c(=O)cc1,sour
N#Cc1ccccc(=O)c1O,sour
Cc1c(Br)cc(Br)c(O)c(=O)c1Br,sour
N#Cc1ccc(O)c(C(=O)O)c1,sour
N#Cc1ccc(C(=O)O)c(O)c1,sour
O=C(O)COc1ccc(Cl)c(Cl)c1Cl,sour
O=C(O)COc1cc(Cl)c(Cl)cc1Cl,sour
O=C(O)c1cccc(Br)c1C(=O)O,sour
O=C(O)c1ccc(Br)cc1C(=O)O,sour
CC(=O)c1cc(Cl)c(O)c(Cl)c1,sour
Cc1ccc(Br)c(O)c(=O)c1Br,sour
Cc1cc(Br)c(O)c(=O)c(Br)c1,sour
O=C(O)COc1ccc(Cl)cc1Cl,sour
O=C(O)COc1cc(Cl)ccc1Cl,sour
O=C(O)COc1c(Cl)cccc1Cl,sour
O=C(O)COc1ccc(Cl)c(Cl)c1,sour
O=C1CS(=O)(=O)c2ccccc21,sour
Cn1c(=O)[nH]c(=O)c2nc(C(=O)O)c(=O)[nH]c21,sour
CC(=O)c1cc([N+](=O)[O-])cc([N+](=O)[O-])c1O,sour
O=[N+]([O-])c1ccc(CC([N+](=O)[O-])[N+](=O)[O-])c([N+](=O)[O-])c1,sour
S=C1NNC(c2ccccc2)S1,sour
COc1cccc(O)c1C#N,sour
O=C(O)Cc1cccc(Cl)c1,sour
O=C(O)Cc1ccc(Cl)cc1,sour
Cc1ccc(=O)c(O)c(Br)c1,sour
Cc1ccc(Br)c(O)c(=O)c1,sour
Cc1cc(=O)c(O)ccc1Br,sour
O=C(O)Cc1cccc(F)c1,sour
O=C(O)Cc1ccc(F)cc1,sour
O=C(O)COc1ccccc1Cl,sour
O=C(O)COc1cccc(Cl)c1,sour
O=C(O)COc1ccc(Cl)cc1,sour
O=C(O)C(O)c1ccccc1Cl,sour
O=C(O)C(O)c1ccc(Cl)cc1,sour
COC(=O)c1ccc(O)c(Cl)c1,sour
O=C(O)COc1cccc(Br)c1,sour
O=C(O)C(O)c1ccccc1Br,sour
O=C(O)C(O)c1ccc(Br)cc1,sour
O=C(O)C(O)c1ccc(I)cc1,sour
O=C(O)C(O)c1ccccc1F,sour
O=C(O)C(O)c1ccc(F)cc1,sour
O=C(O)Cc1cccc([N+](=O)[O-])c1,sour
CC(=O)c1cccc([N+](=O)[O-])c1O,sour
CC(=O)c1ccc(O)c([N+](=O)[O-])c1,sour
COC(=O)c1ccnc(C(=O)O)c1,sour
COC(=O)c1ccc(C(=O)O)nc1,sour
COC(=O)c1cccc(C(=O)O)n1,sour
O=C(O)COc1cccc([N+](=O)[O-])c1,sour
O=C(O)COc1ccc([N+](=O)[O-])cc1,sour
COc1cc([N+](=O)[O-])cc(C=O)c1O,sour
COc1cc(C=O)cc([N+](=O)[O-])c1O,sour
COC(=O)c1ccc([N+](=O)[O-])c(O)c1,sour
COC(=O)c1ccc(O)c([N+](=O)[O-])c1,sour
COc1cc(C(=O)O)cc([N+](=O)[O-])c1O,sour
O=[N+]([O-])c1ccccc1CC([N+](=O)[O-])[N+](=O)[O-],sour
O=[N+]([O-])c1cccc(CC([N+](=O)[O-])[N+](=O)[O-])c1,sour
CCOC(=O)c1cc(=O)c(O)c([N+](=O)[O-])o1,sour
CC(=O)OCc1cc(=O)c(O)c([N+](=O)[O-])o1,sour
O=C(O)CSc1ccccc1,sour
COC(=O)c1ccc(S)cc1,sour
O=C(O)C[Se]c1ccccc1,sour
O=C(O)CC1NC(=O)Nc2nccnc21,sour
Cn1c(=O)c2[nH]c(=O)cnc2n(C)c1=O,sour
Cc1nc2c([nH]c1=O)c(=O)[nH]c(=O)n2C,sour
Cc1nc2[nH]c(=O)n(C)c(=O)c2[nH]c1=O,sour
Cc1nc2c(=O)n(C)c(=O)[nH]c2[nH]c1=O,sour
Cc1nc2c(=O)[nH]c(=O)[nH]c2n(C)c1=O,sour
CC(=O)c1ccc(CC(=O)O)s1,sour
O=C(O)CS(=O)c1ccccc1,sour
CC(=O)Nc1ccc([N+](=O)[O-])c(O)c1,sour
CC(=O)Nc1ccc(O)c([N+](=O)[O-])c1,sour
O=[N+]([O-])C(Cc1ccccc1)[N+](=O)[O-],sour
O=C(O)CC1Nc2c([nH]cnc2=O)NC1=O,sour
Cn1c(=O)[nH]c2c([nH]c(=O)c(=O)n2C)c1=O,sour
CCOC(=O)c1nc(C=O)c(N)[nH]c1=O,sour
S=C(S)NCc1ccccc1,sour
NNC(=O)Cc1ccccc1,sour
Cc1ccc(C(=O)NN)cc1,sour
CCc1c(C)nc2nc[nH]n2c1=O,sour
CCCc1cc(=O)n2[nH]cnc2n1,sour
NNC(=O)COc1ccccc1,sour
COc1ccc(C(=O)NN)cc1,sour
CC(C)c1csc(C(=O)O)c1,sour
N#CC1CCC(C(=O)O)CC1,sour
O=C(O)C12CCC(Br)(CC1)C2,sour
O=C1[C@H]2CCCC[C@H]2C(=O)N1O,sour
Cc1cc(O)[nH]c(=O)c1CCO,sour
O=c1cnn([C@@H]2O[C@H](CO)[C@@H](O)[C@H]2O)c(=O)[nH]1,sour
NCC(=O)N[C@@H](Cc1c[nH]cn1)C(=O)O,sour
CCNc1nc(=O)n(C)cc1C,sour
CC(C)(C(=O)O)N(CC(=O)O)CC(=O)O,sour
CC(CCC(=O)O)(CCC(=O)O)[N+](=O)[O-],sour
CCOC(=O)CSC(C)(C)C(=O)O,sour
CCOC(=O)C(C)SC(C)C(=O)O,sour
O=[N+]([O-])C(CN(C1CCCCC1)[N+](=O)[O-])[N+](=O)[O-],sour
CCN1CCCCC1C(=O)O,sour
CC(C)(C)NC(=O)CCC([N+](=O)[O-])[N+](=O)[O-],sour
CCCCCCSCC(=O)O,sour
CN(CCN(C)CC(=O)O)CC(=O)O,sour
CCCCCCCNC(=S)S,sour
CCCCCC(N)CNC(=S)S,sour
CCCCP(=O)(O)CCCC,sour
O=C1NC(=S)SC1=Cc1ccco1,sour
O=C(CC(=O)C(F)(F)F)c1cccs1,sour
O=C(CC(=O)C(F)(F)F)c1ccc[se]1,sour
S=c1[nH]nc(-c2ccccc2)o1,sour
O=C(CBr)c1ccc(O)c([N+](=O)[O-])c1,sour
O=C(O)CSc1ccccc1Cl,sour
O=C(O)CSc1cccc(Cl)c1,sour
O=C(O)CSc1ccc(Cl)cc1,sour
O=C(O)C[Se]c1ccccc1Cl,sour
O=C(O)C[Se]c1cccc(Cl)c1,sour
O=C(O)C[Se]c1ccc(Cl)cc1,sour
O=C(O)CSc1cccc(Br)c1,sour
O=C(O)CSc1ccc(Br)cc1,sour
O=C(O)C[Se]c1ccccc1Br,sour
O=C(O)C[Se]c1ccc(Br)cc1,sour
O=C(O)CSc1cccc(F)c1,sour
O=C(O)CSc1ccc(F)cc1,sour
O=C(O)CS(=O)c1cccc(Cl)c1,sour
O=C(O)CS(=O)c1ccc(Cl)cc1,sour
O=C(O)CS(=O)c1cccc(Br)c1,sour
O=C(O)CS(=O)c1ccc(Br)cc1,sour
O=C(O)CS(=O)c1cccc(F)c1,sour
O=C(O)CS(=O)c1ccc(F)cc1,sour
O=C(O)CSc1ccccc1[N+](=O)[O-],sour
O=C(O)CSc1cccc([N+](=O)[O-])c1,sour
O=C(O)CSc1ccc([N+](=O)[O-])cc1,sour
O=C(O)C[Se]c1ccccc1[N+](=O)[O-],sour
O=C(O)C[Se]c1cccc([N+](=O)[O-])c1,sour
O=C(O)C[Se]c1ccc([N+](=O)[O-])cc1,sour
O=C(O)CS(=O)(=O)c1cccc(Cl)c1,sour
O=C(O)CS(=O)(=O)c1ccc(Cl)cc1,sour
O=C(O)CS(=O)(=O)c1cccc(Br)c1,sour
O=C(O)CS(=O)(=O)c1ccc(Br)cc1,sour
O=C(O)CS(=O)(=O)c1cccc(F)c1,sour
O=C(O)CS(=O)(=O)c1ccc(F)cc1,sour
O=C(O)C[SH](=O)(O)c1cccc([N+](=O)[O-])c1,sour
O=C(O)C[SH](=O)(O)c1ccc([N+](=O)[O-])cc1,sour
O=C(O)CS(=O)(=O)c1cccc([N+](=O)[O-])c1,sour
O=C(O)CS(=O)(=O)c1ccc([N+](=O)[O-])cc1,sour
Cc1[nH+]ccc2sccc12,sour
Cc1[nH+]ccc2ccsc12,sour
Cc1nc2cnc(=S)[nH]c2n(C)c1=O,sour
CSc1nc2[nH]c(=O)cnc2c(=O)n1C,sour
CN(C=O)c1ccccc1S,sour
Nc1ccc(SCC(=O)O)cc1,sour
NNC(=O)COc1ccc(Cl)cc1,sour
O=P(O)(O)OCCOc1ccc(Cl)cc1,sour
O=P(O)(O)OCCCc1ccccn1,sour
O=C(O)CCNC(=S)C(=S)NCCC(=O)O,sour
CCCCP(O)(=S)CCCC,sour
CC[N+](CC)(CC)CC(=O)NBr,sour
O=S(=O)(O)CCCNCCNCCCS(=O)(=O)O,sour
F[B-](F)(F)F.N#[N+]c1ccc(CC(=O)O)cc1,sour
O=C(O)C#Cc1ccccc1,sour
O=C(O)c1cccc(C(=O)O)c1C(=O)O,sour
O=C(O)c1ccc(C(=O)O)c(C(=O)O)c1,sour
O=C(O)c1cccc(O)c(=O)c1C(=O)O,sour
O=C(O)c1cc(C(=O)O)c(O)c(C(=O)O)c1,sour
O=C(O)/C=C\c1ccccc1,sour
O=C(O)/C=C/c1ccccc1,sour
CC(=O)c1ccccc1C(=O)O,sour
CC(=O)c1cccc(C(=O)O)c1,sour
CC(=O)c1ccc(C(=O)O)cc1,sour
O=C(O)/C=C/c1ccc(O)cc1,sour
O=C(O)Cc1ccccc(O)c1=O,sour
Cc1ccc(C(=O)O)c(C(=O)O)c1,sour
CC(=O)Oc1ccc(C(=O)O)cc1,sour
Cc1cccc(=O)c(O)c1C(=O)O,sour
Cc1cccc(O)c(=O)c1C(=O)O,sour
O=C(O)C(C(=O)O)c1ccccc1,sour
O=C(O)/C=C\c1ccc(O)cc1O,sour
O=C(O)/C=C\c1cc(O)ccc1O,sour
O=C(O)COc1ccccc1C(=O)O,sour
COc1ccc(C(=O)O)c(C(=O)O)c1,sour
Cc1ccc(CC(=O)O)cc1,sour
Cc1cccc(C(=O)O)c1C,sour
Cc1ccc(C(=O)O)c(C)c1,sour
Cc1ccc(C)c(C(=O)O)c1,sour
Cc1cccc(C)c1C(=O)O,sour
Cc1ccc(C(=O)O)cc1C,sour
Cc1cc(C)cc(C(=O)O)c1,sour
CC(C(=O)O)c1ccccc1,sour
COc1ccc(CC(=O)O)cc1,sour
Cc1ccc(C)c(C(=O)O)c1O,sour
COc1ccc(C)cc1C(=O)O,sour
O=C(O)CCc1ccccc1O,sour
O=C(O)CCOc1ccccc1,sour
COc1ccccc1C(O)C(=O)O,sour
COc1ccc(C(O)C(=O)O)cc1,sour
COc1cc(CC(=O)O)ccc1O,sour
CCOc1ccc(C(=O)O)c(O)c1,sour
COc1cccc(C(=O)O)c1OC,sour
COc1ccc(C(=O)O)c(OC)c1,sour
COc1cccc(OC)c1C(=O)O,sour
COc1cc(OC)cc(C(=O)O)c1,sour
O=C(O)C1C2C=CC(C2)C1C(=O)O,sour
O=C(O)CCc1ccc(O)c(O)c1,sour
O=C(O)C12CCC(C(=O)O)(CC1)C2,sour
O=C(O)C1C2CCC(C2)C1C(=O)O,sour
O=C(O)C12CCC(CC1)CC2,sour
O=C(O)CCCC1CCCC1=O,sour
CC(=O)C1CC(C(=O)O)C1(C)C,sour
O=C(O)[C@H]1CCCCC[C@H]1C(=O)O,sour
O=C(O)[C@@H]1CCCCC[C@H]1C(=O)O,sour
COC(=O)[C@H]1CC[C@H](C(=O)O)CC1,sour
CC[C@@]1(C(=O)O)C[C@]1(CC)C(=O)O,sour
CC[C@@]1(C(=O)O)C[C@@]1(CC)C(=O)O,sour
CCOC(=O)C(CC)(CC)C(=O)O,sour
COC(=O)C(C)(C)C(C)(C)C(=O)O,sour
CCC(CC)(CC(=O)O)CC(=O)O,sour
CC(C)C(C)(CC(=O)O)CC(=O)O,sour
CCCCC(CC)(C(=O)O)C(=O)O,sour
CC(C)C(C(=O)O)(C(=O)O)C(C)C,sour
CCCC(CCC)(C(=O)O)C(=O)O,sour
O=C(O)c1cnc2ccccc2n1,sour
O=C(O)c1cccc2nccnc12,sour
O=C(O)c1ccc2nccnc2c1,sour
O=C(O)c1nc2ccccc2nc1O,sour
O=C(O)c1c[nH]c2ccccc12,sour
O=c1cc(-c2ccccc2)[nH]o1,sour
O=C(O)c1cn(-c2ccccc2)nn1,sour
O=C(O)C=C(Cl)c1ccccc1,sour
O=C(O)/C=C/c1ccccc1Br,sour
O=C(O)/C=C/c1ccccc1F,sour
N#Cc1ccc(OCC(=O)O)cc1,sour
O=C(O)/C=C\c1cc(Br)ccc1O,sour
O=C(O)c1cccc(C=C[N+](=O)[O-])c1,sour
O=C(O)c1ccc(C=C[N+](=O)[O-])cc1,sour
O=C1CCc2c([N+](=O)[O-])ccc(O)c21,sour
O=C1CCc2ccc([N+](=O)[O-])c(O)c21,sour
N#Cc1cccc(CC([N+](=O)[O-])[N+](=O)[O-])c1,sour
O=C(O)/C=C\c1cc([N+](=O)[O-])ccc1O,sour
O=C1CC=NN1c1ccccc1,sour
CCOC(=O)c1nc2cnc[nH]c-2nc1=O,sour
CC(Oc1ccc(Cl)cc1Cl)C(=O)O,sour
O=C(O)CCOc1ccc(Cl)cc1Cl,sour
O=C(O)CSc1ccccc1C(=O)O,sour
O=C(O)CSc1cccc(C(=O)O)c1,sour
O=C(O)CSc1ccc(C(=O)O)cc1,sour
Cn1c(=O)c2nc(C(=O)O)c(=O)[nH]c2n(C)c1=O,sour
O=C(O)CCc1ccc(Cl)cc1,sour
O=C(O)CCc1ccccc1Br,sour
O=C(O)CCc1ccccc1F,sour
O=C1C2C3C=CC(C3)C2C(=O)N1O,sour
CC(=O)Nc1cccc(C(=O)O)c1,sour
Nc1ccc(O)c(/C=C\C(=O)O)c1,sour
Cc1cc(Cl)ccc1OCC(=O)O,sour
O=C(O)CNC(=O)c1ccccc1O,sour
O=C(O)CCc1cccc([N+](=O)[O-])c1,sour
O=C(O)CCc1ccc([N+](=O)[O-])cc1,sour
Cc1cc([N+](=O)[O-])c(C)c(C(=O)O)c1O,sour
CCOC(=O)c1ccc([N+](=O)[O-])c(O)c1,sour
CCOC(=O)c1ccc(O)c([N+](=O)[O-])c1,sour
O=C(O)CSCc1ccccc1,sour
Cc1ccccc1SCC(=O)O,sour
Cc1cccc(SCC(=O)O)c1,sour
Cc1ccc(SCC(=O)O)cc1,sour
CSc1ccccc1SCC(=O)O,sour
CSc1cccc(SCC(=O)O)c1,sour
CSc1ccc(SCC(=O)O)cc1,sour
Cc1ccccc1[Se]CC(=O)O,sour
Cc1cccc([Se]CC(=O)O)c1,sour
Cc1ccc([Se]CC(=O)O)cc1,sour
O=C(O)c1nc(O)nc2c1CCCC2,sour
Cc1nc2c([nH]c1=O)c(=O)n(C)c(=O)n2C,sour
Cc1nc2c(=O)n(C)c(=O)n(C)c2[nH]c1=O,sour
Cc1nc2c(=O)n(C)c(=O)[nH]c2n(C)c1=O,sour
COc1ccccc1SCC(=O)O,sour
COc1cccc(SCC(=O)O)c1,sour
COc1ccc(SCC(=O)O)cc1,sour
Cc1cccc(S(=O)CC(=O)O)c1,sour
Cc1ccc(S(=O)CC(=O)O)cc1,sour
COc1ccccc1[Se]CC(=O)O,sour
COc1cccc([Se]CC(=O)O)c1,sour
COc1ccc([Se]CC(=O)O)cc1,sour
Cc1nc2c(=O)[nH]c(=O)[nH]c2n(CCO)c1=O,sour
COc1ccc(S(=O)CC(=O)O)cc1,sour
Cc1cccc(S(=O)(=O)CC(=O)O)c1,sour
Cc1ccc(S(=O)(=O)CC(=O)O)cc1,sour
O=[N+]([O-])C(COCc1ccccc1)[N+](=O)[O-],sour
CC(C)c1cc([N+](=O)[O-])cc([N+](=O)[O-])c1O,sour
CS(=O)(=O)c1ccc(OCC(=O)O)cc1,sour
COc1cccc(S(=O)(=O)CC(=O)O)c1,sour
COc1ccc(S(=O)(=O)CC(=O)O)cc1,sour
NCc1cccc(CC(=O)O)c1,sour
NCc1ccc(CC(=O)O)cc1,sour
N#CC12CCC(C(=O)O)(CC1)C2,sour
Nc1nc2c(c(C(=O)O)n1)CCCC2,sour
C[S+](C)c1cccc(C(=O)O)c1,sour
C[S+](C)c1ccc(C(=O)O)cc1,sour
COP(=O)(OC)c1cccc(C(=O)O)c1,sour
COP(=O)(OC)c1ccc(C(=O)O)cc1,sour
CN1C(=O)NC(=O)C(N(CC(=O)O)CC(=O)O)C1=O,sour
O=S(O)CCCc1ccccc1,sour
O=C(O)C12CCC(Br)(CC1)CC2,sour
Nc1ccn([C@@H]2O[C@H](CO)[C@@H](O)[C@H]2O)c(=O)n1,sour
O=C(O)CN1C(C(=O)O)CCCC1C(=O)O,sour
O=C(O)CCC(C(=O)O)N(CC(=O)O)CC(=O)O,sour
CC(C)C(C#N)(C(=O)O)C(C)C,sour
O=C(O)CCN(CCC(=O)O)CCC(=O)O,sour
O=C(O)CCP(CCC(=O)O)CCC(=O)O,sour
CCCCC(CC)CNC(=S)S,sour
O=c1o[nH]c(-c2ccccc2)c1Br,sour
N#Cc1ccc(SCC(=O)O)cc1,sour
O=C(O)CSc1cccc(C(F)(F)F)c1,sour
O=P(O)(O)Oc1cccc2cccnc12,sour
Cc1nc(SCC(=O)O)nc2c1ncn2C,sour
CSc1ccccc1[Se]CC(=O)O,sour
CSc1ccc([Se]CC(=O)O)cc1,sour
Cc1cc2c(C)[nH+]ccc2s1,sour
Cc1cc2sccc2c(C)[nH+]1,sour
CC(=O)N(C)c1ccccc1S,sour
CCCCn1c(=S)[nH]c2c[nH]c(=O)nc21,sour
C[N+](C)(C)c1ccc(O)c(Cl)c1,sour
C[N+](C)(C)c1ccc(O)c([N+](=O)[O-])c1,sour
CC(=O)OC(CC(=O)O)C[N+](C)(C)C,sour
CC[N+](C)(CC)CC(=NO)C(C)=O,sour
C[N+](C)(C)CCN(CC(=O)O)CC(=O)O,sour
O=C1C=C(O)C(=O)c2ccccc21,sour
O=C(O)C=C=Cc1ccccc1,sour
O=C(O)CC#Cc1ccccc1,sour
O=C1CC(c2ccccc2)=C1O,sour
CC1C(=O)c2ccccc2C1=O,sour
Oc1cccc2cccc(O)c12,sour
O=C(O)Cc1cccc(O)c(=O)c1C(=O)O,sour
C=CCc1cccc(C(=O)O)c1,sour
C=CCc1ccc(C(=O)O)cc1,sour
O=C(O)c1ccccc1C1CC1,sour
O=C(O)c1ccc(C2CC2)cc1,sour
C=C(C)c1ccc(C(=O)O)cc1,sour
O=C(O)[C@@H]1C[C@H]1c1ccccc1,sour
Cc1ccc(O)c(C=CC(=O)O)c1,sour
CC(=O)c1ccc(OCC(=O)O)cc1,sour
COC(=O)C1=C(C(=O)O)C2C=CC1C2,sour
O=C(O)C(Cc1ccccc1)C(=O)O,sour
COc1cc(/C=C/C(=O)O)ccc1O,sour
CCOc1ccc(C(=O)O)c(C(=O)O)c1,sour
COc1ccc(C=O)c(C(=O)O)c1OC,sour
O=C(O)COC(C(=O)O)c1ccccc1,sour
O=C(O)COc1ccccc1OCC(=O)O,sour
CC(C)c1ccc(C(=O)O)cc1,sour
Cc1ccc(C(=O)O)c(C)c1C,sour
Cc1cc(C)c(C)c(C(=O)O)c1,sour
Cc1ccc(C)c(C(=O)O)c1C,sour
Cc1cc(C)c(C(=O)O)cc1C,sour
Cc1cc(C)c(C(=O)O)c(C)c1,sour
Cc1cc(C(=O)O)cc(C)c1C,sour
CC(CC(=O)O)c1ccccc1,sour
CC(C)c1cccc(=O)c(O)c1,sour
CC(C)c1ccc(O)c(=O)cc1,sour
Cc1ccc(CCC(=O)O)cc1,sour
Cc1ccc(OCC(=O)O)c(C)c1,sour
Cc1cc(C)cc(OCC(=O)O)c1,sour
Cc1ccc(C)c(C(O)C(=O)O)c1,sour
CCc1ccc(C(O)C(=O)O)cc1,sour
CC(C)c1cccc(C(=O)O)c1O,sour
COc1ccc(CCC(=O)O)cc1,sour
COC(=O)C1=C(C(=O)O)C2CCC1C2,sour
O=C(O)C1CC2C=CC1(C(=O)O)CC2,sour
CCC(=O)c1c(O)oc(CC)cc1=O,sour
COc1cc(C(=O)O)cc(OC)c1OC,sour
COC(=O)C12CCC(C(=O)O)(CC1)C2,sour
O=C(O)C12CCC(C(=O)O)(CC1)CC2,sour
O=C(O)C1C2CCC(CC2)C1C(=O)O,sour
CC(=O)C1CC(CC(=O)O)C1(C)C,sour
CC1(C)C(CC(=O)O)CC1CC(=O)O,sour
O=C(O)[C@H]1CCCCCC[C@H]1C(=O)O,sour
O=C(O)[C@@H]1CCCCCC[C@H]1C(=O)O,sour
CC1(C)[C@H](C(=O)O)CC[C@]1(C)C(=O)O,sour
CC(O)C1CC(CC(=O)O)C1(C)C,sour
CCOC(=O)C(CC)(C(=O)O)C(C)C,sour
O=C(O)CCCCCCCCC(=O)O,sour
CC(C)(C)C(C)(CC(=O)O)CC(=O)O,sour
CCC(CC)C(CC)(C(=O)O)C(=O)O,sour
CCC(C)(OC(C)(CC)C(=O)O)C(=O)O,sour
O=Nc1c(O)c(N=O)c2ccccc2c1O,sour
O=C(CC(=O)C(F)(F)F)c1ccccc1,sour
O=[N+]([O-])c1ccc2ccccc2c1O,sour
O=[N+]([O-])c1ccc(O)c2ccccc12,sour
O=[N+]([O-])c1c(O)ccc2ccccc12,sour
N#Cc1ccc(O)c(C=CC(=O)O)c1,sour
Cc1cc(=O)oc2cc(O)c(Cl)cc12,sour
O=C(O)c1nnn(-c2ccccc2)c1C(=O)O,sour
O=C1c2ccccc2C(=O)N1CC([N+](=O)[O-])[N+](=O)[O-],sour
O=C(O)c1ccn(-c2ccccc2)n1,sour
O=C(O)c1ccnn1-c1ccccc1,sour
O=C1CCCc2c([N+](=O)[O-])cc([N+](=O)[O-])c(O)c21,sour
Cc1c(-c2ccccc2)[nH]oc1=O,sour
CC1=NOC(=O)C1=NNc1ccccc1,sour
Cc1c(C(=O)O)nnn1-c1ccccc1,sour
O=C(O)[C@@H]1C[C@H]1c1cccc(Cl)c1,sour
O=C(O)[C@@H]1C[C@H]1c1ccc(Cl)cc1,sour
O=C(O)[C@@H]1C[C@H]1c1cccc([N+](=O)[O-])c1,sour
O=C(O)[C@@H]1C[C@H]1c1ccc([N+](=O)[O-])cc1,sour
NC(=O)c1ccc(O)c(/C=C\C(=O)O)c1,sour
O=C(O)CC(C(=O)O)c1ccc([N+](=O)[O-])cc1,sour
CCOC(=O)c1nc2c(C)nc[nH]c-2nc1=O,sour
O=C(O)CSC(C(=O)O)c1ccccc1,sour
O=C(CCC([N+](=O)[O-])[N+](=O)[O-])c1ccccc1,sour
Cn1c(=O)c2nc(C(=O)O)c(=O)n(C)c2n(C)c1=O,sour
COc1nc2c(nc1C(=O)O)c(=O)n(C)c(=O)n2C,sour
O=C(O)C[As](CC(=O)O)c1ccccc1,sour
O=C(O)CN(CC(=O)O)c1ccccc1O,sour
CCOc1ccccc1[Se]CC(=O)O,sour
CCOc1ccc([Se]CC(=O)O)cc1,sour
Cc1c([N+](=O)[O-])cc(C(C)C)c(O)c1[N+](=O)[O-],sour
[O-][n+]1cnc2c(ncn2[C@@H]2O[C@H](CO)[C@@H](O)[C@H]2O)c1O,sour
N#CC12CCC(C(=O)O)(CC1)CC2,sour
NCc1ccccc1CCC(=O)O,sour
NCc1ccc(CCC(=O)O)cc1,sour
O=S(O)CCCCc1ccccc1,sour
C[Si](C)(C)c1cccc(C(=O)O)c1,sour
C[Si](C)(C)c1ccc(C(=O)O)cc1,sour
O=C(O)CSC(SCC(=O)O)C(SCC(=O)O)SCC(=O)O,sour
CC(C)(O)CCNc1ncnc2nc[nH]c12,sour
Nc1c(C(=O)O)ncn1C1CCCCC1,sour
CNc1ccn([C@@H]2O[C@H](CO)[C@@H](O)[C@H]2O)c(=O)n1,sour
O=C(O)CN(CC(=O)O)C1(C(=O)O)CCCC1,sour
O=C(O)CN(CCN(CC(=O)O)CC(=O)O)CC(=O)O,sour
CN(C)C12CCC(C(=O)O)(CC1)C2,sour
O=C(O)CN(CC(=O)O)C1CCCCC1,sour
O=C(O)CN(CC(=O)O)C1CCCCC1O,sour
CC[N+]1(CC)CCCCC1C(=O)O,sour
CCCCCCCCCC([N+](=O)[O-])[N+](=O)[O-],sour
CCCCOP(=O)(CC(=O)O)OCCCC,sour
CC1=NOC(=O)C1=NNc1ccccc1Cl,sour
CC1=NOC(=O)C1=NNc1cccc(Cl)c1,sour
CC1=NOC(=O)C1=NNc1ccc(Cl)cc1,sour
Cc1cc2sc(C)cc2c(C)[nH+]1,sour
O=C(O)c1ccc2cccccc1-2,sour
O=Cc1ccc(O)c2ccccc12,sour
O=C(O)c1ccc2ccccc2c1,sour
O=C(O)c1cc(O)cc2ccccc12,sour
O=C(O)c1cc2ccccc2cc1O,sour
O=C(O)c1cc(O)c2ccccc2c1,sour
CC(=O)c1c(O)c2ccccc2oc1=O,sour
COc1ccc(-c2c(O)c(=O)c2=O)cc1,sour
O=C(O)[C@@H]1C[C@@]1(C(=O)O)c1ccccc1,sour
O=C(O)[C@@H]1C[C@]1(C(=O)O)c1ccccc1,sour
O=C(O)c1ccc(C2CCC2)cc1,sour
Cc1ccc(C2CC2C(=O)O)cc1,sour
CCCC(=O)c1ccccc1C(=O)O,sour
COc1ccc(C2CC2C(=O)O)cc1,sour
Cc1ccc(C)c(C=CC(=O)O)c1O,sour
Cc1cc(C)c(C=CC(=O)O)c(O)c1,sour
CC(CC(=O)O)(C(=O)O)c1ccccc1,sour
O=C(O)CC(CC(=O)O)c1ccccc1,sour
COc1cccc(/C=C/C(=O)O)c1OC,sour
COc1ccc(/C=C/C(=O)O)c(OC)c1,sour
COc1ccc(/C=C/C(=O)O)cc1OC,sour
COc1cc(/C=C/C(=O)O)cc(OC)c1,sour
CCOC(=O)c1cc(=O)c(O)c(C(=O)OCC)o1,sour
CC(C)(C)c1cccc(C(=O)O)c1,sour
CC(C)(C)c1ccc(C(=O)O)cc1,sour
Cc1cc(C)c(C)c(C(=O)O)c1C,sour
CC(CCC(=O)O)c1ccccc1,sour
O=C(O)CCCCc1ccccc1,sour
CC(C)c1ccc(C(O)C(=O)O)cc1,sour
CC(C)C(CC(=O)O)(CC(=O)O)C(C)C,sour
CCCC(CCC)(CC(=O)O)CC(=O)O,sour
CCCCC(CCCC)(C(=O)O)C(=O)O,sour
O=C(O)c1ccc(Cl)c2ccccc12,sour
O=C(O)c1ccc(Br)c2ccccc12,sour
O=C(O)c1ccc(F)c2ccccc12,sour
O=C(O)c1cc([N+](=O)[O-])cc2ccccc12,sour
O=C(O)c1ccc([N+](=O)[O-])c2ccccc12,sour
Nc1nc2[nH]nc(-c3ccccc3)nc-2c(=O)n1,sour
O=c1nc(Cc2ccccc2)[nH]c(O)c1[N+](=O)[O-],sour
O=c1cc(O)[nH]c(Cc2ccccc2)n1,sour
CC(=O)Nc1ccc(O)c(/C=C\C(=O)O)c1,sour
CC(CC(=O)O)(C(=O)O)c1ccc([N+](=O)[O-])cc1,sour
COC(=O)CC(C(=O)O)c1ccc([N+](=O)[O-])cc1,sour
COC(=O)C(CC(=O)O)c1ccc([N+](=O)[O-])cc1,sour
CC1(CC(C(=O)O)c2ccccc2)N=N1,sour
CC(SC(C(=O)O)c1ccccc1)C(=O)O,sour
O=C(O)CSC(SCC(=O)O)c1ccccc1,sour
O=C(O)CN(CC(=O)O)Cc1cc([N+](=O)[O-])ccc1O,sour
CCOC(=O)CNc1cccc(C(=O)O)c1,sour
O=C(O)CC(NCc1ccccc1)C(=O)O,sour
COc1ccccc1N(CC(=O)O)CC(=O)O,sour
CNc1ncnc2c1ncn2[C@@H]1O[C@H](CO)[C@@H](O)[C@H]1O,sour
COC(=O)c1cc(O)c(O)c(O)c1CN(C)C,sour
CCOP(=O)(OCC)c1cccc(C(=O)O)c1,sour
CCOP(=O)(OCC)c1ccc(C(=O)O)cc1,sour
CN(C)c1ccn([C@@H]2O[C@H](CO)[C@@H](O)[C@H]2O)c(=O)n1,sour
O=C(O)CN(CC(=O)O)C1(C(=O)O)CCCCC1,sour
CN(C)C12CCC(C(=O)O)(CC1)CC2,sour
CCCCP(=O)(CCCC)C(C)(O)C(=O)O,sour
C[N+](C)(C)c1cccc(CC(=O)O)c1,sour
C[N+](C)(C)c1ccc(CC(=O)O)cc1,sour
CCCC(=O)OC(CC(=O)O)C[N+](C)(C)C,sour
O=C(O)Cc1cccc2ccccc12,sour
O=C(O)Cc1ccc2ccccc2c1,sour
Cc1ccc2ccccc2c1C(=O)O,sour
Cc1cc(C(=O)O)c2ccccc2c1,sour
COc1ccc(C(=O)O)c2ccccc12,sour
COc1cc2ccccc2cc1C(=O)O,sour
C[C@@]1(C(=O)O)C[C@@]1(C(=O)O)c1ccccc1,sour
C[C@@]1(C(=O)O)C[C@]1(C(=O)O)c1ccccc1,sour
CC(=CC(=O)O)c1cc(C)cc(C)c1O,sour
CC(CC(=O)O)(Cc1ccccc1)C(=O)O,sour
CCC(CC(=O)O)(C(=O)O)c1ccccc1,sour
COC(=O)C(C)(CC(=O)O)c1ccccc1,sour
COC(=O)CC(C)(C(=O)O)c1ccccc1,sour
CC(CC(=O)O)(CC(=O)O)c1ccccc1,sour
CC(CCCC(=O)O)c1ccccc1,sour
CCCCc1ccc(C(O)C(=O)O)cc1,sour
CCCC(=O)c1c(O)oc(CCC)cc1=O,sour
O=C(O)C1(OC2(C(=O)O)CCCC2)CCCC1,sour
CC(C)(C)C1CCC(C(=O)O)C(C(=O)O)C1,sour
CC(C)(C)C(C(=O)O)C(C(=O)O)C(C)(C)C,sour
CCC(CC)(C(=O)O)C(CC)(CC)C(=O)O,sour
O=c1cnc2c(=O)[nH]c(=O)n(-c3ccccc3)c2[nH]1,sour
O=C(O)c1cc(=O)cc(-c2ccccc2)s1,sour
O=C(O)C(=O)C=S1SCC=C1c1ccccc1,sour
O=[N+]([O-])c1cc(-c2ccccc2)c(O)c([N+](=O)[O-])c1,sour
O=[N+]([O-])c1ccc(-c2ccccc2)cc1O,sour
O=[N+]([O-])c1cc(-c2ccccc2)ccc1O,sour
O=c1[nH]c(=O)c2ncn(Cc3ccccc3)c2[nH]1,sour
Cc1[nH]c(=O)n(Cc2ccccc2)c(=O)c1[N+](=O)[O-],sour
O=C(O)CN(CC(=O)O)c1cc(C(=O)O)c(O)cc1C(=O)O,sour
CC(=O)Nc1ccc([C@@H]2C[C@H]2C(=O)O)cc1,sour
O=C(O)CCC(NC(=O)c1ccccc1)C(=O)O,sour
O=C(O)CN(CC(=O)O)C(C(=O)O)c1ccccc1,sour
CCC(CC(=O)O)(C(=O)O)c1ccc([N+](=O)[O-])cc1,sour
COC(=O)C(C)(CC(=O)O)c1ccc([N+](=O)[O-])cc1,sour
COC(=O)CC(C)(C(=O)O)c1ccc([N+](=O)[O-])cc1,sour
CC(CC(=O)O)(Cc1ccc([N+](=O)[O-])cc1)C(=O)O,sour
CC(C)(C)c1ccc(SCC(=O)O)cc1,sour
CC(C)(C)c1ccc(S(=O)CC(=O)O)cc1,sour
CC(C)(C)c1ccc(S(=O)(=O)CC(=O)O)cc1,sour
CN(C)c1ncnc2c1ncn2[C@@H]1O[C@H](CO)[C@@H](O)[C@H]1O,sour
CC(=O)NCC(=O)NC(Cc1c[nH]cn1)C(=O)NCC(=O)O,sour
CCCCN(CCN(CC(=O)O)CC(=O)O)CC(=O)O,sour
O=C1C=CC(=Nc2c(Cl)cc(O)cc2Cl)C=C1,sour
O=[N+]([O-])c1cccc(NS(=O)(=O)c2ccccc2)c1,sour
O=[N+]([O-])c1ccc(NS(=O)(=O)c2ccccc2)cc1,sour
O=C(O)CC[As](CCC(=O)O)c1ccc(Cl)cc1,sour
C[N+](C)(C)c1ccc(O)c(/C=C\C(=O)O)c1.[O-][Cl+3]([O-])([O-])[O-],sour
C[N+](C)(C)c1cccc(CCC(=O)O)c1,sour
C[N+](C)(C)c1ccc(CCC(=O)O)cc1,sour
CN(C)Cc1cc(Cl)cc(CN(C)C)c1O,sour
CN(C)Cc1cc(F)cc(CN(C)C)c1O,sour
Cc1cc2ccccc2c(C(=O)O)c1C,sour
COC(=O)CC(C)(Cc1ccccc1)C(=O)O,sour
CCC(CC(=O)OC)(C(=O)O)c1ccccc1,sour
CCC(CC(=O)O)(CC(=O)O)c1ccccc1,sour
CCC(CC(=O)O)(C(=O)OC)c1ccccc1,sour
O=C(O)CCCCCCc1ccccc1,sour
COC(=O)C(C(C(=O)O)C(C)(C)C)C(C)(C)C,sour
CCC(CC)(C(=O)O)C(CC)(CC)C(=O)OC,sour
Cn1c(=O)c2ncc(=O)[nH]c2n(-c2ccccc2)c1=O,sour
O=C(O)c1ccccc1N=Nc1ccc(O)c(O)c1,sour
O=C(O)c1ccccc1Nc1ccccc1,sour
Nc1ccc(NC(=O)c2ccc([N+](=O)[O-])cc2)cc1,sour
Nc1ccc(NC(=O)c2ccccc2)cc1,sour
O=[As](O)(Cc1ccccc1)c1ccccc1,sour
NC(C(=O)CCC(=O)O)C(=O)OCc1ccccc1,sour
CC(C(=O)O)(c1ccccc1)N(CC(=O)O)CC(=O)O,sour
CCN(CC(=O)O)C(C(=O)O)c1ccc(C)cc1,sour
CCC(CC(=O)OC)(Cc1ccc([N+](=O)[O-])cc1)C(=O)O,sour
COC(=O)CC(C)(Cc1ccc([N+](=O)[O-])cc1)C(=O)O,sour
COC(=O)C(C)(CC(=O)O)Cc1ccc([N+](=O)[O-])cc1,sour
CCC(CC(=O)O)(C(=O)OC)c1ccc([N+](=O)[O-])cc1,sour
NC(=O)NCCCC(NC(=O)c1ccccc1)C(=O)O,sour
N=C(N)NCCC[C@H](NC(=O)c1ccccc1)C(=O)O,sour
Cc1cc(CN(C)C)c(O)c(CN(C)C)c1,sour
COc1cc(CN(C)C)c(O)c(CN(C)C)c1,sour
O=C(O)c1cc(N=Nc2ccc(S(=O)(=O)O)cc2)ccc1O,sour
Nc1ccc(NC(=O)c2ccc(Cl)cc2)cc1,sour
O=C1c2ccc(O)cc2C(=O)c2ccc(O)cc21,sour
CC1=CC(=O)C(C2=C(O)C(=O)C(C)=CC2=O)=C(O)C1=O,sour
CC1=C(C2C(=O)C=C(O)C(=O)C2C)C(=O)C=C(O)C1=O,sour
CC1=C(c2c(C)cc(O)cc2O)C(=O)C=C(O)C1=O,sour
CCCC(CC(=O)O)(CC(=O)O)c1ccccc1,sour
O=[N+]([O-])C(C(c1ccccc1)c1ccccc1)[N+](=O)[O-],sour
O=C(O)CP(=O)(c1ccccc1)c1ccccc1,sour
NNC(=O)C(c1ccccc1)c1ccccc1,sour
Cc1ccc(C(=O)Nc2ccc(N)cc2)cc1,sour
COc1ccc(C(=O)Nc2ccc(N)cc2)cc1,sour
NC(=O)C(Cc1cn(-c2ccccc2)c(=O)[nH]c1=O)C(N)=O,sour
CC1(C)CC(=O)C(C2NC=Nc3nccnc32)C(=O)C1,sour
O=C(O)CN(CC(=O)O)c1ccc(N(CC(=O)O)CC(=O)O)cc1,sour
CC(C)(C)c1cc([N+](=O)[O-])cc(C(C)(C)C)c1O,sour
CC(=O)c1ccc(NS(=O)(=O)c2ccccc2)cc1,sour
CC(=O)N(c1cc(C)ccc1C)[NH+]1CC[NH2+]CC1,sour
CC(=O)N(c1c(C)cccc1C)[NH+]1CC[NH2+]CC1,sour
CCCC[P+](CCCC)(CCCC)CC(=O)O,sour
COC1=C(C2C(=O)C=C(C)C(=O)C2O)C(=O)C=C(C)C1=O,sour
O=C1c2ccccc2C(=O)C1c1ccc(Br)cc1,sour
CC(=O)NC(C(=O)CCC(=O)O)C(=O)OCc1ccccc1,sour
CC1=Nc2nccnc2C(C2C(=O)CC(C)(C)CC2=O)N1,sour
O=C(O)CN(CCN(CC(=O)O)Cc1ccccc1)CC(=O)O,sour
CC(C)=CCNc1ncnc2c1ncn2[C@@H]1O[C@H](CO)[C@@H](O)[C@H]1O,sour
C(=Cc1[nH+]ccc2ccsc12)c1ccccc1,sour
CC(=O)N(c1c(C)cccc1C)[NH+]1CC[NH+](C)CC1,sour
CCCCCCCC(=O)OC(CC(=O)O)C[N+](C)(C)C,sour
O=C(O)C(O)C(C(=O)O)(c1ccccc1)c1ccccc1,sour
O=C(/C=C/c1ccc(O)c(O)c1)O[C@@H]1C[C@](O)(C(=O)O)C[C@@H](O)[C@H]1O,sour
O=C1NC(=O)C(c2ccccc2)(c2ccccc2)C1=O,sour
O=C(O)C(SC(C(=O)O)c1ccccc1)c1ccccc1,sour
Cc1ccccc1C(c1ccccc1C)C([N+](=O)[O-])[N+](=O)[O-],sour
CN(C)Cc1cc(C(C)(C)C)cc(CN(C)C)c1O,sour
CCCCCCCCN(CCN(CC(=O)O)CC(=O)O)CC(=O)O,sour
CCCCC(CC)COP(=O)(O)OCC(CC)CCCC,sour
O=P(O)(O)C(NCCNC(c1ccccc1O)P(=O)(O)O)c1ccccc1O,sour
O=C(c1ccc(C(=O)O)c(C(=O)O)c1)c1ccc(C(=O)O)c(C(=O)O)c1,sour
Cc1cc(=O)oc2c(C(=O)c3ccccc3)c(O)ccc12,sour
O=C(O)C1C(C(=O)O)C12c1ccccc1-c1ccccc12,sour
O=C(O)C1C(C(=O)O)C1(c1ccccc1)c1ccccc1,sour
O=C(O)CC(CC(=O)O)(c1ccccc1)c1ccccc1,sour
Cc1cccc2c1[C@H](C(=O)O)[C@@]13CC(=O)[C@@](C)(CC[C@H]21)C3,sour
CC1=NN(c2ccccc2)C(=O)C1C(=O)c1ccccc1,sour
CCN(CC)C(=O)C1CCC[NH+](Cc2cccc([N+](=O)[O-])c2)C1,sour
CCN(CC)C(=O)C1CCC[NH+](Cc2ccc([N+](=O)[O-])cc2)C1,sour
CCCCCCCCCC(=O)OC(CC(=O)O)C[N+](C)(C)C,sour
O=C1C(O)=C(Oc2ccccc2)C(=O)C(O)=C1Oc1ccccc1,sour
O=C(O)CN(CCN(CC(=O)O)Cc1ccccn1)Cc1ccccn1,sour
O=C(O)CN(CC(=O)O)[C@@H]1Cc2ccccc2C[C@H]1N(CC(=O)O)CC(=O)O,sour
CN(C)Cc1cc(-c2ccccc2)cc(CN(C)C)c1O,sour
O=[N+]([O-])c1ccc(N=NNc2ccc(N=Nc3ccc(S(=O)(=O)O)cc3)cc2)c([As](=O)(O)O)c1,sour
O=C1c2ccccc2C(=O)C1c1cccc2ccccc12,sour
O=C1c2ccccc2C(=O)C1c1ccc2ccccc2c1,sour
CC(=O)NCC(=O)NC(Cc1cn(Cc2ccccc2)cn1)C(=O)NCC(=O)O,sour
CC(C)c1ccc2c(c1)CC[C@H]1[C@](C)(C(=O)O)CCC[C@]21C,sour
CC(C)C1=CC2=CC[C@@H]3[C@](C)(CCC[C@@]3(C)C(=O)O)[C@H]2CC1,sour
CC(=O)N(c1c(C)cccc1C)N1CCN(C(=O)OCc2ccccc2)CC1,sour
C[C@H](CCC(=O)O)[C@H]1CC[C@H]2[C@@H]3CC[C@@H]4C[C@H](O)CC[C@]4(C)[C@H]3C[C@H](O)[C@]12C,sour
C[C@H](CCC(=O)O)[C@H]1CC[C@H]2[C@@H]3[C@H](O)C[C@@H]4C[C@H](O)CC[C@]4(C)[C@H]3C[C@H](O)[C@]12C,sour
O=C1c2ccccc2C(=O)C1c1ccc(C2C(=O)c3ccccc3C2=O)c2ccccc12,sour
O=C1c2ccccc2C(=O)C1c1ccc(-c2ccc(C3C(=O)c4ccccc4C3=O)cc2)cc1,sour
